case_id,dim,condition_number,path_kind,observation_noise,drift_per_query,amplitude,period,protocol,method,family,seed,final_mse,query_averaged_mse,tail_mse,queries_to_threshold,mean_gradient_cosine,updates,queries_per_update,learning_rate,smoothing,directions,maximum_gradient_norm,failed
stationary_d20,20,5.0,stationary,0.001,0.0,0.0,0,frozen,FirstOrderReference,first_order,1001,0.0,0.002510701243903864,6.564144829611647e-287,50.0,1.0,10000.0,1.0,0.04,0.0,1.0,3.0139374681374402,0.0
stationary_d20,20,5.0,stationary,0.001,0.0,0.0,0,frozen,FirstOrderReference,first_order,1002,0.0,0.002510701243903864,6.564144829611647e-287,50.0,1.0,10000.0,1.0,0.04,0.0,1.0,3.0139374681374402,0.0
stationary_d20,20,5.0,stationary,0.001,0.0,0.0,0,frozen,FirstOrderReference,first_order,1003,0.0,0.002510701243903864,6.564144829611647e-287,50.0,1.0,10000.0,1.0,0.04,0.0,1.0,3.0139374681374402,0.0
stationary_d20,20,5.0,stationary,0.001,0.0,0.0,0,frozen,FirstOrderReference,first_order,1004,0.0,0.002510701243903864,6.564144829611647e-287,50.0,1.0,10000.0,1.0,0.04,0.0,1.0,3.0139374681374402,0.0
stationary_d20,20,5.0,stationary,0.001,0.0,0.0,0,frozen,FirstOrderReference,first_order,1005,0.0,0.002510701243903864,6.564144829611647e-287,50.0,1.0,10000.0,1.0,0.04,0.0,1.0,3.0139374681374402,0.0
stationary_d20,20,5.0,stationary,0.001,0.0,0.0,0,frozen,FirstOrderReference,first_order,1006,0.0,0.002510701243903864,6.564144829611647e-287,50.0,1.0,10000.0,1.0,0.04,0.0,1.0,3.0139374681374402,0.0
stationary_d20,20,5.0,stationary,0.001,0.0,0.0,0,frozen,FirstOrderReference,first_order,1007,0.0,0.002510701243903864,6.564144829611647e-287,50.0,1.0,10000.0,1.0,0.04,0.0,1.0,3.0139374681374402,0.0
stationary_d20,20,5.0,stationary,0.001,0.0,0.0,0,frozen,FirstOrderReference,first_order,1008,0.0,0.002510701243903864,6.564144829611647e-287,50.0,1.0,10000.0,1.0,0.04,0.0,1.0,3.0139374681374402,0.0
stationary_d20,20,5.0,stationary,0.001,0.0,0.0,0,frozen,FirstOrderReference,first_order,1009,0.0,0.002510701243903864,6.564144829611647e-287,50.0,1.0,10000.0,1.0,0.04,0.0,1.0,3.0139374681374402,0.0
stationary_d20,20,5.0,stationary,0.001,0.0,0.0,0,frozen,FirstOrderReference,first_order,1010,0.0,0.002510701243903864,6.564144829611647e-287,50.0,1.0,10000.0,1.0,0.04,0.0,1.0,3.0139374681374402,0.0
stationary_d20,20,5.0,stationary,0.001,0.0,0.0,0,frozen,FirstOrderReference,first_order,1011,0.0,0.002510701243903864,6.564144829611647e-287,50.0,1.0,10000.0,1.0,0.04,0.0,1.0,3.0139374681374402,0.0
stationary_d20,20,5.0,stationary,0.001,0.0,0.0,0,frozen,FirstOrderReference,first_order,1012,0.0,0.002510701243903864,6.564144829611647e-287,50.0,1.0,10000.0,1.0,0.04,0.0,1.0,3.0139374681374402,0.0
stationary_d20,20,5.0,stationary,0.001,0.0,0.0,0,frozen,FirstOrderReference,first_order,1013,0.0,0.002510701243903864,6.564144829611647e-287,50.0,1.0,10000.0,1.0,0.04,0.0,1.0,3.0139374681374402,0.0
stationary_d20,20,5.0,stationary,0.001,0.0,0.0,0,frozen,FirstOrderReference,first_order,1014,0.0,0.002510701243903864,6.564144829611647e-287,50.0,1.0,10000.0,1.0,0.04,0.0,1.0,3.0139374681374402,0.0
stationary_d20,20,5.0,stationary,0.001,0.0,0.0,0,frozen,FirstOrderReference,first_order,1015,0.0,0.002510701243903864,6.564144829611647e-287,50.0,1.0,10000.0,1.0,0.04,0.0,1.0,3.0139374681374402,0.0
stationary_d20,20,5.0,stationary,0.001,0.0,0.0,0,frozen,FirstOrderReference,first_order,1016,0.0,0.002510701243903864,6.564144829611647e-287,50.0,1.0,10000.0,1.0,0.04,0.0,1.0,3.0139374681374402,0.0
stationary_d20,20,5.0,stationary,0.001,0.0,0.0,0,frozen,FirstOrderReference,first_order,1017,0.0,0.002510701243903864,6.564144829611647e-287,50.0,1.0,10000.0,1.0,0.04,0.0,1.0,3.0139374681374402,0.0
stationary_d20,20,5.0,stationary,0.001,0.0,0.0,0,frozen,FirstOrderReference,first_order,1018,0.0,0.002510701243903864,6.564144829611647e-287,50.0,1.0,10000.0,1.0,0.04,0.0,1.0,3.0139374681374402,0.0
stationary_d20,20,5.0,stationary,0.001,0.0,0.0,0,frozen,FirstOrderReference,first_order,1019,0.0,0.002510701243903864,6.564144829611647e-287,50.0,1.0,10000.0,1.0,0.04,0.0,1.0,3.0139374681374402,0.0
stationary_d20,20,5.0,stationary,0.001,0.0,0.0,0,frozen,FirstOrderReference,first_order,1020,0.0,0.002510701243903864,6.564144829611647e-287,50.0,1.0,10000.0,1.0,0.04,0.0,1.0,3.0139374681374402,0.0
stationary_d20,20,5.0,stationary,0.001,0.0,0.0,0,frozen,FirstOrderReference,first_order,1021,0.0,0.002510701243903864,6.564144829611647e-287,50.0,1.0,10000.0,1.0,0.04,0.0,1.0,3.0139374681374402,0.0
stationary_d20,20,5.0,stationary,0.001,0.0,0.0,0,frozen,FirstOrderReference,first_order,1022,0.0,0.002510701243903864,6.564144829611647e-287,50.0,1.0,10000.0,1.0,0.04,0.0,1.0,3.0139374681374402,0.0
stationary_d20,20,5.0,stationary,0.001,0.0,0.0,0,frozen,FirstOrderReference,first_order,1023,0.0,0.002510701243903864,6.564144829611647e-287,50.0,1.0,10000.0,1.0,0.04,0.0,1.0,3.0139374681374402,0.0
stationary_d20,20,5.0,stationary,0.001,0.0,0.0,0,frozen,FirstOrderReference,first_order,1024,0.0,0.002510701243903864,6.564144829611647e-287,50.0,1.0,10000.0,1.0,0.04,0.0,1.0,3.0139374681374402,0.0
stationary_d20,20,5.0,stationary,0.001,0.0,0.0,0,frozen,FirstOrderReference,first_order,1025,0.0,0.002510701243903864,6.564144829611647e-287,50.0,1.0,10000.0,1.0,0.04,0.0,1.0,3.0139374681374402,0.0
stationary_d20,20,5.0,stationary,0.001,0.0,0.0,0,frozen,FirstOrderReference,first_order,1026,0.0,0.002510701243903864,6.564144829611647e-287,50.0,1.0,10000.0,1.0,0.04,0.0,1.0,3.0139374681374402,0.0
stationary_d20,20,5.0,stationary,0.001,0.0,0.0,0,frozen,FirstOrderReference,first_order,1027,0.0,0.002510701243903864,6.564144829611647e-287,50.0,1.0,10000.0,1.0,0.04,0.0,1.0,3.0139374681374402,0.0
stationary_d20,20,5.0,stationary,0.001,0.0,0.0,0,frozen,FirstOrderReference,first_order,1028,0.0,0.002510701243903864,6.564144829611647e-287,50.0,1.0,10000.0,1.0,0.04,0.0,1.0,3.0139374681374402,0.0
stationary_d20,20,5.0,stationary,0.001,0.0,0.0,0,frozen,FirstOrderReference,first_order,1029,0.0,0.002510701243903864,6.564144829611647e-287,50.0,1.0,10000.0,1.0,0.04,0.0,1.0,3.0139374681374402,0.0
stationary_d20,20,5.0,stationary,0.001,0.0,0.0,0,frozen,FirstOrderReference,first_order,1030,0.0,0.002510701243903864,6.564144829611647e-287,50.0,1.0,10000.0,1.0,0.04,0.0,1.0,3.0139374681374402,0.0
stationary_d20,20,5.0,stationary,0.001,0.0,0.0,0,frozen,SPSA-m1,spsa,1001,1.3809088047810377e-05,0.004999470744159472,1.0909048585489512e-05,250.0,0.14095712649343467,5000.0,2.0,0.020000000000000004,0.1,1.0,21.159755751675853,0.0
stationary_d20,20,5.0,stationary,0.001,0.0,0.0,0,frozen,SPSA-m1,spsa,1002,6.727800848137672e-06,0.004878457434187611,1.2345590451636602e-05,300.0,0.13919230814241307,5000.0,2.0,0.020000000000000004,0.1,1.0,21.723576501128292,0.0
stationary_d20,20,5.0,stationary,0.001,0.0,0.0,0,frozen,SPSA-m1,spsa,1003,6.179823617506224e-06,0.005171993534656605,1.0054473373678432e-05,250.0,0.14286400895750412,5000.0,2.0,0.020000000000000004,0.1,1.0,21.87170131656419,0.0
stationary_d20,20,5.0,stationary,0.001,0.0,0.0,0,frozen,SPSA-m1,spsa,1004,1.1795812410336918e-05,0.005223409755063191,1.1979772525661293e-05,200.0,0.13627440848701308,5000.0,2.0,0.020000000000000004,0.1,1.0,24.65851695927164,0.0
stationary_d20,20,5.0,stationary,0.001,0.0,0.0,0,frozen,SPSA-m1,spsa,1005,1.2986313340592118e-05,0.006489564928508135,1.2463145085213687e-05,300.0,0.14595448077374165,5000.0,2.0,0.020000000000000004,0.1,1.0,40.91251419354088,0.0
stationary_d20,20,5.0,stationary,0.001,0.0,0.0,0,frozen,SPSA-m1,spsa,1006,1.2196131038312057e-05,0.004255117430029343,1.0470730898997214e-05,200.0,0.14150743740619973,5000.0,2.0,0.020000000000000004,0.1,1.0,23.577202934224914,0.0
stationary_d20,20,5.0,stationary,0.001,0.0,0.0,0,frozen,SPSA-m1,spsa,1007,5.331344086875436e-06,0.0054239734173954605,9.958866476497396e-06,200.0,0.14057626707232365,5000.0,2.0,0.020000000000000004,0.1,1.0,18.707077059097177,0.0
stationary_d20,20,5.0,stationary,0.001,0.0,0.0,0,frozen,SPSA-m1,spsa,1008,8.794703534782614e-06,0.00575389401405947,9.7861659075782e-06,250.0,0.13977814126192578,5000.0,2.0,0.020000000000000004,0.1,1.0,18.679480774581922,0.0
stationary_d20,20,5.0,stationary,0.001,0.0,0.0,0,frozen,SPSA-m1,spsa,1009,7.934356647245117e-06,0.004860399337458605,1.0253717824182353e-05,200.0,0.1425700781682997,5000.0,2.0,0.020000000000000004,0.1,1.0,22.798931971311784,0.0
stationary_d20,20,5.0,stationary,0.001,0.0,0.0,0,frozen,SPSA-m1,spsa,1010,2.004229385150011e-05,0.00477289633218113,1.051848201341737e-05,250.0,0.14015394763882597,5000.0,2.0,0.020000000000000004,0.1,1.0,22.686217541151695,0.0
stationary_d20,20,5.0,stationary,0.001,0.0,0.0,0,frozen,SPSA-m1,spsa,1011,1.1114373573762703e-05,0.005862204279087535,1.1712125849049615e-05,250.0,0.1399591505911631,5000.0,2.0,0.020000000000000004,0.1,1.0,24.587125078837214,0.0
stationary_d20,20,5.0,stationary,0.001,0.0,0.0,0,frozen,SPSA-m1,spsa,1012,9.23294107827095e-06,0.004622354643505636,9.530645075383252e-06,200.0,0.13836663735138502,5000.0,2.0,0.020000000000000004,0.1,1.0,27.86145701169163,0.0
stationary_d20,20,5.0,stationary,0.001,0.0,0.0,0,frozen,SPSA-m1,spsa,1013,1.3385642171642754e-05,0.005829425644453794,1.1145167330549486e-05,250.0,0.1399064608854493,5000.0,2.0,0.020000000000000004,0.1,1.0,20.123876906999577,0.0
stationary_d20,20,5.0,stationary,0.001,0.0,0.0,0,frozen,SPSA-m1,spsa,1014,7.661399224542408e-06,0.005758156500718147,1.0056721203694709e-05,250.0,0.14177143335988993,5000.0,2.0,0.020000000000000004,0.1,1.0,24.003790852748036,0.0
stationary_d20,20,5.0,stationary,0.001,0.0,0.0,0,frozen,SPSA-m1,spsa,1015,4.033549962561498e-06,0.004768129965371585,9.571241860643867e-06,200.0,0.14193819671940996,5000.0,2.0,0.020000000000000004,0.1,1.0,31.09669713155219,0.0
stationary_d20,20,5.0,stationary,0.001,0.0,0.0,0,frozen,SPSA-m1,spsa,1016,1.0697302615123943e-05,0.003734116121871366,1.0117189447144836e-05,150.0,0.14016741416294917,5000.0,2.0,0.020000000000000004,0.1,1.0,27.272981806584852,0.0
stationary_d20,20,5.0,stationary,0.001,0.0,0.0,0,frozen,SPSA-m1,spsa,1017,5.218772075385564e-06,0.00541700174550069,9.014109349851116e-06,300.0,0.1407734686425071,5000.0,2.0,0.020000000000000004,0.1,1.0,37.29144446170706,0.0
stationary_d20,20,5.0,stationary,0.001,0.0,0.0,0,frozen,SPSA-m1,spsa,1018,8.080835445915623e-06,0.0045111396774832335,1.0437097423804946e-05,200.0,0.1416959082782905,5000.0,2.0,0.020000000000000004,0.1,1.0,20.78727666929476,0.0
stationary_d20,20,5.0,stationary,0.001,0.0,0.0,0,frozen,SPSA-m1,spsa,1019,7.722291053374324e-06,0.006354756115220575,1.1005432317152341e-05,250.0,0.14062206308348638,5000.0,2.0,0.020000000000000004,0.1,1.0,29.012438597716546,0.0
stationary_d20,20,5.0,stationary,0.001,0.0,0.0,0,frozen,SPSA-m1,spsa,1020,1.4409855998692105e-05,0.004975669877326444,1.0032778794710895e-05,250.0,0.14360185634184244,5000.0,2.0,0.020000000000000004,0.1,1.0,27.060003085704192,0.0
stationary_d20,20,5.0,stationary,0.001,0.0,0.0,0,frozen,SPSA-m1,spsa,1021,7.310290916743504e-06,0.005120159244005116,9.301729798658744e-06,250.0,0.14509046122685107,5000.0,2.0,0.020000000000000004,0.1,1.0,25.961408988977357,0.0
stationary_d20,20,5.0,stationary,0.001,0.0,0.0,0,frozen,SPSA-m1,spsa,1022,8.538365012567404e-06,0.005437742769609345,1.2561821269625967e-05,250.0,0.138244513048566,5000.0,2.0,0.020000000000000004,0.1,1.0,28.355204184882037,0.0
stationary_d20,20,5.0,stationary,0.001,0.0,0.0,0,frozen,SPSA-m1,spsa,1023,1.376700594877876e-05,0.0038133920668407596,1.1490572714221422e-05,200.0,0.1372221971427395,5000.0,2.0,0.020000000000000004,0.1,1.0,29.212825757847472,0.0
stationary_d20,20,5.0,stationary,0.001,0.0,0.0,0,frozen,SPSA-m1,spsa,1024,9.783311338698572e-06,0.005131828576904775,1.1390105518581778e-05,250.0,0.14197651790569696,5000.0,2.0,0.020000000000000004,0.1,1.0,35.932426969029535,0.0
stationary_d20,20,5.0,stationary,0.001,0.0,0.0,0,frozen,SPSA-m1,spsa,1025,1.2715460117064647e-05,0.006309820058102076,1.0579874691238718e-05,300.0,0.13964212414335897,5000.0,2.0,0.020000000000000004,0.1,1.0,19.3444790290003,0.0
stationary_d20,20,5.0,stationary,0.001,0.0,0.0,0,frozen,SPSA-m1,spsa,1026,7.292929419637173e-06,0.0065550062318341686,1.0170700065602953e-05,300.0,0.1420884913327146,5000.0,2.0,0.020000000000000004,0.1,1.0,24.031295309249874,0.0
stationary_d20,20,5.0,stationary,0.001,0.0,0.0,0,frozen,SPSA-m1,spsa,1027,9.612555445245102e-06,0.0070112534635193595,1.1735740370514288e-05,300.0,0.1420838829443175,5000.0,2.0,0.020000000000000004,0.1,1.0,23.36270776492378,0.0
stationary_d20,20,5.0,stationary,0.001,0.0,0.0,0,frozen,SPSA-m1,spsa,1028,1.7896375684148673e-05,0.004391534358716699,9.713596787230545e-06,200.0,0.14098616108041387,5000.0,2.0,0.020000000000000004,0.1,1.0,23.10026685223651,0.0
stationary_d20,20,5.0,stationary,0.001,0.0,0.0,0,frozen,SPSA-m1,spsa,1029,7.19830047980604e-06,0.006953390848691261,9.561476317851229e-06,300.0,0.1412398586423443,5000.0,2.0,0.020000000000000004,0.1,1.0,21.369493774594847,0.0
stationary_d20,20,5.0,stationary,0.001,0.0,0.0,0,frozen,SPSA-m1,spsa,1030,9.52234125658994e-06,0.0050506220475240995,1.0366217603687695e-05,250.0,0.14096691755015447,5000.0,2.0,0.020000000000000004,0.1,1.0,25.346926278076417,0.0
stationary_d20,20,5.0,stationary,0.001,0.0,0.0,0,frozen,Gaussian-m1,gaussian,1001,2.0259689720848323e-05,0.0030058074611726874,2.1477028055281766e-05,150.0,0.14072467698115057,5000.0,2.0,0.020000000000000004,0.3,1.0,28.43194880253789,0.0
stationary_d20,20,5.0,stationary,0.001,0.0,0.0,0,frozen,Gaussian-m1,gaussian,1002,1.6005314936951775e-05,0.003705498564640382,2.526698054311976e-05,200.0,0.13846116184690446,5000.0,2.0,0.020000000000000004,0.3,1.0,23.87702817708048,0.0
stationary_d20,20,5.0,stationary,0.001,0.0,0.0,0,frozen,Gaussian-m1,gaussian,1003,1.0255862959634818e-05,0.006266900552770004,2.0169238617774373e-05,300.0,0.141593285536503,5000.0,2.0,0.020000000000000004,0.3,1.0,27.733397352278253,0.0
stationary_d20,20,5.0,stationary,0.001,0.0,0.0,0,frozen,Gaussian-m1,gaussian,1004,2.584876032824089e-05,0.0064264501493974235,2.4406760232272506e-05,250.0,0.14385541708444452,5000.0,2.0,0.020000000000000004,0.3,1.0,22.374621371674994,0.0
stationary_d20,20,5.0,stationary,0.001,0.0,0.0,0,frozen,Gaussian-m1,gaussian,1005,2.3518560971495043e-05,0.010050886729767769,2.186165553027837e-05,350.0,0.14511324508261433,5000.0,2.0,0.020000000000000004,0.3,1.0,17.031762822912604,0.0
stationary_d20,20,5.0,stationary,0.001,0.0,0.0,0,frozen,Gaussian-m1,gaussian,1006,3.125079036811878e-05,0.004743705724994029,2.342535027032803e-05,250.0,0.14324651635167238,5000.0,2.0,0.020000000000000004,0.3,1.0,18.637952930008503,0.0
stationary_d20,20,5.0,stationary,0.001,0.0,0.0,0,frozen,Gaussian-m1,gaussian,1007,1.6875127400681158e-05,0.006232481222056407,2.4566575323430533e-05,300.0,0.1403047430214995,5000.0,2.0,0.020000000000000004,0.3,1.0,25.175670000890058,0.0
stationary_d20,20,5.0,stationary,0.001,0.0,0.0,0,frozen,Gaussian-m1,gaussian,1008,3.1092735454306986e-05,0.006692444014132961,2.1780483009212347e-05,300.0,0.14160696482308294,5000.0,2.0,0.020000000000000004,0.3,1.0,31.861442477442136,0.0
stationary_d20,20,5.0,stationary,0.001,0.0,0.0,0,frozen,Gaussian-m1,gaussian,1009,1.7112866031307565e-05,0.007920634968869546,2.4748239772132254e-05,300.0,0.14114956227181238,5000.0,2.0,0.020000000000000004,0.3,1.0,22.48597493589801,0.0
stationary_d20,20,5.0,stationary,0.001,0.0,0.0,0,frozen,Gaussian-m1,gaussian,1010,2.1431127065998018e-05,0.003907903637308835,2.3024045312286748e-05,200.0,0.14084697033241764,5000.0,2.0,0.020000000000000004,0.3,1.0,27.278471893398354,0.0
stationary_d20,20,5.0,stationary,0.001,0.0,0.0,0,frozen,Gaussian-m1,gaussian,1011,2.6663979357924956e-05,0.0059519169841343025,2.5371574299527372e-05,300.0,0.13820812767357152,5000.0,2.0,0.020000000000000004,0.3,1.0,31.817908361218933,0.0
stationary_d20,20,5.0,stationary,0.001,0.0,0.0,0,frozen,Gaussian-m1,gaussian,1012,1.082920014113947e-05,0.006594128841508557,2.356076992630129e-05,300.0,0.141094692151471,5000.0,2.0,0.020000000000000004,0.3,1.0,28.94605598147005,0.0
stationary_d20,20,5.0,stationary,0.001,0.0,0.0,0,frozen,Gaussian-m1,gaussian,1013,3.787319654971015e-05,0.0054506686899497055,2.3873718747870608e-05,250.0,0.1432829439920805,5000.0,2.0,0.020000000000000004,0.3,1.0,22.138131302636605,0.0
stationary_d20,20,5.0,stationary,0.001,0.0,0.0,0,frozen,Gaussian-m1,gaussian,1014,1.4864843569873397e-05,0.004905640176000207,2.159818954095394e-05,250.0,0.13775768472993463,5000.0,2.0,0.020000000000000004,0.3,1.0,27.530134665675476,0.0
stationary_d20,20,5.0,stationary,0.001,0.0,0.0,0,frozen,Gaussian-m1,gaussian,1015,2.6055896574480135e-05,0.004783777188984698,2.063743045201782e-05,250.0,0.14017721326058247,5000.0,2.0,0.020000000000000004,0.3,1.0,24.850526832385704,0.0
stationary_d20,20,5.0,stationary,0.001,0.0,0.0,0,frozen,Gaussian-m1,gaussian,1016,2.0405207909433768e-05,0.005264302987048607,2.5447411137014125e-05,250.0,0.14005418510708442,5000.0,2.0,0.020000000000000004,0.3,1.0,27.846798197199213,0.0
stationary_d20,20,5.0,stationary,0.001,0.0,0.0,0,frozen,Gaussian-m1,gaussian,1017,6.499043014876521e-06,0.004464249115701007,2.4283362986621962e-05,200.0,0.14044894069526145,5000.0,2.0,0.020000000000000004,0.3,1.0,26.668346969872943,0.0
stationary_d20,20,5.0,stationary,0.001,0.0,0.0,0,frozen,Gaussian-m1,gaussian,1018,1.950482461712503e-05,0.006227655239372914,2.3000396927357742e-05,300.0,0.14151025558427646,5000.0,2.0,0.020000000000000004,0.3,1.0,25.99882808854211,0.0
stationary_d20,20,5.0,stationary,0.001,0.0,0.0,0,frozen,Gaussian-m1,gaussian,1019,9.037715461345259e-06,0.005755684717840976,2.3240561609292214e-05,250.0,0.14394575254105088,5000.0,2.0,0.020000000000000004,0.3,1.0,25.152551531812403,0.0
stationary_d20,20,5.0,stationary,0.001,0.0,0.0,0,frozen,Gaussian-m1,gaussian,1020,2.1801168759072817e-05,0.004493405193457843,2.5078371120590266e-05,250.0,0.1410067675892025,5000.0,2.0,0.020000000000000004,0.3,1.0,24.66599517747425,0.0
stationary_d20,20,5.0,stationary,0.001,0.0,0.0,0,frozen,Gaussian-m1,gaussian,1021,2.095913097610053e-05,0.004051385338024382,2.4226967223295947e-05,200.0,0.13849657337712568,5000.0,2.0,0.020000000000000004,0.3,1.0,27.996267446582298,0.0
stationary_d20,20,5.0,stationary,0.001,0.0,0.0,0,frozen,Gaussian-m1,gaussian,1022,1.889300528324302e-05,0.005773361436938953,2.294911426462663e-05,250.0,0.1402620494703484,5000.0,2.0,0.020000000000000004,0.3,1.0,24.77504464370461,0.0
stationary_d20,20,5.0,stationary,0.001,0.0,0.0,0,frozen,Gaussian-m1,gaussian,1023,1.4718184305849386e-05,0.005441753604266148,2.7071201343204555e-05,250.0,0.1399985240562358,5000.0,2.0,0.020000000000000004,0.3,1.0,18.113772459304478,0.0
stationary_d20,20,5.0,stationary,0.001,0.0,0.0,0,frozen,Gaussian-m1,gaussian,1024,1.4147846515696135e-05,0.005553442605664766,2.320945154935491e-05,250.0,0.14181670708060182,5000.0,2.0,0.020000000000000004,0.3,1.0,18.9819986013022,0.0
stationary_d20,20,5.0,stationary,0.001,0.0,0.0,0,frozen,Gaussian-m1,gaussian,1025,1.4705739007462628e-05,0.0072703953120487295,2.1259585690091452e-05,250.0,0.14300152790535298,5000.0,2.0,0.020000000000000004,0.3,1.0,18.068751976935353,0.0
stationary_d20,20,5.0,stationary,0.001,0.0,0.0,0,frozen,Gaussian-m1,gaussian,1026,3.3182471408459396e-05,0.005568132667035346,2.4551473461939497e-05,250.0,0.1436789239480938,5000.0,2.0,0.020000000000000004,0.3,1.0,22.71450575373665,0.0
stationary_d20,20,5.0,stationary,0.001,0.0,0.0,0,frozen,Gaussian-m1,gaussian,1027,1.5828687171624597e-05,0.0056366732294031744,2.4249230891081988e-05,250.0,0.13910546201328922,5000.0,2.0,0.020000000000000004,0.3,1.0,26.76794704681935,0.0
stationary_d20,20,5.0,stationary,0.001,0.0,0.0,0,frozen,Gaussian-m1,gaussian,1028,1.7636356609366923e-05,0.004009302926078295,2.287372108133073e-05,200.0,0.14144726601573865,5000.0,2.0,0.020000000000000004,0.3,1.0,21.359956996393635,0.0
stationary_d20,20,5.0,stationary,0.001,0.0,0.0,0,frozen,Gaussian-m1,gaussian,1029,1.6632549551770206e-05,0.003351604212227788,2.2961192629294513e-05,150.0,0.13926559341454753,5000.0,2.0,0.020000000000000004,0.3,1.0,26.807648082124327,0.0
stationary_d20,20,5.0,stationary,0.001,0.0,0.0,0,frozen,Gaussian-m1,gaussian,1030,8.747694332916843e-06,0.005443389928268965,2.4664379721413363e-05,300.0,0.1393309481548485,5000.0,2.0,0.020000000000000004,0.3,1.0,19.526625476370274,0.0
stationary_d20,20,5.0,stationary,0.001,0.0,0.0,0,frozen,Gaussian-m5,gaussian,1001,2.5871802703730626e-05,0.006348376399310281,3.1785974835762705e-05,250.0,0.38958228944525025,1000.0,10.0,0.1,0.3,5.0,6.0908738927242965,0.0
stationary_d20,20,5.0,stationary,0.001,0.0,0.0,0,frozen,Gaussian-m5,gaussian,1002,2.7314709068297963e-05,0.007444374568218194,3.453792107150996e-05,300.0,0.38658863815945915,1000.0,10.0,0.1,0.3,5.0,7.001984055039787,0.0
stationary_d20,20,5.0,stationary,0.001,0.0,0.0,0,frozen,Gaussian-m5,gaussian,1003,1.3532461900905933e-05,0.007724554042925653,3.338437499432407e-05,300.0,0.38399752730788383,1000.0,10.0,0.1,0.3,5.0,11.182828454025827,0.0
stationary_d20,20,5.0,stationary,0.001,0.0,0.0,0,frozen,Gaussian-m5,gaussian,1004,4.468619748997735e-05,0.008830358818610672,3.1865810920257085e-05,400.0,0.3750537438963387,1000.0,10.0,0.1,0.3,5.0,8.340507826733035,0.0
stationary_d20,20,5.0,stationary,0.001,0.0,0.0,0,frozen,Gaussian-m5,gaussian,1005,9.670650451737241e-05,0.006422323043314269,3.3080590049854186e-05,300.0,0.37983459811815656,1000.0,10.0,0.1,0.3,5.0,6.326552744800974,0.0
stationary_d20,20,5.0,stationary,0.001,0.0,0.0,0,frozen,Gaussian-m5,gaussian,1006,1.6244155250298703e-05,0.0049163232294582105,3.068141035303546e-05,250.0,0.37709767765195307,1000.0,10.0,0.1,0.3,5.0,6.0629968615546455,0.0
stationary_d20,20,5.0,stationary,0.001,0.0,0.0,0,frozen,Gaussian-m5,gaussian,1007,4.192046793135224e-05,0.009542572024678665,3.8336578826132356e-05,300.0,0.3837740350237976,1000.0,10.0,0.1,0.3,5.0,7.851258495204823,0.0
stationary_d20,20,5.0,stationary,0.001,0.0,0.0,0,frozen,Gaussian-m5,gaussian,1008,3.478778480831626e-05,0.007741315407080215,2.8836411189832688e-05,300.0,0.3824565640487052,1000.0,10.0,0.1,0.3,5.0,8.87968394305745,0.0
stationary_d20,20,5.0,stationary,0.001,0.0,0.0,0,frozen,Gaussian-m5,gaussian,1009,3.840041778131877e-05,0.007515910764136363,3.3529356049737874e-05,300.0,0.3805204120326815,1000.0,10.0,0.1,0.3,5.0,10.575011690516495,0.0
stationary_d20,20,5.0,stationary,0.001,0.0,0.0,0,frozen,Gaussian-m5,gaussian,1010,6.240196484497689e-05,0.00692815401462228,4.0508792701577785e-05,300.0,0.3817828857739157,1000.0,10.0,0.1,0.3,5.0,6.451145685173332,0.0
stationary_d20,20,5.0,stationary,0.001,0.0,0.0,0,frozen,Gaussian-m5,gaussian,1011,3.375019786739156e-05,0.008048459176808454,3.0180779958116253e-05,350.0,0.3752264014047978,1000.0,10.0,0.1,0.3,5.0,8.802910262578312,0.0
stationary_d20,20,5.0,stationary,0.001,0.0,0.0,0,frozen,Gaussian-m5,gaussian,1012,3.179554476147345e-05,0.008558790985078465,3.4290512114343945e-05,300.0,0.37833450405577673,1000.0,10.0,0.1,0.3,5.0,8.594623858911408,0.0
stationary_d20,20,5.0,stationary,0.001,0.0,0.0,0,frozen,Gaussian-m5,gaussian,1013,2.742282095027986e-05,0.007503241134028427,3.172139845910851e-05,250.0,0.3780393668964599,1000.0,10.0,0.1,0.3,5.0,8.319281576560472,0.0
stationary_d20,20,5.0,stationary,0.001,0.0,0.0,0,frozen,Gaussian-m5,gaussian,1014,2.3601171712015825e-05,0.006708424281164943,3.177142915557088e-05,250.0,0.38040542734841626,1000.0,10.0,0.1,0.3,5.0,7.862404931655141,0.0
stationary_d20,20,5.0,stationary,0.001,0.0,0.0,0,frozen,Gaussian-m5,gaussian,1015,1.616946333923296e-05,0.007865629251397428,3.7577606490582436e-05,350.0,0.37875746273821176,1000.0,10.0,0.1,0.3,5.0,7.926045604062851,0.0
stationary_d20,20,5.0,stationary,0.001,0.0,0.0,0,frozen,Gaussian-m5,gaussian,1016,4.392392999552462e-05,0.004733614913048716,3.878899420672697e-05,300.0,0.3752163767025204,1000.0,10.0,0.1,0.3,5.0,9.236251603320051,0.0
stationary_d20,20,5.0,stationary,0.001,0.0,0.0,0,frozen,Gaussian-m5,gaussian,1017,2.380368839600023e-05,0.009169030872187602,2.7355445756913984e-05,400.0,0.3763793554010015,1000.0,10.0,0.1,0.3,5.0,8.244020733795356,0.0
stationary_d20,20,5.0,stationary,0.001,0.0,0.0,0,frozen,Gaussian-m5,gaussian,1018,6.769193527732289e-05,0.011504881058566905,3.7620217892898476e-05,350.0,0.3748311103423597,1000.0,10.0,0.1,0.3,5.0,8.329370594731142,0.0
stationary_d20,20,5.0,stationary,0.001,0.0,0.0,0,frozen,Gaussian-m5,gaussian,1019,2.197636170892274e-05,0.00779565531647595,3.5722867504382085e-05,350.0,0.3768772229892885,1000.0,10.0,0.1,0.3,5.0,6.10149350412661,0.0
stationary_d20,20,5.0,stationary,0.001,0.0,0.0,0,frozen,Gaussian-m5,gaussian,1020,3.522072546618922e-05,0.009796941530345852,3.126107491560583e-05,300.0,0.387554598688704,1000.0,10.0,0.1,0.3,5.0,7.4983615850261,0.0
stationary_d20,20,5.0,stationary,0.001,0.0,0.0,0,frozen,Gaussian-m5,gaussian,1021,3.583777923620806e-05,0.005059733139641556,2.840417126041653e-05,250.0,0.3758752193362483,1000.0,10.0,0.1,0.3,5.0,7.303388070841327,0.0
stationary_d20,20,5.0,stationary,0.001,0.0,0.0,0,frozen,Gaussian-m5,gaussian,1022,3.278058711727697e-05,0.00755637980494053,3.388059379695389e-05,300.0,0.38592534608125684,1000.0,10.0,0.1,0.3,5.0,7.20959050300742,0.0
stationary_d20,20,5.0,stationary,0.001,0.0,0.0,0,frozen,Gaussian-m5,gaussian,1023,5.0857374160501265e-05,0.004190124568907991,3.523851596403861e-05,200.0,0.38127328692892626,1000.0,10.0,0.1,0.3,5.0,8.044371916019923,0.0
stationary_d20,20,5.0,stationary,0.001,0.0,0.0,0,frozen,Gaussian-m5,gaussian,1024,5.382834165855558e-05,0.008213669604905173,4.662920059771772e-05,350.0,0.38722569776490934,1000.0,10.0,0.1,0.3,5.0,6.030057960265296,0.0
stationary_d20,20,5.0,stationary,0.001,0.0,0.0,0,frozen,Gaussian-m5,gaussian,1025,1.6795935862658427e-05,0.005119527662555925,3.434861751055178e-05,200.0,0.38538975944330767,1000.0,10.0,0.1,0.3,5.0,10.40769886147269,0.0
stationary_d20,20,5.0,stationary,0.001,0.0,0.0,0,frozen,Gaussian-m5,gaussian,1026,6.580977410675231e-05,0.009149788817848276,4.2129133114931664e-05,350.0,0.3834191558174689,1000.0,10.0,0.1,0.3,5.0,8.331949466597761,0.0
stationary_d20,20,5.0,stationary,0.001,0.0,0.0,0,frozen,Gaussian-m5,gaussian,1027,3.819419721493445e-05,0.009058750131897886,3.1896721613179524e-05,300.0,0.3800506895254465,1000.0,10.0,0.1,0.3,5.0,11.114162348071437,0.0
stationary_d20,20,5.0,stationary,0.001,0.0,0.0,0,frozen,Gaussian-m5,gaussian,1028,2.907717905533687e-05,0.0051117317619429935,2.9756280625908678e-05,250.0,0.3834067773284328,1000.0,10.0,0.1,0.3,5.0,6.7822251613842415,0.0
stationary_d20,20,5.0,stationary,0.001,0.0,0.0,0,frozen,Gaussian-m5,gaussian,1029,4.0755315742702876e-05,0.011439878477993213,3.3252348457351243e-05,450.0,0.38359873946437617,1000.0,10.0,0.1,0.3,5.0,7.747365058037154,0.0
stationary_d20,20,5.0,stationary,0.001,0.0,0.0,0,frozen,Gaussian-m5,gaussian,1030,4.794800616301758e-05,0.005439922403718929,3.2161583336821514e-05,250.0,0.38298427346015,1000.0,10.0,0.1,0.3,5.0,11.469618710198578,0.0
stationary_d20,20,5.0,stationary,0.001,0.0,0.0,0,frozen,Gaussian-m20,gaussian,1001,7.248329867566014e-06,0.007883793746193107,1.2113348415350052e-05,300.0,0.5763036803362712,250.0,40.0,0.2,0.3,20.0,3.7553767736678756,0.0
stationary_d20,20,5.0,stationary,0.001,0.0,0.0,0,frozen,Gaussian-m20,gaussian,1002,6.405154190140458e-06,0.011858260089490319,1.1020432406268241e-05,500.0,0.5601715430981805,250.0,40.0,0.2,0.3,20.0,4.463391684538992,0.0
stationary_d20,20,5.0,stationary,0.001,0.0,0.0,0,frozen,Gaussian-m20,gaussian,1003,1.315531454645546e-05,0.012678433394599453,1.1413833408754002e-05,550.0,0.5710184454212348,250.0,40.0,0.2,0.3,20.0,4.741760139359286,0.0
stationary_d20,20,5.0,stationary,0.001,0.0,0.0,0,frozen,Gaussian-m20,gaussian,1004,6.982607685619018e-06,0.008617004336776474,1.199262277460117e-05,350.0,0.5693437971018114,250.0,40.0,0.2,0.3,20.0,3.974058889154277,0.0
stationary_d20,20,5.0,stationary,0.001,0.0,0.0,0,frozen,Gaussian-m20,gaussian,1005,7.2337986747318646e-06,0.007431592702624452,1.0254396509167683e-05,400.0,0.5823058307707164,250.0,40.0,0.2,0.3,20.0,5.541222324150278,0.0
stationary_d20,20,5.0,stationary,0.001,0.0,0.0,0,frozen,Gaussian-m20,gaussian,1006,7.080148459609297e-06,0.009752666920432302,1.0156449478901868e-05,400.0,0.5651496175037101,250.0,40.0,0.2,0.3,20.0,6.427111345294219,0.0
stationary_d20,20,5.0,stationary,0.001,0.0,0.0,0,frozen,Gaussian-m20,gaussian,1007,9.251470730662114e-06,0.008496737881501954,1.1698949402603569e-05,450.0,0.5723097722310387,250.0,40.0,0.2,0.3,20.0,3.3948286076474576,0.0
stationary_d20,20,5.0,stationary,0.001,0.0,0.0,0,frozen,Gaussian-m20,gaussian,1008,1.1499941041987115e-05,0.006978928280492843,1.2570822489920914e-05,300.0,0.5793207550795678,250.0,40.0,0.2,0.3,20.0,3.135145335386083,0.0
stationary_d20,20,5.0,stationary,0.001,0.0,0.0,0,frozen,Gaussian-m20,gaussian,1009,5.628113898643165e-06,0.010333140843775152,1.1224562789148346e-05,500.0,0.5597572459578689,250.0,40.0,0.2,0.3,20.0,3.3508692949783936,0.0
stationary_d20,20,5.0,stationary,0.001,0.0,0.0,0,frozen,Gaussian-m20,gaussian,1010,1.0028291941800303e-05,0.008200189028146693,1.0074050309130965e-05,400.0,0.5749737401178157,250.0,40.0,0.2,0.3,20.0,3.680480310967588,0.0
stationary_d20,20,5.0,stationary,0.001,0.0,0.0,0,frozen,Gaussian-m20,gaussian,1011,9.983279712294128e-06,0.00687587382270934,1.193296597300756e-05,300.0,0.5649176220096701,250.0,40.0,0.2,0.3,20.0,3.172115353355712,0.0
stationary_d20,20,5.0,stationary,0.001,0.0,0.0,0,frozen,Gaussian-m20,gaussian,1012,4.686375591432877e-06,0.008470959961068286,1.0680555733605702e-05,400.0,0.5728911415179991,250.0,40.0,0.2,0.3,20.0,5.214458867269874,0.0
stationary_d20,20,5.0,stationary,0.001,0.0,0.0,0,frozen,Gaussian-m20,gaussian,1013,1.3046149508684687e-05,0.00873476530003735,1.1281775853081483e-05,400.0,0.5763831606736181,250.0,40.0,0.2,0.3,20.0,4.44640897986501,0.0
stationary_d20,20,5.0,stationary,0.001,0.0,0.0,0,frozen,Gaussian-m20,gaussian,1014,7.91044975487693e-06,0.007277938183404956,8.397746636465354e-06,300.0,0.5698960221387124,250.0,40.0,0.2,0.3,20.0,4.877337465695366,0.0
stationary_d20,20,5.0,stationary,0.001,0.0,0.0,0,frozen,Gaussian-m20,gaussian,1015,1.2888373538541511e-05,0.008445356256113546,1.1264839959790714e-05,300.0,0.5641016964669848,250.0,40.0,0.2,0.3,20.0,3.9149099352570214,0.0
stationary_d20,20,5.0,stationary,0.001,0.0,0.0,0,frozen,Gaussian-m20,gaussian,1016,8.121831339734131e-06,0.010715458688645934,1.1581145984532893e-05,500.0,0.582252936411708,250.0,40.0,0.2,0.3,20.0,6.068431858099388,0.0
stationary_d20,20,5.0,stationary,0.001,0.0,0.0,0,frozen,Gaussian-m20,gaussian,1017,1.8238815847326847e-05,0.011207804006260766,1.1220826110900943e-05,500.0,0.574261608517909,250.0,40.0,0.2,0.3,20.0,5.1025017193572095,0.0
stationary_d20,20,5.0,stationary,0.001,0.0,0.0,0,frozen,Gaussian-m20,gaussian,1018,3.1830180153435922e-06,0.009144059051354767,1.1750003629426572e-05,250.0,0.5699511630605073,250.0,40.0,0.2,0.3,20.0,5.4963796074023135,0.0
stationary_d20,20,5.0,stationary,0.001,0.0,0.0,0,frozen,Gaussian-m20,gaussian,1019,1.1598999808857958e-05,0.007648843218974491,1.429839750254521e-05,400.0,0.5717235247434161,250.0,40.0,0.2,0.3,20.0,3.7294666778103007,0.0
stationary_d20,20,5.0,stationary,0.001,0.0,0.0,0,frozen,Gaussian-m20,gaussian,1020,3.603290614268133e-06,0.008328983878049222,1.1536648766077108e-05,400.0,0.576598641635731,250.0,40.0,0.2,0.3,20.0,2.6994535587985267,0.0
stationary_d20,20,5.0,stationary,0.001,0.0,0.0,0,frozen,Gaussian-m20,gaussian,1021,8.733116573742702e-06,0.009349212810681575,1.1261883395569092e-05,450.0,0.5651101337589276,250.0,40.0,0.2,0.3,20.0,3.0270679565526235,0.0
stationary_d20,20,5.0,stationary,0.001,0.0,0.0,0,frozen,Gaussian-m20,gaussian,1022,1.2383437641913235e-05,0.009082128708854637,1.1344448491162904e-05,400.0,0.5641225675582452,250.0,40.0,0.2,0.3,20.0,3.6411219166209747,0.0
stationary_d20,20,5.0,stationary,0.001,0.0,0.0,0,frozen,Gaussian-m20,gaussian,1023,1.018080522206365e-05,0.008977490545431614,1.0036332425578614e-05,350.0,0.5670118214745857,250.0,40.0,0.2,0.3,20.0,5.066080539642149,0.0
stationary_d20,20,5.0,stationary,0.001,0.0,0.0,0,frozen,Gaussian-m20,gaussian,1024,1.1227084468612504e-05,0.005841882264620499,1.2563980854359187e-05,250.0,0.5617150489580774,250.0,40.0,0.2,0.3,20.0,5.203073916293598,0.0
stationary_d20,20,5.0,stationary,0.001,0.0,0.0,0,frozen,Gaussian-m20,gaussian,1025,1.586595453766594e-05,0.0114831694377399,1.2216388154840405e-05,400.0,0.5673463415741589,250.0,40.0,0.2,0.3,20.0,3.629078654172508,0.0
stationary_d20,20,5.0,stationary,0.001,0.0,0.0,0,frozen,Gaussian-m20,gaussian,1026,9.911139428633297e-06,0.00836370131039972,1.0455654955507334e-05,400.0,0.5674553954549624,250.0,40.0,0.2,0.3,20.0,5.840657554767178,0.0
stationary_d20,20,5.0,stationary,0.001,0.0,0.0,0,frozen,Gaussian-m20,gaussian,1027,4.675032234805618e-06,0.00875065238864614,9.761301210354522e-06,400.0,0.5685087766578958,250.0,40.0,0.2,0.3,20.0,4.00526605816289,0.0
stationary_d20,20,5.0,stationary,0.001,0.0,0.0,0,frozen,Gaussian-m20,gaussian,1028,1.1994033796009449e-05,0.009614261194520567,1.0234669722387623e-05,450.0,0.5569041731984881,250.0,40.0,0.2,0.3,20.0,4.7872087111084465,0.0
stationary_d20,20,5.0,stationary,0.001,0.0,0.0,0,frozen,Gaussian-m20,gaussian,1029,1.4584948881114119e-05,0.013074680247200515,1.2856995995567238e-05,400.0,0.5722672484246349,250.0,40.0,0.2,0.3,20.0,4.76583908457564,0.0
stationary_d20,20,5.0,stationary,0.001,0.0,0.0,0,frozen,Gaussian-m20,gaussian,1030,5.8293803405285205e-06,0.009357493136327702,9.474628508488734e-06,400.0,0.567876254743217,250.0,40.0,0.2,0.3,20.0,5.401360721129313,0.0
stationary_d20,20,5.0,stationary,0.001,0.0,0.0,0,frozen,CoordinateCentral,coordinate,1001,1.0994193893064824e-05,0.0215707500929127,9.130202342029256e-06,1300.0,0.44548280793845735,250.0,40.0,0.04,0.1,1.0,3.0146199485313674,0.0
stationary_d20,20,5.0,stationary,0.001,0.0,0.0,0,frozen,CoordinateCentral,coordinate,1002,5.196046077376002e-06,0.021566535164676964,7.1316179874064985e-06,1350.0,0.4404201790500954,250.0,40.0,0.04,0.1,1.0,3.017013550296452,0.0
stationary_d20,20,5.0,stationary,0.001,0.0,0.0,0,frozen,CoordinateCentral,coordinate,1003,7.784453272472814e-06,0.021588072631734647,8.439535021272789e-06,1300.0,0.4438979530092354,250.0,40.0,0.04,0.1,1.0,3.018217161251382,0.0
stationary_d20,20,5.0,stationary,0.001,0.0,0.0,0,frozen,CoordinateCentral,coordinate,1004,7.382093842099639e-06,0.021641933384970655,7.943492247550584e-06,1350.0,0.44982372821376526,250.0,40.0,0.04,0.1,1.0,3.0009216631799203,0.0
stationary_d20,20,5.0,stationary,0.001,0.0,0.0,0,frozen,CoordinateCentral,coordinate,1005,6.4553111792010524e-06,0.021588071487629732,9.362086151388179e-06,1300.0,0.44706080657040825,250.0,40.0,0.04,0.1,1.0,3.0195484277729525,0.0
stationary_d20,20,5.0,stationary,0.001,0.0,0.0,0,frozen,CoordinateCentral,coordinate,1006,1.1243078647004266e-05,0.02155629764492893,1.023891942256402e-05,1300.0,0.43273742309124735,250.0,40.0,0.04,0.1,1.0,3.014368348771964,0.0
stationary_d20,20,5.0,stationary,0.001,0.0,0.0,0,frozen,CoordinateCentral,coordinate,1007,7.98262713876762e-06,0.021601434468379935,7.260443493581615e-06,1350.0,0.45179468303914083,250.0,40.0,0.04,0.1,1.0,3.0283550661783427,0.0
stationary_d20,20,5.0,stationary,0.001,0.0,0.0,0,frozen,CoordinateCentral,coordinate,1008,1.0121702194303916e-05,0.021532412041009794,8.191440604986996e-06,1300.0,0.4390133180191241,250.0,40.0,0.04,0.1,1.0,3.0115505438949435,0.0
stationary_d20,20,5.0,stationary,0.001,0.0,0.0,0,frozen,CoordinateCentral,coordinate,1009,6.205236762185941e-06,0.021557165226681177,8.220514078227542e-06,1300.0,0.44871550000657145,250.0,40.0,0.04,0.1,1.0,3.0131507786762923,0.0
stationary_d20,20,5.0,stationary,0.001,0.0,0.0,0,frozen,CoordinateCentral,coordinate,1010,1.1910087240748438e-05,0.021619045897475948,1.0697597994025252e-05,1350.0,0.438925228247044,250.0,40.0,0.04,0.1,1.0,3.0188771997974198,0.0
stationary_d20,20,5.0,stationary,0.001,0.0,0.0,0,frozen,CoordinateCentral,coordinate,1011,1.4906422569797641e-05,0.02151271101430651,1.17046746700671e-05,1300.0,0.43710175922564737,250.0,40.0,0.04,0.1,1.0,3.0086561637716964,0.0
stationary_d20,20,5.0,stationary,0.001,0.0,0.0,0,frozen,CoordinateCentral,coordinate,1012,9.780124338595558e-06,0.021542121196009886,9.952854153677142e-06,1300.0,0.4411880865942368,250.0,40.0,0.04,0.1,1.0,3.0157792824192473,0.0
stationary_d20,20,5.0,stationary,0.001,0.0,0.0,0,frozen,CoordinateCentral,coordinate,1013,1.0248993631377306e-05,0.021549775702073885,8.568715532021248e-06,1300.0,0.4386675222666296,250.0,40.0,0.04,0.1,1.0,3.005293752981096,0.0
stationary_d20,20,5.0,stationary,0.001,0.0,0.0,0,frozen,CoordinateCentral,coordinate,1014,9.818786098827764e-06,0.02161931626999756,7.443072027643374e-06,1350.0,0.44334398027270105,250.0,40.0,0.04,0.1,1.0,3.011569219875248,0.0
stationary_d20,20,5.0,stationary,0.001,0.0,0.0,0,frozen,CoordinateCentral,coordinate,1015,5.713321959742307e-06,0.02156782605019927,6.695067700706362e-06,1350.0,0.45093936572875293,250.0,40.0,0.04,0.1,1.0,3.01049957785585,0.0
stationary_d20,20,5.0,stationary,0.001,0.0,0.0,0,frozen,CoordinateCentral,coordinate,1016,6.28249563858038e-06,0.021513013334798565,7.2896551623576694e-06,1300.0,0.4471225412453809,250.0,40.0,0.04,0.1,1.0,3.018233634489211,0.0
stationary_d20,20,5.0,stationary,0.001,0.0,0.0,0,frozen,CoordinateCentral,coordinate,1017,5.402949005092798e-06,0.021507071611561134,7.19907119657073e-06,1300.0,0.45585614805673574,250.0,40.0,0.04,0.1,1.0,3.0093778823390203,0.0
stationary_d20,20,5.0,stationary,0.001,0.0,0.0,0,frozen,CoordinateCentral,coordinate,1018,1.1887860823941686e-05,0.021648658216547642,7.180440977676967e-06,1350.0,0.45519965134412893,250.0,40.0,0.04,0.1,1.0,3.0086321392211293,0.0
stationary_d20,20,5.0,stationary,0.001,0.0,0.0,0,frozen,CoordinateCentral,coordinate,1019,5.727432499410834e-06,0.021462117285099506,7.235386220336128e-06,1300.0,0.4523054006403072,250.0,40.0,0.04,0.1,1.0,3.009451079673488,0.0
stationary_d20,20,5.0,stationary,0.001,0.0,0.0,0,frozen,CoordinateCentral,coordinate,1020,6.901065829118624e-06,0.021512021053376306,9.299175016102205e-06,1300.0,0.441748894892382,250.0,40.0,0.04,0.1,1.0,3.019042151296924,0.0
stationary_d20,20,5.0,stationary,0.001,0.0,0.0,0,frozen,CoordinateCentral,coordinate,1021,5.957649304025988e-06,0.02154051798396217,9.530841364797655e-06,1300.0,0.44237851033397785,250.0,40.0,0.04,0.1,1.0,3.003619108552413,0.0
stationary_d20,20,5.0,stationary,0.001,0.0,0.0,0,frozen,CoordinateCentral,coordinate,1022,6.172910480512061e-06,0.02153332657643715,8.185559865270293e-06,1300.0,0.4435247608661425,250.0,40.0,0.04,0.1,1.0,3.005479864820441,0.0
stationary_d20,20,5.0,stationary,0.001,0.0,0.0,0,frozen,CoordinateCentral,coordinate,1023,7.22404237671073e-06,0.021613820129049437,8.246856491784084e-06,1350.0,0.4472989514530757,250.0,40.0,0.04,0.1,1.0,3.0287483612364188,0.0
stationary_d20,20,5.0,stationary,0.001,0.0,0.0,0,frozen,CoordinateCentral,coordinate,1024,5.985134838671016e-06,0.021537438338030804,7.325469797689026e-06,1350.0,0.454686795119768,250.0,40.0,0.04,0.1,1.0,3.018879772136713,0.0
stationary_d20,20,5.0,stationary,0.001,0.0,0.0,0,frozen,CoordinateCentral,coordinate,1025,6.3403206084877295e-06,0.0215655056618783,7.223146662552762e-06,1350.0,0.45415582782318836,250.0,40.0,0.04,0.1,1.0,3.0204470342480065,0.0
stationary_d20,20,5.0,stationary,0.001,0.0,0.0,0,frozen,CoordinateCentral,coordinate,1026,5.892065665831823e-06,0.021523051208926284,7.936102599980903e-06,1300.0,0.4467560083144714,250.0,40.0,0.04,0.1,1.0,3.016102480135972,0.0
stationary_d20,20,5.0,stationary,0.001,0.0,0.0,0,frozen,CoordinateCentral,coordinate,1027,7.830433646200296e-06,0.02158447384260448,8.436336292231596e-06,1300.0,0.44303698994857393,250.0,40.0,0.04,0.1,1.0,3.017061185312885,0.0
stationary_d20,20,5.0,stationary,0.001,0.0,0.0,0,frozen,CoordinateCentral,coordinate,1028,8.381815669262818e-06,0.021583357671252464,1.1501108378785495e-05,1350.0,0.452178212288185,250.0,40.0,0.04,0.1,1.0,3.017730076882052,0.0
stationary_d20,20,5.0,stationary,0.001,0.0,0.0,0,frozen,CoordinateCentral,coordinate,1029,8.368302443532936e-06,0.021582192280020167,8.214498476612399e-06,1300.0,0.4502175605436206,250.0,40.0,0.04,0.1,1.0,3.0157105943740823,0.0
stationary_d20,20,5.0,stationary,0.001,0.0,0.0,0,frozen,CoordinateCentral,coordinate,1030,7.103650551992733e-06,0.02157568306313922,7.564632573135219e-06,1350.0,0.4488359345656783,250.0,40.0,0.04,0.1,1.0,3.0312500454434224,0.0
stationary_noise_high_d20,20,5.0,stationary,0.005,0.0,0.0,0,frozen,FirstOrderReference,first_order,1001,0.0,0.002510701243903864,6.564144829611647e-287,50.0,1.0,10000.0,1.0,0.04,0.0,1.0,3.0139374681374402,0.0
stationary_noise_high_d20,20,5.0,stationary,0.005,0.0,0.0,0,frozen,FirstOrderReference,first_order,1002,0.0,0.002510701243903864,6.564144829611647e-287,50.0,1.0,10000.0,1.0,0.04,0.0,1.0,3.0139374681374402,0.0
stationary_noise_high_d20,20,5.0,stationary,0.005,0.0,0.0,0,frozen,FirstOrderReference,first_order,1003,0.0,0.002510701243903864,6.564144829611647e-287,50.0,1.0,10000.0,1.0,0.04,0.0,1.0,3.0139374681374402,0.0
stationary_noise_high_d20,20,5.0,stationary,0.005,0.0,0.0,0,frozen,FirstOrderReference,first_order,1004,0.0,0.002510701243903864,6.564144829611647e-287,50.0,1.0,10000.0,1.0,0.04,0.0,1.0,3.0139374681374402,0.0
stationary_noise_high_d20,20,5.0,stationary,0.005,0.0,0.0,0,frozen,FirstOrderReference,first_order,1005,0.0,0.002510701243903864,6.564144829611647e-287,50.0,1.0,10000.0,1.0,0.04,0.0,1.0,3.0139374681374402,0.0
stationary_noise_high_d20,20,5.0,stationary,0.005,0.0,0.0,0,frozen,FirstOrderReference,first_order,1006,0.0,0.002510701243903864,6.564144829611647e-287,50.0,1.0,10000.0,1.0,0.04,0.0,1.0,3.0139374681374402,0.0
stationary_noise_high_d20,20,5.0,stationary,0.005,0.0,0.0,0,frozen,FirstOrderReference,first_order,1007,0.0,0.002510701243903864,6.564144829611647e-287,50.0,1.0,10000.0,1.0,0.04,0.0,1.0,3.0139374681374402,0.0
stationary_noise_high_d20,20,5.0,stationary,0.005,0.0,0.0,0,frozen,FirstOrderReference,first_order,1008,0.0,0.002510701243903864,6.564144829611647e-287,50.0,1.0,10000.0,1.0,0.04,0.0,1.0,3.0139374681374402,0.0
stationary_noise_high_d20,20,5.0,stationary,0.005,0.0,0.0,0,frozen,FirstOrderReference,first_order,1009,0.0,0.002510701243903864,6.564144829611647e-287,50.0,1.0,10000.0,1.0,0.04,0.0,1.0,3.0139374681374402,0.0
stationary_noise_high_d20,20,5.0,stationary,0.005,0.0,0.0,0,frozen,FirstOrderReference,first_order,1010,0.0,0.002510701243903864,6.564144829611647e-287,50.0,1.0,10000.0,1.0,0.04,0.0,1.0,3.0139374681374402,0.0
stationary_noise_high_d20,20,5.0,stationary,0.005,0.0,0.0,0,frozen,FirstOrderReference,first_order,1011,0.0,0.002510701243903864,6.564144829611647e-287,50.0,1.0,10000.0,1.0,0.04,0.0,1.0,3.0139374681374402,0.0
stationary_noise_high_d20,20,5.0,stationary,0.005,0.0,0.0,0,frozen,FirstOrderReference,first_order,1012,0.0,0.002510701243903864,6.564144829611647e-287,50.0,1.0,10000.0,1.0,0.04,0.0,1.0,3.0139374681374402,0.0
stationary_noise_high_d20,20,5.0,stationary,0.005,0.0,0.0,0,frozen,FirstOrderReference,first_order,1013,0.0,0.002510701243903864,6.564144829611647e-287,50.0,1.0,10000.0,1.0,0.04,0.0,1.0,3.0139374681374402,0.0
stationary_noise_high_d20,20,5.0,stationary,0.005,0.0,0.0,0,frozen,FirstOrderReference,first_order,1014,0.0,0.002510701243903864,6.564144829611647e-287,50.0,1.0,10000.0,1.0,0.04,0.0,1.0,3.0139374681374402,0.0
stationary_noise_high_d20,20,5.0,stationary,0.005,0.0,0.0,0,frozen,FirstOrderReference,first_order,1015,0.0,0.002510701243903864,6.564144829611647e-287,50.0,1.0,10000.0,1.0,0.04,0.0,1.0,3.0139374681374402,0.0
stationary_noise_high_d20,20,5.0,stationary,0.005,0.0,0.0,0,frozen,FirstOrderReference,first_order,1016,0.0,0.002510701243903864,6.564144829611647e-287,50.0,1.0,10000.0,1.0,0.04,0.0,1.0,3.0139374681374402,0.0
stationary_noise_high_d20,20,5.0,stationary,0.005,0.0,0.0,0,frozen,FirstOrderReference,first_order,1017,0.0,0.002510701243903864,6.564144829611647e-287,50.0,1.0,10000.0,1.0,0.04,0.0,1.0,3.0139374681374402,0.0
stationary_noise_high_d20,20,5.0,stationary,0.005,0.0,0.0,0,frozen,FirstOrderReference,first_order,1018,0.0,0.002510701243903864,6.564144829611647e-287,50.0,1.0,10000.0,1.0,0.04,0.0,1.0,3.0139374681374402,0.0
stationary_noise_high_d20,20,5.0,stationary,0.005,0.0,0.0,0,frozen,FirstOrderReference,first_order,1019,0.0,0.002510701243903864,6.564144829611647e-287,50.0,1.0,10000.0,1.0,0.04,0.0,1.0,3.0139374681374402,0.0
stationary_noise_high_d20,20,5.0,stationary,0.005,0.0,0.0,0,frozen,FirstOrderReference,first_order,1020,0.0,0.002510701243903864,6.564144829611647e-287,50.0,1.0,10000.0,1.0,0.04,0.0,1.0,3.0139374681374402,0.0
stationary_noise_high_d20,20,5.0,stationary,0.005,0.0,0.0,0,frozen,FirstOrderReference,first_order,1021,0.0,0.002510701243903864,6.564144829611647e-287,50.0,1.0,10000.0,1.0,0.04,0.0,1.0,3.0139374681374402,0.0
stationary_noise_high_d20,20,5.0,stationary,0.005,0.0,0.0,0,frozen,FirstOrderReference,first_order,1022,0.0,0.002510701243903864,6.564144829611647e-287,50.0,1.0,10000.0,1.0,0.04,0.0,1.0,3.0139374681374402,0.0
stationary_noise_high_d20,20,5.0,stationary,0.005,0.0,0.0,0,frozen,FirstOrderReference,first_order,1023,0.0,0.002510701243903864,6.564144829611647e-287,50.0,1.0,10000.0,1.0,0.04,0.0,1.0,3.0139374681374402,0.0
stationary_noise_high_d20,20,5.0,stationary,0.005,0.0,0.0,0,frozen,FirstOrderReference,first_order,1024,0.0,0.002510701243903864,6.564144829611647e-287,50.0,1.0,10000.0,1.0,0.04,0.0,1.0,3.0139374681374402,0.0
stationary_noise_high_d20,20,5.0,stationary,0.005,0.0,0.0,0,frozen,FirstOrderReference,first_order,1025,0.0,0.002510701243903864,6.564144829611647e-287,50.0,1.0,10000.0,1.0,0.04,0.0,1.0,3.0139374681374402,0.0
stationary_noise_high_d20,20,5.0,stationary,0.005,0.0,0.0,0,frozen,FirstOrderReference,first_order,1026,0.0,0.002510701243903864,6.564144829611647e-287,50.0,1.0,10000.0,1.0,0.04,0.0,1.0,3.0139374681374402,0.0
stationary_noise_high_d20,20,5.0,stationary,0.005,0.0,0.0,0,frozen,FirstOrderReference,first_order,1027,0.0,0.002510701243903864,6.564144829611647e-287,50.0,1.0,10000.0,1.0,0.04,0.0,1.0,3.0139374681374402,0.0
stationary_noise_high_d20,20,5.0,stationary,0.005,0.0,0.0,0,frozen,FirstOrderReference,first_order,1028,0.0,0.002510701243903864,6.564144829611647e-287,50.0,1.0,10000.0,1.0,0.04,0.0,1.0,3.0139374681374402,0.0
stationary_noise_high_d20,20,5.0,stationary,0.005,0.0,0.0,0,frozen,FirstOrderReference,first_order,1029,0.0,0.002510701243903864,6.564144829611647e-287,50.0,1.0,10000.0,1.0,0.04,0.0,1.0,3.0139374681374402,0.0
stationary_noise_high_d20,20,5.0,stationary,0.005,0.0,0.0,0,frozen,FirstOrderReference,first_order,1030,0.0,0.002510701243903864,6.564144829611647e-287,50.0,1.0,10000.0,1.0,0.04,0.0,1.0,3.0139374681374402,0.0
stationary_noise_high_d20,20,5.0,stationary,0.005,0.0,0.0,0,frozen,SPSA-m1,spsa,1001,0.00019136134044184052,0.0051964472454369,0.0002483309222966513,200.0,0.13990424206241237,5000.0,2.0,0.020000000000000004,0.1,1.0,31.25550301714523,0.0
stationary_noise_high_d20,20,5.0,stationary,0.005,0.0,0.0,0,frozen,SPSA-m1,spsa,1002,0.00036387647253021684,0.0063488820669057415,0.0003007416289285697,300.0,0.13679453259859142,5000.0,2.0,0.020000000000000004,0.1,1.0,22.488062349441417,0.0
stationary_noise_high_d20,20,5.0,stationary,0.005,0.0,0.0,0,frozen,SPSA-m1,spsa,1003,0.0002424992736449467,0.004510833304300667,0.00022250019883925858,200.0,0.13795272891072297,5000.0,2.0,0.020000000000000004,0.1,1.0,31.06823347601091,0.0
stationary_noise_high_d20,20,5.0,stationary,0.005,0.0,0.0,0,frozen,SPSA-m1,spsa,1004,0.00041070795559998923,0.004775335060617995,0.00028859030019804267,200.0,0.140921225073684,5000.0,2.0,0.020000000000000004,0.1,1.0,21.339161303568495,0.0
stationary_noise_high_d20,20,5.0,stationary,0.005,0.0,0.0,0,frozen,SPSA-m1,spsa,1005,0.00015992640722176536,0.0043711601418050545,0.0002596793651970021,250.0,0.14176633184739235,5000.0,2.0,0.020000000000000004,0.1,1.0,20.441467496398918,0.0
stationary_noise_high_d20,20,5.0,stationary,0.005,0.0,0.0,0,frozen,SPSA-m1,spsa,1006,0.0002180348452185155,0.005844919084251466,0.00026483573726841445,250.0,0.14242199903909677,5000.0,2.0,0.020000000000000004,0.1,1.0,23.91684296340656,0.0
stationary_noise_high_d20,20,5.0,stationary,0.005,0.0,0.0,0,frozen,SPSA-m1,spsa,1007,0.0005690786605737453,0.0075351876432083005,0.00031371433171943375,250.0,0.14001072122520308,5000.0,2.0,0.020000000000000004,0.1,1.0,23.693004488736992,0.0
stationary_noise_high_d20,20,5.0,stationary,0.005,0.0,0.0,0,frozen,SPSA-m1,spsa,1008,0.00021409964314661066,0.004964739121011103,0.0002618750100930244,200.0,0.14091759153334052,5000.0,2.0,0.020000000000000004,0.1,1.0,29.078538304727257,0.0
stationary_noise_high_d20,20,5.0,stationary,0.005,0.0,0.0,0,frozen,SPSA-m1,spsa,1009,0.00017675131928423707,0.005178724702945734,0.000256526958647632,300.0,0.140565894966392,5000.0,2.0,0.020000000000000004,0.1,1.0,22.550972467254326,0.0
stationary_noise_high_d20,20,5.0,stationary,0.005,0.0,0.0,0,frozen,SPSA-m1,spsa,1010,0.00020892574687528815,0.005492285714620558,0.00031560329136783326,300.0,0.14080295237991713,5000.0,2.0,0.020000000000000004,0.1,1.0,25.585209769894313,0.0
stationary_noise_high_d20,20,5.0,stationary,0.005,0.0,0.0,0,frozen,SPSA-m1,spsa,1011,0.0001567227792705687,0.007014437520985085,0.0002674042740107356,300.0,0.13933134039090733,5000.0,2.0,0.020000000000000004,0.1,1.0,18.28191270974566,0.0
stationary_noise_high_d20,20,5.0,stationary,0.005,0.0,0.0,0,frozen,SPSA-m1,spsa,1012,0.00011308193829309659,0.006079850096395281,0.0002649982724825082,200.0,0.14140621817677118,5000.0,2.0,0.020000000000000004,0.1,1.0,22.300935383925513,0.0
stationary_noise_high_d20,20,5.0,stationary,0.005,0.0,0.0,0,frozen,SPSA-m1,spsa,1013,0.00037479613504914,0.007754996787668676,0.0002462711750841329,300.0,0.1398510922197367,5000.0,2.0,0.020000000000000004,0.1,1.0,22.39737022416514,0.0
stationary_noise_high_d20,20,5.0,stationary,0.005,0.0,0.0,0,frozen,SPSA-m1,spsa,1014,0.0001866520975266026,0.007140780065691284,0.0002493702202066215,350.0,0.13998258085829707,5000.0,2.0,0.020000000000000004,0.1,1.0,26.96941637869302,0.0
stationary_noise_high_d20,20,5.0,stationary,0.005,0.0,0.0,0,frozen,SPSA-m1,spsa,1015,0.0001299766781734201,0.006967175506592966,0.0002385408767778196,300.0,0.14122764681044353,5000.0,2.0,0.020000000000000004,0.1,1.0,17.775023482933506,0.0
stationary_noise_high_d20,20,5.0,stationary,0.005,0.0,0.0,0,frozen,SPSA-m1,spsa,1016,0.00016867309017231668,0.004962736262663084,0.00020799609540646014,200.0,0.13983166149454054,5000.0,2.0,0.020000000000000004,0.1,1.0,21.40016762400481,0.0
stationary_noise_high_d20,20,5.0,stationary,0.005,0.0,0.0,0,frozen,SPSA-m1,spsa,1017,0.00025517456494049553,0.005700787656069402,0.0002684509419517019,200.0,0.13993545178885358,5000.0,2.0,0.020000000000000004,0.1,1.0,27.014804416651007,0.0
stationary_noise_high_d20,20,5.0,stationary,0.005,0.0,0.0,0,frozen,SPSA-m1,spsa,1018,0.00019745192753825157,0.0039337461734929025,0.0002470429025669951,150.0,0.1419960824441676,5000.0,2.0,0.020000000000000004,0.1,1.0,22.26973298767691,0.0
stationary_noise_high_d20,20,5.0,stationary,0.005,0.0,0.0,0,frozen,SPSA-m1,spsa,1019,0.0003167641503472509,0.004901837223255169,0.00023593797910332657,250.0,0.1385165844054548,5000.0,2.0,0.020000000000000004,0.1,1.0,23.54089821840752,0.0
stationary_noise_high_d20,20,5.0,stationary,0.005,0.0,0.0,0,frozen,SPSA-m1,spsa,1020,0.00019107175543678188,0.005661316830840794,0.000277662256385272,250.0,0.14058789346268694,5000.0,2.0,0.020000000000000004,0.1,1.0,25.8976858243815,0.0
stationary_noise_high_d20,20,5.0,stationary,0.005,0.0,0.0,0,frozen,SPSA-m1,spsa,1021,0.00037671218969285807,0.005872175633108868,0.0002667659720313139,250.0,0.14204619215367614,5000.0,2.0,0.020000000000000004,0.1,1.0,25.603026131543096,0.0
stationary_noise_high_d20,20,5.0,stationary,0.005,0.0,0.0,0,frozen,SPSA-m1,spsa,1022,0.0002929721556323864,0.007535911003231385,0.0002480338486789323,300.0,0.1410992220492585,5000.0,2.0,0.020000000000000004,0.1,1.0,27.85978391673774,0.0
stationary_noise_high_d20,20,5.0,stationary,0.005,0.0,0.0,0,frozen,SPSA-m1,spsa,1023,0.00013331117009585705,0.006514198391022367,0.0002820382553567578,300.0,0.1420322778123375,5000.0,2.0,0.020000000000000004,0.1,1.0,19.195769195524115,0.0
stationary_noise_high_d20,20,5.0,stationary,0.005,0.0,0.0,0,frozen,SPSA-m1,spsa,1024,0.00018195664647574248,0.004253245902403099,0.000239965850737371,300.0,0.14058508115624668,5000.0,2.0,0.020000000000000004,0.1,1.0,23.716783970560527,0.0
stationary_noise_high_d20,20,5.0,stationary,0.005,0.0,0.0,0,frozen,SPSA-m1,spsa,1025,0.0001408813843150641,0.004430524004121552,0.0002557732833076725,250.0,0.14020058289171167,5000.0,2.0,0.020000000000000004,0.1,1.0,23.14775131935071,0.0
stationary_noise_high_d20,20,5.0,stationary,0.005,0.0,0.0,0,frozen,SPSA-m1,spsa,1026,0.00021088214949749432,0.00649065350043582,0.00020660249392971824,300.0,0.1388200813726281,5000.0,2.0,0.020000000000000004,0.1,1.0,18.818903745447937,0.0
stationary_noise_high_d20,20,5.0,stationary,0.005,0.0,0.0,0,frozen,SPSA-m1,spsa,1027,0.00031544135311925174,0.004424523546844057,0.00023535244154471017,200.0,0.14247206941146537,5000.0,2.0,0.020000000000000004,0.1,1.0,21.913655121325597,0.0
stationary_noise_high_d20,20,5.0,stationary,0.005,0.0,0.0,0,frozen,SPSA-m1,spsa,1028,0.00020007845787503004,0.006110120004773305,0.0002704081543907446,250.0,0.1401476757792912,5000.0,2.0,0.020000000000000004,0.1,1.0,30.946925658952402,0.0
stationary_noise_high_d20,20,5.0,stationary,0.005,0.0,0.0,0,frozen,SPSA-m1,spsa,1029,0.0002686136680549417,0.00652065199553418,0.00026493061163516404,300.0,0.14201088183739205,5000.0,2.0,0.020000000000000004,0.1,1.0,20.653397498475226,0.0
stationary_noise_high_d20,20,5.0,stationary,0.005,0.0,0.0,0,frozen,SPSA-m1,spsa,1030,0.00022099754647310704,0.006906334135398649,0.00023967623203390508,300.0,0.1408806206912163,5000.0,2.0,0.020000000000000004,0.1,1.0,30.545611957143848,0.0
stationary_noise_high_d20,20,5.0,stationary,0.005,0.0,0.0,0,frozen,Gaussian-m1,gaussian,1001,0.0006375280427490883,0.005909290911386618,0.0005761325654372762,250.0,0.13695530584464144,5000.0,2.0,0.020000000000000004,0.3,1.0,20.198569745960224,0.0
stationary_noise_high_d20,20,5.0,stationary,0.005,0.0,0.0,0,frozen,Gaussian-m1,gaussian,1002,0.00045512240841675004,0.006960781397318507,0.0006069783849494393,250.0,0.13757128015716447,5000.0,2.0,0.020000000000000004,0.3,1.0,19.69682841937323,0.0
stationary_noise_high_d20,20,5.0,stationary,0.005,0.0,0.0,0,frozen,Gaussian-m1,gaussian,1003,0.0003580493859838145,0.0075650727348088,0.0005213058314845878,400.0,0.1393361411175195,5000.0,2.0,0.020000000000000004,0.3,1.0,22.422553827150054,0.0
stationary_noise_high_d20,20,5.0,stationary,0.005,0.0,0.0,0,frozen,Gaussian-m1,gaussian,1004,0.0005224851047511636,0.005373095673559422,0.0005895909292174468,200.0,0.13462684489256466,5000.0,2.0,0.020000000000000004,0.3,1.0,28.043934328660033,0.0
stationary_noise_high_d20,20,5.0,stationary,0.005,0.0,0.0,0,frozen,Gaussian-m1,gaussian,1005,0.0006303302124784175,0.00522721852834639,0.0005802004094956844,250.0,0.1396607760715004,5000.0,2.0,0.020000000000000004,0.3,1.0,25.55112995349837,0.0
stationary_noise_high_d20,20,5.0,stationary,0.005,0.0,0.0,0,frozen,Gaussian-m1,gaussian,1006,0.00045691543718018193,0.006817774283734076,0.00059996498630095,350.0,0.13768520319219937,5000.0,2.0,0.020000000000000004,0.3,1.0,18.258745616917018,0.0
stationary_noise_high_d20,20,5.0,stationary,0.005,0.0,0.0,0,frozen,Gaussian-m1,gaussian,1007,0.000506400368328375,0.00521194872545244,0.0006277564159837995,250.0,0.14033788615709933,5000.0,2.0,0.020000000000000004,0.3,1.0,23.111143768685142,0.0
stationary_noise_high_d20,20,5.0,stationary,0.005,0.0,0.0,0,frozen,Gaussian-m1,gaussian,1008,0.00025684205828966586,0.006141855566792322,0.0005371719123795908,300.0,0.14138842332627996,5000.0,2.0,0.020000000000000004,0.3,1.0,25.401939779237505,0.0
stationary_noise_high_d20,20,5.0,stationary,0.005,0.0,0.0,0,frozen,Gaussian-m1,gaussian,1009,0.0004135499513430294,0.008880809818508277,0.0005540328679064035,250.0,0.13903027003995516,5000.0,2.0,0.020000000000000004,0.3,1.0,25.84437480164974,0.0
stationary_noise_high_d20,20,5.0,stationary,0.005,0.0,0.0,0,frozen,Gaussian-m1,gaussian,1010,0.00024246073464486142,0.0067580313871073786,0.0005311912887372465,300.0,0.13990787659328954,5000.0,2.0,0.020000000000000004,0.3,1.0,22.457321431618414,0.0
stationary_noise_high_d20,20,5.0,stationary,0.005,0.0,0.0,0,frozen,Gaussian-m1,gaussian,1011,0.0004922415548904234,0.0055806458935007556,0.0006904662091360952,250.0,0.13942893263860232,5000.0,2.0,0.020000000000000004,0.3,1.0,30.983391345930748,0.0
stationary_noise_high_d20,20,5.0,stationary,0.005,0.0,0.0,0,frozen,Gaussian-m1,gaussian,1012,0.0003499661184963118,0.0055983829800247365,0.0006018430177652215,250.0,0.14018516548408874,5000.0,2.0,0.020000000000000004,0.3,1.0,27.62539574960053,0.0
stationary_noise_high_d20,20,5.0,stationary,0.005,0.0,0.0,0,frozen,Gaussian-m1,gaussian,1013,0.0004400099883092025,0.007365379004824585,0.0005878075840891397,250.0,0.14233233877259008,5000.0,2.0,0.020000000000000004,0.3,1.0,20.99676054213576,0.0
stationary_noise_high_d20,20,5.0,stationary,0.005,0.0,0.0,0,frozen,Gaussian-m1,gaussian,1014,0.0006397953002716959,0.004939910418680896,0.0006034158660980799,200.0,0.13876057288110696,5000.0,2.0,0.020000000000000004,0.3,1.0,20.507036844438815,0.0
stationary_noise_high_d20,20,5.0,stationary,0.005,0.0,0.0,0,frozen,Gaussian-m1,gaussian,1015,0.0009890925604031516,0.00466948289385743,0.0006739530216379125,200.0,0.1390665191727521,5000.0,2.0,0.020000000000000004,0.3,1.0,19.132657630356732,0.0
stationary_noise_high_d20,20,5.0,stationary,0.005,0.0,0.0,0,frozen,Gaussian-m1,gaussian,1016,0.0003335191105674475,0.005445803027708402,0.0005223559162851439,250.0,0.13711907361939443,5000.0,2.0,0.020000000000000004,0.3,1.0,19.891618544322814,0.0
stationary_noise_high_d20,20,5.0,stationary,0.005,0.0,0.0,0,frozen,Gaussian-m1,gaussian,1017,0.0006808352501050962,0.006731347404267795,0.0006711476280343821,300.0,0.1405225178682894,5000.0,2.0,0.020000000000000004,0.3,1.0,19.648765829288305,0.0
stationary_noise_high_d20,20,5.0,stationary,0.005,0.0,0.0,0,frozen,Gaussian-m1,gaussian,1018,0.00042183526469883817,0.006302282869089535,0.0005551400458918281,300.0,0.13818193595592507,5000.0,2.0,0.020000000000000004,0.3,1.0,29.609938447132564,0.0
stationary_noise_high_d20,20,5.0,stationary,0.005,0.0,0.0,0,frozen,Gaussian-m1,gaussian,1019,0.00023964772677493792,0.006165478500044889,0.0005176046454021457,300.0,0.13987724417235028,5000.0,2.0,0.020000000000000004,0.3,1.0,22.085983823915885,0.0
stationary_noise_high_d20,20,5.0,stationary,0.005,0.0,0.0,0,frozen,Gaussian-m1,gaussian,1020,0.0003888009595071144,0.005818444886156057,0.0006059448116495979,250.0,0.13851524660943992,5000.0,2.0,0.020000000000000004,0.3,1.0,18.20710420135486,0.0
stationary_noise_high_d20,20,5.0,stationary,0.005,0.0,0.0,0,frozen,Gaussian-m1,gaussian,1021,0.0004911832000715683,0.006863219002474611,0.0006337878138170925,300.0,0.14117185724080597,5000.0,2.0,0.020000000000000004,0.3,1.0,31.33448252081876,0.0
stationary_noise_high_d20,20,5.0,stationary,0.005,0.0,0.0,0,frozen,Gaussian-m1,gaussian,1022,0.0005417184679052401,0.0043335937677604006,0.0005576465451778457,200.0,0.13985794745265168,5000.0,2.0,0.020000000000000004,0.3,1.0,38.281835044463186,0.0
stationary_noise_high_d20,20,5.0,stationary,0.005,0.0,0.0,0,frozen,Gaussian-m1,gaussian,1023,0.0003081673117839143,0.00667121929857352,0.0005535858342157361,250.0,0.13791972443755235,5000.0,2.0,0.020000000000000004,0.3,1.0,19.699647539684676,0.0
stationary_noise_high_d20,20,5.0,stationary,0.005,0.0,0.0,0,frozen,Gaussian-m1,gaussian,1024,0.00038587045500892785,0.0071640852130070475,0.0005159835564154312,300.0,0.1407246803562571,5000.0,2.0,0.020000000000000004,0.3,1.0,25.077254304238494,0.0
stationary_noise_high_d20,20,5.0,stationary,0.005,0.0,0.0,0,frozen,Gaussian-m1,gaussian,1025,0.0003858933023157806,0.008870109183941065,0.0005625505136595917,350.0,0.14070869704977845,5000.0,2.0,0.020000000000000004,0.3,1.0,17.70829163213012,0.0
stationary_noise_high_d20,20,5.0,stationary,0.005,0.0,0.0,0,frozen,Gaussian-m1,gaussian,1026,0.0002614074741830994,0.004644966431720343,0.0005485936178849577,200.0,0.13937241823806162,5000.0,2.0,0.020000000000000004,0.3,1.0,31.133977036517297,0.0
stationary_noise_high_d20,20,5.0,stationary,0.005,0.0,0.0,0,frozen,Gaussian-m1,gaussian,1027,0.00056563100028961,0.007414996568778611,0.00048130302834070926,300.0,0.14324424036353348,5000.0,2.0,0.020000000000000004,0.3,1.0,21.23607181354161,0.0
stationary_noise_high_d20,20,5.0,stationary,0.005,0.0,0.0,0,frozen,Gaussian-m1,gaussian,1028,0.0005645607098923636,0.008042371198959062,0.0005595612408888258,300.0,0.1409604147848856,5000.0,2.0,0.020000000000000004,0.3,1.0,19.305507336639945,0.0
stationary_noise_high_d20,20,5.0,stationary,0.005,0.0,0.0,0,frozen,Gaussian-m1,gaussian,1029,0.0004635132873396516,0.005028805124877271,0.000514359297317268,250.0,0.14333595622271186,5000.0,2.0,0.020000000000000004,0.3,1.0,27.3615119614824,0.0
stationary_noise_high_d20,20,5.0,stationary,0.005,0.0,0.0,0,frozen,Gaussian-m1,gaussian,1030,0.0005110738083507262,0.009190805206561407,0.0005548730938005471,300.0,0.13682621453718266,5000.0,2.0,0.020000000000000004,0.3,1.0,28.046450108982405,0.0
stationary_noise_high_d20,20,5.0,stationary,0.005,0.0,0.0,0,frozen,Gaussian-m5,gaussian,1001,0.0010225798525707725,0.004731346416531196,0.0007283707192536897,200.0,0.3784124981663403,1000.0,10.0,0.1,0.3,5.0,5.758626712106895,0.0
stationary_noise_high_d20,20,5.0,stationary,0.005,0.0,0.0,0,frozen,Gaussian-m5,gaussian,1002,0.00048516007715012407,0.008620473397270808,0.0010243220247015572,400.0,0.38128644668249173,1000.0,10.0,0.1,0.3,5.0,9.893962539219702,0.0
stationary_noise_high_d20,20,5.0,stationary,0.005,0.0,0.0,0,frozen,Gaussian-m5,gaussian,1003,0.001025350090956541,0.007350846749377202,0.0008263134329184378,300.0,0.38703041033673635,1000.0,10.0,0.1,0.3,5.0,5.629721245394848,0.0
stationary_noise_high_d20,20,5.0,stationary,0.005,0.0,0.0,0,frozen,Gaussian-m5,gaussian,1004,0.0010379184065329237,0.00839041863905028,0.0008159757746245785,400.0,0.38047470835538816,1000.0,10.0,0.1,0.3,5.0,9.910251259487307,0.0
stationary_noise_high_d20,20,5.0,stationary,0.005,0.0,0.0,0,frozen,Gaussian-m5,gaussian,1005,0.0008991122718967808,0.005981333242843009,0.0010038758505517597,250.0,0.3793162240847539,1000.0,10.0,0.1,0.3,5.0,6.109107858014462,0.0
stationary_noise_high_d20,20,5.0,stationary,0.005,0.0,0.0,0,frozen,Gaussian-m5,gaussian,1006,0.0017796266188885147,0.006219299708814841,0.000882109900589742,250.0,0.38328920242516024,1000.0,10.0,0.1,0.3,5.0,7.283057454921872,0.0
stationary_noise_high_d20,20,5.0,stationary,0.005,0.0,0.0,0,frozen,Gaussian-m5,gaussian,1007,0.0006047061606831747,0.008276690407578302,0.000910089925004778,300.0,0.38230725106474606,1000.0,10.0,0.1,0.3,5.0,8.828203314689855,0.0
stationary_noise_high_d20,20,5.0,stationary,0.005,0.0,0.0,0,frozen,Gaussian-m5,gaussian,1008,0.0012083554198593748,0.007879535590087828,0.001057854572958854,350.0,0.38786043084854416,1000.0,10.0,0.1,0.3,5.0,5.931497900144893,0.0
stationary_noise_high_d20,20,5.0,stationary,0.005,0.0,0.0,0,frozen,Gaussian-m5,gaussian,1009,0.0010031463944489964,0.005621137066410584,0.0008032555095058698,250.0,0.3792457228723679,1000.0,10.0,0.1,0.3,5.0,6.4029814127314735,0.0
stationary_noise_high_d20,20,5.0,stationary,0.005,0.0,0.0,0,frozen,Gaussian-m5,gaussian,1010,0.0013172120847734841,0.00696386884127719,0.0009194170371843923,350.0,0.37953503291768925,1000.0,10.0,0.1,0.3,5.0,5.620748003578057,0.0
stationary_noise_high_d20,20,5.0,stationary,0.005,0.0,0.0,0,frozen,Gaussian-m5,gaussian,1011,0.001006394686683185,0.009517210076912785,0.0011517331873656677,350.0,0.37653205324803274,1000.0,10.0,0.1,0.3,5.0,9.265890029882732,0.0
stationary_noise_high_d20,20,5.0,stationary,0.005,0.0,0.0,0,frozen,Gaussian-m5,gaussian,1012,0.0005255352599449072,0.009468121018863466,0.000796187282386146,300.0,0.3837599333529936,1000.0,10.0,0.1,0.3,5.0,6.117553204516332,0.0
stationary_noise_high_d20,20,5.0,stationary,0.005,0.0,0.0,0,frozen,Gaussian-m5,gaussian,1013,0.0016272664391837202,0.008565346508022459,0.0007599162274135243,300.0,0.3694519443922231,1000.0,10.0,0.1,0.3,5.0,6.365744403250131,0.0
stationary_noise_high_d20,20,5.0,stationary,0.005,0.0,0.0,0,frozen,Gaussian-m5,gaussian,1014,0.0006770152068572851,0.0066629431443415415,0.0008698541628721575,350.0,0.3862508879904266,1000.0,10.0,0.1,0.3,5.0,5.306628631836891,0.0
stationary_noise_high_d20,20,5.0,stationary,0.005,0.0,0.0,0,frozen,Gaussian-m5,gaussian,1015,0.0004313772202758843,0.009437127609874111,0.0008050854081399956,300.0,0.37921708858238595,1000.0,10.0,0.1,0.3,5.0,5.787945845946665,0.0
stationary_noise_high_d20,20,5.0,stationary,0.005,0.0,0.0,0,frozen,Gaussian-m5,gaussian,1016,0.0011105536845989444,0.009035785679405234,0.000807997801559769,350.0,0.3783347152428817,1000.0,10.0,0.1,0.3,5.0,6.780293949140329,0.0
stationary_noise_high_d20,20,5.0,stationary,0.005,0.0,0.0,0,frozen,Gaussian-m5,gaussian,1017,0.0012579122234188827,0.006877168701896808,0.0008191453749527373,300.0,0.38362368830934807,1000.0,10.0,0.1,0.3,5.0,8.944070313913699,0.0
stationary_noise_high_d20,20,5.0,stationary,0.005,0.0,0.0,0,frozen,Gaussian-m5,gaussian,1018,0.0009696105103315338,0.005404504068445631,0.0009125507539519653,250.0,0.3809141192189189,1000.0,10.0,0.1,0.3,5.0,7.80042379104535,0.0
stationary_noise_high_d20,20,5.0,stationary,0.005,0.0,0.0,0,frozen,Gaussian-m5,gaussian,1019,0.0006740433676093645,0.005504947161652407,0.0007851102004160093,250.0,0.3817845108645809,1000.0,10.0,0.1,0.3,5.0,9.231394914210853,0.0
stationary_noise_high_d20,20,5.0,stationary,0.005,0.0,0.0,0,frozen,Gaussian-m5,gaussian,1020,0.0003570615425453211,0.00689462197737988,0.0007627800410883541,350.0,0.383441665172953,1000.0,10.0,0.1,0.3,5.0,5.63388617127679,0.0
stationary_noise_high_d20,20,5.0,stationary,0.005,0.0,0.0,0,frozen,Gaussian-m5,gaussian,1021,0.0007336691975166863,0.007601659584900757,0.0007110703092056123,350.0,0.3775203977317885,1000.0,10.0,0.1,0.3,5.0,9.812131559170158,0.0
stationary_noise_high_d20,20,5.0,stationary,0.005,0.0,0.0,0,frozen,Gaussian-m5,gaussian,1022,0.0007323413970514256,0.006150138652962301,0.0008731270771113473,250.0,0.3797039662169931,1000.0,10.0,0.1,0.3,5.0,7.849236320947664,0.0
stationary_noise_high_d20,20,5.0,stationary,0.005,0.0,0.0,0,frozen,Gaussian-m5,gaussian,1023,0.0007573094196168822,0.009348765577710229,0.0008843169514882231,350.0,0.3857735624780105,1000.0,10.0,0.1,0.3,5.0,6.365090825847134,0.0
stationary_noise_high_d20,20,5.0,stationary,0.005,0.0,0.0,0,frozen,Gaussian-m5,gaussian,1024,0.0007033720039824815,0.009326348643035668,0.0008584137086534729,400.0,0.3799268104983936,1000.0,10.0,0.1,0.3,5.0,6.526192922577278,0.0
stationary_noise_high_d20,20,5.0,stationary,0.005,0.0,0.0,0,frozen,Gaussian-m5,gaussian,1025,0.00041094738341945715,0.011702552662554433,0.0008648502405730419,500.0,0.3857355820351333,1000.0,10.0,0.1,0.3,5.0,8.85319748051904,0.0
stationary_noise_high_d20,20,5.0,stationary,0.005,0.0,0.0,0,frozen,Gaussian-m5,gaussian,1026,0.0005517216032905515,0.004960257508164242,0.001012776734795069,300.0,0.3847580403004475,1000.0,10.0,0.1,0.3,5.0,8.25774200070004,0.0
stationary_noise_high_d20,20,5.0,stationary,0.005,0.0,0.0,0,frozen,Gaussian-m5,gaussian,1027,0.0007140823308479082,0.01189530094215592,0.0008157557905210358,350.0,0.3823892167079139,1000.0,10.0,0.1,0.3,5.0,10.804624319592012,0.0
stationary_noise_high_d20,20,5.0,stationary,0.005,0.0,0.0,0,frozen,Gaussian-m5,gaussian,1028,0.0007515557441438219,0.006366396600676094,0.0008701249962853539,350.0,0.38076425360025346,1000.0,10.0,0.1,0.3,5.0,8.702948660835544,0.0
stationary_noise_high_d20,20,5.0,stationary,0.005,0.0,0.0,0,frozen,Gaussian-m5,gaussian,1029,0.0008570486621384242,0.0071633408468848615,0.0008143798209781318,300.0,0.378779351841551,1000.0,10.0,0.1,0.3,5.0,7.4196925593305485,0.0
stationary_noise_high_d20,20,5.0,stationary,0.005,0.0,0.0,0,frozen,Gaussian-m5,gaussian,1030,0.0008276755049518327,0.008213360498736787,0.0009234815723813182,300.0,0.3795067130784848,1000.0,10.0,0.1,0.3,5.0,7.923237796175953,0.0
stationary_noise_high_d20,20,5.0,stationary,0.005,0.0,0.0,0,frozen,Gaussian-m20,gaussian,1001,0.00033394902713197315,0.007735152583754612,0.00031428081135610725,400.0,0.5686514765180876,250.0,40.0,0.2,0.3,20.0,4.425348540344783,0.0
stationary_noise_high_d20,20,5.0,stationary,0.005,0.0,0.0,0,frozen,Gaussian-m20,gaussian,1002,0.00025474106726023986,0.008537398852591962,0.00026329597190139566,350.0,0.5699770005395919,250.0,40.0,0.2,0.3,20.0,3.321358705667919,0.0
stationary_noise_high_d20,20,5.0,stationary,0.005,0.0,0.0,0,frozen,Gaussian-m20,gaussian,1003,0.0003043094529920244,0.008307587625155786,0.0002602482996445334,400.0,0.5718907772182633,250.0,40.0,0.2,0.3,20.0,5.044634255700778,0.0
stationary_noise_high_d20,20,5.0,stationary,0.005,0.0,0.0,0,frozen,Gaussian-m20,gaussian,1004,0.0002911359417739341,0.008894621060374247,0.0002814518537897675,350.0,0.5789366574904611,250.0,40.0,0.2,0.3,20.0,4.404249375381046,0.0
stationary_noise_high_d20,20,5.0,stationary,0.005,0.0,0.0,0,frozen,Gaussian-m20,gaussian,1005,0.0002610323600597197,0.008236971386245217,0.00026842573788830496,350.0,0.5517452072697959,250.0,40.0,0.2,0.3,20.0,5.828056666663375,0.0
stationary_noise_high_d20,20,5.0,stationary,0.005,0.0,0.0,0,frozen,Gaussian-m20,gaussian,1006,0.0003956565464746186,0.011373424776442589,0.0002527455831579233,400.0,0.5517031324510097,250.0,40.0,0.2,0.3,20.0,3.142526853268749,0.0
stationary_noise_high_d20,20,5.0,stationary,0.005,0.0,0.0,0,frozen,Gaussian-m20,gaussian,1007,0.0003501753900269679,0.011434541294443856,0.0003023184401004867,400.0,0.564793830547372,250.0,40.0,0.2,0.3,20.0,3.24725891693069,0.0
stationary_noise_high_d20,20,5.0,stationary,0.005,0.0,0.0,0,frozen,Gaussian-m20,gaussian,1008,0.00031638829921005394,0.010378418570270916,0.0002948046691574133,350.0,0.561599262742995,250.0,40.0,0.2,0.3,20.0,4.604352549856353,0.0
stationary_noise_high_d20,20,5.0,stationary,0.005,0.0,0.0,0,frozen,Gaussian-m20,gaussian,1009,0.0002817376666334133,0.01478769515882469,0.0002702243105184382,450.0,0.5595724529452843,250.0,40.0,0.2,0.3,20.0,6.38244761222746,0.0
stationary_noise_high_d20,20,5.0,stationary,0.005,0.0,0.0,0,frozen,Gaussian-m20,gaussian,1010,0.00038186262381155895,0.009092706823210913,0.00028522553106515795,400.0,0.5772776860433032,250.0,40.0,0.2,0.3,20.0,4.119115575566158,0.0
stationary_noise_high_d20,20,5.0,stationary,0.005,0.0,0.0,0,frozen,Gaussian-m20,gaussian,1011,0.00019516889332838806,0.008973054684290627,0.000247640292521008,400.0,0.5495125927636384,250.0,40.0,0.2,0.3,20.0,3.9544114083310404,0.0
stationary_noise_high_d20,20,5.0,stationary,0.005,0.0,0.0,0,frozen,Gaussian-m20,gaussian,1012,0.00020180975492603356,0.00560720903137402,0.0002640999906790319,400.0,0.5661114792696251,250.0,40.0,0.2,0.3,20.0,4.9451687352922775,0.0
stationary_noise_high_d20,20,5.0,stationary,0.005,0.0,0.0,0,frozen,Gaussian-m20,gaussian,1013,0.00026208129324767175,0.006170910941868294,0.0003245252471863332,400.0,0.5751582070529089,250.0,40.0,0.2,0.3,20.0,4.347341868727416,0.0
stationary_noise_high_d20,20,5.0,stationary,0.005,0.0,0.0,0,frozen,Gaussian-m20,gaussian,1014,0.0002904918908416958,0.007147942081785763,0.00021901948411748426,400.0,0.5559126604904944,250.0,40.0,0.2,0.3,20.0,4.236997505606213,0.0
stationary_noise_high_d20,20,5.0,stationary,0.005,0.0,0.0,0,frozen,Gaussian-m20,gaussian,1015,0.00026246506768038986,0.009867845764771722,0.00024165044428269144,400.0,0.572603533412977,250.0,40.0,0.2,0.3,20.0,4.1644106431156,0.0
stationary_noise_high_d20,20,5.0,stationary,0.005,0.0,0.0,0,frozen,Gaussian-m20,gaussian,1016,0.0003289982240189131,0.011728890803351608,0.00028854692348967686,500.0,0.5652675634219274,250.0,40.0,0.2,0.3,20.0,3.3832951445319392,0.0
stationary_noise_high_d20,20,5.0,stationary,0.005,0.0,0.0,0,frozen,Gaussian-m20,gaussian,1017,0.00030752904535952046,0.005679225405276761,0.0002878385428862564,300.0,0.5656078100766456,250.0,40.0,0.2,0.3,20.0,4.487183750222789,0.0
stationary_noise_high_d20,20,5.0,stationary,0.005,0.0,0.0,0,frozen,Gaussian-m20,gaussian,1018,0.0003490055369322176,0.010241701084830364,0.00028299045462475803,450.0,0.5703647807885236,250.0,40.0,0.2,0.3,20.0,6.025697278324139,0.0
stationary_noise_high_d20,20,5.0,stationary,0.005,0.0,0.0,0,frozen,Gaussian-m20,gaussian,1019,0.00026328380396664706,0.011493153700134366,0.0003334870314397749,450.0,0.5577487400973323,250.0,40.0,0.2,0.3,20.0,3.798489703062624,0.0
stationary_noise_high_d20,20,5.0,stationary,0.005,0.0,0.0,0,frozen,Gaussian-m20,gaussian,1020,0.000308976831457881,0.008699459753703941,0.0002738011802171576,350.0,0.5756949347466696,250.0,40.0,0.2,0.3,20.0,6.28709656036256,0.0
stationary_noise_high_d20,20,5.0,stationary,0.005,0.0,0.0,0,frozen,Gaussian-m20,gaussian,1021,0.00022249949312730125,0.01225947033989379,0.000257441631759544,500.0,0.5675971866939666,250.0,40.0,0.2,0.3,20.0,3.862718602597552,0.0
stationary_noise_high_d20,20,5.0,stationary,0.005,0.0,0.0,0,frozen,Gaussian-m20,gaussian,1022,0.0007907314291236787,0.008768999728143895,0.0004226306851379573,350.0,0.5730807327644212,250.0,40.0,0.2,0.3,20.0,5.0498391386034935,0.0
stationary_noise_high_d20,20,5.0,stationary,0.005,0.0,0.0,0,frozen,Gaussian-m20,gaussian,1023,0.00045676576328091664,0.007325901907277054,0.00031996706819199566,250.0,0.5702230068592946,250.0,40.0,0.2,0.3,20.0,3.848041621142634,0.0
stationary_noise_high_d20,20,5.0,stationary,0.005,0.0,0.0,0,frozen,Gaussian-m20,gaussian,1024,0.0005755924251538878,0.007366137207231489,0.00026064439150161306,350.0,0.5579192087569322,250.0,40.0,0.2,0.3,20.0,4.683843073810933,0.0
stationary_noise_high_d20,20,5.0,stationary,0.005,0.0,0.0,0,frozen,Gaussian-m20,gaussian,1025,0.0003476475028655787,0.010462295142685148,0.00029290998504504813,400.0,0.5800115987570361,250.0,40.0,0.2,0.3,20.0,4.475622318850204,0.0
stationary_noise_high_d20,20,5.0,stationary,0.005,0.0,0.0,0,frozen,Gaussian-m20,gaussian,1026,0.00027399679383403517,0.008099100300960513,0.00025480959235138197,400.0,0.559977039584113,250.0,40.0,0.2,0.3,20.0,3.850060612927215,0.0
stationary_noise_high_d20,20,5.0,stationary,0.005,0.0,0.0,0,frozen,Gaussian-m20,gaussian,1027,0.00016733724495324658,0.008633964414780964,0.0002996560216355376,400.0,0.5696789943815334,250.0,40.0,0.2,0.3,20.0,4.01170725143671,0.0
stationary_noise_high_d20,20,5.0,stationary,0.005,0.0,0.0,0,frozen,Gaussian-m20,gaussian,1028,0.00025328725767155265,0.009944658095583042,0.0002679297775191064,400.0,0.5677575417860317,250.0,40.0,0.2,0.3,20.0,3.0406126183534274,0.0
stationary_noise_high_d20,20,5.0,stationary,0.005,0.0,0.0,0,frozen,Gaussian-m20,gaussian,1029,0.0003985798691794033,0.011692509196271692,0.00032061556897632396,450.0,0.565473702563803,250.0,40.0,0.2,0.3,20.0,4.140088780164581,0.0
stationary_noise_high_d20,20,5.0,stationary,0.005,0.0,0.0,0,frozen,Gaussian-m20,gaussian,1030,0.00011089524674035809,0.011783888651012342,0.0002798931154609449,450.0,0.5657971737868156,250.0,40.0,0.2,0.3,20.0,5.044283518290642,0.0
stationary_noise_high_d20,20,5.0,stationary,0.005,0.0,0.0,0,frozen,CoordinateCentral,coordinate,1001,0.00036190331563599527,0.021673542517993256,0.0002121767393312901,1300.0,0.3542430588815661,250.0,40.0,0.04,0.1,1.0,3.0670366066989456,0.0
stationary_noise_high_d20,20,5.0,stationary,0.005,0.0,0.0,0,frozen,CoordinateCentral,coordinate,1002,0.00024315364965596528,0.02175102593853398,0.0001886808413264234,1250.0,0.3431231425026129,250.0,40.0,0.04,0.1,1.0,3.05437323721157,0.0
stationary_noise_high_d20,20,5.0,stationary,0.005,0.0,0.0,0,frozen,CoordinateCentral,coordinate,1003,0.0001703359719086244,0.021857758733593885,0.00027685512417734295,1400.0,0.33943574993276227,250.0,40.0,0.04,0.1,1.0,2.9775558098472166,0.0
stationary_noise_high_d20,20,5.0,stationary,0.005,0.0,0.0,0,frozen,CoordinateCentral,coordinate,1004,0.00022712261825724419,0.021781743409194858,0.00021177410656904498,1400.0,0.3367413020410212,250.0,40.0,0.04,0.1,1.0,3.0614000898638882,0.0
stationary_noise_high_d20,20,5.0,stationary,0.005,0.0,0.0,0,frozen,CoordinateCentral,coordinate,1005,0.00022294092725162485,0.02178818665397829,0.00023435439060261518,1300.0,0.3402377218581469,250.0,40.0,0.04,0.1,1.0,2.9953166464762413,0.0
stationary_noise_high_d20,20,5.0,stationary,0.005,0.0,0.0,0,frozen,CoordinateCentral,coordinate,1006,0.0001435513354597737,0.0218444332857272,0.00019447969186736177,1350.0,0.34618878954602483,250.0,40.0,0.04,0.1,1.0,3.0129196599748345,0.0
stationary_noise_high_d20,20,5.0,stationary,0.005,0.0,0.0,0,frozen,CoordinateCentral,coordinate,1007,0.0002110339010607,0.021538374804254856,0.00020016868740675597,1250.0,0.3541404729009279,250.0,40.0,0.04,0.1,1.0,3.0254838434396776,0.0
stationary_noise_high_d20,20,5.0,stationary,0.005,0.0,0.0,0,frozen,CoordinateCentral,coordinate,1008,0.000172455217947218,0.02172828491388386,0.00018286571178867202,1250.0,0.34365859350257416,250.0,40.0,0.04,0.1,1.0,3.0089725669072944,0.0
stationary_noise_high_d20,20,5.0,stationary,0.005,0.0,0.0,0,frozen,CoordinateCentral,coordinate,1009,0.00019662658237378292,0.021509287047086822,0.00020691910447902977,1250.0,0.3469462914167211,250.0,40.0,0.04,0.1,1.0,3.019442662256187,0.0
stationary_noise_high_d20,20,5.0,stationary,0.005,0.0,0.0,0,frozen,CoordinateCentral,coordinate,1010,0.0002740905310521305,0.02166775250778952,0.00024019820318098997,1400.0,0.34791220965193,250.0,40.0,0.04,0.1,1.0,3.016204122419314,0.0
stationary_noise_high_d20,20,5.0,stationary,0.005,0.0,0.0,0,frozen,CoordinateCentral,coordinate,1011,0.00015591023680003508,0.022119283666393333,0.00020762249986184132,1400.0,0.34660934492339435,250.0,40.0,0.04,0.1,1.0,3.038616266710351,0.0
stationary_noise_high_d20,20,5.0,stationary,0.005,0.0,0.0,0,frozen,CoordinateCentral,coordinate,1012,0.0002086553554923965,0.021872035447791115,0.00022964191587236484,1350.0,0.32989255340314505,250.0,40.0,0.04,0.1,1.0,3.0170772595209066,0.0
stationary_noise_high_d20,20,5.0,stationary,0.005,0.0,0.0,0,frozen,CoordinateCentral,coordinate,1013,0.0001447188433800051,0.02168431142440005,0.00022315379443824262,1350.0,0.3490210622365845,250.0,40.0,0.04,0.1,1.0,3.053976694798949,0.0
stationary_noise_high_d20,20,5.0,stationary,0.005,0.0,0.0,0,frozen,CoordinateCentral,coordinate,1014,5.785235019653855e-05,0.021899270205173765,0.00020111774767200266,1400.0,0.3614683405928379,250.0,40.0,0.04,0.1,1.0,3.002534550728448,0.0
stationary_noise_high_d20,20,5.0,stationary,0.005,0.0,0.0,0,frozen,CoordinateCentral,coordinate,1015,0.0001601423210329091,0.02181453129606002,0.0002343972371123352,1350.0,0.34530669096206185,250.0,40.0,0.04,0.1,1.0,3.0601750376812875,0.0
stationary_noise_high_d20,20,5.0,stationary,0.005,0.0,0.0,0,frozen,CoordinateCentral,coordinate,1016,0.0002501739811172824,0.021836418537037935,0.00019359623728572984,1350.0,0.34845132753644115,250.0,40.0,0.04,0.1,1.0,3.0226901187937942,0.0
stationary_noise_high_d20,20,5.0,stationary,0.005,0.0,0.0,0,frozen,CoordinateCentral,coordinate,1017,0.00020131164341836478,0.02176939602356975,0.0002014202876715384,1250.0,0.33830074145322514,250.0,40.0,0.04,0.1,1.0,3.011324592366364,0.0
stationary_noise_high_d20,20,5.0,stationary,0.005,0.0,0.0,0,frozen,CoordinateCentral,coordinate,1018,0.0001665073542137786,0.02154178868735484,0.00022441488078800488,1350.0,0.3532401593554005,250.0,40.0,0.04,0.1,1.0,3.011975478643605,0.0
stationary_noise_high_d20,20,5.0,stationary,0.005,0.0,0.0,0,frozen,CoordinateCentral,coordinate,1019,0.00018423374608558712,0.021402554623946937,0.00021053904077737294,1300.0,0.3424006999917522,250.0,40.0,0.04,0.1,1.0,3.0144967256613526,0.0
stationary_noise_high_d20,20,5.0,stationary,0.005,0.0,0.0,0,frozen,CoordinateCentral,coordinate,1020,0.00012764111811332718,0.022307174547499017,0.00029586825653460846,1400.0,0.34205142485930584,250.0,40.0,0.04,0.1,1.0,2.992700179126664,0.0
stationary_noise_high_d20,20,5.0,stationary,0.005,0.0,0.0,0,frozen,CoordinateCentral,coordinate,1021,0.00011992047222659194,0.021791287707438146,0.0002948223946613345,1300.0,0.34494921145948604,250.0,40.0,0.04,0.1,1.0,3.035070029783842,0.0
stationary_noise_high_d20,20,5.0,stationary,0.005,0.0,0.0,0,frozen,CoordinateCentral,coordinate,1022,0.00025552837475858407,0.02151039664424637,0.00023394448977481048,1350.0,0.3463367195078249,250.0,40.0,0.04,0.1,1.0,3.0806664671558086,0.0
stationary_noise_high_d20,20,5.0,stationary,0.005,0.0,0.0,0,frozen,CoordinateCentral,coordinate,1023,0.0001850915968606093,0.021675513567283606,0.00017019782355468741,1300.0,0.35039800433422125,250.0,40.0,0.04,0.1,1.0,3.0318073533018137,0.0
stationary_noise_high_d20,20,5.0,stationary,0.005,0.0,0.0,0,frozen,CoordinateCentral,coordinate,1024,0.00012582261142870445,0.02166102115819504,0.00015525637748111282,1300.0,0.35467324061163524,250.0,40.0,0.04,0.1,1.0,3.0541566219344096,0.0
stationary_noise_high_d20,20,5.0,stationary,0.005,0.0,0.0,0,frozen,CoordinateCentral,coordinate,1025,0.0001655471841603295,0.021932314197599174,0.00021626996488863684,1350.0,0.355086249935547,250.0,40.0,0.04,0.1,1.0,3.0301795554396853,0.0
stationary_noise_high_d20,20,5.0,stationary,0.005,0.0,0.0,0,frozen,CoordinateCentral,coordinate,1026,0.0002556530572328642,0.021922853674601936,0.00020517925633490778,1350.0,0.3527809538135,250.0,40.0,0.04,0.1,1.0,3.0153466947011034,0.0
stationary_noise_high_d20,20,5.0,stationary,0.005,0.0,0.0,0,frozen,CoordinateCentral,coordinate,1027,0.00021981341906467304,0.02179757716315428,0.00019779263740944965,1300.0,0.33996125704998154,250.0,40.0,0.04,0.1,1.0,3.0000416765215046,0.0
stationary_noise_high_d20,20,5.0,stationary,0.005,0.0,0.0,0,frozen,CoordinateCentral,coordinate,1028,0.00015969448469481566,0.021763971874133214,0.00018375488929234688,1350.0,0.3506836809742906,250.0,40.0,0.04,0.1,1.0,3.1216677596784894,0.0
stationary_noise_high_d20,20,5.0,stationary,0.005,0.0,0.0,0,frozen,CoordinateCentral,coordinate,1029,0.00015689491877758383,0.02239580969014332,0.00023549431307850314,1400.0,0.3445706482852154,250.0,40.0,0.04,0.1,1.0,3.0049374021809023,0.0
stationary_noise_high_d20,20,5.0,stationary,0.005,0.0,0.0,0,frozen,CoordinateCentral,coordinate,1030,0.00011397693892965798,0.021755635962432164,0.00019961279575915014,1300.0,0.3449117769018812,250.0,40.0,0.04,0.1,1.0,2.988811084659886,0.0
linear_slow_d20,20,5.0,linear,0.001,5e-05,0.0,0,frozen,FirstOrderReference,first_order,1001,5.460976627306694e-07,0.0025109722926573977,5.460976627306597e-07,50.0,0.9988416761972086,10000.0,1.0,0.04,0.0,1.0,3.0139374681374402,0.0
linear_slow_d20,20,5.0,linear,0.001,5e-05,0.0,0,frozen,FirstOrderReference,first_order,1002,5.460976627306694e-07,0.0025109722926573977,5.460976627306597e-07,50.0,0.9988416761972086,10000.0,1.0,0.04,0.0,1.0,3.0139374681374402,0.0
linear_slow_d20,20,5.0,linear,0.001,5e-05,0.0,0,frozen,FirstOrderReference,first_order,1003,5.460976627306694e-07,0.0025109722926573977,5.460976627306597e-07,50.0,0.9988416761972086,10000.0,1.0,0.04,0.0,1.0,3.0139374681374402,0.0
linear_slow_d20,20,5.0,linear,0.001,5e-05,0.0,0,frozen,FirstOrderReference,first_order,1004,5.460976627306694e-07,0.0025109722926573977,5.460976627306597e-07,50.0,0.9988416761972086,10000.0,1.0,0.04,0.0,1.0,3.0139374681374402,0.0
linear_slow_d20,20,5.0,linear,0.001,5e-05,0.0,0,frozen,FirstOrderReference,first_order,1005,5.460976627306694e-07,0.0025109722926573977,5.460976627306597e-07,50.0,0.9988416761972086,10000.0,1.0,0.04,0.0,1.0,3.0139374681374402,0.0
linear_slow_d20,20,5.0,linear,0.001,5e-05,0.0,0,frozen,FirstOrderReference,first_order,1006,5.460976627306694e-07,0.0025109722926573977,5.460976627306597e-07,50.0,0.9988416761972086,10000.0,1.0,0.04,0.0,1.0,3.0139374681374402,0.0
linear_slow_d20,20,5.0,linear,0.001,5e-05,0.0,0,frozen,FirstOrderReference,first_order,1007,5.460976627306694e-07,0.0025109722926573977,5.460976627306597e-07,50.0,0.9988416761972086,10000.0,1.0,0.04,0.0,1.0,3.0139374681374402,0.0
linear_slow_d20,20,5.0,linear,0.001,5e-05,0.0,0,frozen,FirstOrderReference,first_order,1008,5.460976627306694e-07,0.0025109722926573977,5.460976627306597e-07,50.0,0.9988416761972086,10000.0,1.0,0.04,0.0,1.0,3.0139374681374402,0.0
linear_slow_d20,20,5.0,linear,0.001,5e-05,0.0,0,frozen,FirstOrderReference,first_order,1009,5.460976627306694e-07,0.0025109722926573977,5.460976627306597e-07,50.0,0.9988416761972086,10000.0,1.0,0.04,0.0,1.0,3.0139374681374402,0.0
linear_slow_d20,20,5.0,linear,0.001,5e-05,0.0,0,frozen,FirstOrderReference,first_order,1010,5.460976627306694e-07,0.0025109722926573977,5.460976627306597e-07,50.0,0.9988416761972086,10000.0,1.0,0.04,0.0,1.0,3.0139374681374402,0.0
linear_slow_d20,20,5.0,linear,0.001,5e-05,0.0,0,frozen,FirstOrderReference,first_order,1011,5.460976627306694e-07,0.0025109722926573977,5.460976627306597e-07,50.0,0.9988416761972086,10000.0,1.0,0.04,0.0,1.0,3.0139374681374402,0.0
linear_slow_d20,20,5.0,linear,0.001,5e-05,0.0,0,frozen,FirstOrderReference,first_order,1012,5.460976627306694e-07,0.0025109722926573977,5.460976627306597e-07,50.0,0.9988416761972086,10000.0,1.0,0.04,0.0,1.0,3.0139374681374402,0.0
linear_slow_d20,20,5.0,linear,0.001,5e-05,0.0,0,frozen,FirstOrderReference,first_order,1013,5.460976627306694e-07,0.0025109722926573977,5.460976627306597e-07,50.0,0.9988416761972086,10000.0,1.0,0.04,0.0,1.0,3.0139374681374402,0.0
linear_slow_d20,20,5.0,linear,0.001,5e-05,0.0,0,frozen,FirstOrderReference,first_order,1014,5.460976627306694e-07,0.0025109722926573977,5.460976627306597e-07,50.0,0.9988416761972086,10000.0,1.0,0.04,0.0,1.0,3.0139374681374402,0.0
linear_slow_d20,20,5.0,linear,0.001,5e-05,0.0,0,frozen,FirstOrderReference,first_order,1015,5.460976627306694e-07,0.0025109722926573977,5.460976627306597e-07,50.0,0.9988416761972086,10000.0,1.0,0.04,0.0,1.0,3.0139374681374402,0.0
linear_slow_d20,20,5.0,linear,0.001,5e-05,0.0,0,frozen,FirstOrderReference,first_order,1016,5.460976627306694e-07,0.0025109722926573977,5.460976627306597e-07,50.0,0.9988416761972086,10000.0,1.0,0.04,0.0,1.0,3.0139374681374402,0.0
linear_slow_d20,20,5.0,linear,0.001,5e-05,0.0,0,frozen,FirstOrderReference,first_order,1017,5.460976627306694e-07,0.0025109722926573977,5.460976627306597e-07,50.0,0.9988416761972086,10000.0,1.0,0.04,0.0,1.0,3.0139374681374402,0.0
linear_slow_d20,20,5.0,linear,0.001,5e-05,0.0,0,frozen,FirstOrderReference,first_order,1018,5.460976627306694e-07,0.0025109722926573977,5.460976627306597e-07,50.0,0.9988416761972086,10000.0,1.0,0.04,0.0,1.0,3.0139374681374402,0.0
linear_slow_d20,20,5.0,linear,0.001,5e-05,0.0,0,frozen,FirstOrderReference,first_order,1019,5.460976627306694e-07,0.0025109722926573977,5.460976627306597e-07,50.0,0.9988416761972086,10000.0,1.0,0.04,0.0,1.0,3.0139374681374402,0.0
linear_slow_d20,20,5.0,linear,0.001,5e-05,0.0,0,frozen,FirstOrderReference,first_order,1020,5.460976627306694e-07,0.0025109722926573977,5.460976627306597e-07,50.0,0.9988416761972086,10000.0,1.0,0.04,0.0,1.0,3.0139374681374402,0.0
linear_slow_d20,20,5.0,linear,0.001,5e-05,0.0,0,frozen,FirstOrderReference,first_order,1021,5.460976627306694e-07,0.0025109722926573977,5.460976627306597e-07,50.0,0.9988416761972086,10000.0,1.0,0.04,0.0,1.0,3.0139374681374402,0.0
linear_slow_d20,20,5.0,linear,0.001,5e-05,0.0,0,frozen,FirstOrderReference,first_order,1022,5.460976627306694e-07,0.0025109722926573977,5.460976627306597e-07,50.0,0.9988416761972086,10000.0,1.0,0.04,0.0,1.0,3.0139374681374402,0.0
linear_slow_d20,20,5.0,linear,0.001,5e-05,0.0,0,frozen,FirstOrderReference,first_order,1023,5.460976627306694e-07,0.0025109722926573977,5.460976627306597e-07,50.0,0.9988416761972086,10000.0,1.0,0.04,0.0,1.0,3.0139374681374402,0.0
linear_slow_d20,20,5.0,linear,0.001,5e-05,0.0,0,frozen,FirstOrderReference,first_order,1024,5.460976627306694e-07,0.0025109722926573977,5.460976627306597e-07,50.0,0.9988416761972086,10000.0,1.0,0.04,0.0,1.0,3.0139374681374402,0.0
linear_slow_d20,20,5.0,linear,0.001,5e-05,0.0,0,frozen,FirstOrderReference,first_order,1025,5.460976627306694e-07,0.0025109722926573977,5.460976627306597e-07,50.0,0.9988416761972086,10000.0,1.0,0.04,0.0,1.0,3.0139374681374402,0.0
linear_slow_d20,20,5.0,linear,0.001,5e-05,0.0,0,frozen,FirstOrderReference,first_order,1026,5.460976627306694e-07,0.0025109722926573977,5.460976627306597e-07,50.0,0.9988416761972086,10000.0,1.0,0.04,0.0,1.0,3.0139374681374402,0.0
linear_slow_d20,20,5.0,linear,0.001,5e-05,0.0,0,frozen,FirstOrderReference,first_order,1027,5.460976627306694e-07,0.0025109722926573977,5.460976627306597e-07,50.0,0.9988416761972086,10000.0,1.0,0.04,0.0,1.0,3.0139374681374402,0.0
linear_slow_d20,20,5.0,linear,0.001,5e-05,0.0,0,frozen,FirstOrderReference,first_order,1028,5.460976627306694e-07,0.0025109722926573977,5.460976627306597e-07,50.0,0.9988416761972086,10000.0,1.0,0.04,0.0,1.0,3.0139374681374402,0.0
linear_slow_d20,20,5.0,linear,0.001,5e-05,0.0,0,frozen,FirstOrderReference,first_order,1029,5.460976627306694e-07,0.0025109722926573977,5.460976627306597e-07,50.0,0.9988416761972086,10000.0,1.0,0.04,0.0,1.0,3.0139374681374402,0.0
linear_slow_d20,20,5.0,linear,0.001,5e-05,0.0,0,frozen,FirstOrderReference,first_order,1030,5.460976627306694e-07,0.0025109722926573977,5.460976627306597e-07,50.0,0.9988416761972086,10000.0,1.0,0.04,0.0,1.0,3.0139374681374402,0.0
linear_slow_d20,20,5.0,linear,0.001,5e-05,0.0,0,frozen,SPSA-m1,spsa,1001,2.861738206390463e-05,0.0047360428669203725,2.4086048917448457e-05,200.0,0.1545814467074825,5000.0,2.0,0.020000000000000004,0.1,1.0,24.74644174396672,0.0
linear_slow_d20,20,5.0,linear,0.001,5e-05,0.0,0,frozen,SPSA-m1,spsa,1002,1.2919981974428005e-05,0.004144806709738572,2.187094231728745e-05,250.0,0.1545142315911988,5000.0,2.0,0.020000000000000004,0.1,1.0,27.95524420041211,0.0
linear_slow_d20,20,5.0,linear,0.001,5e-05,0.0,0,frozen,SPSA-m1,spsa,1003,3.168634556338055e-05,0.008232481159240405,2.5349613293066577e-05,300.0,0.1524149364304329,5000.0,2.0,0.020000000000000004,0.1,1.0,19.59241445854407,0.0
linear_slow_d20,20,5.0,linear,0.001,5e-05,0.0,0,frozen,SPSA-m1,spsa,1004,1.845664064759675e-05,0.00414876836872365,2.1930562453444095e-05,150.0,0.1558026660993302,5000.0,2.0,0.020000000000000004,0.1,1.0,22.12299828130494,0.0
linear_slow_d20,20,5.0,linear,0.001,5e-05,0.0,0,frozen,SPSA-m1,spsa,1005,2.0342329506221424e-05,0.005379003752773686,2.470791371108105e-05,300.0,0.15584185554031443,5000.0,2.0,0.020000000000000004,0.1,1.0,27.414453181067692,0.0
linear_slow_d20,20,5.0,linear,0.001,5e-05,0.0,0,frozen,SPSA-m1,spsa,1006,1.7632254764392874e-05,0.007950147511383353,2.076724902398097e-05,250.0,0.15439592493455676,5000.0,2.0,0.020000000000000004,0.1,1.0,21.807061666753597,0.0
linear_slow_d20,20,5.0,linear,0.001,5e-05,0.0,0,frozen,SPSA-m1,spsa,1007,1.8403462700907885e-05,0.006178590582935945,2.4738803404454654e-05,300.0,0.15526335446471698,5000.0,2.0,0.020000000000000004,0.1,1.0,20.749891473884617,0.0
linear_slow_d20,20,5.0,linear,0.001,5e-05,0.0,0,frozen,SPSA-m1,spsa,1008,1.3537958809090449e-05,0.005163650534388518,2.440556293728264e-05,250.0,0.14981232072200557,5000.0,2.0,0.020000000000000004,0.1,1.0,20.84822866470232,0.0
linear_slow_d20,20,5.0,linear,0.001,5e-05,0.0,0,frozen,SPSA-m1,spsa,1009,2.7798206186255844e-05,0.005279925999558222,2.5222335320466723e-05,200.0,0.1543447402041006,5000.0,2.0,0.020000000000000004,0.1,1.0,26.283039309188485,0.0
linear_slow_d20,20,5.0,linear,0.001,5e-05,0.0,0,frozen,SPSA-m1,spsa,1010,1.732294296508067e-05,0.0038494035597338994,2.180151360979993e-05,250.0,0.15683021655386328,5000.0,2.0,0.020000000000000004,0.1,1.0,26.88578025294908,0.0
linear_slow_d20,20,5.0,linear,0.001,5e-05,0.0,0,frozen,SPSA-m1,spsa,1011,1.9264929597857604e-05,0.0049257627942455055,2.193475399811235e-05,250.0,0.15496609475203213,5000.0,2.0,0.020000000000000004,0.1,1.0,22.910535384650583,0.0
linear_slow_d20,20,5.0,linear,0.001,5e-05,0.0,0,frozen,SPSA-m1,spsa,1012,1.5804200094099072e-05,0.0068546308352633945,2.513260368441332e-05,300.0,0.1556133285982853,5000.0,2.0,0.020000000000000004,0.1,1.0,23.113281775570293,0.0
linear_slow_d20,20,5.0,linear,0.001,5e-05,0.0,0,frozen,SPSA-m1,spsa,1013,2.0572573046992412e-05,0.004494912667292892,2.3831321363712723e-05,250.0,0.15254496793277253,5000.0,2.0,0.020000000000000004,0.1,1.0,23.549494269582453,0.0
linear_slow_d20,20,5.0,linear,0.001,5e-05,0.0,0,frozen,SPSA-m1,spsa,1014,2.3004809075885707e-05,0.005754422021074266,2.30495004124436e-05,250.0,0.15205649496499496,5000.0,2.0,0.020000000000000004,0.1,1.0,24.981481530248264,0.0
linear_slow_d20,20,5.0,linear,0.001,5e-05,0.0,0,frozen,SPSA-m1,spsa,1015,1.4312928950867904e-05,0.0037766770706966104,1.953367074355134e-05,200.0,0.15421909231032285,5000.0,2.0,0.020000000000000004,0.1,1.0,28.339990997874647,0.0
linear_slow_d20,20,5.0,linear,0.001,5e-05,0.0,0,frozen,SPSA-m1,spsa,1016,2.1807302216589888e-05,0.0052886927256021125,2.8181584885041553e-05,200.0,0.1553234178879515,5000.0,2.0,0.020000000000000004,0.1,1.0,17.64617620980039,0.0
linear_slow_d20,20,5.0,linear,0.001,5e-05,0.0,0,frozen,SPSA-m1,spsa,1017,2.5667334806849698e-05,0.0075056634583997835,2.2679319011919543e-05,250.0,0.15701387517460638,5000.0,2.0,0.020000000000000004,0.1,1.0,20.04220849103543,0.0
linear_slow_d20,20,5.0,linear,0.001,5e-05,0.0,0,frozen,SPSA-m1,spsa,1018,2.213312403608141e-05,0.00410229491033695,2.5415630161426943e-05,200.0,0.15490106787564287,5000.0,2.0,0.020000000000000004,0.1,1.0,37.65909010789225,0.0
linear_slow_d20,20,5.0,linear,0.001,5e-05,0.0,0,frozen,SPSA-m1,spsa,1019,2.9884918860597114e-05,0.00485555258087464,2.4091980819060617e-05,250.0,0.1535376514858151,5000.0,2.0,0.020000000000000004,0.1,1.0,22.274301896405206,0.0
linear_slow_d20,20,5.0,linear,0.001,5e-05,0.0,0,frozen,SPSA-m1,spsa,1020,2.660914126382106e-05,0.005979804826910905,2.558644146108e-05,300.0,0.1554412346617824,5000.0,2.0,0.020000000000000004,0.1,1.0,21.914563854138784,0.0
linear_slow_d20,20,5.0,linear,0.001,5e-05,0.0,0,frozen,SPSA-m1,spsa,1021,2.799400012002195e-05,0.005691831765949623,2.2249319495905033e-05,250.0,0.15554905961682902,5000.0,2.0,0.020000000000000004,0.1,1.0,27.48368603015322,0.0
linear_slow_d20,20,5.0,linear,0.001,5e-05,0.0,0,frozen,SPSA-m1,spsa,1022,3.1612416056131714e-05,0.003982837299473276,2.4974307992623194e-05,200.0,0.15415266770073022,5000.0,2.0,0.020000000000000004,0.1,1.0,29.809213702841,0.0
linear_slow_d20,20,5.0,linear,0.001,5e-05,0.0,0,frozen,SPSA-m1,spsa,1023,2.9235655042413286e-05,0.003622711971475249,2.2791935561897036e-05,150.0,0.15334192582192582,5000.0,2.0,0.020000000000000004,0.1,1.0,26.885127996742266,0.0
linear_slow_d20,20,5.0,linear,0.001,5e-05,0.0,0,frozen,SPSA-m1,spsa,1024,4.894935237299662e-05,0.00601365858986954,2.3185507743669733e-05,300.0,0.1535670730761927,5000.0,2.0,0.020000000000000004,0.1,1.0,31.873687788543105,0.0
linear_slow_d20,20,5.0,linear,0.001,5e-05,0.0,0,frozen,SPSA-m1,spsa,1025,2.6707605894169015e-05,0.006491161073084851,2.0818871923051687e-05,250.0,0.15379144873082368,5000.0,2.0,0.020000000000000004,0.1,1.0,17.373041135715845,0.0
linear_slow_d20,20,5.0,linear,0.001,5e-05,0.0,0,frozen,SPSA-m1,spsa,1026,1.7953387057547602e-05,0.004347917523697848,2.435423819877995e-05,200.0,0.15509680513755061,5000.0,2.0,0.020000000000000004,0.1,1.0,19.01627743668206,0.0
linear_slow_d20,20,5.0,linear,0.001,5e-05,0.0,0,frozen,SPSA-m1,spsa,1027,3.9874342162957396e-05,0.006164699611093123,2.3680784708281207e-05,300.0,0.15239566384524905,5000.0,2.0,0.020000000000000004,0.1,1.0,19.5456297724673,0.0
linear_slow_d20,20,5.0,linear,0.001,5e-05,0.0,0,frozen,SPSA-m1,spsa,1028,2.415477117348916e-05,0.006707842514851097,2.1636761843369177e-05,300.0,0.1551812492054745,5000.0,2.0,0.020000000000000004,0.1,1.0,21.834354900066504,0.0
linear_slow_d20,20,5.0,linear,0.001,5e-05,0.0,0,frozen,SPSA-m1,spsa,1029,3.052074887876793e-05,0.006248558291895532,2.4491641129489647e-05,300.0,0.15662280145397586,5000.0,2.0,0.020000000000000004,0.1,1.0,20.75987222275774,0.0
linear_slow_d20,20,5.0,linear,0.001,5e-05,0.0,0,frozen,SPSA-m1,spsa,1030,2.5426350013098078e-05,0.005405615209862938,2.626769433104162e-05,250.0,0.15505620193359443,5000.0,2.0,0.020000000000000004,0.1,1.0,24.602365470451357,0.0
linear_slow_d20,20,5.0,linear,0.001,5e-05,0.0,0,frozen,Gaussian-m1,gaussian,1001,2.516375447132725e-05,0.00453638414516215,4.281534437350685e-05,200.0,0.14919459223183554,5000.0,2.0,0.020000000000000004,0.3,1.0,29.644665217658005,0.0
linear_slow_d20,20,5.0,linear,0.001,5e-05,0.0,0,frozen,Gaussian-m1,gaussian,1002,4.848577297041234e-05,0.0054174163638025154,2.872215487066957e-05,250.0,0.1520452861865841,5000.0,2.0,0.020000000000000004,0.3,1.0,29.038907530268773,0.0
linear_slow_d20,20,5.0,linear,0.001,5e-05,0.0,0,frozen,Gaussian-m1,gaussian,1003,2.3635983921395656e-05,0.0043696432199461345,3.8952179004555735e-05,200.0,0.15173232445369517,5000.0,2.0,0.020000000000000004,0.3,1.0,21.89937400549904,0.0
linear_slow_d20,20,5.0,linear,0.001,5e-05,0.0,0,frozen,Gaussian-m1,gaussian,1004,2.0216706575808687e-05,0.004016408773445589,3.2125211771448916e-05,150.0,0.1531450160496746,5000.0,2.0,0.020000000000000004,0.3,1.0,22.013975113876924,0.0
linear_slow_d20,20,5.0,linear,0.001,5e-05,0.0,0,frozen,Gaussian-m1,gaussian,1005,2.370826459579687e-05,0.005678512133800881,3.73398025266274e-05,300.0,0.1485979532690058,5000.0,2.0,0.020000000000000004,0.3,1.0,20.689228464602046,0.0
linear_slow_d20,20,5.0,linear,0.001,5e-05,0.0,0,frozen,Gaussian-m1,gaussian,1006,4.601807042490126e-05,0.004585210669061865,3.899494298245147e-05,200.0,0.14956420803136847,5000.0,2.0,0.020000000000000004,0.3,1.0,34.22647500633042,0.0
linear_slow_d20,20,5.0,linear,0.001,5e-05,0.0,0,frozen,Gaussian-m1,gaussian,1007,3.328779543018409e-05,0.006307526012222957,4.262887185415491e-05,250.0,0.149187950227906,5000.0,2.0,0.020000000000000004,0.3,1.0,31.43238395367692,0.0
linear_slow_d20,20,5.0,linear,0.001,5e-05,0.0,0,frozen,Gaussian-m1,gaussian,1008,2.1601401607623614e-05,0.005504238769994581,3.314783473999575e-05,250.0,0.14701251920379063,5000.0,2.0,0.020000000000000004,0.3,1.0,24.184986867076912,0.0
linear_slow_d20,20,5.0,linear,0.001,5e-05,0.0,0,frozen,Gaussian-m1,gaussian,1009,4.604174783687758e-05,0.005535178984440342,3.3179315930127974e-05,250.0,0.1505465862301183,5000.0,2.0,0.020000000000000004,0.3,1.0,25.651309982901378,0.0
linear_slow_d20,20,5.0,linear,0.001,5e-05,0.0,0,frozen,Gaussian-m1,gaussian,1010,4.67508026171763e-05,0.0037467203187324808,3.95734077521912e-05,200.0,0.14781159940457164,5000.0,2.0,0.020000000000000004,0.3,1.0,20.313989750406844,0.0
linear_slow_d20,20,5.0,linear,0.001,5e-05,0.0,0,frozen,Gaussian-m1,gaussian,1011,3.168725158805317e-05,0.005043330023004499,3.883521756754293e-05,200.0,0.14693755264433123,5000.0,2.0,0.020000000000000004,0.3,1.0,30.521703369557038,0.0
linear_slow_d20,20,5.0,linear,0.001,5e-05,0.0,0,frozen,Gaussian-m1,gaussian,1012,2.703788598801124e-05,0.004803705671307427,4.2861123561532786e-05,200.0,0.14729330603260146,5000.0,2.0,0.020000000000000004,0.3,1.0,25.88713324303936,0.0
linear_slow_d20,20,5.0,linear,0.001,5e-05,0.0,0,frozen,Gaussian-m1,gaussian,1013,2.5700538587669453e-05,0.003873782783725278,3.8146231285018884e-05,200.0,0.14874801366682255,5000.0,2.0,0.020000000000000004,0.3,1.0,21.823619290502542,0.0
linear_slow_d20,20,5.0,linear,0.001,5e-05,0.0,0,frozen,Gaussian-m1,gaussian,1014,4.462977808013674e-05,0.007330225390287727,3.364738627168106e-05,350.0,0.15247602820032552,5000.0,2.0,0.020000000000000004,0.3,1.0,18.272671738902094,0.0
linear_slow_d20,20,5.0,linear,0.001,5e-05,0.0,0,frozen,Gaussian-m1,gaussian,1015,2.222482684389559e-05,0.007986293908330144,3.568645676667041e-05,300.0,0.1478921312831592,5000.0,2.0,0.020000000000000004,0.3,1.0,18.642433835839345,0.0
linear_slow_d20,20,5.0,linear,0.001,5e-05,0.0,0,frozen,Gaussian-m1,gaussian,1016,4.48974157363703e-05,0.008193165557681641,5.046247862759578e-05,350.0,0.14812918885108692,5000.0,2.0,0.020000000000000004,0.3,1.0,19.826621082743518,0.0
linear_slow_d20,20,5.0,linear,0.001,5e-05,0.0,0,frozen,Gaussian-m1,gaussian,1017,3.490998647415217e-05,0.006933121455584097,3.354169303732505e-05,300.0,0.14461874327687727,5000.0,2.0,0.020000000000000004,0.3,1.0,22.67542831513968,0.0
linear_slow_d20,20,5.0,linear,0.001,5e-05,0.0,0,frozen,Gaussian-m1,gaussian,1018,3.801632168615764e-05,0.005944384964071818,4.4257501873223616e-05,300.0,0.1493407888972589,5000.0,2.0,0.020000000000000004,0.3,1.0,19.472596567738588,0.0
linear_slow_d20,20,5.0,linear,0.001,5e-05,0.0,0,frozen,Gaussian-m1,gaussian,1019,5.1453017709537006e-05,0.005363837199133166,3.6741398879246255e-05,200.0,0.14859723575197575,5000.0,2.0,0.020000000000000004,0.3,1.0,22.879875504808922,0.0
linear_slow_d20,20,5.0,linear,0.001,5e-05,0.0,0,frozen,Gaussian-m1,gaussian,1020,1.5060517410451462e-05,0.0049438397789346505,4.0402481591920765e-05,200.0,0.14839148200264637,5000.0,2.0,0.020000000000000004,0.3,1.0,21.34903661748145,0.0
linear_slow_d20,20,5.0,linear,0.001,5e-05,0.0,0,frozen,Gaussian-m1,gaussian,1021,3.1624121112042827e-05,0.005213076870947366,3.499393666609851e-05,250.0,0.14802811298285223,5000.0,2.0,0.020000000000000004,0.3,1.0,19.466864623845133,0.0
linear_slow_d20,20,5.0,linear,0.001,5e-05,0.0,0,frozen,Gaussian-m1,gaussian,1022,3.187560461708291e-05,0.005715148469365546,3.272493585289795e-05,300.0,0.14813213072635567,5000.0,2.0,0.020000000000000004,0.3,1.0,25.41778729307174,0.0
linear_slow_d20,20,5.0,linear,0.001,5e-05,0.0,0,frozen,Gaussian-m1,gaussian,1023,3.461969593008501e-05,0.003793967130965892,3.406559764377635e-05,200.0,0.1463743516144353,5000.0,2.0,0.020000000000000004,0.3,1.0,35.89840334411261,0.0
linear_slow_d20,20,5.0,linear,0.001,5e-05,0.0,0,frozen,Gaussian-m1,gaussian,1024,4.309385247473926e-05,0.005425497280510462,3.205928768447539e-05,200.0,0.14897243466822865,5000.0,2.0,0.020000000000000004,0.3,1.0,23.610067169375935,0.0
linear_slow_d20,20,5.0,linear,0.001,5e-05,0.0,0,frozen,Gaussian-m1,gaussian,1025,2.3294450145732735e-05,0.006161832376027141,3.940386513496206e-05,300.0,0.1488838180875322,5000.0,2.0,0.020000000000000004,0.3,1.0,23.67831550151181,0.0
linear_slow_d20,20,5.0,linear,0.001,5e-05,0.0,0,frozen,Gaussian-m1,gaussian,1026,1.863326924904499e-05,0.004713622359822021,3.247238281701839e-05,250.0,0.149158692811338,5000.0,2.0,0.020000000000000004,0.3,1.0,28.415212575121895,0.0
linear_slow_d20,20,5.0,linear,0.001,5e-05,0.0,0,frozen,Gaussian-m1,gaussian,1027,2.546167363406141e-05,0.005686881429299872,3.1941490022408634e-05,250.0,0.15042169916953285,5000.0,2.0,0.020000000000000004,0.3,1.0,22.386141721584146,0.0
linear_slow_d20,20,5.0,linear,0.001,5e-05,0.0,0,frozen,Gaussian-m1,gaussian,1028,3.289532025356385e-05,0.0055608317357933035,3.4596334586118006e-05,250.0,0.1474849034210129,5000.0,2.0,0.020000000000000004,0.3,1.0,25.34531642195398,0.0
linear_slow_d20,20,5.0,linear,0.001,5e-05,0.0,0,frozen,Gaussian-m1,gaussian,1029,4.622159769863395e-05,0.004836307894636589,3.381555064886007e-05,250.0,0.15014905247064572,5000.0,2.0,0.020000000000000004,0.3,1.0,23.542477524721367,0.0
linear_slow_d20,20,5.0,linear,0.001,5e-05,0.0,0,frozen,Gaussian-m1,gaussian,1030,2.7631382658089125e-05,0.004983456588898121,3.979545294592761e-05,250.0,0.14470344097874058,5000.0,2.0,0.020000000000000004,0.3,1.0,21.213379917094024,0.0
linear_slow_d20,20,5.0,linear,0.001,5e-05,0.0,0,frozen,Gaussian-m5,gaussian,1001,7.438551409462398e-05,0.00709777258648016,4.9642352909172836e-05,300.0,0.3948753416677637,1000.0,10.0,0.1,0.3,5.0,6.285389511258395,0.0
linear_slow_d20,20,5.0,linear,0.001,5e-05,0.0,0,frozen,Gaussian-m5,gaussian,1002,3.845998024358057e-05,0.0062517522393722965,5.358362651676349e-05,300.0,0.39366983001138683,1000.0,10.0,0.1,0.3,5.0,10.597764303426661,0.0
linear_slow_d20,20,5.0,linear,0.001,5e-05,0.0,0,frozen,Gaussian-m5,gaussian,1003,6.25139545869962e-05,0.005591404176587192,4.2103569400117036e-05,400.0,0.39080541001262664,1000.0,10.0,0.1,0.3,5.0,8.329940613274847,0.0
linear_slow_d20,20,5.0,linear,0.001,5e-05,0.0,0,frozen,Gaussian-m5,gaussian,1004,6.339061252369623e-05,0.01370051634741663,5.664457116620591e-05,350.0,0.38717951333599704,1000.0,10.0,0.1,0.3,5.0,8.135033838085599,0.0
linear_slow_d20,20,5.0,linear,0.001,5e-05,0.0,0,frozen,Gaussian-m5,gaussian,1005,5.555326628957566e-05,0.007115414380473178,5.606090892100993e-05,300.0,0.39242697640381735,1000.0,10.0,0.1,0.3,5.0,7.902092768513268,0.0
linear_slow_d20,20,5.0,linear,0.001,5e-05,0.0,0,frozen,Gaussian-m5,gaussian,1006,6.148107285437778e-05,0.007432913498638828,5.0141455628056626e-05,300.0,0.3942019669723362,1000.0,10.0,0.1,0.3,5.0,7.856162092144779,0.0
linear_slow_d20,20,5.0,linear,0.001,5e-05,0.0,0,frozen,Gaussian-m5,gaussian,1007,3.5286165695901594e-05,0.0092096747933468,5.7799047732947274e-05,400.0,0.3802727638311059,1000.0,10.0,0.1,0.3,5.0,9.506913810224683,0.0
linear_slow_d20,20,5.0,linear,0.001,5e-05,0.0,0,frozen,Gaussian-m5,gaussian,1008,2.712915819043615e-05,0.005484154365937612,4.901046075089517e-05,300.0,0.38840277010482965,1000.0,10.0,0.1,0.3,5.0,6.550413164752818,0.0
linear_slow_d20,20,5.0,linear,0.001,5e-05,0.0,0,frozen,Gaussian-m5,gaussian,1009,5.496508565562734e-05,0.00862167323918716,4.3450820649833013e-05,350.0,0.3927421492794883,1000.0,10.0,0.1,0.3,5.0,4.577235114850439,0.0
linear_slow_d20,20,5.0,linear,0.001,5e-05,0.0,0,frozen,Gaussian-m5,gaussian,1010,2.2424171103935305e-05,0.005325728640578614,4.4046436308058725e-05,250.0,0.3999861592447904,1000.0,10.0,0.1,0.3,5.0,4.457677271998117,0.0
linear_slow_d20,20,5.0,linear,0.001,5e-05,0.0,0,frozen,Gaussian-m5,gaussian,1011,4.2963050109362354e-05,0.00456487531543943,5.162576429858676e-05,250.0,0.3937171010027176,1000.0,10.0,0.1,0.3,5.0,5.438047059182793,0.0
linear_slow_d20,20,5.0,linear,0.001,5e-05,0.0,0,frozen,Gaussian-m5,gaussian,1012,4.5602398736095406e-05,0.0074415816007796795,4.604807466252291e-05,300.0,0.39136128203608633,1000.0,10.0,0.1,0.3,5.0,8.685634201802797,0.0
linear_slow_d20,20,5.0,linear,0.001,5e-05,0.0,0,frozen,Gaussian-m5,gaussian,1013,4.5095007190185656e-05,0.00618994115706685,5.4733996856615625e-05,300.0,0.39067956930881764,1000.0,10.0,0.1,0.3,5.0,5.448646306454305,0.0
linear_slow_d20,20,5.0,linear,0.001,5e-05,0.0,0,frozen,Gaussian-m5,gaussian,1014,3.60266471831374e-05,0.007745231883902502,5.676616156489229e-05,300.0,0.3994237599390258,1000.0,10.0,0.1,0.3,5.0,7.165056921833372,0.0
linear_slow_d20,20,5.0,linear,0.001,5e-05,0.0,0,frozen,Gaussian-m5,gaussian,1015,3.343129617309199e-05,0.007766168303789021,5.078282858014241e-05,400.0,0.39408046811169617,1000.0,10.0,0.1,0.3,5.0,6.780066035874368,0.0
linear_slow_d20,20,5.0,linear,0.001,5e-05,0.0,0,frozen,Gaussian-m5,gaussian,1016,7.970071939235723e-05,0.006403252649287696,5.803598231084254e-05,300.0,0.39985603129781694,1000.0,10.0,0.1,0.3,5.0,6.84696956320175,0.0
linear_slow_d20,20,5.0,linear,0.001,5e-05,0.0,0,frozen,Gaussian-m5,gaussian,1017,3.212444484243827e-05,0.007482610977019425,6.142923708505661e-05,350.0,0.3956406660381995,1000.0,10.0,0.1,0.3,5.0,8.892886799755756,0.0
linear_slow_d20,20,5.0,linear,0.001,5e-05,0.0,0,frozen,Gaussian-m5,gaussian,1018,3.347155746531693e-05,0.0053686028350453125,5.356833161075054e-05,300.0,0.3985262410547239,1000.0,10.0,0.1,0.3,5.0,8.97350966960668,0.0
linear_slow_d20,20,5.0,linear,0.001,5e-05,0.0,0,frozen,Gaussian-m5,gaussian,1019,5.2221977097680096e-05,0.006925530532617026,6.030066462910636e-05,400.0,0.39611326528752905,1000.0,10.0,0.1,0.3,5.0,8.698508401011125,0.0
linear_slow_d20,20,5.0,linear,0.001,5e-05,0.0,0,frozen,Gaussian-m5,gaussian,1020,2.8405073907461182e-05,0.00884751112068175,5.6937189807956625e-05,300.0,0.3946413872601134,1000.0,10.0,0.1,0.3,5.0,9.690979188663656,0.0
linear_slow_d20,20,5.0,linear,0.001,5e-05,0.0,0,frozen,Gaussian-m5,gaussian,1021,8.625745891404592e-05,0.008661256704455127,6.136168804078099e-05,300.0,0.40255527623562515,1000.0,10.0,0.1,0.3,5.0,13.703005136851221,0.0
linear_slow_d20,20,5.0,linear,0.001,5e-05,0.0,0,frozen,Gaussian-m5,gaussian,1022,4.915457814488944e-05,0.010207080514880718,4.218956294141969e-05,300.0,0.3946130395127117,1000.0,10.0,0.1,0.3,5.0,8.713902102886525,0.0
linear_slow_d20,20,5.0,linear,0.001,5e-05,0.0,0,frozen,Gaussian-m5,gaussian,1023,5.4498587815003885e-05,0.004438438471682571,4.470079040010157e-05,300.0,0.3915093001511775,1000.0,10.0,0.1,0.3,5.0,8.53703787685063,0.0
linear_slow_d20,20,5.0,linear,0.001,5e-05,0.0,0,frozen,Gaussian-m5,gaussian,1024,4.558636292949265e-05,0.010612734466779766,5.921795229525786e-05,450.0,0.38580253503356005,1000.0,10.0,0.1,0.3,5.0,8.17072004763296,0.0
linear_slow_d20,20,5.0,linear,0.001,5e-05,0.0,0,frozen,Gaussian-m5,gaussian,1025,5.005718862722945e-05,0.005458659482399294,6.660292179628073e-05,300.0,0.39130739460021374,1000.0,10.0,0.1,0.3,5.0,6.5939899115747656,0.0
linear_slow_d20,20,5.0,linear,0.001,5e-05,0.0,0,frozen,Gaussian-m5,gaussian,1026,4.946898950513096e-05,0.005340429096838229,4.684461039984011e-05,250.0,0.396833968057961,1000.0,10.0,0.1,0.3,5.0,8.744115094966126,0.0
linear_slow_d20,20,5.0,linear,0.001,5e-05,0.0,0,frozen,Gaussian-m5,gaussian,1027,2.2413747520706068e-05,0.008333975662658725,4.4722994410988066e-05,300.0,0.39654221308095405,1000.0,10.0,0.1,0.3,5.0,11.50850806894079,0.0
linear_slow_d20,20,5.0,linear,0.001,5e-05,0.0,0,frozen,Gaussian-m5,gaussian,1028,4.083831451364296e-05,0.008650162740398962,4.151536489059834e-05,350.0,0.39739036758661883,1000.0,10.0,0.1,0.3,5.0,8.725382050511584,0.0
linear_slow_d20,20,5.0,linear,0.001,5e-05,0.0,0,frozen,Gaussian-m5,gaussian,1029,3.576584013568258e-05,0.007678882205117971,4.9092663220792965e-05,300.0,0.3895862541861629,1000.0,10.0,0.1,0.3,5.0,8.308401636219413,0.0
linear_slow_d20,20,5.0,linear,0.001,5e-05,0.0,0,frozen,Gaussian-m5,gaussian,1030,2.3455816555410756e-05,0.008635739196801787,5.0078502303965326e-05,350.0,0.3923896443679582,1000.0,10.0,0.1,0.3,5.0,6.928671936334645,0.0
linear_slow_d20,20,5.0,linear,0.001,5e-05,0.0,0,frozen,Gaussian-m20,gaussian,1001,6.849318644696161e-05,0.01452358036630965,7.316686042925874e-05,400.0,0.6387368862937579,250.0,40.0,0.2,0.3,20.0,4.8324001908145515,0.0
linear_slow_d20,20,5.0,linear,0.001,5e-05,0.0,0,frozen,Gaussian-m20,gaussian,1002,4.6758407761840686e-05,0.006291359048321971,6.281838234527104e-05,300.0,0.6395753338571555,250.0,40.0,0.2,0.3,20.0,3.989494085814327,0.0
linear_slow_d20,20,5.0,linear,0.001,5e-05,0.0,0,frozen,Gaussian-m20,gaussian,1003,5.088055888724746e-05,0.006940821905527874,5.86780014729115e-05,250.0,0.6382582451483109,250.0,40.0,0.2,0.3,20.0,2.6517518197746455,0.0
linear_slow_d20,20,5.0,linear,0.001,5e-05,0.0,0,frozen,Gaussian-m20,gaussian,1004,4.0618658474898464e-05,0.0090081502423143,6.0610762424317443e-05,400.0,0.6340909207871055,250.0,40.0,0.2,0.3,20.0,5.0610533427178215,0.0
linear_slow_d20,20,5.0,linear,0.001,5e-05,0.0,0,frozen,Gaussian-m20,gaussian,1005,2.9582706925320388e-05,0.010614094228171849,6.185761238411488e-05,400.0,0.6374981890347164,250.0,40.0,0.2,0.3,20.0,4.715782658088906,0.0
linear_slow_d20,20,5.0,linear,0.001,5e-05,0.0,0,frozen,Gaussian-m20,gaussian,1006,4.2584175126735736e-05,0.010278438363992351,5.636729049333369e-05,400.0,0.6416331047333981,250.0,40.0,0.2,0.3,20.0,3.6364713700863605,0.0
linear_slow_d20,20,5.0,linear,0.001,5e-05,0.0,0,frozen,Gaussian-m20,gaussian,1007,4.72138140976005e-05,0.011535649678664977,6.196426161434007e-05,450.0,0.6432749330226937,250.0,40.0,0.2,0.3,20.0,4.551726487002287,0.0
linear_slow_d20,20,5.0,linear,0.001,5e-05,0.0,0,frozen,Gaussian-m20,gaussian,1008,5.997897943080471e-05,0.010382831215860693,5.841492551967457e-05,400.0,0.6346254230237509,250.0,40.0,0.2,0.3,20.0,5.183401617101202,0.0
linear_slow_d20,20,5.0,linear,0.001,5e-05,0.0,0,frozen,Gaussian-m20,gaussian,1009,9.931929096422989e-05,0.00825157616747622,7.182482644877943e-05,400.0,0.6338871657027173,250.0,40.0,0.2,0.3,20.0,5.767931067345032,0.0
linear_slow_d20,20,5.0,linear,0.001,5e-05,0.0,0,frozen,Gaussian-m20,gaussian,1010,5.801734724138831e-05,0.010482656029051747,7.368128390356122e-05,500.0,0.6313270175479523,250.0,40.0,0.2,0.3,20.0,5.2084317979518095,0.0
linear_slow_d20,20,5.0,linear,0.001,5e-05,0.0,0,frozen,Gaussian-m20,gaussian,1011,0.00010240420835085202,0.010782615467942428,6.498681237238244e-05,400.0,0.6354669161950187,250.0,40.0,0.2,0.3,20.0,2.768130058922389,0.0
linear_slow_d20,20,5.0,linear,0.001,5e-05,0.0,0,frozen,Gaussian-m20,gaussian,1012,2.7791528441514192e-05,0.011061752466722634,5.238146280209941e-05,400.0,0.6382649775230439,250.0,40.0,0.2,0.3,20.0,2.76532679411482,0.0
linear_slow_d20,20,5.0,linear,0.001,5e-05,0.0,0,frozen,Gaussian-m20,gaussian,1013,6.487598888512929e-05,0.01096264731641259,6.760825237279086e-05,400.0,0.6364855359726053,250.0,40.0,0.2,0.3,20.0,4.659232367038196,0.0
linear_slow_d20,20,5.0,linear,0.001,5e-05,0.0,0,frozen,Gaussian-m20,gaussian,1014,6.225306450833132e-05,0.008996021377698261,7.26474110327098e-05,400.0,0.6390567845005676,250.0,40.0,0.2,0.3,20.0,4.040671072045586,0.0
linear_slow_d20,20,5.0,linear,0.001,5e-05,0.0,0,frozen,Gaussian-m20,gaussian,1015,5.231175359176949e-05,0.007861246036099608,7.287039145650295e-05,400.0,0.6366863124082981,250.0,40.0,0.2,0.3,20.0,3.4012902059503887,0.0
linear_slow_d20,20,5.0,linear,0.001,5e-05,0.0,0,frozen,Gaussian-m20,gaussian,1016,3.967447731389246e-05,0.00875086644476764,5.681354004362534e-05,300.0,0.6415813082571047,250.0,40.0,0.2,0.3,20.0,4.877923627303828,0.0
linear_slow_d20,20,5.0,linear,0.001,5e-05,0.0,0,frozen,Gaussian-m20,gaussian,1017,4.484088909718994e-05,0.008084663907093918,5.8370801383559446e-05,400.0,0.636812807639449,250.0,40.0,0.2,0.3,20.0,3.7483944851523465,0.0
linear_slow_d20,20,5.0,linear,0.001,5e-05,0.0,0,frozen,Gaussian-m20,gaussian,1018,1.2818129324004633e-05,0.006769288425375733,5.680553124072688e-05,300.0,0.6465239724704743,250.0,40.0,0.2,0.3,20.0,3.275080312805572,0.0
linear_slow_d20,20,5.0,linear,0.001,5e-05,0.0,0,frozen,Gaussian-m20,gaussian,1019,7.135635679070699e-05,0.010006161253583489,6.154147620173375e-05,400.0,0.6411138170193545,250.0,40.0,0.2,0.3,20.0,4.028785916439485,0.0
linear_slow_d20,20,5.0,linear,0.001,5e-05,0.0,0,frozen,Gaussian-m20,gaussian,1020,2.298993701568488e-05,0.008739904585229495,7.623311042516077e-05,400.0,0.6373898464348497,250.0,40.0,0.2,0.3,20.0,3.847956758737102,0.0
linear_slow_d20,20,5.0,linear,0.001,5e-05,0.0,0,frozen,Gaussian-m20,gaussian,1021,3.555610127706642e-05,0.010653570651451142,5.831931241424126e-05,450.0,0.6439130312989546,250.0,40.0,0.2,0.3,20.0,6.183992077827383,0.0
linear_slow_d20,20,5.0,linear,0.001,5e-05,0.0,0,frozen,Gaussian-m20,gaussian,1022,5.014891990638578e-05,0.010796395902731279,6.138365820603384e-05,350.0,0.6388166819608861,250.0,40.0,0.2,0.3,20.0,3.192286884754376,0.0
linear_slow_d20,20,5.0,linear,0.001,5e-05,0.0,0,frozen,Gaussian-m20,gaussian,1023,6.324965920320456e-05,0.005108615237658729,6.432735095215927e-05,250.0,0.6330874366354095,250.0,40.0,0.2,0.3,20.0,4.268490827963765,0.0
linear_slow_d20,20,5.0,linear,0.001,5e-05,0.0,0,frozen,Gaussian-m20,gaussian,1024,7.02067786902301e-05,0.00966220946235844,7.092899006188826e-05,350.0,0.6342503008299725,250.0,40.0,0.2,0.3,20.0,5.4889854467628645,0.0
linear_slow_d20,20,5.0,linear,0.001,5e-05,0.0,0,frozen,Gaussian-m20,gaussian,1025,5.858075910541813e-05,0.009857816543661153,7.049807348138215e-05,500.0,0.6475569530801363,250.0,40.0,0.2,0.3,20.0,3.7957520420677944,0.0
linear_slow_d20,20,5.0,linear,0.001,5e-05,0.0,0,frozen,Gaussian-m20,gaussian,1026,3.589114836914616e-05,0.009504010377341101,6.907048329675196e-05,400.0,0.6439816262452782,250.0,40.0,0.2,0.3,20.0,3.8931003323380255,0.0
linear_slow_d20,20,5.0,linear,0.001,5e-05,0.0,0,frozen,Gaussian-m20,gaussian,1027,6.090882613228288e-05,0.008796657335859381,7.468386615727531e-05,350.0,0.6370739831373073,250.0,40.0,0.2,0.3,20.0,3.1700679051881084,0.0
linear_slow_d20,20,5.0,linear,0.001,5e-05,0.0,0,frozen,Gaussian-m20,gaussian,1028,3.460376939749927e-05,0.006794418130490841,5.78252877437789e-05,400.0,0.6464934338863586,250.0,40.0,0.2,0.3,20.0,4.522027694518561,0.0
linear_slow_d20,20,5.0,linear,0.001,5e-05,0.0,0,frozen,Gaussian-m20,gaussian,1029,7.247962215303353e-05,0.008672297576559476,6.675855640740112e-05,400.0,0.6355438545557854,250.0,40.0,0.2,0.3,20.0,3.4459096584116735,0.0
linear_slow_d20,20,5.0,linear,0.001,5e-05,0.0,0,frozen,Gaussian-m20,gaussian,1030,3.204359850496589e-05,0.007722485590767771,6.432913622700445e-05,400.0,0.636880408569821,250.0,40.0,0.2,0.3,20.0,3.795576551749401,0.0
linear_slow_d20,20,5.0,linear,0.001,5e-05,0.0,0,frozen,CoordinateCentral,coordinate,1001,0.0009111053661970185,0.021459546334231333,0.0009836130548102884,1200.0,0.8673748604462435,250.0,40.0,0.04,0.1,1.0,3.0061815350212187,0.0
linear_slow_d20,20,5.0,linear,0.001,5e-05,0.0,0,frozen,CoordinateCentral,coordinate,1002,0.000841258297045762,0.021417946190816144,0.000924266819084879,1200.0,0.8603619343323027,250.0,40.0,0.04,0.1,1.0,3.018748335998697,0.0
linear_slow_d20,20,5.0,linear,0.001,5e-05,0.0,0,frozen,CoordinateCentral,coordinate,1003,0.0007334534394284585,0.021440188948122024,0.0008328791974966038,1200.0,0.8659616002956564,250.0,40.0,0.04,0.1,1.0,3.004609115003214,0.0
linear_slow_d20,20,5.0,linear,0.001,5e-05,0.0,0,frozen,CoordinateCentral,coordinate,1004,0.0009007636415847639,0.02143019472863046,0.0009101895124395391,1200.0,0.8678886707340532,250.0,40.0,0.04,0.1,1.0,3.018769066295859,0.0
linear_slow_d20,20,5.0,linear,0.001,5e-05,0.0,0,frozen,CoordinateCentral,coordinate,1005,0.000856721093139865,0.021452668992800517,0.000892029336162551,1200.0,0.8652100044145266,250.0,40.0,0.04,0.1,1.0,3.016801807809005,0.0
linear_slow_d20,20,5.0,linear,0.001,5e-05,0.0,0,frozen,CoordinateCentral,coordinate,1006,0.0008867453619464091,0.021412012107796186,0.0009246255716839682,1200.0,0.8690418412501651,250.0,40.0,0.04,0.1,1.0,3.009317889008963,0.0
linear_slow_d20,20,5.0,linear,0.001,5e-05,0.0,0,frozen,CoordinateCentral,coordinate,1007,0.0009999428513843285,0.02144345542766953,0.0009644914220984506,1200.0,0.8670913975194553,250.0,40.0,0.04,0.1,1.0,3.0041829084629095,0.0
linear_slow_d20,20,5.0,linear,0.001,5e-05,0.0,0,frozen,CoordinateCentral,coordinate,1008,0.0009447149871529144,0.021428832092344544,0.0009224407425067554,1200.0,0.8656722182609653,250.0,40.0,0.04,0.1,1.0,3.001365852418415,0.0
linear_slow_d20,20,5.0,linear,0.001,5e-05,0.0,0,frozen,CoordinateCentral,coordinate,1009,0.0009539626140193937,0.021436429145269272,0.0009339525303492503,1200.0,0.864398622707671,250.0,40.0,0.04,0.1,1.0,3.0128598751380253,0.0
linear_slow_d20,20,5.0,linear,0.001,5e-05,0.0,0,frozen,CoordinateCentral,coordinate,1010,0.000932586623651262,0.021483084136224365,0.000899652545954999,1200.0,0.8692335206442466,250.0,40.0,0.04,0.1,1.0,3.0071899007964595,0.0
linear_slow_d20,20,5.0,linear,0.001,5e-05,0.0,0,frozen,CoordinateCentral,coordinate,1011,0.0009480459692781788,0.021499916566548153,0.0009311299286130006,1200.0,0.8658012815205887,250.0,40.0,0.04,0.1,1.0,3.014852645398996,0.0
linear_slow_d20,20,5.0,linear,0.001,5e-05,0.0,0,frozen,CoordinateCentral,coordinate,1012,0.0008512768211757774,0.021399354810126066,0.0008785837510527379,1200.0,0.8657447412415784,250.0,40.0,0.04,0.1,1.0,3.0028762230536667,0.0
linear_slow_d20,20,5.0,linear,0.001,5e-05,0.0,0,frozen,CoordinateCentral,coordinate,1013,0.0007985641973011659,0.02143753640255966,0.0008475758182496149,1200.0,0.8657109697526791,250.0,40.0,0.04,0.1,1.0,3.022975282413878,0.0
linear_slow_d20,20,5.0,linear,0.001,5e-05,0.0,0,frozen,CoordinateCentral,coordinate,1014,0.000856477433329164,0.021416868182228512,0.0008718082438437665,1200.0,0.8668966632480557,250.0,40.0,0.04,0.1,1.0,3.0029658903422884,0.0
linear_slow_d20,20,5.0,linear,0.001,5e-05,0.0,0,frozen,CoordinateCentral,coordinate,1015,0.0008877956181617432,0.021433747331263284,0.0009047794096750399,1200.0,0.8680536708370573,250.0,40.0,0.04,0.1,1.0,3.0131484620296307,0.0
linear_slow_d20,20,5.0,linear,0.001,5e-05,0.0,0,frozen,CoordinateCentral,coordinate,1016,0.0009082294331284475,0.021492767196657776,0.0009546311952887928,1200.0,0.8702904900149298,250.0,40.0,0.04,0.1,1.0,3.0083988303822866,0.0
linear_slow_d20,20,5.0,linear,0.001,5e-05,0.0,0,frozen,CoordinateCentral,coordinate,1017,0.0009266298531243626,0.021447990358268023,0.0009151822062361376,1200.0,0.867559172414724,250.0,40.0,0.04,0.1,1.0,3.022210945485886,0.0
linear_slow_d20,20,5.0,linear,0.001,5e-05,0.0,0,frozen,CoordinateCentral,coordinate,1018,0.0008559310467841779,0.021444112051158825,0.0009399799914554393,1200.0,0.8708606127025208,250.0,40.0,0.04,0.1,1.0,3.0195823243163504,0.0
linear_slow_d20,20,5.0,linear,0.001,5e-05,0.0,0,frozen,CoordinateCentral,coordinate,1019,0.0007736010862259347,0.021459110713280556,0.0009062824770849085,1200.0,0.8689494424833676,250.0,40.0,0.04,0.1,1.0,3.011687175613912,0.0
linear_slow_d20,20,5.0,linear,0.001,5e-05,0.0,0,frozen,CoordinateCentral,coordinate,1020,0.0008979540540940633,0.021407975377330017,0.0009247249500861564,1200.0,0.8620342176178216,250.0,40.0,0.04,0.1,1.0,3.016446760046819,0.0
linear_slow_d20,20,5.0,linear,0.001,5e-05,0.0,0,frozen,CoordinateCentral,coordinate,1021,0.0008605052181740928,0.02148714375969134,0.0010166616518887607,1200.0,0.8682944988025154,250.0,40.0,0.04,0.1,1.0,3.014209719375344,0.0
linear_slow_d20,20,5.0,linear,0.001,5e-05,0.0,0,frozen,CoordinateCentral,coordinate,1022,0.0008864401042234689,0.02142416320526204,0.000896518840370472,1200.0,0.8624231840417378,250.0,40.0,0.04,0.1,1.0,3.023823450275315,0.0
linear_slow_d20,20,5.0,linear,0.001,5e-05,0.0,0,frozen,CoordinateCentral,coordinate,1023,0.0008550007362844717,0.021477368303835134,0.0009660493177493684,1200.0,0.867637703837358,250.0,40.0,0.04,0.1,1.0,3.0081164721735307,0.0
linear_slow_d20,20,5.0,linear,0.001,5e-05,0.0,0,frozen,CoordinateCentral,coordinate,1024,0.000828555581997059,0.0214158861967202,0.0009162998639345087,1200.0,0.8666231689967889,250.0,40.0,0.04,0.1,1.0,3.020844100563277,0.0
linear_slow_d20,20,5.0,linear,0.001,5e-05,0.0,0,frozen,CoordinateCentral,coordinate,1025,0.0008685331942236617,0.021396066734249368,0.0009108985728625524,1200.0,0.8705727890167297,250.0,40.0,0.04,0.1,1.0,3.02808832441882,0.0
linear_slow_d20,20,5.0,linear,0.001,5e-05,0.0,0,frozen,CoordinateCentral,coordinate,1026,0.0008774607319492774,0.02138477301415857,0.0008968399234057874,1200.0,0.8735899867872203,250.0,40.0,0.04,0.1,1.0,3.0110537374310975,0.0
linear_slow_d20,20,5.0,linear,0.001,5e-05,0.0,0,frozen,CoordinateCentral,coordinate,1027,0.0008348735201525672,0.021449547161156508,0.0009245609021588428,1200.0,0.8710686201670346,250.0,40.0,0.04,0.1,1.0,3.007798029214409,0.0
linear_slow_d20,20,5.0,linear,0.001,5e-05,0.0,0,frozen,CoordinateCentral,coordinate,1028,0.0008490680636523291,0.021527299845480123,0.0008900596010830596,1200.0,0.8674295631730372,250.0,40.0,0.04,0.1,1.0,3.004396134499205,0.0
linear_slow_d20,20,5.0,linear,0.001,5e-05,0.0,0,frozen,CoordinateCentral,coordinate,1029,0.0008851529857582396,0.021496583873555332,0.0009365887050287321,1200.0,0.8647533489129451,250.0,40.0,0.04,0.1,1.0,3.0056576943652673,0.0
linear_slow_d20,20,5.0,linear,0.001,5e-05,0.0,0,frozen,CoordinateCentral,coordinate,1030,0.0009217717071559811,0.02148134172803584,0.0008949931182595374,1200.0,0.8672486451267659,250.0,40.0,0.04,0.1,1.0,3.011879633204915,0.0
linear_slow_d20,20,5.0,linear,0.001,5e-05,0.0,0,streaming,FirstOrderReference,first_order,1001,5.460976627306694e-07,0.0025109722926573977,5.460976627306597e-07,50.0,0.9988416761972086,10000.0,1.0,0.04,0.0,1.0,3.0139374681374402,0.0
linear_slow_d20,20,5.0,linear,0.001,5e-05,0.0,0,streaming,FirstOrderReference,first_order,1002,5.460976627306694e-07,0.0025109722926573977,5.460976627306597e-07,50.0,0.9988416761972086,10000.0,1.0,0.04,0.0,1.0,3.0139374681374402,0.0
linear_slow_d20,20,5.0,linear,0.001,5e-05,0.0,0,streaming,FirstOrderReference,first_order,1003,5.460976627306694e-07,0.0025109722926573977,5.460976627306597e-07,50.0,0.9988416761972086,10000.0,1.0,0.04,0.0,1.0,3.0139374681374402,0.0
linear_slow_d20,20,5.0,linear,0.001,5e-05,0.0,0,streaming,FirstOrderReference,first_order,1004,5.460976627306694e-07,0.0025109722926573977,5.460976627306597e-07,50.0,0.9988416761972086,10000.0,1.0,0.04,0.0,1.0,3.0139374681374402,0.0
linear_slow_d20,20,5.0,linear,0.001,5e-05,0.0,0,streaming,FirstOrderReference,first_order,1005,5.460976627306694e-07,0.0025109722926573977,5.460976627306597e-07,50.0,0.9988416761972086,10000.0,1.0,0.04,0.0,1.0,3.0139374681374402,0.0
linear_slow_d20,20,5.0,linear,0.001,5e-05,0.0,0,streaming,FirstOrderReference,first_order,1006,5.460976627306694e-07,0.0025109722926573977,5.460976627306597e-07,50.0,0.9988416761972086,10000.0,1.0,0.04,0.0,1.0,3.0139374681374402,0.0
linear_slow_d20,20,5.0,linear,0.001,5e-05,0.0,0,streaming,FirstOrderReference,first_order,1007,5.460976627306694e-07,0.0025109722926573977,5.460976627306597e-07,50.0,0.9988416761972086,10000.0,1.0,0.04,0.0,1.0,3.0139374681374402,0.0
linear_slow_d20,20,5.0,linear,0.001,5e-05,0.0,0,streaming,FirstOrderReference,first_order,1008,5.460976627306694e-07,0.0025109722926573977,5.460976627306597e-07,50.0,0.9988416761972086,10000.0,1.0,0.04,0.0,1.0,3.0139374681374402,0.0
linear_slow_d20,20,5.0,linear,0.001,5e-05,0.0,0,streaming,FirstOrderReference,first_order,1009,5.460976627306694e-07,0.0025109722926573977,5.460976627306597e-07,50.0,0.9988416761972086,10000.0,1.0,0.04,0.0,1.0,3.0139374681374402,0.0
linear_slow_d20,20,5.0,linear,0.001,5e-05,0.0,0,streaming,FirstOrderReference,first_order,1010,5.460976627306694e-07,0.0025109722926573977,5.460976627306597e-07,50.0,0.9988416761972086,10000.0,1.0,0.04,0.0,1.0,3.0139374681374402,0.0
linear_slow_d20,20,5.0,linear,0.001,5e-05,0.0,0,streaming,FirstOrderReference,first_order,1011,5.460976627306694e-07,0.0025109722926573977,5.460976627306597e-07,50.0,0.9988416761972086,10000.0,1.0,0.04,0.0,1.0,3.0139374681374402,0.0
linear_slow_d20,20,5.0,linear,0.001,5e-05,0.0,0,streaming,FirstOrderReference,first_order,1012,5.460976627306694e-07,0.0025109722926573977,5.460976627306597e-07,50.0,0.9988416761972086,10000.0,1.0,0.04,0.0,1.0,3.0139374681374402,0.0
linear_slow_d20,20,5.0,linear,0.001,5e-05,0.0,0,streaming,FirstOrderReference,first_order,1013,5.460976627306694e-07,0.0025109722926573977,5.460976627306597e-07,50.0,0.9988416761972086,10000.0,1.0,0.04,0.0,1.0,3.0139374681374402,0.0
linear_slow_d20,20,5.0,linear,0.001,5e-05,0.0,0,streaming,FirstOrderReference,first_order,1014,5.460976627306694e-07,0.0025109722926573977,5.460976627306597e-07,50.0,0.9988416761972086,10000.0,1.0,0.04,0.0,1.0,3.0139374681374402,0.0
linear_slow_d20,20,5.0,linear,0.001,5e-05,0.0,0,streaming,FirstOrderReference,first_order,1015,5.460976627306694e-07,0.0025109722926573977,5.460976627306597e-07,50.0,0.9988416761972086,10000.0,1.0,0.04,0.0,1.0,3.0139374681374402,0.0
linear_slow_d20,20,5.0,linear,0.001,5e-05,0.0,0,streaming,FirstOrderReference,first_order,1016,5.460976627306694e-07,0.0025109722926573977,5.460976627306597e-07,50.0,0.9988416761972086,10000.0,1.0,0.04,0.0,1.0,3.0139374681374402,0.0
linear_slow_d20,20,5.0,linear,0.001,5e-05,0.0,0,streaming,FirstOrderReference,first_order,1017,5.460976627306694e-07,0.0025109722926573977,5.460976627306597e-07,50.0,0.9988416761972086,10000.0,1.0,0.04,0.0,1.0,3.0139374681374402,0.0
linear_slow_d20,20,5.0,linear,0.001,5e-05,0.0,0,streaming,FirstOrderReference,first_order,1018,5.460976627306694e-07,0.0025109722926573977,5.460976627306597e-07,50.0,0.9988416761972086,10000.0,1.0,0.04,0.0,1.0,3.0139374681374402,0.0
linear_slow_d20,20,5.0,linear,0.001,5e-05,0.0,0,streaming,FirstOrderReference,first_order,1019,5.460976627306694e-07,0.0025109722926573977,5.460976627306597e-07,50.0,0.9988416761972086,10000.0,1.0,0.04,0.0,1.0,3.0139374681374402,0.0
linear_slow_d20,20,5.0,linear,0.001,5e-05,0.0,0,streaming,FirstOrderReference,first_order,1020,5.460976627306694e-07,0.0025109722926573977,5.460976627306597e-07,50.0,0.9988416761972086,10000.0,1.0,0.04,0.0,1.0,3.0139374681374402,0.0
linear_slow_d20,20,5.0,linear,0.001,5e-05,0.0,0,streaming,FirstOrderReference,first_order,1021,5.460976627306694e-07,0.0025109722926573977,5.460976627306597e-07,50.0,0.9988416761972086,10000.0,1.0,0.04,0.0,1.0,3.0139374681374402,0.0
linear_slow_d20,20,5.0,linear,0.001,5e-05,0.0,0,streaming,FirstOrderReference,first_order,1022,5.460976627306694e-07,0.0025109722926573977,5.460976627306597e-07,50.0,0.9988416761972086,10000.0,1.0,0.04,0.0,1.0,3.0139374681374402,0.0
linear_slow_d20,20,5.0,linear,0.001,5e-05,0.0,0,streaming,FirstOrderReference,first_order,1023,5.460976627306694e-07,0.0025109722926573977,5.460976627306597e-07,50.0,0.9988416761972086,10000.0,1.0,0.04,0.0,1.0,3.0139374681374402,0.0
linear_slow_d20,20,5.0,linear,0.001,5e-05,0.0,0,streaming,FirstOrderReference,first_order,1024,5.460976627306694e-07,0.0025109722926573977,5.460976627306597e-07,50.0,0.9988416761972086,10000.0,1.0,0.04,0.0,1.0,3.0139374681374402,0.0
linear_slow_d20,20,5.0,linear,0.001,5e-05,0.0,0,streaming,FirstOrderReference,first_order,1025,5.460976627306694e-07,0.0025109722926573977,5.460976627306597e-07,50.0,0.9988416761972086,10000.0,1.0,0.04,0.0,1.0,3.0139374681374402,0.0
linear_slow_d20,20,5.0,linear,0.001,5e-05,0.0,0,streaming,FirstOrderReference,first_order,1026,5.460976627306694e-07,0.0025109722926573977,5.460976627306597e-07,50.0,0.9988416761972086,10000.0,1.0,0.04,0.0,1.0,3.0139374681374402,0.0
linear_slow_d20,20,5.0,linear,0.001,5e-05,0.0,0,streaming,FirstOrderReference,first_order,1027,5.460976627306694e-07,0.0025109722926573977,5.460976627306597e-07,50.0,0.9988416761972086,10000.0,1.0,0.04,0.0,1.0,3.0139374681374402,0.0
linear_slow_d20,20,5.0,linear,0.001,5e-05,0.0,0,streaming,FirstOrderReference,first_order,1028,5.460976627306694e-07,0.0025109722926573977,5.460976627306597e-07,50.0,0.9988416761972086,10000.0,1.0,0.04,0.0,1.0,3.0139374681374402,0.0
linear_slow_d20,20,5.0,linear,0.001,5e-05,0.0,0,streaming,FirstOrderReference,first_order,1029,5.460976627306694e-07,0.0025109722926573977,5.460976627306597e-07,50.0,0.9988416761972086,10000.0,1.0,0.04,0.0,1.0,3.0139374681374402,0.0
linear_slow_d20,20,5.0,linear,0.001,5e-05,0.0,0,streaming,FirstOrderReference,first_order,1030,5.460976627306694e-07,0.0025109722926573977,5.460976627306597e-07,50.0,0.9988416761972086,10000.0,1.0,0.04,0.0,1.0,3.0139374681374402,0.0
linear_slow_d20,20,5.0,linear,0.001,5e-05,0.0,0,streaming,SPSA-m1,spsa,1001,2.842817814706281e-05,0.004736107621249721,2.3964208312692945e-05,200.0,0.15460801562157053,5000.0,2.0,0.020000000000000004,0.1,1.0,24.74604171839952,0.0
linear_slow_d20,20,5.0,linear,0.001,5e-05,0.0,0,streaming,SPSA-m1,spsa,1002,1.2823909662399381e-05,0.004144724233070766,2.1755620169850825e-05,250.0,0.15460699653239388,5000.0,2.0,0.020000000000000004,0.1,1.0,27.953724238558095,0.0
linear_slow_d20,20,5.0,linear,0.001,5e-05,0.0,0,streaming,SPSA-m1,spsa,1003,3.149610052374159e-05,0.008232567653192418,2.5215034992240447e-05,300.0,0.15238241584963658,5000.0,2.0,0.020000000000000004,0.1,1.0,19.5921241106531,0.0
linear_slow_d20,20,5.0,linear,0.001,5e-05,0.0,0,streaming,SPSA-m1,spsa,1004,1.832378172758319e-05,0.004148634080388567,2.1821002408244035e-05,150.0,0.15581304235726903,5000.0,2.0,0.020000000000000004,0.1,1.0,22.12241019219478,0.0
linear_slow_d20,20,5.0,linear,0.001,5e-05,0.0,0,streaming,SPSA-m1,spsa,1005,2.0206947539140482e-05,0.00537897906436723,2.4582269960370244e-05,300.0,0.15590594915040157,5000.0,2.0,0.020000000000000004,0.1,1.0,27.41403586808925,0.0
linear_slow_d20,20,5.0,linear,0.001,5e-05,0.0,0,streaming,SPSA-m1,spsa,1006,1.7560183924465713e-05,0.007950575464912145,2.0655031830735426e-05,250.0,0.15443068918315137,5000.0,2.0,0.020000000000000004,0.1,1.0,21.806011730320826,0.0
linear_slow_d20,20,5.0,linear,0.001,5e-05,0.0,0,streaming,SPSA-m1,spsa,1007,1.8269812990574063e-05,0.006178756004527186,2.4612904069429512e-05,300.0,0.15525544057079302,5000.0,2.0,0.020000000000000004,0.1,1.0,20.746557695063952,0.0
linear_slow_d20,20,5.0,linear,0.001,5e-05,0.0,0,streaming,SPSA-m1,spsa,1008,1.3454291986814117e-05,0.005163567317607913,2.4278324089916644e-05,250.0,0.1498228992575884,5000.0,2.0,0.020000000000000004,0.1,1.0,20.848021511308012,0.0
linear_slow_d20,20,5.0,linear,0.001,5e-05,0.0,0,streaming,SPSA-m1,spsa,1009,2.7624029364812538e-05,0.005279842038276516,2.509341233456934e-05,200.0,0.1543686843061106,5000.0,2.0,0.020000000000000004,0.1,1.0,26.28311943361257,0.0
linear_slow_d20,20,5.0,linear,0.001,5e-05,0.0,0,streaming,SPSA-m1,spsa,1010,1.7215003299052892e-05,0.003849293266488871,2.1684837352029475e-05,250.0,0.15684036131439666,5000.0,2.0,0.020000000000000004,0.1,1.0,26.885825347223488,0.0
linear_slow_d20,20,5.0,linear,0.001,5e-05,0.0,0,streaming,SPSA-m1,spsa,1011,1.9150670668382295e-05,0.004925251920631254,2.180719654315627e-05,250.0,0.15498570195117395,5000.0,2.0,0.020000000000000004,0.1,1.0,22.912689508790947,0.0
linear_slow_d20,20,5.0,linear,0.001,5e-05,0.0,0,streaming,SPSA-m1,spsa,1012,1.570086945632438e-05,0.006854232819303103,2.4998232664424314e-05,300.0,0.15566791995198845,5000.0,2.0,0.020000000000000004,0.1,1.0,23.113854272214358,0.0
linear_slow_d20,20,5.0,linear,0.001,5e-05,0.0,0,streaming,SPSA-m1,spsa,1013,2.0418710603391007e-05,0.004494942602480785,2.3699296707368657e-05,250.0,0.15257244625348004,5000.0,2.0,0.020000000000000004,0.1,1.0,23.547930537042063,0.0
linear_slow_d20,20,5.0,linear,0.001,5e-05,0.0,0,streaming,SPSA-m1,spsa,1014,2.2881266831205795e-05,0.005754281675112662,2.2937985071870988e-05,250.0,0.1521070946131,5000.0,2.0,0.020000000000000004,0.1,1.0,24.980727124247668,0.0
linear_slow_d20,20,5.0,linear,0.001,5e-05,0.0,0,streaming,SPSA-m1,spsa,1015,1.4224340720913998e-05,0.003776560655931854,1.9433099239523763e-05,200.0,0.15424422432053525,5000.0,2.0,0.020000000000000004,0.1,1.0,28.339463716901502,0.0
linear_slow_d20,20,5.0,linear,0.001,5e-05,0.0,0,streaming,SPSA-m1,spsa,1016,2.1740782571921844e-05,0.005288562189397577,2.8032358248312514e-05,200.0,0.15534540710379513,5000.0,2.0,0.020000000000000004,0.1,1.0,17.64659385750159,0.0
linear_slow_d20,20,5.0,linear,0.001,5e-05,0.0,0,streaming,SPSA-m1,spsa,1017,2.5498920197679284e-05,0.007505558635707635,2.2558985410867847e-05,250.0,0.1570550329148141,5000.0,2.0,0.020000000000000004,0.1,1.0,20.041924224565257,0.0
linear_slow_d20,20,5.0,linear,0.001,5e-05,0.0,0,streaming,SPSA-m1,spsa,1018,2.1969532869541667e-05,0.004102111462471635,2.5284231483703002e-05,200.0,0.15492738128320604,5000.0,2.0,0.020000000000000004,0.1,1.0,37.65981909748764,0.0
linear_slow_d20,20,5.0,linear,0.001,5e-05,0.0,0,streaming,SPSA-m1,spsa,1019,2.98128955498503e-05,0.004855509175462326,2.3980976904798216e-05,250.0,0.15354246001998398,5000.0,2.0,0.020000000000000004,0.1,1.0,22.27484168547032,0.0
linear_slow_d20,20,5.0,linear,0.001,5e-05,0.0,0,streaming,SPSA-m1,spsa,1020,2.6482377289791448e-05,0.005979939996105388,2.5454738524191062e-05,300.0,0.15544945866498025,5000.0,2.0,0.020000000000000004,0.1,1.0,21.91351344731062,0.0
linear_slow_d20,20,5.0,linear,0.001,5e-05,0.0,0,streaming,SPSA-m1,spsa,1021,2.7894620764568178e-05,0.005691664897167744,2.2126985754795077e-05,250.0,0.15556645194015015,5000.0,2.0,0.020000000000000004,0.1,1.0,27.484145092719114,0.0
linear_slow_d20,20,5.0,linear,0.001,5e-05,0.0,0,streaming,SPSA-m1,spsa,1022,3.149577207548841e-05,0.00398283601830868,2.4846292622794613e-05,200.0,0.15419179353080964,5000.0,2.0,0.020000000000000004,0.1,1.0,29.808125800125467,0.0
linear_slow_d20,20,5.0,linear,0.001,5e-05,0.0,0,streaming,SPSA-m1,spsa,1023,2.9077763877726314e-05,0.0036225958552819925,2.267496846582838e-05,150.0,0.1533858688703822,5000.0,2.0,0.020000000000000004,0.1,1.0,26.885970536407207,0.0
linear_slow_d20,20,5.0,linear,0.001,5e-05,0.0,0,streaming,SPSA-m1,spsa,1024,4.8674916812337984e-05,0.006013394280429952,2.3056163847199542e-05,300.0,0.15357892801303966,5000.0,2.0,0.020000000000000004,0.1,1.0,31.873228471636754,0.0
linear_slow_d20,20,5.0,linear,0.001,5e-05,0.0,0,streaming,SPSA-m1,spsa,1025,2.6618176091660793e-05,0.006491104703825225,2.0706037164686352e-05,250.0,0.15380097119992747,5000.0,2.0,0.020000000000000004,0.1,1.0,17.373345587612878,0.0
linear_slow_d20,20,5.0,linear,0.001,5e-05,0.0,0,streaming,SPSA-m1,spsa,1026,1.782658808525603e-05,0.004347714996071406,2.4224347993277027e-05,200.0,0.15509325779827596,5000.0,2.0,0.020000000000000004,0.1,1.0,19.01708616921367,0.0
linear_slow_d20,20,5.0,linear,0.001,5e-05,0.0,0,streaming,SPSA-m1,spsa,1027,3.9667651077934985e-05,0.006164427599329742,2.355088098929421e-05,300.0,0.1524284570215512,5000.0,2.0,0.020000000000000004,0.1,1.0,19.546260644291436,0.0
linear_slow_d20,20,5.0,linear,0.001,5e-05,0.0,0,streaming,SPSA-m1,spsa,1028,2.4024911867566453e-05,0.006707659169959144,2.1524230394674834e-05,300.0,0.1551921704277403,5000.0,2.0,0.020000000000000004,0.1,1.0,21.835189374195718,0.0
linear_slow_d20,20,5.0,linear,0.001,5e-05,0.0,0,streaming,SPSA-m1,spsa,1029,3.0344624745054192e-05,0.006248655757475457,2.435963258376731e-05,300.0,0.15665374817851363,5000.0,2.0,0.020000000000000004,0.1,1.0,20.760442344213445,0.0
linear_slow_d20,20,5.0,linear,0.001,5e-05,0.0,0,streaming,SPSA-m1,spsa,1030,2.5334112816897434e-05,0.0054056366944621225,2.6147532466390968e-05,250.0,0.15502215716023024,5000.0,2.0,0.020000000000000004,0.1,1.0,24.60275597214239,0.0
linear_slow_d20,20,5.0,linear,0.001,5e-05,0.0,0,streaming,Gaussian-m1,gaussian,1001,2.5043063617904067e-05,0.0045363715476531416,4.265272257420126e-05,200.0,0.1492136938282751,5000.0,2.0,0.020000000000000004,0.3,1.0,29.645000908798167,0.0
linear_slow_d20,20,5.0,linear,0.001,5e-05,0.0,0,streaming,Gaussian-m1,gaussian,1002,4.848905138980799e-05,0.005417058135798538,2.8633009481073023e-05,250.0,0.15204976057346456,5000.0,2.0,0.020000000000000004,0.3,1.0,29.040551751586605,0.0
linear_slow_d20,20,5.0,linear,0.001,5e-05,0.0,0,streaming,Gaussian-m1,gaussian,1003,2.3508719150866122e-05,0.004369590795203473,3.882044580976371e-05,200.0,0.15174157130420632,5000.0,2.0,0.020000000000000004,0.3,1.0,21.899249793732857,0.0
linear_slow_d20,20,5.0,linear,0.001,5e-05,0.0,0,streaming,Gaussian-m1,gaussian,1004,2.0144985531511165e-05,0.004016115206918566,3.2002920507278294e-05,150.0,0.15317281129495963,5000.0,2.0,0.020000000000000004,0.3,1.0,22.015208991701982,0.0
linear_slow_d20,20,5.0,linear,0.001,5e-05,0.0,0,streaming,Gaussian-m1,gaussian,1005,2.3602342566086157e-05,0.005678198539156604,3.7188789345646236e-05,300.0,0.14859160764680668,5000.0,2.0,0.020000000000000004,0.3,1.0,20.68960392314058,0.0
linear_slow_d20,20,5.0,linear,0.001,5e-05,0.0,0,streaming,Gaussian-m1,gaussian,1006,4.588019654197535e-05,0.004585069796401273,3.887284919329954e-05,200.0,0.14957616561848164,5000.0,2.0,0.020000000000000004,0.3,1.0,34.22547679131696,0.0
linear_slow_d20,20,5.0,linear,0.001,5e-05,0.0,0,streaming,Gaussian-m1,gaussian,1007,3.3132648897674696e-05,0.006307361901577315,4.248442701505811e-05,250.0,0.1492109403274856,5000.0,2.0,0.020000000000000004,0.3,1.0,31.43053489341556,0.0
linear_slow_d20,20,5.0,linear,0.001,5e-05,0.0,0,streaming,Gaussian-m1,gaussian,1008,2.1481243617218243e-05,0.005504067625366908,3.302640740592594e-05,250.0,0.14702897234898013,5000.0,2.0,0.020000000000000004,0.3,1.0,24.183920574001608,0.0
linear_slow_d20,20,5.0,linear,0.001,5e-05,0.0,0,streaming,Gaussian-m1,gaussian,1009,4.581403702515544e-05,0.005534915927812276,3.306178214751867e-05,250.0,0.1505626624335829,5000.0,2.0,0.020000000000000004,0.3,1.0,25.651376254231664,0.0
linear_slow_d20,20,5.0,linear,0.001,5e-05,0.0,0,streaming,Gaussian-m1,gaussian,1010,4.6623352016538115e-05,0.003746380756089238,3.941942363004681e-05,200.0,0.14782685041015214,5000.0,2.0,0.020000000000000004,0.3,1.0,20.31292710016911,0.0
linear_slow_d20,20,5.0,linear,0.001,5e-05,0.0,0,streaming,Gaussian-m1,gaussian,1011,3.161927060120337e-05,0.005043152759748059,3.87000198257816e-05,200.0,0.14694870512615182,5000.0,2.0,0.020000000000000004,0.3,1.0,30.52023630341014,0.0
linear_slow_d20,20,5.0,linear,0.001,5e-05,0.0,0,streaming,Gaussian-m1,gaussian,1012,2.6942187745315104e-05,0.0048034547580531415,4.2708310589222715e-05,200.0,0.14735094999909093,5000.0,2.0,0.020000000000000004,0.3,1.0,25.885371413472168,0.0
linear_slow_d20,20,5.0,linear,0.001,5e-05,0.0,0,streaming,Gaussian-m1,gaussian,1013,2.5599301229006745e-05,0.0038738285232836817,3.801504558798708e-05,200.0,0.14874538903849913,5000.0,2.0,0.020000000000000004,0.3,1.0,21.824365622294245,0.0
linear_slow_d20,20,5.0,linear,0.001,5e-05,0.0,0,streaming,Gaussian-m1,gaussian,1014,4.4478334420433684e-05,0.007330085577544749,3.352911430880868e-05,350.0,0.15251184901347642,5000.0,2.0,0.020000000000000004,0.3,1.0,18.271570081718274,0.0
linear_slow_d20,20,5.0,linear,0.001,5e-05,0.0,0,streaming,Gaussian-m1,gaussian,1015,2.2161274665834405e-05,0.007986229831394052,3.5562270247904095e-05,300.0,0.14792216217955292,5000.0,2.0,0.020000000000000004,0.3,1.0,18.64307530518312,0.0
linear_slow_d20,20,5.0,linear,0.001,5e-05,0.0,0,streaming,Gaussian-m1,gaussian,1016,4.467150041940898e-05,0.008193194909890943,5.029435719006989e-05,350.0,0.1481328587979532,5000.0,2.0,0.020000000000000004,0.3,1.0,19.82629594433905,0.0
linear_slow_d20,20,5.0,linear,0.001,5e-05,0.0,0,streaming,Gaussian-m1,gaussian,1017,3.469818789071232e-05,0.006932722591386722,3.341519114534805e-05,300.0,0.14458475543360363,5000.0,2.0,0.020000000000000004,0.3,1.0,22.675989417555506,0.0
linear_slow_d20,20,5.0,linear,0.001,5e-05,0.0,0,streaming,Gaussian-m1,gaussian,1018,3.786468343801957e-05,0.00594427737132002,4.411552789167506e-05,300.0,0.14935376317784949,5000.0,2.0,0.020000000000000004,0.3,1.0,19.47151601179114,0.0
linear_slow_d20,20,5.0,linear,0.001,5e-05,0.0,0,streaming,Gaussian-m1,gaussian,1019,5.1208804601049186e-05,0.005364044546132291,3.660927074152439e-05,200.0,0.14861720697171749,5000.0,2.0,0.020000000000000004,0.3,1.0,22.879098482352212,0.0
linear_slow_d20,20,5.0,linear,0.001,5e-05,0.0,0,streaming,Gaussian-m1,gaussian,1020,1.5062321499851739e-05,0.004943730164526357,4.0253492505394095e-05,200.0,0.14841870960848064,5000.0,2.0,0.020000000000000004,0.3,1.0,21.348638509220585,0.0
linear_slow_d20,20,5.0,linear,0.001,5e-05,0.0,0,streaming,Gaussian-m1,gaussian,1021,3.1481484498655516e-05,0.00521322797507195,3.485124355677198e-05,250.0,0.14806115460488273,5000.0,2.0,0.020000000000000004,0.3,1.0,19.468062809131567,0.0
linear_slow_d20,20,5.0,linear,0.001,5e-05,0.0,0,streaming,Gaussian-m1,gaussian,1022,3.1709327223490204e-05,0.005715035644530843,3.2624578780124465e-05,300.0,0.14813449358663597,5000.0,2.0,0.020000000000000004,0.3,1.0,25.419071184140666,0.0
linear_slow_d20,20,5.0,linear,0.001,5e-05,0.0,0,streaming,Gaussian-m1,gaussian,1023,3.445366376790335e-05,0.003793742311055216,3.3937180334569174e-05,200.0,0.1463874096870277,5000.0,2.0,0.020000000000000004,0.3,1.0,35.89942240935971,0.0
linear_slow_d20,20,5.0,linear,0.001,5e-05,0.0,0,streaming,Gaussian-m1,gaussian,1024,4.3006230732516746e-05,0.005425396617704512,3.1935518739978366e-05,200.0,0.14907042991809627,5000.0,2.0,0.020000000000000004,0.3,1.0,23.608803901143546,0.0
linear_slow_d20,20,5.0,linear,0.001,5e-05,0.0,0,streaming,Gaussian-m1,gaussian,1025,2.3255376144586663e-05,0.006161588618104938,3.9266814619710426e-05,300.0,0.14888461702042224,5000.0,2.0,0.020000000000000004,0.3,1.0,23.679408594068597,0.0
linear_slow_d20,20,5.0,linear,0.001,5e-05,0.0,0,streaming,Gaussian-m1,gaussian,1026,1.8566184738621422e-05,0.004713595702408297,3.234553953605854e-05,250.0,0.1491787890238002,5000.0,2.0,0.020000000000000004,0.3,1.0,28.41672910846692,0.0
linear_slow_d20,20,5.0,linear,0.001,5e-05,0.0,0,streaming,Gaussian-m1,gaussian,1027,2.532006167765625e-05,0.005686735148348773,3.1840251183515556e-05,250.0,0.15036225233679226,5000.0,2.0,0.020000000000000004,0.3,1.0,22.384458905901894,0.0
linear_slow_d20,20,5.0,linear,0.001,5e-05,0.0,0,streaming,Gaussian-m1,gaussian,1028,3.2715939048925656e-05,0.005560522700321336,3.447282297894505e-05,250.0,0.14752101153864494,5000.0,2.0,0.020000000000000004,0.3,1.0,25.34371180582842,0.0
linear_slow_d20,20,5.0,linear,0.001,5e-05,0.0,0,streaming,Gaussian-m1,gaussian,1029,4.60986734223485e-05,0.004836329699949121,3.368773553076423e-05,250.0,0.15017377801914175,5000.0,2.0,0.020000000000000004,0.3,1.0,23.54182564291477,0.0
linear_slow_d20,20,5.0,linear,0.001,5e-05,0.0,0,streaming,Gaussian-m1,gaussian,1030,2.7529384070375682e-05,0.004983229909342957,3.967113793895432e-05,250.0,0.14473271283024006,5000.0,2.0,0.020000000000000004,0.3,1.0,21.212471459900588,0.0
linear_slow_d20,20,5.0,linear,0.001,5e-05,0.0,0,streaming,Gaussian-m5,gaussian,1001,7.406237700402892e-05,0.007095549252990044,4.839468930760873e-05,300.0,0.39588444389490396,1000.0,10.0,0.1,0.3,5.0,6.285258412833187,0.0
linear_slow_d20,20,5.0,linear,0.001,5e-05,0.0,0,streaming,Gaussian-m5,gaussian,1002,3.7765707698453837e-05,0.006249497819855941,5.2906206872791905e-05,300.0,0.3945570084182533,1000.0,10.0,0.1,0.3,5.0,10.598280602412643,0.0
linear_slow_d20,20,5.0,linear,0.001,5e-05,0.0,0,streaming,Gaussian-m5,gaussian,1003,6.327492498170212e-05,0.005590202387750193,4.09624678198557e-05,400.0,0.39177678648965253,1000.0,10.0,0.1,0.3,5.0,8.329545074810175,0.0
linear_slow_d20,20,5.0,linear,0.001,5e-05,0.0,0,streaming,Gaussian-m5,gaussian,1004,6.156009173025481e-05,0.013697220484146632,5.54881163915836e-05,350.0,0.38822100806451354,1000.0,10.0,0.1,0.3,5.0,8.13412643415773,0.0
linear_slow_d20,20,5.0,linear,0.001,5e-05,0.0,0,streaming,Gaussian-m5,gaussian,1005,5.6790232483999517e-05,0.007113130204478488,5.4835485858632365e-05,300.0,0.3931153413797077,1000.0,10.0,0.1,0.3,5.0,7.901148526086011,0.0
linear_slow_d20,20,5.0,linear,0.001,5e-05,0.0,0,streaming,Gaussian-m5,gaussian,1006,5.908666031003865e-05,0.007432473411074107,4.861344887492702e-05,300.0,0.3951668191411028,1000.0,10.0,0.1,0.3,5.0,7.858106677608478,0.0
linear_slow_d20,20,5.0,linear,0.001,5e-05,0.0,0,streaming,Gaussian-m5,gaussian,1007,3.492722909753763e-05,0.009208122688464418,5.62917973485732e-05,400.0,0.3806863406006235,1000.0,10.0,0.1,0.3,5.0,9.507300535626255,0.0
linear_slow_d20,20,5.0,linear,0.001,5e-05,0.0,0,streaming,Gaussian-m5,gaussian,1008,2.7280586532343723e-05,0.005483708519798706,4.8438040851253166e-05,300.0,0.38906648770580443,1000.0,10.0,0.1,0.3,5.0,6.549615649902351,0.0
linear_slow_d20,20,5.0,linear,0.001,5e-05,0.0,0,streaming,Gaussian-m5,gaussian,1009,5.508109837839331e-05,0.008621399251251638,4.26627253174297e-05,350.0,0.3933818251472276,1000.0,10.0,0.1,0.3,5.0,4.5779258835024885,0.0
linear_slow_d20,20,5.0,linear,0.001,5e-05,0.0,0,streaming,Gaussian-m5,gaussian,1010,2.186959837031097e-05,0.005325068654822552,4.2784138086657095e-05,250.0,0.4011260198822303,1000.0,10.0,0.1,0.3,5.0,4.458265033879732,0.0
linear_slow_d20,20,5.0,linear,0.001,5e-05,0.0,0,streaming,Gaussian-m5,gaussian,1011,4.2981986266646166e-05,0.004564206664004975,5.043183311561214e-05,250.0,0.3943051670967939,1000.0,10.0,0.1,0.3,5.0,5.436825954732354,0.0
linear_slow_d20,20,5.0,linear,0.001,5e-05,0.0,0,streaming,Gaussian-m5,gaussian,1012,4.5121106826566436e-05,0.007441453818298881,4.460312580329857e-05,300.0,0.3922610518030796,1000.0,10.0,0.1,0.3,5.0,8.684790125479532,0.0
linear_slow_d20,20,5.0,linear,0.001,5e-05,0.0,0,streaming,Gaussian-m5,gaussian,1013,4.3370731264021924e-05,0.006189382279886109,5.341848886067119e-05,300.0,0.39108708010739374,1000.0,10.0,0.1,0.3,5.0,5.449242309144046,0.0
linear_slow_d20,20,5.0,linear,0.001,5e-05,0.0,0,streaming,Gaussian-m5,gaussian,1014,3.4542638287269375e-05,0.007744266585432814,5.5441316302581003e-05,300.0,0.4003441038979763,1000.0,10.0,0.1,0.3,5.0,7.163742761196248,0.0
linear_slow_d20,20,5.0,linear,0.001,5e-05,0.0,0,streaming,Gaussian-m5,gaussian,1015,3.307791188679741e-05,0.0077651808743637064,4.985311938664963e-05,400.0,0.3949361350024641,1000.0,10.0,0.1,0.3,5.0,6.778232090591008,0.0
linear_slow_d20,20,5.0,linear,0.001,5e-05,0.0,0,streaming,Gaussian-m5,gaussian,1016,7.854964894262393e-05,0.0064031147806538485,5.675932621083482e-05,300.0,0.4004590410521497,1000.0,10.0,0.1,0.3,5.0,6.846674660888343,0.0
linear_slow_d20,20,5.0,linear,0.001,5e-05,0.0,0,streaming,Gaussian-m5,gaussian,1017,3.1859890474654606e-05,0.007481974686875528,6.0477874518604495e-05,350.0,0.39611394002987055,1000.0,10.0,0.1,0.3,5.0,8.892903421593315,0.0
linear_slow_d20,20,5.0,linear,0.001,5e-05,0.0,0,streaming,Gaussian-m5,gaussian,1018,3.450652548503119e-05,0.005366650242499485,5.266200656911527e-05,300.0,0.3995343896615555,1000.0,10.0,0.1,0.3,5.0,8.974493473137006,0.0
linear_slow_d20,20,5.0,linear,0.001,5e-05,0.0,0,streaming,Gaussian-m5,gaussian,1019,4.9894422481043585e-05,0.006927004721298695,5.840636349672922e-05,400.0,0.3972499157274327,1000.0,10.0,0.1,0.3,5.0,8.69820341142517,0.0
linear_slow_d20,20,5.0,linear,0.001,5e-05,0.0,0,streaming,Gaussian-m5,gaussian,1020,2.7357142792346973e-05,0.008845739806010682,5.639937984924847e-05,300.0,0.3952568191247322,1000.0,10.0,0.1,0.3,5.0,9.690540118136875,0.0
linear_slow_d20,20,5.0,linear,0.001,5e-05,0.0,0,streaming,Gaussian-m5,gaussian,1021,8.417107429874565e-05,0.008661080298505913,5.977386804992564e-05,300.0,0.40390462644124514,1000.0,10.0,0.1,0.3,5.0,13.704595282644473,0.0
linear_slow_d20,20,5.0,linear,0.001,5e-05,0.0,0,streaming,Gaussian-m5,gaussian,1022,4.960291727820079e-05,0.010205653636523433,4.1334495064987215e-05,300.0,0.3956438401322463,1000.0,10.0,0.1,0.3,5.0,8.714009725844797,0.0
linear_slow_d20,20,5.0,linear,0.001,5e-05,0.0,0,streaming,Gaussian-m5,gaussian,1023,5.306473737685418e-05,0.004437933513761662,4.390956586368987e-05,300.0,0.3924184507441945,1000.0,10.0,0.1,0.3,5.0,8.536766363484164,0.0
linear_slow_d20,20,5.0,linear,0.001,5e-05,0.0,0,streaming,Gaussian-m5,gaussian,1024,4.518683334789752e-05,0.010610272153452338,5.866637085046975e-05,450.0,0.38636516130994747,1000.0,10.0,0.1,0.3,5.0,8.171400674919228,0.0
linear_slow_d20,20,5.0,linear,0.001,5e-05,0.0,0,streaming,Gaussian-m5,gaussian,1025,5.103107467845865e-05,0.00545767538745084,6.572727190400334e-05,300.0,0.3921366980459044,1000.0,10.0,0.1,0.3,5.0,6.593282138723172,0.0
linear_slow_d20,20,5.0,linear,0.001,5e-05,0.0,0,streaming,Gaussian-m5,gaussian,1026,4.935149255276114e-05,0.005340304947878207,4.561103161861013e-05,250.0,0.3980826610959205,1000.0,10.0,0.1,0.3,5.0,8.743114938452605,0.0
linear_slow_d20,20,5.0,linear,0.001,5e-05,0.0,0,streaming,Gaussian-m5,gaussian,1027,2.233409012177907e-05,0.008334409895399441,4.421916116439301e-05,300.0,0.397288421136877,1000.0,10.0,0.1,0.3,5.0,11.508428901229584,0.0
linear_slow_d20,20,5.0,linear,0.001,5e-05,0.0,0,streaming,Gaussian-m5,gaussian,1028,4.0051866386244485e-05,0.008648484168175577,4.061493006163409e-05,350.0,0.3980635821067633,1000.0,10.0,0.1,0.3,5.0,8.724673311037144,0.0
linear_slow_d20,20,5.0,linear,0.001,5e-05,0.0,0,streaming,Gaussian-m5,gaussian,1029,3.528054695916209e-05,0.0076781184367511425,4.785119965382094e-05,300.0,0.3907388088997907,1000.0,10.0,0.1,0.3,5.0,8.307364326812868,0.0
linear_slow_d20,20,5.0,linear,0.001,5e-05,0.0,0,streaming,Gaussian-m5,gaussian,1030,2.2937779257317088e-05,0.008634949101952947,4.915545723156658e-05,350.0,0.39270309371499784,1000.0,10.0,0.1,0.3,5.0,6.926896418573437,0.0
linear_slow_d20,20,5.0,linear,0.001,5e-05,0.0,0,streaming,Gaussian-m20,gaussian,1001,5.521492551985616e-05,0.014502673862337079,6.213102197017509e-05,400.0,0.6489170768346118,250.0,40.0,0.2,0.3,20.0,4.82909703987071,0.0
linear_slow_d20,20,5.0,linear,0.001,5e-05,0.0,0,streaming,Gaussian-m20,gaussian,1002,4.480784008158177e-05,0.006278577966247805,5.317358787229078e-05,300.0,0.6550107793766539,250.0,40.0,0.2,0.3,20.0,3.98847472431953,0.0
linear_slow_d20,20,5.0,linear,0.001,5e-05,0.0,0,streaming,Gaussian-m20,gaussian,1003,3.9199400116584466e-05,0.006934300569673117,4.9964173775387626e-05,250.0,0.6503134152948048,250.0,40.0,0.2,0.3,20.0,2.651759842685209,0.0
linear_slow_d20,20,5.0,linear,0.001,5e-05,0.0,0,streaming,Gaussian-m20,gaussian,1004,3.447866600402048e-05,0.008985582467232819,5.038134717557111e-05,400.0,0.6480032586211387,250.0,40.0,0.2,0.3,20.0,5.057321004253627,0.0
linear_slow_d20,20,5.0,linear,0.001,5e-05,0.0,0,streaming,Gaussian-m20,gaussian,1005,2.245658033900471e-05,0.010608741905281166,5.243638781112259e-05,400.0,0.6523582289108022,250.0,40.0,0.2,0.3,20.0,4.714928068471212,0.0
linear_slow_d20,20,5.0,linear,0.001,5e-05,0.0,0,streaming,Gaussian-m20,gaussian,1006,3.8654063339524285e-05,0.01027693789663066,4.758361262312076e-05,400.0,0.6551477302670152,250.0,40.0,0.2,0.3,20.0,3.637306994489823,0.0
linear_slow_d20,20,5.0,linear,0.001,5e-05,0.0,0,streaming,Gaussian-m20,gaussian,1007,4.140067594027366e-05,0.011514859318881712,5.3071271913143044e-05,450.0,0.6552432604440162,250.0,40.0,0.2,0.3,20.0,4.550895651918624,0.0
linear_slow_d20,20,5.0,linear,0.001,5e-05,0.0,0,streaming,Gaussian-m20,gaussian,1008,5.50805719737091e-05,0.010369063164023482,5.0586485750822086e-05,400.0,0.6472969981090378,250.0,40.0,0.2,0.3,20.0,5.181639289233112,0.0
linear_slow_d20,20,5.0,linear,0.001,5e-05,0.0,0,streaming,Gaussian-m20,gaussian,1009,9.14894216750253e-05,0.00823987920674235,6.142430114141905e-05,400.0,0.6458995733560445,250.0,40.0,0.2,0.3,20.0,5.7678268562498705,0.0
linear_slow_d20,20,5.0,linear,0.001,5e-05,0.0,0,streaming,Gaussian-m20,gaussian,1010,5.4568472756337404e-05,0.010478641051422643,6.25869690968192e-05,500.0,0.6428579259312781,250.0,40.0,0.2,0.3,20.0,5.208078014363447,0.0
linear_slow_d20,20,5.0,linear,0.001,5e-05,0.0,0,streaming,Gaussian-m20,gaussian,1011,8.716947601259016e-05,0.010780754137613965,5.3731111259714025e-05,400.0,0.6479881985537076,250.0,40.0,0.2,0.3,20.0,2.7642436083742377,0.0
linear_slow_d20,20,5.0,linear,0.001,5e-05,0.0,0,streaming,Gaussian-m20,gaussian,1012,2.3561881557064255e-05,0.011056469584795354,4.307390518057997e-05,400.0,0.649085802344201,250.0,40.0,0.2,0.3,20.0,2.765088496163222,0.0
linear_slow_d20,20,5.0,linear,0.001,5e-05,0.0,0,streaming,Gaussian-m20,gaussian,1013,5.7476687326341035e-05,0.010958015510057258,5.825285232001076e-05,400.0,0.6476959491374702,250.0,40.0,0.2,0.3,20.0,4.6571544978627495,0.0
linear_slow_d20,20,5.0,linear,0.001,5e-05,0.0,0,streaming,Gaussian-m20,gaussian,1014,5.650210647550487e-05,0.008997822200035933,6.324951743935175e-05,400.0,0.6538871979552061,250.0,40.0,0.2,0.3,20.0,4.042473407620358,0.0
linear_slow_d20,20,5.0,linear,0.001,5e-05,0.0,0,streaming,Gaussian-m20,gaussian,1015,4.573849769811392e-05,0.007859844467398718,6.214344290241069e-05,400.0,0.6482609639851987,250.0,40.0,0.2,0.3,20.0,3.40240153929907,0.0
linear_slow_d20,20,5.0,linear,0.001,5e-05,0.0,0,streaming,Gaussian-m20,gaussian,1016,2.9967989398046743e-05,0.008741111693865959,4.721092688090327e-05,300.0,0.6545172410561102,250.0,40.0,0.2,0.3,20.0,4.87781923787011,0.0
linear_slow_d20,20,5.0,linear,0.001,5e-05,0.0,0,streaming,Gaussian-m20,gaussian,1017,3.53700918812841e-05,0.008077776928092383,4.9267146877119666e-05,400.0,0.6502062011123813,250.0,40.0,0.2,0.3,20.0,3.747546504262709,0.0
linear_slow_d20,20,5.0,linear,0.001,5e-05,0.0,0,streaming,Gaussian-m20,gaussian,1018,9.607595105308658e-06,0.006763208009229965,4.734043524970798e-05,300.0,0.6591674226397047,250.0,40.0,0.2,0.3,20.0,3.273494222769783,0.0
linear_slow_d20,20,5.0,linear,0.001,5e-05,0.0,0,streaming,Gaussian-m20,gaussian,1019,6.197096725037022e-05,0.009998056789846384,5.121327151021098e-05,400.0,0.6551900571412643,250.0,40.0,0.2,0.3,20.0,4.025800917274209,0.0
linear_slow_d20,20,5.0,linear,0.001,5e-05,0.0,0,streaming,Gaussian-m20,gaussian,1020,1.8439973626481244e-05,0.008723876134490136,6.464769229175881e-05,400.0,0.6514230489434724,250.0,40.0,0.2,0.3,20.0,3.843757743952356,0.0
linear_slow_d20,20,5.0,linear,0.001,5e-05,0.0,0,streaming,Gaussian-m20,gaussian,1021,3.161548266822267e-05,0.010644775262376697,4.859820033293302e-05,450.0,0.657369579367575,250.0,40.0,0.2,0.3,20.0,6.1825173437525285,0.0
linear_slow_d20,20,5.0,linear,0.001,5e-05,0.0,0,streaming,Gaussian-m20,gaussian,1022,3.931141398897076e-05,0.010790095490317635,5.101285196638732e-05,350.0,0.651829745735791,250.0,40.0,0.2,0.3,20.0,3.19167814324105,0.0
linear_slow_d20,20,5.0,linear,0.001,5e-05,0.0,0,streaming,Gaussian-m20,gaussian,1023,5.429181796825762e-05,0.005098607755745261,5.3732345582391005e-05,250.0,0.6453934524517506,250.0,40.0,0.2,0.3,20.0,4.267646045934916,0.0
linear_slow_d20,20,5.0,linear,0.001,5e-05,0.0,0,streaming,Gaussian-m20,gaussian,1024,5.906799592909726e-05,0.009655824153027,5.918761348349874e-05,350.0,0.6467526741700503,250.0,40.0,0.2,0.3,20.0,5.489246404313203,0.0
linear_slow_d20,20,5.0,linear,0.001,5e-05,0.0,0,streaming,Gaussian-m20,gaussian,1025,5.227290199065257e-05,0.009850323732023762,5.9544036777894726e-05,500.0,0.6605596486919445,250.0,40.0,0.2,0.3,20.0,3.7951059040936035,0.0
linear_slow_d20,20,5.0,linear,0.001,5e-05,0.0,0,streaming,Gaussian-m20,gaussian,1026,2.5690408314698702e-05,0.009498547289833412,5.961406438066211e-05,400.0,0.6578528477571463,250.0,40.0,0.2,0.3,20.0,3.8934411501494024,0.0
linear_slow_d20,20,5.0,linear,0.001,5e-05,0.0,0,streaming,Gaussian-m20,gaussian,1027,5.128424284229392e-05,0.008785605562511265,6.362786031724388e-05,350.0,0.6490609109238605,250.0,40.0,0.2,0.3,20.0,3.169493074089903,0.0
linear_slow_d20,20,5.0,linear,0.001,5e-05,0.0,0,streaming,Gaussian-m20,gaussian,1028,2.4360018154408997e-05,0.00679282910794591,4.872752224661342e-05,400.0,0.6587800263549346,250.0,40.0,0.2,0.3,20.0,4.523272585989302,0.0
linear_slow_d20,20,5.0,linear,0.001,5e-05,0.0,0,streaming,Gaussian-m20,gaussian,1029,6.01683241954698e-05,0.008663921207247611,5.6530318088140127e-05,400.0,0.6488921327799652,250.0,40.0,0.2,0.3,20.0,3.444528534828919,0.0
linear_slow_d20,20,5.0,linear,0.001,5e-05,0.0,0,streaming,Gaussian-m20,gaussian,1030,2.695842504451785e-05,0.007714094580467776,5.481128705466246e-05,400.0,0.6512034160510047,250.0,40.0,0.2,0.3,20.0,3.7925483963646975,0.0
linear_slow_d20,20,5.0,linear,0.001,5e-05,0.0,0,streaming,CoordinateCentral,coordinate,1001,0.0008525030800139667,0.021418100026253425,0.0009241883532275279,1200.0,0.8676111201907595,250.0,40.0,0.04,0.1,1.0,3.0061222427103345,0.0
linear_slow_d20,20,5.0,linear,0.001,5e-05,0.0,0,streaming,CoordinateCentral,coordinate,1002,0.0007862783266317053,0.02137903308857624,0.000867557662359504,1200.0,0.8603426826983253,250.0,40.0,0.04,0.1,1.0,3.018692368210707,0.0
linear_slow_d20,20,5.0,linear,0.001,5e-05,0.0,0,streaming,CoordinateCentral,coordinate,1003,0.0006815001857651946,0.021400353353982174,0.0007773000319024998,1200.0,0.8660254499927892,250.0,40.0,0.04,0.1,1.0,3.0045450617576717,0.0
linear_slow_d20,20,5.0,linear,0.001,5e-05,0.0,0,streaming,CoordinateCentral,coordinate,1004,0.0008453430452281165,0.021389920604464048,0.0008536907745289538,1200.0,0.8680166293338106,250.0,40.0,0.04,0.1,1.0,3.018705582646259,0.0
linear_slow_d20,20,5.0,linear,0.001,5e-05,0.0,0,streaming,CoordinateCentral,coordinate,1005,0.0008015927588825489,0.021412992020905353,0.0008351490032277209,1200.0,0.865278850735518,250.0,40.0,0.04,0.1,1.0,3.016745314259641,0.0
linear_slow_d20,20,5.0,linear,0.001,5e-05,0.0,0,streaming,CoordinateCentral,coordinate,1006,0.0008300593609298293,0.021372832587762826,0.0008678630376897593,1200.0,0.8692957555826667,250.0,40.0,0.04,0.1,1.0,3.009252280699708,0.0
linear_slow_d20,20,5.0,linear,0.001,5e-05,0.0,0,streaming,CoordinateCentral,coordinate,1007,0.0009398448789468512,0.021404098213933215,0.0009061586472886818,1200.0,0.8673596516215403,250.0,40.0,0.04,0.1,1.0,3.0041335972093792,0.0
linear_slow_d20,20,5.0,linear,0.001,5e-05,0.0,0,streaming,CoordinateCentral,coordinate,1008,0.0008846747805547495,0.02138935777608124,0.000864818874455623,1200.0,0.8658404901914124,250.0,40.0,0.04,0.1,1.0,3.001313273473241,0.0
linear_slow_d20,20,5.0,linear,0.001,5e-05,0.0,0,streaming,CoordinateCentral,coordinate,1009,0.0008962000919894395,0.021395180419523315,0.0008769754075541625,1200.0,0.8643067885413954,250.0,40.0,0.04,0.1,1.0,3.012789275330964,0.0
linear_slow_d20,20,5.0,linear,0.001,5e-05,0.0,0,streaming,CoordinateCentral,coordinate,1010,0.0008763019239377912,0.021443569447404894,0.0008421052738759063,1200.0,0.869524450110669,250.0,40.0,0.04,0.1,1.0,3.0071237411886558,0.0
linear_slow_d20,20,5.0,linear,0.001,5e-05,0.0,0,streaming,CoordinateCentral,coordinate,1011,0.0008885529263823202,0.021458880007068908,0.0008732338832390676,1200.0,0.8659573857451667,250.0,40.0,0.04,0.1,1.0,3.0147947323110906,0.0
linear_slow_d20,20,5.0,linear,0.001,5e-05,0.0,0,streaming,CoordinateCentral,coordinate,1012,0.0007993661701687425,0.021359463899304296,0.0008236331123638993,1200.0,0.8657334047982157,250.0,40.0,0.04,0.1,1.0,3.0028047114902305,0.0
linear_slow_d20,20,5.0,linear,0.001,5e-05,0.0,0,streaming,CoordinateCentral,coordinate,1013,0.0007467000782085635,0.021398054555352073,0.0007928536708239044,1200.0,0.8660419571728751,250.0,40.0,0.04,0.1,1.0,3.022913160908142,0.0
linear_slow_d20,20,5.0,linear,0.001,5e-05,0.0,0,streaming,CoordinateCentral,coordinate,1014,0.0008008762372633571,0.02137755181416073,0.0008150372856603188,1200.0,0.86725013756156,250.0,40.0,0.04,0.1,1.0,3.0029121714451747,0.0
linear_slow_d20,20,5.0,linear,0.001,5e-05,0.0,0,streaming,CoordinateCentral,coordinate,1015,0.0008326878119348821,0.021394038774271408,0.000847794226707209,1200.0,0.8681102431884763,250.0,40.0,0.04,0.1,1.0,3.0130911198049906,0.0
linear_slow_d20,20,5.0,linear,0.001,5e-05,0.0,0,streaming,CoordinateCentral,coordinate,1016,0.0008516220861798195,0.0214514726608567,0.0008952450626451631,1200.0,0.8704914243939177,250.0,40.0,0.04,0.1,1.0,3.0083419942971457,0.0
linear_slow_d20,20,5.0,linear,0.001,5e-05,0.0,0,streaming,CoordinateCentral,coordinate,1017,0.0008684843357859679,0.021408309508718477,0.0008585357468036271,1200.0,0.8674098979857177,250.0,40.0,0.04,0.1,1.0,3.022145099944864,0.0
linear_slow_d20,20,5.0,linear,0.001,5e-05,0.0,0,streaming,CoordinateCentral,coordinate,1018,0.0008009919943654228,0.02140354967264089,0.0008820524048114085,1200.0,0.8713955551225628,250.0,40.0,0.04,0.1,1.0,3.0195163604257966,0.0
linear_slow_d20,20,5.0,linear,0.001,5e-05,0.0,0,streaming,CoordinateCentral,coordinate,1019,0.0007222192116825577,0.02141845856712025,0.0008509474887646567,1200.0,0.8686500797831311,250.0,40.0,0.04,0.1,1.0,3.011623896913604,0.0
linear_slow_d20,20,5.0,linear,0.001,5e-05,0.0,0,streaming,CoordinateCentral,coordinate,1020,0.0008417084800977323,0.02136802013666181,0.0008663738648163405,1200.0,0.8625718907811818,250.0,40.0,0.04,0.1,1.0,3.0163723247487377,0.0
linear_slow_d20,20,5.0,linear,0.001,5e-05,0.0,0,streaming,CoordinateCentral,coordinate,1021,0.0008045325170708803,0.021445806336363834,0.0009562818420541212,1200.0,0.8687760115142644,250.0,40.0,0.04,0.1,1.0,3.0141595719941727,0.0
linear_slow_d20,20,5.0,linear,0.001,5e-05,0.0,0,streaming,CoordinateCentral,coordinate,1022,0.0008306000992781069,0.021384601741233713,0.0008394838132612569,1200.0,0.8621330354104548,250.0,40.0,0.04,0.1,1.0,3.0237584816259715,0.0
linear_slow_d20,20,5.0,linear,0.001,5e-05,0.0,0,streaming,CoordinateCentral,coordinate,1023,0.0008021294311290143,0.021436633574193523,0.0009085399363088015,1200.0,0.8677433585848595,250.0,40.0,0.04,0.1,1.0,3.008064988680057,0.0
linear_slow_d20,20,5.0,linear,0.001,5e-05,0.0,0,streaming,CoordinateCentral,coordinate,1024,0.0007744398637632195,0.02137708324907977,0.0008612602522949647,1200.0,0.8667711667037751,250.0,40.0,0.04,0.1,1.0,3.0207903882054143,0.0
linear_slow_d20,20,5.0,linear,0.001,5e-05,0.0,0,streaming,CoordinateCentral,coordinate,1025,0.0008118950748291445,0.02135664249250978,0.0008524210918789026,1200.0,0.8708479070949153,250.0,40.0,0.04,0.1,1.0,3.028037281955685,0.0
linear_slow_d20,20,5.0,linear,0.001,5e-05,0.0,0,streaming,CoordinateCentral,coordinate,1026,0.0008225669438157884,0.02134511305815071,0.000840122116738301,1200.0,0.8734933436972897,250.0,40.0,0.04,0.1,1.0,3.0109902770501304,0.0
linear_slow_d20,20,5.0,linear,0.001,5e-05,0.0,0,streaming,CoordinateCentral,coordinate,1027,0.0007815396929058401,0.021408910785439578,0.0008679318785899718,1200.0,0.8713860451595064,250.0,40.0,0.04,0.1,1.0,3.0077345221471115,0.0
linear_slow_d20,20,5.0,linear,0.001,5e-05,0.0,0,streaming,CoordinateCentral,coordinate,1028,0.0007943603743880945,0.02148825572092874,0.000833407712581283,1200.0,0.8678560977281097,250.0,40.0,0.04,0.1,1.0,3.004343976002992,0.0
linear_slow_d20,20,5.0,linear,0.001,5e-05,0.0,0,streaming,CoordinateCentral,coordinate,1029,0.000828716995309189,0.02145586482044229,0.0008782598499046182,1200.0,0.8647760056067696,250.0,40.0,0.04,0.1,1.0,3.005584391954558,0.0
linear_slow_d20,20,5.0,linear,0.001,5e-05,0.0,0,streaming,CoordinateCentral,coordinate,1030,0.000864496298780562,0.02144109422907005,0.0008382452494164255,1200.0,0.8675962407145569,250.0,40.0,0.04,0.1,1.0,3.011812937623496,0.0
linear_fast_d20,20,5.0,linear,0.001,0.001,0.0,0,frozen,FirstOrderReference,first_order,1001,0.0002184390650921786,0.0027229093624624333,0.0002184390650921943,50.0,0.9988340218283936,10000.0,1.0,0.04,0.0,1.0,3.0139374681374402,0.0
linear_fast_d20,20,5.0,linear,0.001,0.001,0.0,0,frozen,FirstOrderReference,first_order,1002,0.0002184390650921786,0.0027229093624624333,0.0002184390650921943,50.0,0.9988340218283936,10000.0,1.0,0.04,0.0,1.0,3.0139374681374402,0.0
linear_fast_d20,20,5.0,linear,0.001,0.001,0.0,0,frozen,FirstOrderReference,first_order,1003,0.0002184390650921786,0.0027229093624624333,0.0002184390650921943,50.0,0.9988340218283936,10000.0,1.0,0.04,0.0,1.0,3.0139374681374402,0.0
linear_fast_d20,20,5.0,linear,0.001,0.001,0.0,0,frozen,FirstOrderReference,first_order,1004,0.0002184390650921786,0.0027229093624624333,0.0002184390650921943,50.0,0.9988340218283936,10000.0,1.0,0.04,0.0,1.0,3.0139374681374402,0.0
linear_fast_d20,20,5.0,linear,0.001,0.001,0.0,0,frozen,FirstOrderReference,first_order,1005,0.0002184390650921786,0.0027229093624624333,0.0002184390650921943,50.0,0.9988340218283936,10000.0,1.0,0.04,0.0,1.0,3.0139374681374402,0.0
linear_fast_d20,20,5.0,linear,0.001,0.001,0.0,0,frozen,FirstOrderReference,first_order,1006,0.0002184390650921786,0.0027229093624624333,0.0002184390650921943,50.0,0.9988340218283936,10000.0,1.0,0.04,0.0,1.0,3.0139374681374402,0.0
linear_fast_d20,20,5.0,linear,0.001,0.001,0.0,0,frozen,FirstOrderReference,first_order,1007,0.0002184390650921786,0.0027229093624624333,0.0002184390650921943,50.0,0.9988340218283936,10000.0,1.0,0.04,0.0,1.0,3.0139374681374402,0.0
linear_fast_d20,20,5.0,linear,0.001,0.001,0.0,0,frozen,FirstOrderReference,first_order,1008,0.0002184390650921786,0.0027229093624624333,0.0002184390650921943,50.0,0.9988340218283936,10000.0,1.0,0.04,0.0,1.0,3.0139374681374402,0.0
linear_fast_d20,20,5.0,linear,0.001,0.001,0.0,0,frozen,FirstOrderReference,first_order,1009,0.0002184390650921786,0.0027229093624624333,0.0002184390650921943,50.0,0.9988340218283936,10000.0,1.0,0.04,0.0,1.0,3.0139374681374402,0.0
linear_fast_d20,20,5.0,linear,0.001,0.001,0.0,0,frozen,FirstOrderReference,first_order,1010,0.0002184390650921786,0.0027229093624624333,0.0002184390650921943,50.0,0.9988340218283936,10000.0,1.0,0.04,0.0,1.0,3.0139374681374402,0.0
linear_fast_d20,20,5.0,linear,0.001,0.001,0.0,0,frozen,FirstOrderReference,first_order,1011,0.0002184390650921786,0.0027229093624624333,0.0002184390650921943,50.0,0.9988340218283936,10000.0,1.0,0.04,0.0,1.0,3.0139374681374402,0.0
linear_fast_d20,20,5.0,linear,0.001,0.001,0.0,0,frozen,FirstOrderReference,first_order,1012,0.0002184390650921786,0.0027229093624624333,0.0002184390650921943,50.0,0.9988340218283936,10000.0,1.0,0.04,0.0,1.0,3.0139374681374402,0.0
linear_fast_d20,20,5.0,linear,0.001,0.001,0.0,0,frozen,FirstOrderReference,first_order,1013,0.0002184390650921786,0.0027229093624624333,0.0002184390650921943,50.0,0.9988340218283936,10000.0,1.0,0.04,0.0,1.0,3.0139374681374402,0.0
linear_fast_d20,20,5.0,linear,0.001,0.001,0.0,0,frozen,FirstOrderReference,first_order,1014,0.0002184390650921786,0.0027229093624624333,0.0002184390650921943,50.0,0.9988340218283936,10000.0,1.0,0.04,0.0,1.0,3.0139374681374402,0.0
linear_fast_d20,20,5.0,linear,0.001,0.001,0.0,0,frozen,FirstOrderReference,first_order,1015,0.0002184390650921786,0.0027229093624624333,0.0002184390650921943,50.0,0.9988340218283936,10000.0,1.0,0.04,0.0,1.0,3.0139374681374402,0.0
linear_fast_d20,20,5.0,linear,0.001,0.001,0.0,0,frozen,FirstOrderReference,first_order,1016,0.0002184390650921786,0.0027229093624624333,0.0002184390650921943,50.0,0.9988340218283936,10000.0,1.0,0.04,0.0,1.0,3.0139374681374402,0.0
linear_fast_d20,20,5.0,linear,0.001,0.001,0.0,0,frozen,FirstOrderReference,first_order,1017,0.0002184390650921786,0.0027229093624624333,0.0002184390650921943,50.0,0.9988340218283936,10000.0,1.0,0.04,0.0,1.0,3.0139374681374402,0.0
linear_fast_d20,20,5.0,linear,0.001,0.001,0.0,0,frozen,FirstOrderReference,first_order,1018,0.0002184390650921786,0.0027229093624624333,0.0002184390650921943,50.0,0.9988340218283936,10000.0,1.0,0.04,0.0,1.0,3.0139374681374402,0.0
linear_fast_d20,20,5.0,linear,0.001,0.001,0.0,0,frozen,FirstOrderReference,first_order,1019,0.0002184390650921786,0.0027229093624624333,0.0002184390650921943,50.0,0.9988340218283936,10000.0,1.0,0.04,0.0,1.0,3.0139374681374402,0.0
linear_fast_d20,20,5.0,linear,0.001,0.001,0.0,0,frozen,FirstOrderReference,first_order,1020,0.0002184390650921786,0.0027229093624624333,0.0002184390650921943,50.0,0.9988340218283936,10000.0,1.0,0.04,0.0,1.0,3.0139374681374402,0.0
linear_fast_d20,20,5.0,linear,0.001,0.001,0.0,0,frozen,FirstOrderReference,first_order,1021,0.0002184390650921786,0.0027229093624624333,0.0002184390650921943,50.0,0.9988340218283936,10000.0,1.0,0.04,0.0,1.0,3.0139374681374402,0.0
linear_fast_d20,20,5.0,linear,0.001,0.001,0.0,0,frozen,FirstOrderReference,first_order,1022,0.0002184390650921786,0.0027229093624624333,0.0002184390650921943,50.0,0.9988340218283936,10000.0,1.0,0.04,0.0,1.0,3.0139374681374402,0.0
linear_fast_d20,20,5.0,linear,0.001,0.001,0.0,0,frozen,FirstOrderReference,first_order,1023,0.0002184390650921786,0.0027229093624624333,0.0002184390650921943,50.0,0.9988340218283936,10000.0,1.0,0.04,0.0,1.0,3.0139374681374402,0.0
linear_fast_d20,20,5.0,linear,0.001,0.001,0.0,0,frozen,FirstOrderReference,first_order,1024,0.0002184390650921786,0.0027229093624624333,0.0002184390650921943,50.0,0.9988340218283936,10000.0,1.0,0.04,0.0,1.0,3.0139374681374402,0.0
linear_fast_d20,20,5.0,linear,0.001,0.001,0.0,0,frozen,FirstOrderReference,first_order,1025,0.0002184390650921786,0.0027229093624624333,0.0002184390650921943,50.0,0.9988340218283936,10000.0,1.0,0.04,0.0,1.0,3.0139374681374402,0.0
linear_fast_d20,20,5.0,linear,0.001,0.001,0.0,0,frozen,FirstOrderReference,first_order,1026,0.0002184390650921786,0.0027229093624624333,0.0002184390650921943,50.0,0.9988340218283936,10000.0,1.0,0.04,0.0,1.0,3.0139374681374402,0.0
linear_fast_d20,20,5.0,linear,0.001,0.001,0.0,0,frozen,FirstOrderReference,first_order,1027,0.0002184390650921786,0.0027229093624624333,0.0002184390650921943,50.0,0.9988340218283936,10000.0,1.0,0.04,0.0,1.0,3.0139374681374402,0.0
linear_fast_d20,20,5.0,linear,0.001,0.001,0.0,0,frozen,FirstOrderReference,first_order,1028,0.0002184390650921786,0.0027229093624624333,0.0002184390650921943,50.0,0.9988340218283936,10000.0,1.0,0.04,0.0,1.0,3.0139374681374402,0.0
linear_fast_d20,20,5.0,linear,0.001,0.001,0.0,0,frozen,FirstOrderReference,first_order,1029,0.0002184390650921786,0.0027229093624624333,0.0002184390650921943,50.0,0.9988340218283936,10000.0,1.0,0.04,0.0,1.0,3.0139374681374402,0.0
linear_fast_d20,20,5.0,linear,0.001,0.001,0.0,0,frozen,FirstOrderReference,first_order,1030,0.0002184390650921786,0.0027229093624624333,0.0002184390650921943,50.0,0.9988340218283936,10000.0,1.0,0.04,0.0,1.0,3.0139374681374402,0.0
linear_fast_d20,20,5.0,linear,0.001,0.001,0.0,0,frozen,SPSA-m1,spsa,1001,0.007715280075946031,0.010087106298395147,0.004777039273294477,300.0,0.18139876374435063,5000.0,2.0,0.020000000000000004,0.1,1.0,20.35031448939809,0.0
linear_fast_d20,20,5.0,linear,0.001,0.001,0.0,0,frozen,SPSA-m1,spsa,1002,0.003161373646742295,0.011133205150500317,0.004913061613440966,200.0,0.17842610961699676,5000.0,2.0,0.020000000000000004,0.1,1.0,23.041568953575908,0.0
linear_fast_d20,20,5.0,linear,0.001,0.001,0.0,0,frozen,SPSA-m1,spsa,1003,0.003321033881742081,0.011483022100318565,0.005334951389355412,350.0,0.18046569812006916,5000.0,2.0,0.020000000000000004,0.1,1.0,23.438776100430648,0.0
linear_fast_d20,20,5.0,linear,0.001,0.001,0.0,0,frozen,SPSA-m1,spsa,1004,0.004921098608849935,0.01165769389453881,0.004830068467566538,250.0,0.17963492762139857,5000.0,2.0,0.020000000000000004,0.1,1.0,23.810008351727763,0.0
linear_fast_d20,20,5.0,linear,0.001,0.001,0.0,0,frozen,SPSA-m1,spsa,1005,0.0022805916683308705,0.012280298828836356,0.004593625039270569,250.0,0.18203578961615152,5000.0,2.0,0.020000000000000004,0.1,1.0,18.113597888511194,0.0
linear_fast_d20,20,5.0,linear,0.001,0.001,0.0,0,frozen,SPSA-m1,spsa,1006,0.002610406524361456,0.010587433519490232,0.005294010215816,250.0,0.18092688753500483,5000.0,2.0,0.020000000000000004,0.1,1.0,21.527235434567167,0.0
linear_fast_d20,20,5.0,linear,0.001,0.001,0.0,0,frozen,SPSA-m1,spsa,1007,0.004690608518251692,0.012605098146233224,0.006926094743791669,350.0,0.18036346803254244,5000.0,2.0,0.020000000000000004,0.1,1.0,21.604391327744025,0.0
linear_fast_d20,20,5.0,linear,0.001,0.001,0.0,0,frozen,SPSA-m1,spsa,1008,0.006060372307529499,0.010867852771169311,0.005952474994942493,200.0,0.1829604687636653,5000.0,2.0,0.020000000000000004,0.1,1.0,21.14754501803272,0.0
linear_fast_d20,20,5.0,linear,0.001,0.001,0.0,0,frozen,SPSA-m1,spsa,1009,0.0029575489016877444,0.0105391621012999,0.004307697672189965,250.0,0.1825030088122536,5000.0,2.0,0.020000000000000004,0.1,1.0,21.78767056601441,0.0
linear_fast_d20,20,5.0,linear,0.001,0.001,0.0,0,frozen,SPSA-m1,spsa,1010,0.0057730564664933435,0.01077836072792761,0.005923498276905601,250.0,0.18256738796117783,5000.0,2.0,0.020000000000000004,0.1,1.0,33.89353978894351,0.0
linear_fast_d20,20,5.0,linear,0.001,0.001,0.0,0,frozen,SPSA-m1,spsa,1011,0.01219646097906509,0.010169008208594798,0.006200107928574343,400.0,0.17843530307237007,5000.0,2.0,0.020000000000000004,0.1,1.0,27.29855864812668,0.0
linear_fast_d20,20,5.0,linear,0.001,0.001,0.0,0,frozen,SPSA-m1,spsa,1012,0.005713117596502403,0.01018264565650992,0.005744579940075545,250.0,0.17709639998385324,5000.0,2.0,0.020000000000000004,0.1,1.0,29.70755013326616,0.0
linear_fast_d20,20,5.0,linear,0.001,0.001,0.0,0,frozen,SPSA-m1,spsa,1013,0.008643127942892617,0.011092835423236832,0.005927639272363538,250.0,0.1822979431394212,5000.0,2.0,0.020000000000000004,0.1,1.0,22.321010429192878,0.0
linear_fast_d20,20,5.0,linear,0.001,0.001,0.0,0,frozen,SPSA-m1,spsa,1014,0.003846200826660674,0.008875121053741386,0.004466185532722326,250.0,0.18361205749469386,5000.0,2.0,0.020000000000000004,0.1,1.0,24.24992900585865,0.0
linear_fast_d20,20,5.0,linear,0.001,0.001,0.0,0,frozen,SPSA-m1,spsa,1015,0.00936182766898205,0.009744646966702297,0.005864177665687055,250.0,0.18407994013921017,5000.0,2.0,0.020000000000000004,0.1,1.0,27.310466335402953,0.0
linear_fast_d20,20,5.0,linear,0.001,0.001,0.0,0,frozen,SPSA-m1,spsa,1016,0.005359528000584613,0.00999330683875615,0.004636183239490836,300.0,0.18031233622073722,5000.0,2.0,0.020000000000000004,0.1,1.0,26.859829241721318,0.0
linear_fast_d20,20,5.0,linear,0.001,0.001,0.0,0,frozen,SPSA-m1,spsa,1017,0.007256525083764183,0.009930176259439543,0.0063788247578672646,200.0,0.1788043156189302,5000.0,2.0,0.020000000000000004,0.1,1.0,28.03261205421663,0.0
linear_fast_d20,20,5.0,linear,0.001,0.001,0.0,0,frozen,SPSA-m1,spsa,1018,0.0030911208991507874,0.009895912150849567,0.006077647559815699,250.0,0.18276254926603902,5000.0,2.0,0.020000000000000004,0.1,1.0,25.743924297353352,0.0
linear_fast_d20,20,5.0,linear,0.001,0.001,0.0,0,frozen,SPSA-m1,spsa,1019,0.003549501544400627,0.009811727366125624,0.005732892172381037,350.0,0.1793604416769918,5000.0,2.0,0.020000000000000004,0.1,1.0,26.463325943961102,0.0
linear_fast_d20,20,5.0,linear,0.001,0.001,0.0,0,frozen,SPSA-m1,spsa,1020,0.006458099831004708,0.012232236816717142,0.005286852512367247,250.0,0.17993473541930885,5000.0,2.0,0.020000000000000004,0.1,1.0,20.529139492821304,0.0
linear_fast_d20,20,5.0,linear,0.001,0.001,0.0,0,frozen,SPSA-m1,spsa,1021,0.020741873262925023,0.01163414586768465,0.008353038895277592,250.0,0.17757107097649133,5000.0,2.0,0.020000000000000004,0.1,1.0,21.70583237003699,0.0
linear_fast_d20,20,5.0,linear,0.001,0.001,0.0,0,frozen,SPSA-m1,spsa,1022,0.008246475315787543,0.00954834144838807,0.006361239262185294,350.0,0.17896489990655737,5000.0,2.0,0.020000000000000004,0.1,1.0,30.157530992662824,0.0
linear_fast_d20,20,5.0,linear,0.001,0.001,0.0,0,frozen,SPSA-m1,spsa,1023,0.00638912252645503,0.011834081201993259,0.005025220833845861,300.0,0.18195557895978332,5000.0,2.0,0.020000000000000004,0.1,1.0,21.108391988579534,0.0
linear_fast_d20,20,5.0,linear,0.001,0.001,0.0,0,frozen,SPSA-m1,spsa,1024,0.0027914998202665372,0.010403716105035724,0.005824655745156358,300.0,0.17985112550105284,5000.0,2.0,0.020000000000000004,0.1,1.0,20.707098893745382,0.0
linear_fast_d20,20,5.0,linear,0.001,0.001,0.0,0,frozen,SPSA-m1,spsa,1025,0.004910423057387802,0.010269733039880775,0.00469384843254925,250.0,0.17830049298394693,5000.0,2.0,0.020000000000000004,0.1,1.0,27.61444213416297,0.0
linear_fast_d20,20,5.0,linear,0.001,0.001,0.0,0,frozen,SPSA-m1,spsa,1026,0.0032538927407719403,0.009434837473832001,0.004826922764207457,200.0,0.17973518473154923,5000.0,2.0,0.020000000000000004,0.1,1.0,27.6813511751853,0.0
linear_fast_d20,20,5.0,linear,0.001,0.001,0.0,0,frozen,SPSA-m1,spsa,1027,0.0073627770945839145,0.00988438348675397,0.005573695964943579,250.0,0.18062100737127607,5000.0,2.0,0.020000000000000004,0.1,1.0,26.250939933303368,0.0
linear_fast_d20,20,5.0,linear,0.001,0.001,0.0,0,frozen,SPSA-m1,spsa,1028,0.0036862252235764356,0.011668490644430941,0.005543203897989262,400.0,0.17967398380986796,5000.0,2.0,0.020000000000000004,0.1,1.0,27.25111009937705,0.0
linear_fast_d20,20,5.0,linear,0.001,0.001,0.0,0,frozen,SPSA-m1,spsa,1029,0.003657123868767882,0.011486569061477058,0.005533978614434559,250.0,0.1783865181554597,5000.0,2.0,0.020000000000000004,0.1,1.0,20.23923641164914,0.0
linear_fast_d20,20,5.0,linear,0.001,0.001,0.0,0,frozen,SPSA-m1,spsa,1030,0.0037795349910756696,0.009394650064371263,0.005063127348097584,200.0,0.1826702751713931,5000.0,2.0,0.020000000000000004,0.1,1.0,19.776293882684893,0.0
linear_fast_d20,20,5.0,linear,0.001,0.001,0.0,0,frozen,Gaussian-m1,gaussian,1001,0.0030522773755202186,0.01195396280416614,0.005271531362607195,250.0,0.18038894819999501,5000.0,2.0,0.020000000000000004,0.3,1.0,21.515933340353804,0.0
linear_fast_d20,20,5.0,linear,0.001,0.001,0.0,0,frozen,Gaussian-m1,gaussian,1002,0.007123467583438928,0.010340549778158651,0.0055766495071928185,250.0,0.17979489992958234,5000.0,2.0,0.020000000000000004,0.3,1.0,25.360863479535574,0.0
linear_fast_d20,20,5.0,linear,0.001,0.001,0.0,0,frozen,Gaussian-m1,gaussian,1003,0.004552207735532803,0.008983305419469111,0.005614721666545017,200.0,0.18188856924056773,5000.0,2.0,0.020000000000000004,0.3,1.0,26.283194979689668,0.0
linear_fast_d20,20,5.0,linear,0.001,0.001,0.0,0,frozen,Gaussian-m1,gaussian,1004,0.004280120391625663,0.009389913398849,0.005697983503652823,250.0,0.18052818185449018,5000.0,2.0,0.020000000000000004,0.3,1.0,31.722048133254965,0.0
linear_fast_d20,20,5.0,linear,0.001,0.001,0.0,0,frozen,Gaussian-m1,gaussian,1005,0.0034263374995807633,0.01150632470080344,0.0060504659766734015,300.0,0.178781561274989,5000.0,2.0,0.020000000000000004,0.3,1.0,24.88658097558587,0.0
linear_fast_d20,20,5.0,linear,0.001,0.001,0.0,0,frozen,Gaussian-m1,gaussian,1006,0.004031832817242302,0.010711337288170569,0.004161562425321694,200.0,0.18112618466175476,5000.0,2.0,0.020000000000000004,0.3,1.0,23.569776675554593,0.0
linear_fast_d20,20,5.0,linear,0.001,0.001,0.0,0,frozen,Gaussian-m1,gaussian,1007,0.005410524231468948,0.011402142160204817,0.005159953410660977,200.0,0.17842991339662403,5000.0,2.0,0.020000000000000004,0.3,1.0,29.070354569694935,0.0
linear_fast_d20,20,5.0,linear,0.001,0.001,0.0,0,frozen,Gaussian-m1,gaussian,1008,0.006579702813225212,0.010225968929037045,0.0045471792529528515,300.0,0.17954787822692747,5000.0,2.0,0.020000000000000004,0.3,1.0,23.009789921012374,0.0
linear_fast_d20,20,5.0,linear,0.001,0.001,0.0,0,frozen,Gaussian-m1,gaussian,1009,0.00905657485662361,0.011499820741326045,0.0064749383352448835,300.0,0.1773060283491202,5000.0,2.0,0.020000000000000004,0.3,1.0,18.809675379077035,0.0
linear_fast_d20,20,5.0,linear,0.001,0.001,0.0,0,frozen,Gaussian-m1,gaussian,1010,0.008226622901774405,0.012490025325017555,0.005651421715157181,350.0,0.18005614938711265,5000.0,2.0,0.020000000000000004,0.3,1.0,16.262259561291316,0.0
linear_fast_d20,20,5.0,linear,0.001,0.001,0.0,0,frozen,Gaussian-m1,gaussian,1011,0.008276548978651226,0.010882133852404838,0.006217960443419054,350.0,0.18233950524376605,5000.0,2.0,0.020000000000000004,0.3,1.0,27.03107775222868,0.0
linear_fast_d20,20,5.0,linear,0.001,0.001,0.0,0,frozen,Gaussian-m1,gaussian,1012,0.006677852205847213,0.01273294546059732,0.006267782682471067,250.0,0.18077990885351336,5000.0,2.0,0.020000000000000004,0.3,1.0,23.105609595384692,0.0
linear_fast_d20,20,5.0,linear,0.001,0.001,0.0,0,frozen,Gaussian-m1,gaussian,1013,0.004880865137948813,0.00893863094434414,0.005296560845157129,200.0,0.17830083635827884,5000.0,2.0,0.020000000000000004,0.3,1.0,26.870572119381762,0.0
linear_fast_d20,20,5.0,linear,0.001,0.001,0.0,0,frozen,Gaussian-m1,gaussian,1014,0.0034192296122589026,0.010531716877939499,0.0052798527648907365,200.0,0.17988512454291503,5000.0,2.0,0.020000000000000004,0.3,1.0,23.519669750234378,0.0
linear_fast_d20,20,5.0,linear,0.001,0.001,0.0,0,frozen,Gaussian-m1,gaussian,1015,0.005459035608160322,0.012113280761672823,0.005499418982896774,250.0,0.180714290183146,5000.0,2.0,0.020000000000000004,0.3,1.0,22.687206801265088,0.0
linear_fast_d20,20,5.0,linear,0.001,0.001,0.0,0,frozen,Gaussian-m1,gaussian,1016,0.005967273745448503,0.00943571785916369,0.004854439257424075,300.0,0.18034817920534005,5000.0,2.0,0.020000000000000004,0.3,1.0,29.022847091469202,0.0
linear_fast_d20,20,5.0,linear,0.001,0.001,0.0,0,frozen,Gaussian-m1,gaussian,1017,0.003401759260223032,0.010605468198861635,0.005746988045910462,250.0,0.1807963014969367,5000.0,2.0,0.020000000000000004,0.3,1.0,30.092477111927263,0.0
linear_fast_d20,20,5.0,linear,0.001,0.001,0.0,0,frozen,Gaussian-m1,gaussian,1018,0.004219261147922355,0.012404096803281693,0.006234925045376982,300.0,0.18006165982541905,5000.0,2.0,0.020000000000000004,0.3,1.0,21.942180866607714,0.0
linear_fast_d20,20,5.0,linear,0.001,0.001,0.0,0,frozen,Gaussian-m1,gaussian,1019,0.007246860216524676,0.010102426709406481,0.005746654339009483,200.0,0.180233353736688,5000.0,2.0,0.020000000000000004,0.3,1.0,27.864649241300377,0.0
linear_fast_d20,20,5.0,linear,0.001,0.001,0.0,0,frozen,Gaussian-m1,gaussian,1020,0.008349003399350552,0.011143537956004139,0.0052963257388023415,300.0,0.18149753309980404,5000.0,2.0,0.020000000000000004,0.3,1.0,19.828018113906918,0.0
linear_fast_d20,20,5.0,linear,0.001,0.001,0.0,0,frozen,Gaussian-m1,gaussian,1021,0.004768991492089526,0.010591299801726186,0.005362998780633018,200.0,0.1796110947191028,5000.0,2.0,0.020000000000000004,0.3,1.0,25.363323919140488,0.0
linear_fast_d20,20,5.0,linear,0.001,0.001,0.0,0,frozen,Gaussian-m1,gaussian,1022,0.005368519932136664,0.011293535609733512,0.006049335017689004,200.0,0.17848188135264706,5000.0,2.0,0.020000000000000004,0.3,1.0,20.4711357478335,0.0
linear_fast_d20,20,5.0,linear,0.001,0.001,0.0,0,frozen,Gaussian-m1,gaussian,1023,0.0052681513223258635,0.011379892124676945,0.005792832854255181,250.0,0.1843421002984114,5000.0,2.0,0.020000000000000004,0.3,1.0,16.68667185628436,0.0
linear_fast_d20,20,5.0,linear,0.001,0.001,0.0,0,frozen,Gaussian-m1,gaussian,1024,0.005964053672098461,0.009038543464194554,0.006277010087252887,250.0,0.1784058002332376,5000.0,2.0,0.020000000000000004,0.3,1.0,27.7000659427675,0.0
linear_fast_d20,20,5.0,linear,0.001,0.001,0.0,0,frozen,Gaussian-m1,gaussian,1025,0.0044884617625852,0.009292791192002053,0.005420479125780426,200.0,0.18040528802167932,5000.0,2.0,0.020000000000000004,0.3,1.0,31.08571821738558,0.0
linear_fast_d20,20,5.0,linear,0.001,0.001,0.0,0,frozen,Gaussian-m1,gaussian,1026,0.006207350268281578,0.009003282986016686,0.00459390758238243,250.0,0.18294643073064862,5000.0,2.0,0.020000000000000004,0.3,1.0,30.402797995631754,0.0
linear_fast_d20,20,5.0,linear,0.001,0.001,0.0,0,frozen,Gaussian-m1,gaussian,1027,0.003953626892820545,0.008725748441684632,0.004909526581172666,200.0,0.1819375765526892,5000.0,2.0,0.020000000000000004,0.3,1.0,38.4103053940269,0.0
linear_fast_d20,20,5.0,linear,0.001,0.001,0.0,0,frozen,Gaussian-m1,gaussian,1028,0.0060151075185386265,0.009937060800998588,0.005180213283878212,250.0,0.1844844666542417,5000.0,2.0,0.020000000000000004,0.3,1.0,19.79989036433917,0.0
linear_fast_d20,20,5.0,linear,0.001,0.001,0.0,0,frozen,Gaussian-m1,gaussian,1029,0.0028236346867784416,0.009491961658560462,0.005101060044572838,250.0,0.1813904174587165,5000.0,2.0,0.020000000000000004,0.3,1.0,22.481615600975346,0.0
linear_fast_d20,20,5.0,linear,0.001,0.001,0.0,0,frozen,Gaussian-m1,gaussian,1030,0.0032173387316322224,0.010114123712594738,0.005508935030981582,200.0,0.18241768470787764,5000.0,2.0,0.020000000000000004,0.3,1.0,19.737087810481825,0.0
linear_fast_d20,20,5.0,linear,0.001,0.001,0.0,0,frozen,Gaussian-m5,gaussian,1001,0.005547538461193136,0.011744360550199028,0.005362992124983411,250.0,0.44866301039939593,1000.0,10.0,0.1,0.3,5.0,11.845983748997213,0.0
linear_fast_d20,20,5.0,linear,0.001,0.001,0.0,0,frozen,Gaussian-m5,gaussian,1002,0.012212267692000964,0.013616199643757789,0.0071072754157838055,350.0,0.44031811516544667,1000.0,10.0,0.1,0.3,5.0,6.071680124432896,0.0
linear_fast_d20,20,5.0,linear,0.001,0.001,0.0,0,frozen,Gaussian-m5,gaussian,1003,0.005063060078254102,0.014200374777109358,0.005889412871126523,550.0,0.44532367813919416,1000.0,10.0,0.1,0.3,5.0,6.301632747042826,0.0
linear_fast_d20,20,5.0,linear,0.001,0.001,0.0,0,frozen,Gaussian-m5,gaussian,1004,0.00738254953649389,0.015464381137767646,0.005974464413325573,400.0,0.43895747675346125,1000.0,10.0,0.1,0.3,5.0,7.803955619717237,0.0
linear_fast_d20,20,5.0,linear,0.001,0.001,0.0,0,frozen,Gaussian-m5,gaussian,1005,0.0030679767886534373,0.014284158121048336,0.005252662631313682,300.0,0.44235432205522485,1000.0,10.0,0.1,0.3,5.0,7.341751353714886,0.0
linear_fast_d20,20,5.0,linear,0.001,0.001,0.0,0,frozen,Gaussian-m5,gaussian,1006,0.006395304445185984,0.014839234916362156,0.005619045834525003,450.0,0.44143059628781917,1000.0,10.0,0.1,0.3,5.0,6.072549887950368,0.0
linear_fast_d20,20,5.0,linear,0.001,0.001,0.0,0,frozen,Gaussian-m5,gaussian,1007,0.004965168660241041,0.013479432357167651,0.007071728658215624,350.0,0.43987959805942944,1000.0,10.0,0.1,0.3,5.0,6.122888590666401,0.0
linear_fast_d20,20,5.0,linear,0.001,0.001,0.0,0,frozen,Gaussian-m5,gaussian,1008,0.0049894299689128745,0.013055308763698968,0.006959959526811713,300.0,0.4516152075222099,1000.0,10.0,0.1,0.3,5.0,5.76306877730197,0.0
linear_fast_d20,20,5.0,linear,0.001,0.001,0.0,0,frozen,Gaussian-m5,gaussian,1009,0.0039037318370872083,0.013407830260809703,0.006093654152969454,450.0,0.44359573136547664,1000.0,10.0,0.1,0.3,5.0,8.589020951910486,0.0
linear_fast_d20,20,5.0,linear,0.001,0.001,0.0,0,frozen,Gaussian-m5,gaussian,1010,0.005953420105897446,0.014354595137695764,0.0073600486628652975,400.0,0.44199497920118935,1000.0,10.0,0.1,0.3,5.0,7.653210502838277,0.0
linear_fast_d20,20,5.0,linear,0.001,0.001,0.0,0,frozen,Gaussian-m5,gaussian,1011,0.0026801935073141585,0.013057456100288129,0.005302374436481653,300.0,0.4464679641545473,1000.0,10.0,0.1,0.3,5.0,8.843831454562446,0.0
linear_fast_d20,20,5.0,linear,0.001,0.001,0.0,0,frozen,Gaussian-m5,gaussian,1012,0.011432213924332127,0.013036246363404438,0.006380513088960912,500.0,0.44392178173666386,1000.0,10.0,0.1,0.3,5.0,8.489424094339018,0.0
linear_fast_d20,20,5.0,linear,0.001,0.001,0.0,0,frozen,Gaussian-m5,gaussian,1013,0.006964985190844465,0.012519024388003749,0.006230213222953761,350.0,0.4413795127942442,1000.0,10.0,0.1,0.3,5.0,7.379050884829937,0.0
linear_fast_d20,20,5.0,linear,0.001,0.001,0.0,0,frozen,Gaussian-m5,gaussian,1014,0.007296312652301976,0.014377895661540996,0.006106670243152173,400.0,0.4427856134740051,1000.0,10.0,0.1,0.3,5.0,5.443677914742397,0.0
linear_fast_d20,20,5.0,linear,0.001,0.001,0.0,0,frozen,Gaussian-m5,gaussian,1015,0.0037381412346596077,0.013107609712058318,0.007182209808902408,250.0,0.44399896513337456,1000.0,10.0,0.1,0.3,5.0,8.734409655793717,0.0
linear_fast_d20,20,5.0,linear,0.001,0.001,0.0,0,frozen,Gaussian-m5,gaussian,1016,0.008057606315015476,0.011422251488344281,0.006667213698006848,300.0,0.4439444751872737,1000.0,10.0,0.1,0.3,5.0,9.086930983514629,0.0
linear_fast_d20,20,5.0,linear,0.001,0.001,0.0,0,frozen,Gaussian-m5,gaussian,1017,0.0053246608577530476,0.014640016193008976,0.0068967166922649535,350.0,0.43888978693272906,1000.0,10.0,0.1,0.3,5.0,6.633488695433158,0.0
linear_fast_d20,20,5.0,linear,0.001,0.001,0.0,0,frozen,Gaussian-m5,gaussian,1018,0.005140776382317631,0.016371577851766753,0.005428415339684001,550.0,0.4440104780338469,1000.0,10.0,0.1,0.3,5.0,6.785707391258181,0.0
linear_fast_d20,20,5.0,linear,0.001,0.001,0.0,0,frozen,Gaussian-m5,gaussian,1019,0.00820368508766589,0.01536845761970047,0.006270814031891186,350.0,0.44062910325503934,1000.0,10.0,0.1,0.3,5.0,7.382547996470877,0.0
linear_fast_d20,20,5.0,linear,0.001,0.001,0.0,0,frozen,Gaussian-m5,gaussian,1020,0.005520282090896264,0.012944748166681402,0.005693368576598787,350.0,0.44429685790897244,1000.0,10.0,0.1,0.3,5.0,11.25124379493941,0.0
linear_fast_d20,20,5.0,linear,0.001,0.001,0.0,0,frozen,Gaussian-m5,gaussian,1021,0.002925058092842786,0.012700825558901086,0.0065428706861130675,450.0,0.4456835488184328,1000.0,10.0,0.1,0.3,5.0,5.746231386428074,0.0
linear_fast_d20,20,5.0,linear,0.001,0.001,0.0,0,frozen,Gaussian-m5,gaussian,1022,0.006595043348882732,0.012128706769585348,0.0075943414334575755,350.0,0.43873905449677614,1000.0,10.0,0.1,0.3,5.0,6.179104031596986,0.0
linear_fast_d20,20,5.0,linear,0.001,0.001,0.0,0,frozen,Gaussian-m5,gaussian,1023,0.004393958515737305,0.013643939475580985,0.006032123472879159,500.0,0.4493083914493561,1000.0,10.0,0.1,0.3,5.0,4.9482709224468655,0.0
linear_fast_d20,20,5.0,linear,0.001,0.001,0.0,0,frozen,Gaussian-m5,gaussian,1024,0.007312952564285646,0.0119251524517548,0.006530113585953538,300.0,0.4482557574788664,1000.0,10.0,0.1,0.3,5.0,6.479426421696354,0.0
linear_fast_d20,20,5.0,linear,0.001,0.001,0.0,0,frozen,Gaussian-m5,gaussian,1025,0.00560257431355574,0.014210818280849764,0.007215292160307119,300.0,0.4396085244126117,1000.0,10.0,0.1,0.3,5.0,7.65329302673675,0.0
linear_fast_d20,20,5.0,linear,0.001,0.001,0.0,0,frozen,Gaussian-m5,gaussian,1026,0.0034347145423646985,0.01690174511393176,0.00570391489099587,350.0,0.44682025893916255,1000.0,10.0,0.1,0.3,5.0,8.634323397301108,0.0
linear_fast_d20,20,5.0,linear,0.001,0.001,0.0,0,frozen,Gaussian-m5,gaussian,1027,0.00395505870053517,0.0114958130540809,0.005896930142783748,350.0,0.44162267667210947,1000.0,10.0,0.1,0.3,5.0,8.305604792145807,0.0
linear_fast_d20,20,5.0,linear,0.001,0.001,0.0,0,frozen,Gaussian-m5,gaussian,1028,0.0036647222898716545,0.013182909845150389,0.006200413342386295,550.0,0.4488115425708774,1000.0,10.0,0.1,0.3,5.0,8.11630054907544,0.0
linear_fast_d20,20,5.0,linear,0.001,0.001,0.0,0,frozen,Gaussian-m5,gaussian,1029,0.007578360066767685,0.012031019153088036,0.005893671806309855,250.0,0.43925862133714816,1000.0,10.0,0.1,0.3,5.0,8.453770375361659,0.0
linear_fast_d20,20,5.0,linear,0.001,0.001,0.0,0,frozen,Gaussian-m5,gaussian,1030,0.006597984976742527,0.013993237096426452,0.006246533527345143,300.0,0.4400006068879335,1000.0,10.0,0.1,0.3,5.0,10.708770959461408,0.0
linear_fast_d20,20,5.0,linear,0.001,0.001,0.0,0,frozen,Gaussian-m20,gaussian,1001,0.02579643040468881,0.02603800864369997,0.019627067463012897,2400.0,0.7044447783902699,250.0,40.0,0.2,0.3,20.0,4.877308632837927,0.0
linear_fast_d20,20,5.0,linear,0.001,0.001,0.0,0,frozen,Gaussian-m20,gaussian,1002,0.01940964898290279,0.028625888340636743,0.021834718972291618,5450.0,0.7015571300440361,250.0,40.0,0.2,0.3,20.0,4.884913652517164,0.0
linear_fast_d20,20,5.0,linear,0.001,0.001,0.0,0,frozen,Gaussian-m20,gaussian,1003,0.012008318378297718,0.030108644504702978,0.02192825266742448,3200.0,0.6998460487028174,250.0,40.0,0.2,0.3,20.0,3.7003262492890827,0.0
linear_fast_d20,20,5.0,linear,0.001,0.001,0.0,0,frozen,Gaussian-m20,gaussian,1004,0.012740876780676492,0.036639854198922475,0.0199813295190066,4400.0,0.6982766848523243,250.0,40.0,0.2,0.3,20.0,6.7453501605941515,0.0
linear_fast_d20,20,5.0,linear,0.001,0.001,0.0,0,frozen,Gaussian-m20,gaussian,1005,0.016051331170642398,0.029898068949408815,0.01823009103224779,400.0,0.7000896846241592,250.0,40.0,0.2,0.3,20.0,2.3814170858047956,0.0
linear_fast_d20,20,5.0,linear,0.001,0.001,0.0,0,frozen,Gaussian-m20,gaussian,1006,0.017833397393287154,0.02595905365772501,0.020349643616424766,250.0,0.7086419756345852,250.0,40.0,0.2,0.3,20.0,4.401727758765524,0.0
linear_fast_d20,20,5.0,linear,0.001,0.001,0.0,0,frozen,Gaussian-m20,gaussian,1007,0.014994401072785699,0.03330123806790268,0.022762969657283888,6850.0,0.6998820387684493,250.0,40.0,0.2,0.3,20.0,5.940468475679471,0.0
linear_fast_d20,20,5.0,linear,0.001,0.001,0.0,0,frozen,Gaussian-m20,gaussian,1008,0.02089723857555064,0.03104383388734583,0.02281754010780078,,0.6982444449688948,250.0,40.0,0.2,0.3,20.0,4.067034178768722,0.0
linear_fast_d20,20,5.0,linear,0.001,0.001,0.0,0,frozen,Gaussian-m20,gaussian,1009,0.015917886630427702,0.02879501757139535,0.02152270459338233,400.0,0.6903655619550547,250.0,40.0,0.2,0.3,20.0,2.8141185865510394,0.0
linear_fast_d20,20,5.0,linear,0.001,0.001,0.0,0,frozen,Gaussian-m20,gaussian,1010,0.011208631877300593,0.028766178688386674,0.021057085101649716,4600.0,0.701607282333336,250.0,40.0,0.2,0.3,20.0,3.6364102322292617,0.0
linear_fast_d20,20,5.0,linear,0.001,0.001,0.0,0,frozen,Gaussian-m20,gaussian,1011,0.01565769400444287,0.02995082978156405,0.023580286369761057,4000.0,0.6975442913571758,250.0,40.0,0.2,0.3,20.0,4.082463010064321,0.0
linear_fast_d20,20,5.0,linear,0.001,0.001,0.0,0,frozen,Gaussian-m20,gaussian,1012,0.013439835920291554,0.02782202154980173,0.02003191245522148,500.0,0.7057792453185566,250.0,40.0,0.2,0.3,20.0,4.584249105505263,0.0
linear_fast_d20,20,5.0,linear,0.001,0.001,0.0,0,frozen,Gaussian-m20,gaussian,1013,0.03062891247121194,0.027798289496132885,0.024838808864012147,500.0,0.7005713443713445,250.0,40.0,0.2,0.3,20.0,4.51496010672886,0.0
linear_fast_d20,20,5.0,linear,0.001,0.001,0.0,0,frozen,Gaussian-m20,gaussian,1014,0.019019766494827405,0.02744093935330672,0.023142723444481036,,0.7006147881535049,250.0,40.0,0.2,0.3,20.0,5.189251185784179,0.0
linear_fast_d20,20,5.0,linear,0.001,0.001,0.0,0,frozen,Gaussian-m20,gaussian,1015,0.02026649066392852,0.03082347186335659,0.025470782814073698,400.0,0.7021269992274091,250.0,40.0,0.2,0.3,20.0,3.3946173260313017,0.0
linear_fast_d20,20,5.0,linear,0.001,0.001,0.0,0,frozen,Gaussian-m20,gaussian,1016,0.014430987442872495,0.031159736550746574,0.022210359363339472,1800.0,0.7060766201240319,250.0,40.0,0.2,0.3,20.0,6.146797144714335,0.0
linear_fast_d20,20,5.0,linear,0.001,0.001,0.0,0,frozen,Gaussian-m20,gaussian,1017,0.02350851469948145,0.030763435776450344,0.024778000459676243,1000.0,0.7025525043256943,250.0,40.0,0.2,0.3,20.0,4.167447337313609,0.0
linear_fast_d20,20,5.0,linear,0.001,0.001,0.0,0,frozen,Gaussian-m20,gaussian,1018,0.01737606798015164,0.026939369852855128,0.02577724466988244,5600.0,0.6996393957837518,250.0,40.0,0.2,0.3,20.0,3.2550760002334367,0.0
linear_fast_d20,20,5.0,linear,0.001,0.001,0.0,0,frozen,Gaussian-m20,gaussian,1019,0.02131172595198475,0.028351651805974556,0.02378246507169764,4000.0,0.7070794263981598,250.0,40.0,0.2,0.3,20.0,4.140764082552335,0.0
linear_fast_d20,20,5.0,linear,0.001,0.001,0.0,0,frozen,Gaussian-m20,gaussian,1020,0.012668388561141447,0.02558954169503674,0.019856475644715637,4450.0,0.7089819448966107,250.0,40.0,0.2,0.3,20.0,4.263575186624217,0.0
linear_fast_d20,20,5.0,linear,0.001,0.001,0.0,0,frozen,Gaussian-m20,gaussian,1021,0.01498657329286777,0.029125953033370774,0.017234717742899877,300.0,0.7024990127883112,250.0,40.0,0.2,0.3,20.0,2.630670204227179,0.0
linear_fast_d20,20,5.0,linear,0.001,0.001,0.0,0,frozen,Gaussian-m20,gaussian,1022,0.022353470591245143,0.027078979921131657,0.025291041571723308,800.0,0.6986403017516889,250.0,40.0,0.2,0.3,20.0,4.078036486739362,0.0
linear_fast_d20,20,5.0,linear,0.001,0.001,0.0,0,frozen,Gaussian-m20,gaussian,1023,0.009297413977761725,0.02631090171057083,0.020599955161947875,800.0,0.7063085348057564,250.0,40.0,0.2,0.3,20.0,3.656973372601566,0.0
linear_fast_d20,20,5.0,linear,0.001,0.001,0.0,0,frozen,Gaussian-m20,gaussian,1024,0.01855416984019044,0.026432209378925636,0.02029339393560315,400.0,0.698156331941722,250.0,40.0,0.2,0.3,20.0,4.208405706483884,0.0
linear_fast_d20,20,5.0,linear,0.001,0.001,0.0,0,frozen,Gaussian-m20,gaussian,1025,0.021231539170449315,0.028210442795128767,0.020135717605020403,1000.0,0.7069151678514948,250.0,40.0,0.2,0.3,20.0,4.031549683646786,0.0
linear_fast_d20,20,5.0,linear,0.001,0.001,0.0,0,frozen,Gaussian-m20,gaussian,1026,0.01196449651393707,0.02892559963518107,0.02191206556755099,3400.0,0.7007051612629125,250.0,40.0,0.2,0.3,20.0,3.6181325554548502,0.0
linear_fast_d20,20,5.0,linear,0.001,0.001,0.0,0,frozen,Gaussian-m20,gaussian,1027,0.01353951572824192,0.02608541911686775,0.020818788691986456,400.0,0.7032030263025949,250.0,40.0,0.2,0.3,20.0,4.397379793631679,0.0
linear_fast_d20,20,5.0,linear,0.001,0.001,0.0,0,frozen,Gaussian-m20,gaussian,1028,0.015244225434919953,0.029513126310272968,0.019762410372088753,400.0,0.7108555322855447,250.0,40.0,0.2,0.3,20.0,3.4761298272809404,0.0
linear_fast_d20,20,5.0,linear,0.001,0.001,0.0,0,frozen,Gaussian-m20,gaussian,1029,0.023749446166070262,0.02914900851197557,0.021280485423217213,5250.0,0.7020146067631288,250.0,40.0,0.2,0.3,20.0,4.0876177736584385,0.0
linear_fast_d20,20,5.0,linear,0.001,0.001,0.0,0,frozen,Gaussian-m20,gaussian,1030,0.025156964628040623,0.030818907568500947,0.022465490373970626,600.0,0.7035823134872555,250.0,40.0,0.2,0.3,20.0,3.8130542536545255,0.0
linear_fast_d20,20,5.0,linear,0.001,0.001,0.0,0,frozen,CoordinateCentral,coordinate,1001,0.34917018580828096,0.3239165371581428,0.36571983614688863,,0.9981777794930011,250.0,40.0,0.04,0.1,1.0,3.0034357596534327,0.0
linear_fast_d20,20,5.0,linear,0.001,0.001,0.0,0,frozen,CoordinateCentral,coordinate,1002,0.3497500193440048,0.32505334494359794,0.36567202648767766,,0.9982464469303036,250.0,40.0,0.04,0.1,1.0,3.0161258823763646,0.0
linear_fast_d20,20,5.0,linear,0.001,0.001,0.0,0,frozen,CoordinateCentral,coordinate,1003,0.34884219505823333,0.32425388691123547,0.3648200862870969,,0.9982028600031021,250.0,40.0,0.04,0.1,1.0,3.019642006061865,0.0
linear_fast_d20,20,5.0,linear,0.001,0.001,0.0,0,frozen,CoordinateCentral,coordinate,1004,0.34933672046443387,0.3243603919193474,0.36501333427750965,,0.9982176444496138,250.0,40.0,0.04,0.1,1.0,3.0160122856597233,0.0
linear_fast_d20,20,5.0,linear,0.001,0.001,0.0,0,frozen,CoordinateCentral,coordinate,1005,0.3464318248721921,0.323501755938342,0.3622531567117432,,0.9982023495574558,250.0,40.0,0.04,0.1,1.0,3.0180755330857085,0.0
linear_fast_d20,20,5.0,linear,0.001,0.001,0.0,0,frozen,CoordinateCentral,coordinate,1006,0.34963897053675214,0.32410436764712347,0.36407805762239276,,0.9982121502172094,250.0,40.0,0.04,0.1,1.0,3.013455450161955,0.0
linear_fast_d20,20,5.0,linear,0.001,0.001,0.0,0,frozen,CoordinateCentral,coordinate,1007,0.34930802508947534,0.32490116644629996,0.3658428309393727,,0.9982398744950383,250.0,40.0,0.04,0.1,1.0,3.001619212549146,0.0
linear_fast_d20,20,5.0,linear,0.001,0.001,0.0,0,frozen,CoordinateCentral,coordinate,1008,0.3501112611149634,0.32382159864737425,0.36512720184274955,,0.9982094031016625,250.0,40.0,0.04,0.1,1.0,3.011945589834414,0.0
linear_fast_d20,20,5.0,linear,0.001,0.001,0.0,0,frozen,CoordinateCentral,coordinate,1009,0.3490503994651597,0.32501326475567205,0.365281909703789,,0.9982123081946841,250.0,40.0,0.04,0.1,1.0,3.00973794060073,0.0
linear_fast_d20,20,5.0,linear,0.001,0.001,0.0,0,frozen,CoordinateCentral,coordinate,1010,0.34757884979407766,0.3241825010972887,0.36449750366108,,0.9981570051450331,250.0,40.0,0.04,0.1,1.0,3.0168664867379005,0.0
linear_fast_d20,20,5.0,linear,0.001,0.001,0.0,0,frozen,CoordinateCentral,coordinate,1011,0.3490413057530051,0.3241811925909565,0.36388697484053606,,0.9981916594864175,250.0,40.0,0.04,0.1,1.0,3.0057271844568842,0.0
linear_fast_d20,20,5.0,linear,0.001,0.001,0.0,0,frozen,CoordinateCentral,coordinate,1012,0.35205052790561225,0.32464141807292574,0.3656598822678674,,0.9982728329386521,250.0,40.0,0.04,0.1,1.0,3.000646708474054,0.0
linear_fast_d20,20,5.0,linear,0.001,0.001,0.0,0,frozen,CoordinateCentral,coordinate,1013,0.3499914019035047,0.32390857335539247,0.3633209393155473,,0.9982183116058009,250.0,40.0,0.04,0.1,1.0,3.020896377430141,0.0
linear_fast_d20,20,5.0,linear,0.001,0.001,0.0,0,frozen,CoordinateCentral,coordinate,1014,0.3488704458434656,0.3236283777201802,0.3637569222354498,,0.99820333937704,250.0,40.0,0.04,0.1,1.0,3.0374751628983705,0.0
linear_fast_d20,20,5.0,linear,0.001,0.001,0.0,0,frozen,CoordinateCentral,coordinate,1015,0.3518129459341655,0.3247660733415512,0.36558402120307526,,0.9982313295564397,250.0,40.0,0.04,0.1,1.0,3.006674983743748,0.0
linear_fast_d20,20,5.0,linear,0.001,0.001,0.0,0,frozen,CoordinateCentral,coordinate,1016,0.34793275246978017,0.32448772674220067,0.36343116979222645,,0.9982216246753647,250.0,40.0,0.04,0.1,1.0,3.009567769871331,0.0
linear_fast_d20,20,5.0,linear,0.001,0.001,0.0,0,frozen,CoordinateCentral,coordinate,1017,0.34764044872379496,0.32420971916623326,0.36400565711750055,,0.9982224474183787,250.0,40.0,0.04,0.1,1.0,3.017389730890277,0.0
linear_fast_d20,20,5.0,linear,0.001,0.001,0.0,0,frozen,CoordinateCentral,coordinate,1018,0.35027156604402904,0.32425081488396434,0.36446239485144927,,0.9982419742364829,250.0,40.0,0.04,0.1,1.0,3.0143836417783483,0.0
linear_fast_d20,20,5.0,linear,0.001,0.001,0.0,0,frozen,CoordinateCentral,coordinate,1019,0.34917830184887155,0.3246423335767676,0.3650667204163598,,0.9982172533253146,250.0,40.0,0.04,0.1,1.0,3.0209955398559925,0.0
linear_fast_d20,20,5.0,linear,0.001,0.001,0.0,0,frozen,CoordinateCentral,coordinate,1020,0.3497136315040079,0.3244114178601665,0.3642136611392745,,0.9981880504789119,250.0,40.0,0.04,0.1,1.0,3.025656838014556,0.0
linear_fast_d20,20,5.0,linear,0.001,0.001,0.0,0,frozen,CoordinateCentral,coordinate,1021,0.3506401747123354,0.32400918709788573,0.36434666275582794,,0.9981911010215224,250.0,40.0,0.04,0.1,1.0,3.016856445089471,0.0
linear_fast_d20,20,5.0,linear,0.001,0.001,0.0,0,frozen,CoordinateCentral,coordinate,1022,0.3499050584763679,0.32429473427258737,0.36345331501102063,,0.9982296405122709,250.0,40.0,0.04,0.1,1.0,3.0072821482826653,0.0
linear_fast_d20,20,5.0,linear,0.001,0.001,0.0,0,frozen,CoordinateCentral,coordinate,1023,0.34896966759012765,0.3241197850554469,0.3630919793548542,,0.9982239343911129,250.0,40.0,0.04,0.1,1.0,3.0148475018429663,0.0
linear_fast_d20,20,5.0,linear,0.001,0.001,0.0,0,frozen,CoordinateCentral,coordinate,1024,0.3491392093951069,0.3242079075784906,0.3642796526339727,,0.998209285030763,250.0,40.0,0.04,0.1,1.0,3.0045675520871655,0.0
linear_fast_d20,20,5.0,linear,0.001,0.001,0.0,0,frozen,CoordinateCentral,coordinate,1025,0.34899652699050915,0.32460359180559023,0.3643938581415023,,0.9982245352540609,250.0,40.0,0.04,0.1,1.0,3.0156370105650625,0.0
linear_fast_d20,20,5.0,linear,0.001,0.001,0.0,0,frozen,CoordinateCentral,coordinate,1026,0.35182471309909497,0.32527230447908523,0.3659677679016594,,0.9982638201254175,250.0,40.0,0.04,0.1,1.0,3.0155429014103214,0.0
linear_fast_d20,20,5.0,linear,0.001,0.001,0.0,0,frozen,CoordinateCentral,coordinate,1027,0.34893205302093194,0.32423836430069314,0.36437079000155276,,0.9982001342223291,250.0,40.0,0.04,0.1,1.0,3.0062063339909266,0.0
linear_fast_d20,20,5.0,linear,0.001,0.001,0.0,0,frozen,CoordinateCentral,coordinate,1028,0.35026039347648114,0.3242263047174324,0.3652113974380929,,0.998249379330001,250.0,40.0,0.04,0.1,1.0,3.0282432135767765,0.0
linear_fast_d20,20,5.0,linear,0.001,0.001,0.0,0,frozen,CoordinateCentral,coordinate,1029,0.35004208054793423,0.3242709124484561,0.36476224713274774,,0.9982359472971297,250.0,40.0,0.04,0.1,1.0,3.007889712897157,0.0
linear_fast_d20,20,5.0,linear,0.001,0.001,0.0,0,frozen,CoordinateCentral,coordinate,1030,0.35024599919717486,0.3240503056444565,0.36455223087732364,,0.998192204783113,250.0,40.0,0.04,0.1,1.0,3.0076350084593186,0.0
linear_fast_d20,20,5.0,linear,0.001,0.001,0.0,0,streaming,FirstOrderReference,first_order,1001,0.0002184390650921786,0.0027229093624624333,0.0002184390650921943,50.0,0.9988340218283936,10000.0,1.0,0.04,0.0,1.0,3.0139374681374402,0.0
linear_fast_d20,20,5.0,linear,0.001,0.001,0.0,0,streaming,FirstOrderReference,first_order,1002,0.0002184390650921786,0.0027229093624624333,0.0002184390650921943,50.0,0.9988340218283936,10000.0,1.0,0.04,0.0,1.0,3.0139374681374402,0.0
linear_fast_d20,20,5.0,linear,0.001,0.001,0.0,0,streaming,FirstOrderReference,first_order,1003,0.0002184390650921786,0.0027229093624624333,0.0002184390650921943,50.0,0.9988340218283936,10000.0,1.0,0.04,0.0,1.0,3.0139374681374402,0.0
linear_fast_d20,20,5.0,linear,0.001,0.001,0.0,0,streaming,FirstOrderReference,first_order,1004,0.0002184390650921786,0.0027229093624624333,0.0002184390650921943,50.0,0.9988340218283936,10000.0,1.0,0.04,0.0,1.0,3.0139374681374402,0.0
linear_fast_d20,20,5.0,linear,0.001,0.001,0.0,0,streaming,FirstOrderReference,first_order,1005,0.0002184390650921786,0.0027229093624624333,0.0002184390650921943,50.0,0.9988340218283936,10000.0,1.0,0.04,0.0,1.0,3.0139374681374402,0.0
linear_fast_d20,20,5.0,linear,0.001,0.001,0.0,0,streaming,FirstOrderReference,first_order,1006,0.0002184390650921786,0.0027229093624624333,0.0002184390650921943,50.0,0.9988340218283936,10000.0,1.0,0.04,0.0,1.0,3.0139374681374402,0.0
linear_fast_d20,20,5.0,linear,0.001,0.001,0.0,0,streaming,FirstOrderReference,first_order,1007,0.0002184390650921786,0.0027229093624624333,0.0002184390650921943,50.0,0.9988340218283936,10000.0,1.0,0.04,0.0,1.0,3.0139374681374402,0.0
linear_fast_d20,20,5.0,linear,0.001,0.001,0.0,0,streaming,FirstOrderReference,first_order,1008,0.0002184390650921786,0.0027229093624624333,0.0002184390650921943,50.0,0.9988340218283936,10000.0,1.0,0.04,0.0,1.0,3.0139374681374402,0.0
linear_fast_d20,20,5.0,linear,0.001,0.001,0.0,0,streaming,FirstOrderReference,first_order,1009,0.0002184390650921786,0.0027229093624624333,0.0002184390650921943,50.0,0.9988340218283936,10000.0,1.0,0.04,0.0,1.0,3.0139374681374402,0.0
linear_fast_d20,20,5.0,linear,0.001,0.001,0.0,0,streaming,FirstOrderReference,first_order,1010,0.0002184390650921786,0.0027229093624624333,0.0002184390650921943,50.0,0.9988340218283936,10000.0,1.0,0.04,0.0,1.0,3.0139374681374402,0.0
linear_fast_d20,20,5.0,linear,0.001,0.001,0.0,0,streaming,FirstOrderReference,first_order,1011,0.0002184390650921786,0.0027229093624624333,0.0002184390650921943,50.0,0.9988340218283936,10000.0,1.0,0.04,0.0,1.0,3.0139374681374402,0.0
linear_fast_d20,20,5.0,linear,0.001,0.001,0.0,0,streaming,FirstOrderReference,first_order,1012,0.0002184390650921786,0.0027229093624624333,0.0002184390650921943,50.0,0.9988340218283936,10000.0,1.0,0.04,0.0,1.0,3.0139374681374402,0.0
linear_fast_d20,20,5.0,linear,0.001,0.001,0.0,0,streaming,FirstOrderReference,first_order,1013,0.0002184390650921786,0.0027229093624624333,0.0002184390650921943,50.0,0.9988340218283936,10000.0,1.0,0.04,0.0,1.0,3.0139374681374402,0.0
linear_fast_d20,20,5.0,linear,0.001,0.001,0.0,0,streaming,FirstOrderReference,first_order,1014,0.0002184390650921786,0.0027229093624624333,0.0002184390650921943,50.0,0.9988340218283936,10000.0,1.0,0.04,0.0,1.0,3.0139374681374402,0.0
linear_fast_d20,20,5.0,linear,0.001,0.001,0.0,0,streaming,FirstOrderReference,first_order,1015,0.0002184390650921786,0.0027229093624624333,0.0002184390650921943,50.0,0.9988340218283936,10000.0,1.0,0.04,0.0,1.0,3.0139374681374402,0.0
linear_fast_d20,20,5.0,linear,0.001,0.001,0.0,0,streaming,FirstOrderReference,first_order,1016,0.0002184390650921786,0.0027229093624624333,0.0002184390650921943,50.0,0.9988340218283936,10000.0,1.0,0.04,0.0,1.0,3.0139374681374402,0.0
linear_fast_d20,20,5.0,linear,0.001,0.001,0.0,0,streaming,FirstOrderReference,first_order,1017,0.0002184390650921786,0.0027229093624624333,0.0002184390650921943,50.0,0.9988340218283936,10000.0,1.0,0.04,0.0,1.0,3.0139374681374402,0.0
linear_fast_d20,20,5.0,linear,0.001,0.001,0.0,0,streaming,FirstOrderReference,first_order,1018,0.0002184390650921786,0.0027229093624624333,0.0002184390650921943,50.0,0.9988340218283936,10000.0,1.0,0.04,0.0,1.0,3.0139374681374402,0.0
linear_fast_d20,20,5.0,linear,0.001,0.001,0.0,0,streaming,FirstOrderReference,first_order,1019,0.0002184390650921786,0.0027229093624624333,0.0002184390650921943,50.0,0.9988340218283936,10000.0,1.0,0.04,0.0,1.0,3.0139374681374402,0.0
linear_fast_d20,20,5.0,linear,0.001,0.001,0.0,0,streaming,FirstOrderReference,first_order,1020,0.0002184390650921786,0.0027229093624624333,0.0002184390650921943,50.0,0.9988340218283936,10000.0,1.0,0.04,0.0,1.0,3.0139374681374402,0.0
linear_fast_d20,20,5.0,linear,0.001,0.001,0.0,0,streaming,FirstOrderReference,first_order,1021,0.0002184390650921786,0.0027229093624624333,0.0002184390650921943,50.0,0.9988340218283936,10000.0,1.0,0.04,0.0,1.0,3.0139374681374402,0.0
linear_fast_d20,20,5.0,linear,0.001,0.001,0.0,0,streaming,FirstOrderReference,first_order,1022,0.0002184390650921786,0.0027229093624624333,0.0002184390650921943,50.0,0.9988340218283936,10000.0,1.0,0.04,0.0,1.0,3.0139374681374402,0.0
linear_fast_d20,20,5.0,linear,0.001,0.001,0.0,0,streaming,FirstOrderReference,first_order,1023,0.0002184390650921786,0.0027229093624624333,0.0002184390650921943,50.0,0.9988340218283936,10000.0,1.0,0.04,0.0,1.0,3.0139374681374402,0.0
linear_fast_d20,20,5.0,linear,0.001,0.001,0.0,0,streaming,FirstOrderReference,first_order,1024,0.0002184390650921786,0.0027229093624624333,0.0002184390650921943,50.0,0.9988340218283936,10000.0,1.0,0.04,0.0,1.0,3.0139374681374402,0.0
linear_fast_d20,20,5.0,linear,0.001,0.001,0.0,0,streaming,FirstOrderReference,first_order,1025,0.0002184390650921786,0.0027229093624624333,0.0002184390650921943,50.0,0.9988340218283936,10000.0,1.0,0.04,0.0,1.0,3.0139374681374402,0.0
linear_fast_d20,20,5.0,linear,0.001,0.001,0.0,0,streaming,FirstOrderReference,first_order,1026,0.0002184390650921786,0.0027229093624624333,0.0002184390650921943,50.0,0.9988340218283936,10000.0,1.0,0.04,0.0,1.0,3.0139374681374402,0.0
linear_fast_d20,20,5.0,linear,0.001,0.001,0.0,0,streaming,FirstOrderReference,first_order,1027,0.0002184390650921786,0.0027229093624624333,0.0002184390650921943,50.0,0.9988340218283936,10000.0,1.0,0.04,0.0,1.0,3.0139374681374402,0.0
linear_fast_d20,20,5.0,linear,0.001,0.001,0.0,0,streaming,FirstOrderReference,first_order,1028,0.0002184390650921786,0.0027229093624624333,0.0002184390650921943,50.0,0.9988340218283936,10000.0,1.0,0.04,0.0,1.0,3.0139374681374402,0.0
linear_fast_d20,20,5.0,linear,0.001,0.001,0.0,0,streaming,FirstOrderReference,first_order,1029,0.0002184390650921786,0.0027229093624624333,0.0002184390650921943,50.0,0.9988340218283936,10000.0,1.0,0.04,0.0,1.0,3.0139374681374402,0.0
linear_fast_d20,20,5.0,linear,0.001,0.001,0.0,0,streaming,FirstOrderReference,first_order,1030,0.0002184390650921786,0.0027229093624624333,0.0002184390650921943,50.0,0.9988340218283936,10000.0,1.0,0.04,0.0,1.0,3.0139374681374402,0.0
linear_fast_d20,20,5.0,linear,0.001,0.001,0.0,0,streaming,SPSA-m1,spsa,1001,0.007647387442742289,0.010036492713543283,0.004732461853874873,300.0,0.18144984558629831,5000.0,2.0,0.020000000000000004,0.1,1.0,20.346111843805602,0.0
linear_fast_d20,20,5.0,linear,0.001,0.001,0.0,0,streaming,SPSA-m1,spsa,1002,0.0031298562113140273,0.011081083813068772,0.004865972052131729,200.0,0.1785369202755973,5000.0,2.0,0.020000000000000004,0.1,1.0,23.046201325898533,0.0
linear_fast_d20,20,5.0,linear,0.001,0.001,0.0,0,streaming,SPSA-m1,spsa,1003,0.0032598273769812304,0.011429288819291618,0.0052849807823740595,350.0,0.18051824926894688,5000.0,2.0,0.020000000000000004,0.1,1.0,23.40872347345116,0.0
linear_fast_d20,20,5.0,linear,0.001,0.001,0.0,0,streaming,SPSA-m1,spsa,1004,0.004864276879508969,0.011609369488479713,0.00477979395266085,250.0,0.17970201419410606,5000.0,2.0,0.020000000000000004,0.1,1.0,23.8158367321364,0.0
linear_fast_d20,20,5.0,linear,0.001,0.001,0.0,0,streaming,SPSA-m1,spsa,1005,0.0022561977308591832,0.012236474107931224,0.004550641981375788,250.0,0.18206221072698595,5000.0,2.0,0.020000000000000004,0.1,1.0,18.101839603524493,0.0
linear_fast_d20,20,5.0,linear,0.001,0.001,0.0,0,streaming,SPSA-m1,spsa,1006,0.0025899554233978737,0.01053823845828031,0.005242744783792367,250.0,0.18097315828329766,5000.0,2.0,0.020000000000000004,0.1,1.0,21.53985122673634,0.0
linear_fast_d20,20,5.0,linear,0.001,0.001,0.0,0,streaming,SPSA-m1,spsa,1007,0.004639416634841722,0.012556938196137858,0.006865436215141896,350.0,0.18037885463432182,5000.0,2.0,0.020000000000000004,0.1,1.0,21.592041614763662,0.0
linear_fast_d20,20,5.0,linear,0.001,0.001,0.0,0,streaming,SPSA-m1,spsa,1008,0.005984356316298507,0.010819836974405792,0.005898767442117344,200.0,0.1830019297984173,5000.0,2.0,0.020000000000000004,0.1,1.0,21.13176937017099,0.0
linear_fast_d20,20,5.0,linear,0.001,0.001,0.0,0,streaming,SPSA-m1,spsa,1009,0.002919120798111611,0.010491391933747157,0.004261976428542603,250.0,0.18250381059206566,5000.0,2.0,0.020000000000000004,0.1,1.0,21.779773848362403,0.0
linear_fast_d20,20,5.0,linear,0.001,0.001,0.0,0,streaming,SPSA-m1,spsa,1010,0.0057043199002871844,0.010728249163575346,0.005860009600299688,250.0,0.18260075087991995,5000.0,2.0,0.020000000000000004,0.1,1.0,33.87585780049134,0.0
linear_fast_d20,20,5.0,linear,0.001,0.001,0.0,0,streaming,SPSA-m1,spsa,1011,0.012115862924453803,0.01011633518988144,0.006143273639240216,400.0,0.1784628619421359,5000.0,2.0,0.020000000000000004,0.1,1.0,27.291591658778284,0.0
linear_fast_d20,20,5.0,linear,0.001,0.001,0.0,0,streaming,SPSA-m1,spsa,1012,0.005681328408907614,0.01013175849083567,0.00569299797449798,250.0,0.17713312542781212,5000.0,2.0,0.020000000000000004,0.1,1.0,29.701334668400744,0.0
linear_fast_d20,20,5.0,linear,0.001,0.001,0.0,0,streaming,SPSA-m1,spsa,1013,0.008606857691646758,0.011045510321969827,0.005881599926110616,250.0,0.18232361826131388,5000.0,2.0,0.020000000000000004,0.1,1.0,22.30810637719556,0.0
linear_fast_d20,20,5.0,linear,0.001,0.001,0.0,0,streaming,SPSA-m1,spsa,1014,0.003810547878817314,0.008830713904342537,0.004423415371757506,250.0,0.18362769136275156,5000.0,2.0,0.020000000000000004,0.1,1.0,24.242264822525474,0.0
linear_fast_d20,20,5.0,linear,0.001,0.001,0.0,0,streaming,SPSA-m1,spsa,1015,0.009289701717658406,0.009692937808828942,0.005810490248409537,250.0,0.18409944419037802,5000.0,2.0,0.020000000000000004,0.1,1.0,27.310372263099875,0.0
linear_fast_d20,20,5.0,linear,0.001,0.001,0.0,0,streaming,SPSA-m1,spsa,1016,0.00531091116083118,0.009941834383160755,0.004586642056317252,300.0,0.18031706636349237,5000.0,2.0,0.020000000000000004,0.1,1.0,26.84595659314061,0.0
linear_fast_d20,20,5.0,linear,0.001,0.001,0.0,0,streaming,SPSA-m1,spsa,1017,0.007199724448832826,0.009877272214208775,0.006321381463742245,200.0,0.1788054969228449,5000.0,2.0,0.020000000000000004,0.1,1.0,28.051327123270465,0.0
linear_fast_d20,20,5.0,linear,0.001,0.001,0.0,0,streaming,SPSA-m1,spsa,1018,0.0030633978638017275,0.009844218201499786,0.006025337756824572,250.0,0.18282415249755474,5000.0,2.0,0.020000000000000004,0.1,1.0,25.71877985967789,0.0
linear_fast_d20,20,5.0,linear,0.001,0.001,0.0,0,streaming,SPSA-m1,spsa,1019,0.0035009527505120795,0.009762461532333172,0.005682554775158515,350.0,0.17940061716755132,5000.0,2.0,0.020000000000000004,0.1,1.0,26.445148567576492,0.0
linear_fast_d20,20,5.0,linear,0.001,0.001,0.0,0,streaming,SPSA-m1,spsa,1020,0.00639296108679201,0.0121837277865443,0.005235042022364966,250.0,0.179996616813115,5000.0,2.0,0.020000000000000004,0.1,1.0,20.540013078576067,0.0
linear_fast_d20,20,5.0,linear,0.001,0.001,0.0,0,streaming,SPSA-m1,spsa,1021,0.020601965799374868,0.01158061221581967,0.008284983256220268,250.0,0.17762031702159306,5000.0,2.0,0.020000000000000004,0.1,1.0,21.72194371896377,0.0
linear_fast_d20,20,5.0,linear,0.001,0.001,0.0,0,streaming,SPSA-m1,spsa,1022,0.008157566831899353,0.009494328537162077,0.006305061098212496,350.0,0.17901048682539958,5000.0,2.0,0.020000000000000004,0.1,1.0,30.15821979619277,0.0
linear_fast_d20,20,5.0,linear,0.001,0.001,0.0,0,streaming,SPSA-m1,spsa,1023,0.006333836347863561,0.011785849598958495,0.004974080275671294,300.0,0.18199810392591487,5000.0,2.0,0.020000000000000004,0.1,1.0,21.079321643873563,0.0
linear_fast_d20,20,5.0,linear,0.001,0.001,0.0,0,streaming,SPSA-m1,spsa,1024,0.0027620139646953213,0.010357380897830795,0.0057749107808386145,300.0,0.179868774570876,5000.0,2.0,0.020000000000000004,0.1,1.0,20.697853387172312,0.0
linear_fast_d20,20,5.0,linear,0.001,0.001,0.0,0,streaming,SPSA-m1,spsa,1025,0.004859640100873664,0.010222064353354739,0.004649901538857484,250.0,0.1783285027940049,5000.0,2.0,0.020000000000000004,0.1,1.0,27.609917219334676,0.0
linear_fast_d20,20,5.0,linear,0.001,0.001,0.0,0,streaming,SPSA-m1,spsa,1026,0.003204939726704925,0.009384642268196533,0.004774758440733744,200.0,0.1798685722232387,5000.0,2.0,0.020000000000000004,0.1,1.0,27.65697719422837,0.0
linear_fast_d20,20,5.0,linear,0.001,0.001,0.0,0,streaming,SPSA-m1,spsa,1027,0.0073066998477192766,0.009837643481256663,0.005518845461798086,250.0,0.18067577492989875,5000.0,2.0,0.020000000000000004,0.1,1.0,26.237336729568927,0.0
linear_fast_d20,20,5.0,linear,0.001,0.001,0.0,0,streaming,SPSA-m1,spsa,1028,0.003639997889893712,0.01161836088694201,0.005492471016264968,400.0,0.17968323441773124,5000.0,2.0,0.020000000000000004,0.1,1.0,27.26117979925566,0.0
linear_fast_d20,20,5.0,linear,0.001,0.001,0.0,0,streaming,SPSA-m1,spsa,1029,0.003611773794130614,0.011438770744423824,0.005482700620853237,250.0,0.17841565175240226,5000.0,2.0,0.020000000000000004,0.1,1.0,20.233302339214017,0.0
linear_fast_d20,20,5.0,linear,0.001,0.001,0.0,0,streaming,SPSA-m1,spsa,1030,0.0037439336998656685,0.009347239732688308,0.005009967460524698,200.0,0.18275301285640375,5000.0,2.0,0.020000000000000004,0.1,1.0,19.772783895752777,0.0
linear_fast_d20,20,5.0,linear,0.001,0.001,0.0,0,streaming,Gaussian-m1,gaussian,1001,0.003016478520434137,0.011899683774990306,0.005226401776924998,250.0,0.18047268547630846,5000.0,2.0,0.020000000000000004,0.3,1.0,21.53452807238149,0.0
linear_fast_d20,20,5.0,linear,0.001,0.001,0.0,0,streaming,Gaussian-m1,gaussian,1002,0.007054827135191801,0.010301135089246028,0.005526664124979652,250.0,0.17975937171018444,5000.0,2.0,0.020000000000000004,0.3,1.0,25.390268143865846,0.0
linear_fast_d20,20,5.0,linear,0.001,0.001,0.0,0,streaming,Gaussian-m1,gaussian,1003,0.004492882987049267,0.00893293766760409,0.005557156578791476,200.0,0.18194562906891484,5000.0,2.0,0.020000000000000004,0.3,1.0,26.260328927717985,0.0
linear_fast_d20,20,5.0,linear,0.001,0.001,0.0,0,streaming,Gaussian-m1,gaussian,1004,0.00424907552585477,0.009344352849483529,0.005654119416472082,250.0,0.1805451392172241,5000.0,2.0,0.020000000000000004,0.3,1.0,31.726628610902473,0.0
linear_fast_d20,20,5.0,linear,0.001,0.001,0.0,0,streaming,Gaussian-m1,gaussian,1005,0.0033716401319571266,0.011463218454874812,0.005998707822721307,300.0,0.17887624336052005,5000.0,2.0,0.020000000000000004,0.3,1.0,24.895804630181352,0.0
linear_fast_d20,20,5.0,linear,0.001,0.001,0.0,0,streaming,Gaussian-m1,gaussian,1006,0.003999981533580433,0.010666617638034684,0.004114664251877945,200.0,0.18117266379192334,5000.0,2.0,0.020000000000000004,0.3,1.0,23.511710448695762,0.0
linear_fast_d20,20,5.0,linear,0.001,0.001,0.0,0,streaming,Gaussian-m1,gaussian,1007,0.005370999157831835,0.011352556701664716,0.005120362519167579,200.0,0.1784090821686073,5000.0,2.0,0.020000000000000004,0.3,1.0,29.045448543895514,0.0
linear_fast_d20,20,5.0,linear,0.001,0.001,0.0,0,streaming,Gaussian-m1,gaussian,1008,0.006480710438333254,0.010171491672737553,0.004504066007601107,300.0,0.17957694578423805,5000.0,2.0,0.020000000000000004,0.3,1.0,22.994527732808148,0.0
linear_fast_d20,20,5.0,linear,0.001,0.001,0.0,0,streaming,Gaussian-m1,gaussian,1009,0.008990377216750544,0.011447325182208552,0.006414578554199402,300.0,0.1773825415712758,5000.0,2.0,0.020000000000000004,0.3,1.0,18.79563734641191,0.0
linear_fast_d20,20,5.0,linear,0.001,0.001,0.0,0,streaming,Gaussian-m1,gaussian,1010,0.008171184285145948,0.01244629113693518,0.0055997948387524615,350.0,0.18005952320128218,5000.0,2.0,0.020000000000000004,0.3,1.0,16.285930215430625,0.0
linear_fast_d20,20,5.0,linear,0.001,0.001,0.0,0,streaming,Gaussian-m1,gaussian,1011,0.008200550579176343,0.010828373921736094,0.006164585519789504,350.0,0.18241036003718797,5000.0,2.0,0.020000000000000004,0.3,1.0,27.04952577903675,0.0
linear_fast_d20,20,5.0,linear,0.001,0.001,0.0,0,streaming,Gaussian-m1,gaussian,1012,0.006607850646129515,0.012683998783634179,0.006213993513916714,250.0,0.18074341631659274,5000.0,2.0,0.020000000000000004,0.3,1.0,23.134119837992866,0.0
linear_fast_d20,20,5.0,linear,0.001,0.001,0.0,0,streaming,Gaussian-m1,gaussian,1013,0.0048243049561643245,0.008882419040601237,0.005239045109985286,200.0,0.17833696275545385,5000.0,2.0,0.020000000000000004,0.3,1.0,26.852756321463815,0.0
linear_fast_d20,20,5.0,linear,0.001,0.001,0.0,0,streaming,Gaussian-m1,gaussian,1014,0.0033922596586867535,0.010480967433527322,0.005232145270691417,200.0,0.1799054920006337,5000.0,2.0,0.020000000000000004,0.3,1.0,23.51804535861823,0.0
linear_fast_d20,20,5.0,linear,0.001,0.001,0.0,0,streaming,Gaussian-m1,gaussian,1015,0.005400031269587315,0.012067369904195132,0.005447263081742589,250.0,0.1807582519101664,5000.0,2.0,0.020000000000000004,0.3,1.0,22.701109157741573,0.0
linear_fast_d20,20,5.0,linear,0.001,0.001,0.0,0,streaming,Gaussian-m1,gaussian,1016,0.005912306499681944,0.009389949263819112,0.004806791838903766,300.0,0.1803441797656205,5000.0,2.0,0.020000000000000004,0.3,1.0,29.03558355270634,0.0
linear_fast_d20,20,5.0,linear,0.001,0.001,0.0,0,streaming,Gaussian-m1,gaussian,1017,0.003366352774364099,0.010554260070976335,0.005689563448364753,250.0,0.1808395760151597,5000.0,2.0,0.020000000000000004,0.3,1.0,30.111778042614986,0.0
linear_fast_d20,20,5.0,linear,0.001,0.001,0.0,0,streaming,Gaussian-m1,gaussian,1018,0.004158310723121688,0.012349248290039996,0.006180861716119928,300.0,0.1801575751593716,5000.0,2.0,0.020000000000000004,0.3,1.0,21.923584415207717,0.0
linear_fast_d20,20,5.0,linear,0.001,0.001,0.0,0,streaming,Gaussian-m1,gaussian,1019,0.007183610578900684,0.010052873851526721,0.005700903951416542,200.0,0.18023420040608804,5000.0,2.0,0.020000000000000004,0.3,1.0,27.876819737509358,0.0
linear_fast_d20,20,5.0,linear,0.001,0.001,0.0,0,streaming,Gaussian-m1,gaussian,1020,0.008361550689902183,0.01109323636655562,0.005253977985717536,300.0,0.1814939807004962,5000.0,2.0,0.020000000000000004,0.3,1.0,19.814926482728872,0.0
linear_fast_d20,20,5.0,linear,0.001,0.001,0.0,0,streaming,Gaussian-m1,gaussian,1021,0.004705022897113613,0.010545479144564336,0.005313495204316893,200.0,0.17972646699422798,5000.0,2.0,0.020000000000000004,0.3,1.0,25.38611253424105,0.0
linear_fast_d20,20,5.0,linear,0.001,0.001,0.0,0,streaming,Gaussian-m1,gaussian,1022,0.005360662853325222,0.01123641742675703,0.005991108407901515,200.0,0.17856017527385107,5000.0,2.0,0.020000000000000004,0.3,1.0,20.431182473401666,0.0
linear_fast_d20,20,5.0,linear,0.001,0.001,0.0,0,streaming,Gaussian-m1,gaussian,1023,0.005201019692399498,0.011329750542972673,0.0057425776587877635,250.0,0.18436301123349944,5000.0,2.0,0.020000000000000004,0.3,1.0,16.67470215455788,0.0
linear_fast_d20,20,5.0,linear,0.001,0.001,0.0,0,streaming,Gaussian-m1,gaussian,1024,0.005908655651891725,0.008988215494320908,0.006219184636097714,250.0,0.17841641634392957,5000.0,2.0,0.020000000000000004,0.3,1.0,27.70357688514913,0.0
linear_fast_d20,20,5.0,linear,0.001,0.001,0.0,0,streaming,Gaussian-m1,gaussian,1025,0.004465443767384576,0.00924589994133759,0.0053705145858458665,200.0,0.18034564505189937,5000.0,2.0,0.020000000000000004,0.3,1.0,31.063301077006454,0.0
linear_fast_d20,20,5.0,linear,0.001,0.001,0.0,0,streaming,Gaussian-m1,gaussian,1026,0.006152526723208686,0.008957277809075978,0.004547702501975821,250.0,0.18292781281583484,5000.0,2.0,0.020000000000000004,0.3,1.0,30.44222505648699,0.0
linear_fast_d20,20,5.0,linear,0.001,0.001,0.0,0,streaming,Gaussian-m1,gaussian,1027,0.0038965416826785004,0.0086777209951742,0.004860486298874337,200.0,0.18202379886559591,5000.0,2.0,0.020000000000000004,0.3,1.0,38.434969561160266,0.0
linear_fast_d20,20,5.0,linear,0.001,0.001,0.0,0,streaming,Gaussian-m1,gaussian,1028,0.005950955732647858,0.00989305786690332,0.005133720329577538,250.0,0.18455125763468141,5000.0,2.0,0.020000000000000004,0.3,1.0,19.7816728075838,0.0
linear_fast_d20,20,5.0,linear,0.001,0.001,0.0,0,streaming,Gaussian-m1,gaussian,1029,0.0027763459984556475,0.009443665503418018,0.005054740233026116,250.0,0.18140591057898706,5000.0,2.0,0.020000000000000004,0.3,1.0,22.46539042786795,0.0
linear_fast_d20,20,5.0,linear,0.001,0.001,0.0,0,streaming,Gaussian-m1,gaussian,1030,0.003170747971292785,0.010066502864440881,0.005452182650514542,200.0,0.18248657710949506,5000.0,2.0,0.020000000000000004,0.3,1.0,19.767664684732623,0.0
linear_fast_d20,20,5.0,linear,0.001,0.001,0.0,0,streaming,Gaussian-m5,gaussian,1001,0.005291897141514345,0.011348626177531079,0.005007774714414938,250.0,0.45190270975585034,1000.0,10.0,0.1,0.3,5.0,11.841157461357968,0.0
linear_fast_d20,20,5.0,linear,0.001,0.001,0.0,0,streaming,Gaussian-m5,gaussian,1002,0.011351264871849873,0.01315332223664322,0.006654344859173501,300.0,0.4425526264910096,1000.0,10.0,0.1,0.3,5.0,6.059666992633203,0.0
linear_fast_d20,20,5.0,linear,0.001,0.001,0.0,0,streaming,Gaussian-m5,gaussian,1003,0.0049223349495003,0.013755623624972046,0.00557026516261841,550.0,0.4475357602506087,1000.0,10.0,0.1,0.3,5.0,6.26982906156849,0.0
linear_fast_d20,20,5.0,linear,0.001,0.001,0.0,0,streaming,Gaussian-m5,gaussian,1004,0.0065320381469122415,0.015041842649236517,0.0055855116359529704,400.0,0.4410097318659607,1000.0,10.0,0.1,0.3,5.0,7.807685540996644,0.0
linear_fast_d20,20,5.0,linear,0.001,0.001,0.0,0,streaming,Gaussian-m5,gaussian,1005,0.0028833081012051057,0.013888098763645981,0.004956620324820365,300.0,0.445978384643251,1000.0,10.0,0.1,0.3,5.0,7.335915033594099,0.0
linear_fast_d20,20,5.0,linear,0.001,0.001,0.0,0,streaming,Gaussian-m5,gaussian,1006,0.0064058280790800035,0.014455794639607842,0.005303218592796419,450.0,0.4428433160237557,1000.0,10.0,0.1,0.3,5.0,6.079380931356148,0.0
linear_fast_d20,20,5.0,linear,0.001,0.001,0.0,0,streaming,Gaussian-m5,gaussian,1007,0.004904090246339469,0.013102809934032162,0.006714581691434032,350.0,0.4422730901090796,1000.0,10.0,0.1,0.3,5.0,6.106688940851166,0.0
linear_fast_d20,20,5.0,linear,0.001,0.001,0.0,0,streaming,Gaussian-m5,gaussian,1008,0.004707948541849567,0.012634513801068014,0.006467321090446073,300.0,0.4542574378197074,1000.0,10.0,0.1,0.3,5.0,5.752729801023975,0.0
linear_fast_d20,20,5.0,linear,0.001,0.001,0.0,0,streaming,Gaussian-m5,gaussian,1009,0.003271142531880776,0.012953203859190063,0.005743869461266369,450.0,0.4452374720905577,1000.0,10.0,0.1,0.3,5.0,8.597236142135243,0.0
linear_fast_d20,20,5.0,linear,0.001,0.001,0.0,0,streaming,Gaussian-m5,gaussian,1010,0.005563697470014568,0.014011539034352209,0.007072351130275707,400.0,0.44326745007349033,1000.0,10.0,0.1,0.3,5.0,7.624690281793657,0.0
linear_fast_d20,20,5.0,linear,0.001,0.001,0.0,0,streaming,Gaussian-m5,gaussian,1011,0.00262858054623436,0.012691614734597198,0.004890842490944932,300.0,0.44888657909636087,1000.0,10.0,0.1,0.3,5.0,8.83318943489577,0.0
linear_fast_d20,20,5.0,linear,0.001,0.001,0.0,0,streaming,Gaussian-m5,gaussian,1012,0.010785104705272795,0.012589634181511145,0.005935552195730413,450.0,0.4458614207113001,1000.0,10.0,0.1,0.3,5.0,8.479138791462601,0.0
linear_fast_d20,20,5.0,linear,0.001,0.001,0.0,0,streaming,Gaussian-m5,gaussian,1013,0.007007179294229012,0.012125778237493385,0.0059072417241968316,350.0,0.44442604632826993,1000.0,10.0,0.1,0.3,5.0,7.393326043045094,0.0
linear_fast_d20,20,5.0,linear,0.001,0.001,0.0,0,streaming,Gaussian-m5,gaussian,1014,0.00697970463397396,0.013954093800521443,0.005790261522700182,400.0,0.4453254685500497,1000.0,10.0,0.1,0.3,5.0,5.435281514166627,0.0
linear_fast_d20,20,5.0,linear,0.001,0.001,0.0,0,streaming,Gaussian-m5,gaussian,1015,0.0037090874125284903,0.012711004861356463,0.006745560368686351,250.0,0.44585528561696963,1000.0,10.0,0.1,0.3,5.0,8.755865436640258,0.0
linear_fast_d20,20,5.0,linear,0.001,0.001,0.0,0,streaming,Gaussian-m5,gaussian,1016,0.007629217066902587,0.011027165574751094,0.0062316720272599085,300.0,0.4470926927344945,1000.0,10.0,0.1,0.3,5.0,9.088334036127407,0.0
linear_fast_d20,20,5.0,linear,0.001,0.001,0.0,0,streaming,Gaussian-m5,gaussian,1017,0.005100780672853148,0.014258940740966003,0.006449377823072629,350.0,0.44166498222577827,1000.0,10.0,0.1,0.3,5.0,6.614160503758629,0.0
linear_fast_d20,20,5.0,linear,0.001,0.001,0.0,0,streaming,Gaussian-m5,gaussian,1018,0.0046670705154250305,0.01596749547440833,0.004978253351297764,550.0,0.4461930055373306,1000.0,10.0,0.1,0.3,5.0,6.743822049008922,0.0
linear_fast_d20,20,5.0,linear,0.001,0.001,0.0,0,streaming,Gaussian-m5,gaussian,1019,0.007871588271121716,0.014956910893917387,0.005772445033715434,400.0,0.44397165433155006,1000.0,10.0,0.1,0.3,5.0,7.3931542792103295,0.0
linear_fast_d20,20,5.0,linear,0.001,0.001,0.0,0,streaming,Gaussian-m5,gaussian,1020,0.005348418433738854,0.012578025229670478,0.005417894693143256,350.0,0.446486336514507,1000.0,10.0,0.1,0.3,5.0,11.235149059275923,0.0
linear_fast_d20,20,5.0,linear,0.001,0.001,0.0,0,streaming,Gaussian-m5,gaussian,1021,0.0027340599854058195,0.012214139341791778,0.006138730515359331,450.0,0.44749613575850794,1000.0,10.0,0.1,0.3,5.0,5.7520129071055415,0.0
linear_fast_d20,20,5.0,linear,0.001,0.001,0.0,0,streaming,Gaussian-m5,gaussian,1022,0.006162712642500328,0.011690160586244232,0.00722980603034055,350.0,0.4415468758783046,1000.0,10.0,0.1,0.3,5.0,6.167072144787454,0.0
linear_fast_d20,20,5.0,linear,0.001,0.001,0.0,0,streaming,Gaussian-m5,gaussian,1023,0.0041304215673269844,0.013299676687482281,0.005646481117983513,500.0,0.45115535923765515,1000.0,10.0,0.1,0.3,5.0,4.965802284532557,0.0
linear_fast_d20,20,5.0,linear,0.001,0.001,0.0,0,streaming,Gaussian-m5,gaussian,1024,0.007594023298471614,0.011574949292020293,0.0062846373653482526,300.0,0.45000118681029466,1000.0,10.0,0.1,0.3,5.0,6.478455943085542,0.0
linear_fast_d20,20,5.0,linear,0.001,0.001,0.0,0,streaming,Gaussian-m5,gaussian,1025,0.005442792565979449,0.01382306326790644,0.006734529601603118,300.0,0.4418014446877733,1000.0,10.0,0.1,0.3,5.0,7.647662550717179,0.0
linear_fast_d20,20,5.0,linear,0.001,0.001,0.0,0,streaming,Gaussian-m5,gaussian,1026,0.0029328324524504545,0.01657596971831048,0.005322843975534029,350.0,0.4491920644239277,1000.0,10.0,0.1,0.3,5.0,8.675235735456994,0.0
linear_fast_d20,20,5.0,linear,0.001,0.001,0.0,0,streaming,Gaussian-m5,gaussian,1027,0.003657174401195204,0.011108568101599861,0.005526100166638235,350.0,0.4442483226124679,1000.0,10.0,0.1,0.3,5.0,8.300877546391211,0.0
linear_fast_d20,20,5.0,linear,0.001,0.001,0.0,0,streaming,Gaussian-m5,gaussian,1028,0.003422371127304065,0.012772641725409754,0.005887363240386059,550.0,0.45058239982589804,1000.0,10.0,0.1,0.3,5.0,8.087566785039344,0.0
linear_fast_d20,20,5.0,linear,0.001,0.001,0.0,0,streaming,Gaussian-m5,gaussian,1029,0.007236537285328471,0.011546469977087092,0.005566963029312447,250.0,0.44125771228688493,1000.0,10.0,0.1,0.3,5.0,8.43249571306188,0.0
linear_fast_d20,20,5.0,linear,0.001,0.001,0.0,0,streaming,Gaussian-m5,gaussian,1030,0.006434391928419668,0.013534775894731444,0.005940097349416427,300.0,0.4418508171075791,1000.0,10.0,0.1,0.3,5.0,10.689404406732798,0.0
linear_fast_d20,20,5.0,linear,0.001,0.001,0.0,0,streaming,Gaussian-m20,gaussian,1001,0.021003061757398807,0.021950743445597005,0.01558241598813458,350.0,0.7195831733946401,250.0,40.0,0.2,0.3,20.0,4.855416843481462,0.0
linear_fast_d20,20,5.0,linear,0.001,0.001,0.0,0,streaming,Gaussian-m20,gaussian,1002,0.014963257244322445,0.024706133520726935,0.018013183537415354,1650.0,0.7143012866308045,250.0,40.0,0.2,0.3,20.0,4.862205208815148,0.0
linear_fast_d20,20,5.0,linear,0.001,0.001,0.0,0,streaming,Gaussian-m20,gaussian,1003,0.008747106974158144,0.02620458258528405,0.018029103395477815,2400.0,0.7116777184266369,250.0,40.0,0.2,0.3,20.0,3.6659795910527455,0.0
linear_fast_d20,20,5.0,linear,0.001,0.001,0.0,0,streaming,Gaussian-m20,gaussian,1004,0.00905245004562966,0.03250254584253472,0.016353643458111883,1400.0,0.7102013155062036,250.0,40.0,0.2,0.3,20.0,6.681248783302483,0.0
linear_fast_d20,20,5.0,linear,0.001,0.001,0.0,0,streaming,Gaussian-m20,gaussian,1005,0.013184010657093547,0.025979845017695544,0.014377446726411001,400.0,0.7115486591068986,250.0,40.0,0.2,0.3,20.0,2.352573585315575,0.0
linear_fast_d20,20,5.0,linear,0.001,0.001,0.0,0,streaming,Gaussian-m20,gaussian,1006,0.015071236545377996,0.02225562138177799,0.016589171418588722,250.0,0.7231418313007107,250.0,40.0,0.2,0.3,20.0,4.365979258099072,0.0
linear_fast_d20,20,5.0,linear,0.001,0.001,0.0,0,streaming,Gaussian-m20,gaussian,1007,0.012132317449497875,0.028922201555524486,0.01842879928933675,600.0,0.71303153103561,250.0,40.0,0.2,0.3,20.0,5.88080954165536,0.0
linear_fast_d20,20,5.0,linear,0.001,0.001,0.0,0,streaming,Gaussian-m20,gaussian,1008,0.017883958806714655,0.026929377069226917,0.018954052796019697,850.0,0.7109422741550518,250.0,40.0,0.2,0.3,20.0,4.060791459973846,0.0
linear_fast_d20,20,5.0,linear,0.001,0.001,0.0,0,streaming,Gaussian-m20,gaussian,1009,0.012503343449361295,0.024811174275879266,0.01803273689862645,350.0,0.7029533053348523,250.0,40.0,0.2,0.3,20.0,2.799241494790978,0.0
linear_fast_d20,20,5.0,linear,0.001,0.001,0.0,0,streaming,Gaussian-m20,gaussian,1010,0.008043317314866112,0.025043114809642116,0.01726377601774732,400.0,0.7132732348028453,250.0,40.0,0.2,0.3,20.0,3.6614589429066338,0.0
linear_fast_d20,20,5.0,linear,0.001,0.001,0.0,0,streaming,Gaussian-m20,gaussian,1011,0.013366875193279436,0.025993915878393132,0.019100116565323396,300.0,0.7110639708885035,250.0,40.0,0.2,0.3,20.0,4.078327111120131,0.0
linear_fast_d20,20,5.0,linear,0.001,0.001,0.0,0,streaming,Gaussian-m20,gaussian,1012,0.01080796961039034,0.024099652135939634,0.016076233285732443,450.0,0.7167247545523928,250.0,40.0,0.2,0.3,20.0,4.589336952110491,0.0
linear_fast_d20,20,5.0,linear,0.001,0.001,0.0,0,streaming,Gaussian-m20,gaussian,1013,0.025770152128923248,0.02378068570920005,0.020366984538283034,400.0,0.7149571078866753,250.0,40.0,0.2,0.3,20.0,4.5131113555216125,0.0
linear_fast_d20,20,5.0,linear,0.001,0.001,0.0,0,streaming,Gaussian-m20,gaussian,1014,0.014227780128240776,0.023442998426291474,0.018833782001513602,300.0,0.7139691043519998,250.0,40.0,0.2,0.3,20.0,5.2035475309335695,0.0
linear_fast_d20,20,5.0,linear,0.001,0.001,0.0,0,streaming,Gaussian-m20,gaussian,1015,0.015707997029690026,0.026833004603590813,0.02104022291279934,400.0,0.7144116789891668,250.0,40.0,0.2,0.3,20.0,3.3254734929396483,0.0
linear_fast_d20,20,5.0,linear,0.001,0.001,0.0,0,streaming,Gaussian-m20,gaussian,1016,0.012091694718810735,0.026978175119312612,0.017698901276982024,1400.0,0.7176648049286601,250.0,40.0,0.2,0.3,20.0,6.108428641822638,0.0
linear_fast_d20,20,5.0,linear,0.001,0.001,0.0,0,streaming,Gaussian-m20,gaussian,1017,0.017609347175376464,0.026740735014964497,0.019893593663124192,600.0,0.7167241449714458,250.0,40.0,0.2,0.3,20.0,4.183430608731177,0.0
linear_fast_d20,20,5.0,linear,0.001,0.001,0.0,0,streaming,Gaussian-m20,gaussian,1018,0.012779151050472597,0.0230637857783593,0.02128839911386326,1600.0,0.7139591671281489,250.0,40.0,0.2,0.3,20.0,3.314534398625408,0.0
linear_fast_d20,20,5.0,linear,0.001,0.001,0.0,0,streaming,Gaussian-m20,gaussian,1019,0.016357896005155165,0.024359743051382044,0.019249704160787202,400.0,0.7181467476000587,250.0,40.0,0.2,0.3,20.0,4.1178446573830785,0.0
linear_fast_d20,20,5.0,linear,0.001,0.001,0.0,0,streaming,Gaussian-m20,gaussian,1020,0.010656874802781833,0.021779051588650504,0.015693899531672124,1400.0,0.721837073327456,250.0,40.0,0.2,0.3,20.0,4.22989135311994,0.0
linear_fast_d20,20,5.0,linear,0.001,0.001,0.0,0,streaming,Gaussian-m20,gaussian,1021,0.012667734938705757,0.02536884316036638,0.013861578948474208,300.0,0.714614613615896,250.0,40.0,0.2,0.3,20.0,2.6030448681776646,0.0
linear_fast_d20,20,5.0,linear,0.001,0.001,0.0,0,streaming,Gaussian-m20,gaussian,1022,0.017423531949226613,0.02342900673192399,0.021167900837227867,400.0,0.7131002897355188,250.0,40.0,0.2,0.3,20.0,4.072902937493679,0.0
linear_fast_d20,20,5.0,linear,0.001,0.001,0.0,0,streaming,Gaussian-m20,gaussian,1023,0.007422340364164354,0.022404692273145378,0.016808523793696857,500.0,0.7194271245663074,250.0,40.0,0.2,0.3,20.0,3.621655668154701,0.0
linear_fast_d20,20,5.0,linear,0.001,0.001,0.0,0,streaming,Gaussian-m20,gaussian,1024,0.016222095757944244,0.022459414529093225,0.015637688741160092,400.0,0.7135278976448101,250.0,40.0,0.2,0.3,20.0,4.2271129717908105,0.0
linear_fast_d20,20,5.0,linear,0.001,0.001,0.0,0,streaming,Gaussian-m20,gaussian,1025,0.016834928391623045,0.024296019762823595,0.016581757440470517,600.0,0.7197022993785186,250.0,40.0,0.2,0.3,20.0,4.109805350730072,0.0
linear_fast_d20,20,5.0,linear,0.001,0.001,0.0,0,streaming,Gaussian-m20,gaussian,1026,0.009339983266779671,0.02493892916097598,0.017878938000770155,1050.0,0.7112966511307625,250.0,40.0,0.2,0.3,20.0,3.573568685278022,0.0
linear_fast_d20,20,5.0,linear,0.001,0.001,0.0,0,streaming,Gaussian-m20,gaussian,1027,0.010992160462468302,0.022118229829627932,0.016744049574859945,400.0,0.7187341878628504,250.0,40.0,0.2,0.3,20.0,4.35934015506565,0.0
linear_fast_d20,20,5.0,linear,0.001,0.001,0.0,0,streaming,Gaussian-m20,gaussian,1028,0.012409941407249542,0.025792564329237575,0.016018426221659467,400.0,0.7209381163506806,250.0,40.0,0.2,0.3,20.0,3.5147278501384935,0.0
linear_fast_d20,20,5.0,linear,0.001,0.001,0.0,0,streaming,Gaussian-m20,gaussian,1029,0.019760360672546877,0.024967634359774945,0.01700497235756673,1800.0,0.7127515579403955,250.0,40.0,0.2,0.3,20.0,4.07661778688087,0.0
linear_fast_d20,20,5.0,linear,0.001,0.001,0.0,0,streaming,Gaussian-m20,gaussian,1030,0.02120842320869126,0.026514276377326125,0.018150961053591673,600.0,0.7158377625355232,250.0,40.0,0.2,0.3,20.0,3.7902110466125967,0.0
linear_fast_d20,20,5.0,linear,0.001,0.001,0.0,0,streaming,CoordinateCentral,coordinate,1001,0.31746515707592204,0.29621703774397,0.33318873164927126,,0.9981363995930367,250.0,40.0,0.04,0.1,1.0,3.0024549196778025,0.0
linear_fast_d20,20,5.0,linear,0.001,0.001,0.0,0,streaming,CoordinateCentral,coordinate,1002,0.3179617312320924,0.29730393926418475,0.33314718845154473,,0.9981921499661186,250.0,40.0,0.04,0.1,1.0,3.0154767259832416,0.0
linear_fast_d20,20,5.0,linear,0.001,0.001,0.0,0,streaming,CoordinateCentral,coordinate,1003,0.3171146385504001,0.29653207066866233,0.3323143653798941,,0.9981841501254601,250.0,40.0,0.04,0.1,1.0,3.0188437668678523,0.0
linear_fast_d20,20,5.0,linear,0.001,0.001,0.0,0,streaming,CoordinateCentral,coordinate,1004,0.3176156265337481,0.296646004422908,0.33252116972497336,,0.9981854842508908,250.0,40.0,0.04,0.1,1.0,3.015150734473922,0.0
linear_fast_d20,20,5.0,linear,0.001,0.001,0.0,0,streaming,CoordinateCentral,coordinate,1005,0.3148831908381806,0.2958345257614643,0.32988620216358555,,0.9981285015320704,250.0,40.0,0.04,0.1,1.0,3.0174542919303855,0.0
linear_fast_d20,20,5.0,linear,0.001,0.001,0.0,0,streaming,CoordinateCentral,coordinate,1006,0.3178894732172931,0.29639203518948665,0.33161147340253244,,0.9981805568129217,250.0,40.0,0.04,0.1,1.0,3.0126360718087724,0.0
linear_fast_d20,20,5.0,linear,0.001,0.001,0.0,0,streaming,CoordinateCentral,coordinate,1007,0.3175783937552832,0.2971699589937666,0.33331309079134175,,0.9981932408883519,250.0,40.0,0.04,0.1,1.0,3.0009538859334115,0.0
linear_fast_d20,20,5.0,linear,0.001,0.001,0.0,0,streaming,CoordinateCentral,coordinate,1008,0.31835421717161516,0.29612311689364196,0.332623396125576,,0.9981891045578222,250.0,40.0,0.04,0.1,1.0,3.0111215353437557,0.0
linear_fast_d20,20,5.0,linear,0.001,0.001,0.0,0,streaming,CoordinateCentral,coordinate,1009,0.3173539433669715,0.29725937308829953,0.3327623263792889,,0.9981728999955262,250.0,40.0,0.04,0.1,1.0,3.0090362587526607,0.0
linear_fast_d20,20,5.0,linear,0.001,0.001,0.0,0,streaming,CoordinateCentral,coordinate,1010,0.31589625312293107,0.2964703397451955,0.332026183707659,,0.9981257091963184,250.0,40.0,0.04,0.1,1.0,3.016147048326053,0.0
linear_fast_d20,20,5.0,linear,0.001,0.001,0.0,0,streaming,CoordinateCentral,coordinate,1011,0.31734321272672905,0.29647143826222255,0.33146705580157315,,0.9981551953960547,250.0,40.0,0.04,0.1,1.0,3.0048633817137085,0.0
linear_fast_d20,20,5.0,linear,0.001,0.001,0.0,0,streaming,CoordinateCentral,coordinate,1012,0.3201516062789629,0.29691256533117083,0.3331099908388747,,0.998223110750559,250.0,40.0,0.04,0.1,1.0,2.9997652222817535,0.0
linear_fast_d20,20,5.0,linear,0.001,0.001,0.0,0,streaming,CoordinateCentral,coordinate,1013,0.31826643405650984,0.29622153945065205,0.33091696610720484,,0.9981883569517954,250.0,40.0,0.04,0.1,1.0,3.0201188647764132,0.0
linear_fast_d20,20,5.0,linear,0.001,0.001,0.0,0,streaming,CoordinateCentral,coordinate,1014,0.31721155446886584,0.2959706363421102,0.3313546354231713,,0.9981484152965941,250.0,40.0,0.04,0.1,1.0,3.0369556141459966,0.0
linear_fast_d20,20,5.0,linear,0.001,0.001,0.0,0,streaming,CoordinateCentral,coordinate,1015,0.31997483393193477,0.2970243453524367,0.33307362185093115,,0.9982210822079167,250.0,40.0,0.04,0.1,1.0,3.0058350288274247,0.0
linear_fast_d20,20,5.0,linear,0.001,0.001,0.0,0,streaming,CoordinateCentral,coordinate,1016,0.3162491524925626,0.2967580593737617,0.3310092317130356,,0.9981894806822567,250.0,40.0,0.04,0.1,1.0,3.0089538088798427,0.0
linear_fast_d20,20,5.0,linear,0.001,0.001,0.0,0,streaming,CoordinateCentral,coordinate,1017,0.31597292152086837,0.29649686339927683,0.33155998383549595,,0.9981794034735856,250.0,40.0,0.04,0.1,1.0,3.016681225410764,0.0
linear_fast_d20,20,5.0,linear,0.001,0.001,0.0,0,streaming,CoordinateCentral,coordinate,1018,0.31848460074252327,0.2965274202275318,0.3319668225006504,,0.9982146031319215,250.0,40.0,0.04,0.1,1.0,3.0138763191692255,0.0
linear_fast_d20,20,5.0,linear,0.001,0.001,0.0,0,streaming,CoordinateCentral,coordinate,1019,0.31744385525449087,0.2969002644127226,0.3325676995429954,,0.9981865589725407,250.0,40.0,0.04,0.1,1.0,3.0206747402659606,0.0
linear_fast_d20,20,5.0,linear,0.001,0.001,0.0,0,streaming,CoordinateCentral,coordinate,1020,0.3180042740982577,0.29668883329721285,0.33177487879533923,,0.9981611917723726,250.0,40.0,0.04,0.1,1.0,3.025048431279158,0.0
linear_fast_d20,20,5.0,linear,0.001,0.001,0.0,0,streaming,CoordinateCentral,coordinate,1021,0.3188618093854717,0.29630183097066376,0.33188377404846164,,0.9981627907770323,250.0,40.0,0.04,0.1,1.0,3.016525322124984,0.0
linear_fast_d20,20,5.0,linear,0.001,0.001,0.0,0,streaming,CoordinateCentral,coordinate,1022,0.3181373410641666,0.2965863929444751,0.33101849309650455,,0.9981875052002106,250.0,40.0,0.04,0.1,1.0,3.0065958933045063,0.0
linear_fast_d20,20,5.0,linear,0.001,0.001,0.0,0,streaming,CoordinateCentral,coordinate,1023,0.3172774759410155,0.29641431518650674,0.3306987774350464,,0.9981980400867602,250.0,40.0,0.04,0.1,1.0,3.0139185491389755,0.0
linear_fast_d20,20,5.0,linear,0.001,0.001,0.0,0,streaming,CoordinateCentral,coordinate,1024,0.31744797870859215,0.29650417560568293,0.33184763190886396,,0.9981794943397511,250.0,40.0,0.04,0.1,1.0,3.0039415684060353,0.0
linear_fast_d20,20,5.0,linear,0.001,0.001,0.0,0,streaming,CoordinateCentral,coordinate,1025,0.3172971817922253,0.2968617497502611,0.3319267771293368,,0.9982036347086402,250.0,40.0,0.04,0.1,1.0,3.0149006589193506,0.0
linear_fast_d20,20,5.0,linear,0.001,0.001,0.0,0,streaming,CoordinateCentral,coordinate,1026,0.32002839946406064,0.29751560407258393,0.33345022310273087,,0.9982028978865479,250.0,40.0,0.04,0.1,1.0,3.014850994072573,0.0
linear_fast_d20,20,5.0,linear,0.001,0.001,0.0,0,streaming,CoordinateCentral,coordinate,1027,0.3172587177032918,0.29653538005482427,0.33188122011714805,,0.9981668679682939,250.0,40.0,0.04,0.1,1.0,3.00541725239102,0.0
linear_fast_d20,20,5.0,linear,0.001,0.001,0.0,0,streaming,CoordinateCentral,coordinate,1028,0.3185412394893183,0.29651548516737736,0.3327224862886814,,0.9982130021523574,250.0,40.0,0.04,0.1,1.0,3.0275395771864053,0.0
linear_fast_d20,20,5.0,linear,0.001,0.001,0.0,0,streaming,CoordinateCentral,coordinate,1029,0.3182691585612874,0.2965395408378996,0.33224620297035456,,0.9982367958835744,250.0,40.0,0.04,0.1,1.0,3.0071201758908632,0.0
linear_fast_d20,20,5.0,linear,0.001,0.001,0.0,0,streaming,CoordinateCentral,coordinate,1030,0.31852573703430764,0.29634914875359264,0.3320858785973969,,0.9981689505009226,250.0,40.0,0.04,0.1,1.0,3.007207014511428,0.0
cyclic_slow_d20,20,5.0,cyclic,0.001,0.0,1.0,5000,frozen,FirstOrderReference,first_order,1001,0.00034445200513631767,0.0026749869099958784,0.00014229618563564158,50.0,0.9988133147839471,10000.0,1.0,0.04,0.0,1.0,3.0139374681374402,0.0
cyclic_slow_d20,20,5.0,cyclic,0.001,0.0,1.0,5000,frozen,FirstOrderReference,first_order,1002,0.00034445200513631767,0.0026749869099958784,0.00014229618563564158,50.0,0.9988133147839471,10000.0,1.0,0.04,0.0,1.0,3.0139374681374402,0.0
cyclic_slow_d20,20,5.0,cyclic,0.001,0.0,1.0,5000,frozen,FirstOrderReference,first_order,1003,0.00034445200513631767,0.0026749869099958784,0.00014229618563564158,50.0,0.9988133147839471,10000.0,1.0,0.04,0.0,1.0,3.0139374681374402,0.0
cyclic_slow_d20,20,5.0,cyclic,0.001,0.0,1.0,5000,frozen,FirstOrderReference,first_order,1004,0.00034445200513631767,0.0026749869099958784,0.00014229618563564158,50.0,0.9988133147839471,10000.0,1.0,0.04,0.0,1.0,3.0139374681374402,0.0
cyclic_slow_d20,20,5.0,cyclic,0.001,0.0,1.0,5000,frozen,FirstOrderReference,first_order,1005,0.00034445200513631767,0.0026749869099958784,0.00014229618563564158,50.0,0.9988133147839471,10000.0,1.0,0.04,0.0,1.0,3.0139374681374402,0.0
cyclic_slow_d20,20,5.0,cyclic,0.001,0.0,1.0,5000,frozen,FirstOrderReference,first_order,1006,0.00034445200513631767,0.0026749869099958784,0.00014229618563564158,50.0,0.9988133147839471,10000.0,1.0,0.04,0.0,1.0,3.0139374681374402,0.0
cyclic_slow_d20,20,5.0,cyclic,0.001,0.0,1.0,5000,frozen,FirstOrderReference,first_order,1007,0.00034445200513631767,0.0026749869099958784,0.00014229618563564158,50.0,0.9988133147839471,10000.0,1.0,0.04,0.0,1.0,3.0139374681374402,0.0
cyclic_slow_d20,20,5.0,cyclic,0.001,0.0,1.0,5000,frozen,FirstOrderReference,first_order,1008,0.00034445200513631767,0.0026749869099958784,0.00014229618563564158,50.0,0.9988133147839471,10000.0,1.0,0.04,0.0,1.0,3.0139374681374402,0.0
cyclic_slow_d20,20,5.0,cyclic,0.001,0.0,1.0,5000,frozen,FirstOrderReference,first_order,1009,0.00034445200513631767,0.0026749869099958784,0.00014229618563564158,50.0,0.9988133147839471,10000.0,1.0,0.04,0.0,1.0,3.0139374681374402,0.0
cyclic_slow_d20,20,5.0,cyclic,0.001,0.0,1.0,5000,frozen,FirstOrderReference,first_order,1010,0.00034445200513631767,0.0026749869099958784,0.00014229618563564158,50.0,0.9988133147839471,10000.0,1.0,0.04,0.0,1.0,3.0139374681374402,0.0
cyclic_slow_d20,20,5.0,cyclic,0.001,0.0,1.0,5000,frozen,FirstOrderReference,first_order,1011,0.00034445200513631767,0.0026749869099958784,0.00014229618563564158,50.0,0.9988133147839471,10000.0,1.0,0.04,0.0,1.0,3.0139374681374402,0.0
cyclic_slow_d20,20,5.0,cyclic,0.001,0.0,1.0,5000,frozen,FirstOrderReference,first_order,1012,0.00034445200513631767,0.0026749869099958784,0.00014229618563564158,50.0,0.9988133147839471,10000.0,1.0,0.04,0.0,1.0,3.0139374681374402,0.0
cyclic_slow_d20,20,5.0,cyclic,0.001,0.0,1.0,5000,frozen,FirstOrderReference,first_order,1013,0.00034445200513631767,0.0026749869099958784,0.00014229618563564158,50.0,0.9988133147839471,10000.0,1.0,0.04,0.0,1.0,3.0139374681374402,0.0
cyclic_slow_d20,20,5.0,cyclic,0.001,0.0,1.0,5000,frozen,FirstOrderReference,first_order,1014,0.00034445200513631767,0.0026749869099958784,0.00014229618563564158,50.0,0.9988133147839471,10000.0,1.0,0.04,0.0,1.0,3.0139374681374402,0.0
cyclic_slow_d20,20,5.0,cyclic,0.001,0.0,1.0,5000,frozen,FirstOrderReference,first_order,1015,0.00034445200513631767,0.0026749869099958784,0.00014229618563564158,50.0,0.9988133147839471,10000.0,1.0,0.04,0.0,1.0,3.0139374681374402,0.0
cyclic_slow_d20,20,5.0,cyclic,0.001,0.0,1.0,5000,frozen,FirstOrderReference,first_order,1016,0.00034445200513631767,0.0026749869099958784,0.00014229618563564158,50.0,0.9988133147839471,10000.0,1.0,0.04,0.0,1.0,3.0139374681374402,0.0
cyclic_slow_d20,20,5.0,cyclic,0.001,0.0,1.0,5000,frozen,FirstOrderReference,first_order,1017,0.00034445200513631767,0.0026749869099958784,0.00014229618563564158,50.0,0.9988133147839471,10000.0,1.0,0.04,0.0,1.0,3.0139374681374402,0.0
cyclic_slow_d20,20,5.0,cyclic,0.001,0.0,1.0,5000,frozen,FirstOrderReference,first_order,1018,0.00034445200513631767,0.0026749869099958784,0.00014229618563564158,50.0,0.9988133147839471,10000.0,1.0,0.04,0.0,1.0,3.0139374681374402,0.0
cyclic_slow_d20,20,5.0,cyclic,0.001,0.0,1.0,5000,frozen,FirstOrderReference,first_order,1019,0.00034445200513631767,0.0026749869099958784,0.00014229618563564158,50.0,0.9988133147839471,10000.0,1.0,0.04,0.0,1.0,3.0139374681374402,0.0
cyclic_slow_d20,20,5.0,cyclic,0.001,0.0,1.0,5000,frozen,FirstOrderReference,first_order,1020,0.00034445200513631767,0.0026749869099958784,0.00014229618563564158,50.0,0.9988133147839471,10000.0,1.0,0.04,0.0,1.0,3.0139374681374402,0.0
cyclic_slow_d20,20,5.0,cyclic,0.001,0.0,1.0,5000,frozen,FirstOrderReference,first_order,1021,0.00034445200513631767,0.0026749869099958784,0.00014229618563564158,50.0,0.9988133147839471,10000.0,1.0,0.04,0.0,1.0,3.0139374681374402,0.0
cyclic_slow_d20,20,5.0,cyclic,0.001,0.0,1.0,5000,frozen,FirstOrderReference,first_order,1022,0.00034445200513631767,0.0026749869099958784,0.00014229618563564158,50.0,0.9988133147839471,10000.0,1.0,0.04,0.0,1.0,3.0139374681374402,0.0
cyclic_slow_d20,20,5.0,cyclic,0.001,0.0,1.0,5000,frozen,FirstOrderReference,first_order,1023,0.00034445200513631767,0.0026749869099958784,0.00014229618563564158,50.0,0.9988133147839471,10000.0,1.0,0.04,0.0,1.0,3.0139374681374402,0.0
cyclic_slow_d20,20,5.0,cyclic,0.001,0.0,1.0,5000,frozen,FirstOrderReference,first_order,1024,0.00034445200513631767,0.0026749869099958784,0.00014229618563564158,50.0,0.9988133147839471,10000.0,1.0,0.04,0.0,1.0,3.0139374681374402,0.0
cyclic_slow_d20,20,5.0,cyclic,0.001,0.0,1.0,5000,frozen,FirstOrderReference,first_order,1025,0.00034445200513631767,0.0026749869099958784,0.00014229618563564158,50.0,0.9988133147839471,10000.0,1.0,0.04,0.0,1.0,3.0139374681374402,0.0
cyclic_slow_d20,20,5.0,cyclic,0.001,0.0,1.0,5000,frozen,FirstOrderReference,first_order,1026,0.00034445200513631767,0.0026749869099958784,0.00014229618563564158,50.0,0.9988133147839471,10000.0,1.0,0.04,0.0,1.0,3.0139374681374402,0.0
cyclic_slow_d20,20,5.0,cyclic,0.001,0.0,1.0,5000,frozen,FirstOrderReference,first_order,1027,0.00034445200513631767,0.0026749869099958784,0.00014229618563564158,50.0,0.9988133147839471,10000.0,1.0,0.04,0.0,1.0,3.0139374681374402,0.0
cyclic_slow_d20,20,5.0,cyclic,0.001,0.0,1.0,5000,frozen,FirstOrderReference,first_order,1028,0.00034445200513631767,0.0026749869099958784,0.00014229618563564158,50.0,0.9988133147839471,10000.0,1.0,0.04,0.0,1.0,3.0139374681374402,0.0
cyclic_slow_d20,20,5.0,cyclic,0.001,0.0,1.0,5000,frozen,FirstOrderReference,first_order,1029,0.00034445200513631767,0.0026749869099958784,0.00014229618563564158,50.0,0.9988133147839471,10000.0,1.0,0.04,0.0,1.0,3.0139374681374402,0.0
cyclic_slow_d20,20,5.0,cyclic,0.001,0.0,1.0,5000,frozen,FirstOrderReference,first_order,1030,0.00034445200513631767,0.0026749869099958784,0.00014229618563564158,50.0,0.9988133147839471,10000.0,1.0,0.04,0.0,1.0,3.0139374681374402,0.0
cyclic_slow_d20,20,5.0,cyclic,0.001,0.0,1.0,5000,frozen,SPSA-m1,spsa,1001,0.007134195756291881,0.008856448081465022,0.0034277164992476718,200.0,0.18137611085523578,5000.0,2.0,0.020000000000000004,0.1,1.0,20.63077039133265,0.0
cyclic_slow_d20,20,5.0,cyclic,0.001,0.0,1.0,5000,frozen,SPSA-m1,spsa,1002,0.008135541852417272,0.00995724882142331,0.0034134186053337325,250.0,0.17789046049651427,5000.0,2.0,0.020000000000000004,0.1,1.0,20.82130619047896,0.0
cyclic_slow_d20,20,5.0,cyclic,0.001,0.0,1.0,5000,frozen,SPSA-m1,spsa,1003,0.006248694109480617,0.009030130062803317,0.002995406803552052,500.0,0.17763865752252406,5000.0,2.0,0.020000000000000004,0.1,1.0,25.18226929450595,0.0
cyclic_slow_d20,20,5.0,cyclic,0.001,0.0,1.0,5000,frozen,SPSA-m1,spsa,1004,0.008802710984534872,0.012939035654995115,0.004347376539356057,300.0,0.1778650746777653,5000.0,2.0,0.020000000000000004,0.1,1.0,19.113660242404737,0.0
cyclic_slow_d20,20,5.0,cyclic,0.001,0.0,1.0,5000,frozen,SPSA-m1,spsa,1005,0.010987459366221945,0.008453318208936498,0.0029701944606721933,250.0,0.17921405530331905,5000.0,2.0,0.020000000000000004,0.1,1.0,23.78833833751143,0.0
cyclic_slow_d20,20,5.0,cyclic,0.001,0.0,1.0,5000,frozen,SPSA-m1,spsa,1006,0.012653376851756572,0.010835897289437969,0.0036796777174787753,250.0,0.176779905754281,5000.0,2.0,0.020000000000000004,0.1,1.0,31.641572190683238,0.0
cyclic_slow_d20,20,5.0,cyclic,0.001,0.0,1.0,5000,frozen,SPSA-m1,spsa,1007,0.002949167403637868,0.008405962466832844,0.0032539818438070667,200.0,0.18037137754533092,5000.0,2.0,0.020000000000000004,0.1,1.0,23.05984471872374,0.0
cyclic_slow_d20,20,5.0,cyclic,0.001,0.0,1.0,5000,frozen,SPSA-m1,spsa,1008,0.009897166596393968,0.009160401786960856,0.003886207905130488,250.0,0.1778123841914329,5000.0,2.0,0.020000000000000004,0.1,1.0,19.727874398344234,0.0
cyclic_slow_d20,20,5.0,cyclic,0.001,0.0,1.0,5000,frozen,SPSA-m1,spsa,1009,0.010748282705494997,0.010764143942103416,0.00293792853423149,300.0,0.1788603320764515,5000.0,2.0,0.020000000000000004,0.1,1.0,21.56682963584414,0.0
cyclic_slow_d20,20,5.0,cyclic,0.001,0.0,1.0,5000,frozen,SPSA-m1,spsa,1010,0.0031437291367318637,0.009443347526442792,0.00328755764175627,300.0,0.1769436480388751,5000.0,2.0,0.020000000000000004,0.1,1.0,30.538385455664145,0.0
cyclic_slow_d20,20,5.0,cyclic,0.001,0.0,1.0,5000,frozen,SPSA-m1,spsa,1011,0.010085264795065161,0.0078110758018914905,0.003215973004953008,350.0,0.17890027404065653,5000.0,2.0,0.020000000000000004,0.1,1.0,42.11414208312726,0.0
cyclic_slow_d20,20,5.0,cyclic,0.001,0.0,1.0,5000,frozen,SPSA-m1,spsa,1012,0.0036205308529209533,0.010226611923058968,0.0026442691961750817,250.0,0.18263298544722842,5000.0,2.0,0.020000000000000004,0.1,1.0,16.130772735906117,0.0
cyclic_slow_d20,20,5.0,cyclic,0.001,0.0,1.0,5000,frozen,SPSA-m1,spsa,1013,0.006558224352619693,0.007733331939637094,0.003443567476695724,200.0,0.18056111894871055,5000.0,2.0,0.020000000000000004,0.1,1.0,22.49993510738078,0.0
cyclic_slow_d20,20,5.0,cyclic,0.001,0.0,1.0,5000,frozen,SPSA-m1,spsa,1014,0.006448544063696235,0.008394654503661267,0.003394120824675542,300.0,0.18102254523951086,5000.0,2.0,0.020000000000000004,0.1,1.0,30.569642422144625,0.0
cyclic_slow_d20,20,5.0,cyclic,0.001,0.0,1.0,5000,frozen,SPSA-m1,spsa,1015,0.007683201666440125,0.009739682886814953,0.0028788129978991445,250.0,0.18122514626265135,5000.0,2.0,0.020000000000000004,0.1,1.0,17.97572843298652,0.0
cyclic_slow_d20,20,5.0,cyclic,0.001,0.0,1.0,5000,frozen,SPSA-m1,spsa,1016,0.009286758151234989,0.010706708651852446,0.0029817802879206962,250.0,0.18106036595591837,5000.0,2.0,0.020000000000000004,0.1,1.0,19.018388003440233,0.0
cyclic_slow_d20,20,5.0,cyclic,0.001,0.0,1.0,5000,frozen,SPSA-m1,spsa,1017,0.011092856503134303,0.008408679799082639,0.0035636379713079687,250.0,0.1782256020082409,5000.0,2.0,0.020000000000000004,0.1,1.0,24.146055563045277,0.0
cyclic_slow_d20,20,5.0,cyclic,0.001,0.0,1.0,5000,frozen,SPSA-m1,spsa,1018,0.012352353165258177,0.009226930620567725,0.004075340047533808,250.0,0.18101095574228318,5000.0,2.0,0.020000000000000004,0.1,1.0,24.195698596731898,0.0
cyclic_slow_d20,20,5.0,cyclic,0.001,0.0,1.0,5000,frozen,SPSA-m1,spsa,1019,0.008430470760749728,0.007444322386804026,0.0033890505847765833,300.0,0.1799632484260237,5000.0,2.0,0.020000000000000004,0.1,1.0,35.119849288718065,0.0
cyclic_slow_d20,20,5.0,cyclic,0.001,0.0,1.0,5000,frozen,SPSA-m1,spsa,1020,0.010671988450104322,0.00897958871802138,0.004427307637046291,250.0,0.18188810544475506,5000.0,2.0,0.020000000000000004,0.1,1.0,21.08151160617348,0.0
cyclic_slow_d20,20,5.0,cyclic,0.001,0.0,1.0,5000,frozen,SPSA-m1,spsa,1021,0.015588533397154573,0.008532817816137185,0.00412329663015388,400.0,0.17688907966563203,5000.0,2.0,0.020000000000000004,0.1,1.0,33.82829403782127,0.0
cyclic_slow_d20,20,5.0,cyclic,0.001,0.0,1.0,5000,frozen,SPSA-m1,spsa,1022,0.007897854686186694,0.007909825302366658,0.003237361962532273,250.0,0.18257617051607955,5000.0,2.0,0.020000000000000004,0.1,1.0,27.99273459682583,0.0
cyclic_slow_d20,20,5.0,cyclic,0.001,0.0,1.0,5000,frozen,SPSA-m1,spsa,1023,0.00908250369840782,0.007986617318324944,0.003872575410808373,150.0,0.17698700872616513,5000.0,2.0,0.020000000000000004,0.1,1.0,29.994509037533472,0.0
cyclic_slow_d20,20,5.0,cyclic,0.001,0.0,1.0,5000,frozen,SPSA-m1,spsa,1024,0.00798858597083287,0.009701446950193645,0.0031580103310854405,350.0,0.18052150399946645,5000.0,2.0,0.020000000000000004,0.1,1.0,26.869257877030623,0.0
cyclic_slow_d20,20,5.0,cyclic,0.001,0.0,1.0,5000,frozen,SPSA-m1,spsa,1025,0.006413423124657427,0.009594441668676132,0.0037795111074718306,350.0,0.18247289306916373,5000.0,2.0,0.020000000000000004,0.1,1.0,34.868786990393,0.0
cyclic_slow_d20,20,5.0,cyclic,0.001,0.0,1.0,5000,frozen,SPSA-m1,spsa,1026,0.008099569106553557,0.009750191677624179,0.002541343369376496,300.0,0.17591423614975335,5000.0,2.0,0.020000000000000004,0.1,1.0,26.823792280962543,0.0
cyclic_slow_d20,20,5.0,cyclic,0.001,0.0,1.0,5000,frozen,SPSA-m1,spsa,1027,0.004848735732600457,0.009970661875122829,0.0035142848289245803,250.0,0.1783975343476925,5000.0,2.0,0.020000000000000004,0.1,1.0,15.610172380689546,0.0
cyclic_slow_d20,20,5.0,cyclic,0.001,0.0,1.0,5000,frozen,SPSA-m1,spsa,1028,0.0082119168510406,0.009379598661516024,0.0037607750963153204,250.0,0.18111496811300268,5000.0,2.0,0.020000000000000004,0.1,1.0,20.473965789912853,0.0
cyclic_slow_d20,20,5.0,cyclic,0.001,0.0,1.0,5000,frozen,SPSA-m1,spsa,1029,0.011904077344396819,0.009880381341981995,0.0033609153417672104,250.0,0.17930309246670045,5000.0,2.0,0.020000000000000004,0.1,1.0,18.990896919932354,0.0
cyclic_slow_d20,20,5.0,cyclic,0.001,0.0,1.0,5000,frozen,SPSA-m1,spsa,1030,0.01831557007660484,0.009375684380093077,0.004037044419395753,250.0,0.17973446513990562,5000.0,2.0,0.020000000000000004,0.1,1.0,26.568791002101573,0.0
cyclic_slow_d20,20,5.0,cyclic,0.001,0.0,1.0,5000,frozen,Gaussian-m1,gaussian,1001,0.005620072821226922,0.010601075308639909,0.0032835900756701553,500.0,0.1772146544790001,5000.0,2.0,0.020000000000000004,0.3,1.0,21.287053757242443,0.0
cyclic_slow_d20,20,5.0,cyclic,0.001,0.0,1.0,5000,frozen,Gaussian-m1,gaussian,1002,0.014354188546516655,0.008930939423870698,0.003794874507722736,250.0,0.17788653402975438,5000.0,2.0,0.020000000000000004,0.3,1.0,19.966326704393158,0.0
cyclic_slow_d20,20,5.0,cyclic,0.001,0.0,1.0,5000,frozen,Gaussian-m1,gaussian,1003,0.011984393654382176,0.008351029923019629,0.00376466587503779,300.0,0.17693062820200775,5000.0,2.0,0.020000000000000004,0.3,1.0,22.579677333159076,0.0
cyclic_slow_d20,20,5.0,cyclic,0.001,0.0,1.0,5000,frozen,Gaussian-m1,gaussian,1004,0.00646164882636695,0.009083420114715392,0.003952369005888713,450.0,0.1783525673800221,5000.0,2.0,0.020000000000000004,0.3,1.0,35.98127381306779,0.0
cyclic_slow_d20,20,5.0,cyclic,0.001,0.0,1.0,5000,frozen,Gaussian-m1,gaussian,1005,0.004937925160139784,0.009322289206280839,0.0031788106089205184,300.0,0.17757190627987232,5000.0,2.0,0.020000000000000004,0.3,1.0,22.024172533841778,0.0
cyclic_slow_d20,20,5.0,cyclic,0.001,0.0,1.0,5000,frozen,Gaussian-m1,gaussian,1006,0.00854460491282881,0.008238720472678195,0.004007463737569772,200.0,0.17361307219234665,5000.0,2.0,0.020000000000000004,0.3,1.0,28.020303480717978,0.0
cyclic_slow_d20,20,5.0,cyclic,0.001,0.0,1.0,5000,frozen,Gaussian-m1,gaussian,1007,0.006649960323319696,0.009028469672865294,0.0027228529841900407,250.0,0.17855961062183928,5000.0,2.0,0.020000000000000004,0.3,1.0,23.323094601697512,0.0
cyclic_slow_d20,20,5.0,cyclic,0.001,0.0,1.0,5000,frozen,Gaussian-m1,gaussian,1008,0.007851965640616118,0.009707393975073551,0.003485128650685313,250.0,0.18112364091671534,5000.0,2.0,0.020000000000000004,0.3,1.0,23.98817431145988,0.0
cyclic_slow_d20,20,5.0,cyclic,0.001,0.0,1.0,5000,frozen,Gaussian-m1,gaussian,1009,0.006312075155232767,0.009897040403642745,0.003967236516781264,250.0,0.17679731077623337,5000.0,2.0,0.020000000000000004,0.3,1.0,32.185478129746244,0.0
cyclic_slow_d20,20,5.0,cyclic,0.001,0.0,1.0,5000,frozen,Gaussian-m1,gaussian,1010,0.008084928605250168,0.010577167748693009,0.003418799967259215,250.0,0.17842855429833518,5000.0,2.0,0.020000000000000004,0.3,1.0,18.837680679466057,0.0
cyclic_slow_d20,20,5.0,cyclic,0.001,0.0,1.0,5000,frozen,Gaussian-m1,gaussian,1011,0.01032327771497666,0.009293794571583785,0.0038597052998098156,300.0,0.1753127639381689,5000.0,2.0,0.020000000000000004,0.3,1.0,18.268292002380182,0.0
cyclic_slow_d20,20,5.0,cyclic,0.001,0.0,1.0,5000,frozen,Gaussian-m1,gaussian,1012,0.005483981269487587,0.010706296993350503,0.003299579089736633,300.0,0.1756738997523268,5000.0,2.0,0.020000000000000004,0.3,1.0,23.133004975525488,0.0
cyclic_slow_d20,20,5.0,cyclic,0.001,0.0,1.0,5000,frozen,Gaussian-m1,gaussian,1013,0.014851764393840788,0.0079727727203409,0.004643020175125193,200.0,0.17852334245084636,5000.0,2.0,0.020000000000000004,0.3,1.0,28.451857167779288,0.0
cyclic_slow_d20,20,5.0,cyclic,0.001,0.0,1.0,5000,frozen,Gaussian-m1,gaussian,1014,0.008889638296269911,0.009255853212840438,0.003909354086673821,200.0,0.17769656838714212,5000.0,2.0,0.020000000000000004,0.3,1.0,20.70184072934549,0.0
cyclic_slow_d20,20,5.0,cyclic,0.001,0.0,1.0,5000,frozen,Gaussian-m1,gaussian,1015,0.005539863647705319,0.007508684235372693,0.0030526740854323257,200.0,0.17763563283880163,5000.0,2.0,0.020000000000000004,0.3,1.0,18.235762007007704,0.0
cyclic_slow_d20,20,5.0,cyclic,0.001,0.0,1.0,5000,frozen,Gaussian-m1,gaussian,1016,0.010369321063507471,0.009376906943087293,0.004353417553951524,300.0,0.17530887805185155,5000.0,2.0,0.020000000000000004,0.3,1.0,22.35088348080358,0.0
cyclic_slow_d20,20,5.0,cyclic,0.001,0.0,1.0,5000,frozen,Gaussian-m1,gaussian,1017,0.007084913366886824,0.007363303880846192,0.004005075164566938,150.0,0.17488957243568312,5000.0,2.0,0.020000000000000004,0.3,1.0,36.85123031000775,0.0
cyclic_slow_d20,20,5.0,cyclic,0.001,0.0,1.0,5000,frozen,Gaussian-m1,gaussian,1018,0.009105144695876742,0.008388957645929285,0.0035102307084374264,250.0,0.17813079194574405,5000.0,2.0,0.020000000000000004,0.3,1.0,28.177821593755702,0.0
cyclic_slow_d20,20,5.0,cyclic,0.001,0.0,1.0,5000,frozen,Gaussian-m1,gaussian,1019,0.007310298811572283,0.008587596939321089,0.004059843463191418,250.0,0.17715673434880078,5000.0,2.0,0.020000000000000004,0.3,1.0,28.22527398240784,0.0
cyclic_slow_d20,20,5.0,cyclic,0.001,0.0,1.0,5000,frozen,Gaussian-m1,gaussian,1020,0.007888781182131661,0.009334611255519718,0.0034331483072977736,250.0,0.1771217736866911,5000.0,2.0,0.020000000000000004,0.3,1.0,20.617973457584302,0.0
cyclic_slow_d20,20,5.0,cyclic,0.001,0.0,1.0,5000,frozen,Gaussian-m1,gaussian,1021,0.006423379930876142,0.011302968814364728,0.003943996413688991,300.0,0.177897801065504,5000.0,2.0,0.020000000000000004,0.3,1.0,18.580065573354076,0.0
cyclic_slow_d20,20,5.0,cyclic,0.001,0.0,1.0,5000,frozen,Gaussian-m1,gaussian,1022,0.008793376915284907,0.00909021237190411,0.003635568266891791,300.0,0.17841860741640345,5000.0,2.0,0.020000000000000004,0.3,1.0,18.10151648431337,0.0
cyclic_slow_d20,20,5.0,cyclic,0.001,0.0,1.0,5000,frozen,Gaussian-m1,gaussian,1023,0.013493323969427724,0.009289634961806294,0.0031651892847604124,300.0,0.17964671739494117,5000.0,2.0,0.020000000000000004,0.3,1.0,29.480852090397736,0.0
cyclic_slow_d20,20,5.0,cyclic,0.001,0.0,1.0,5000,frozen,Gaussian-m1,gaussian,1024,0.008840157416771318,0.008361325607065288,0.0032539954875109313,200.0,0.177748391538149,5000.0,2.0,0.020000000000000004,0.3,1.0,37.24113239293254,0.0
cyclic_slow_d20,20,5.0,cyclic,0.001,0.0,1.0,5000,frozen,Gaussian-m1,gaussian,1025,0.0064658254468968794,0.013494925460156461,0.0029695526699506283,350.0,0.1760840002083909,5000.0,2.0,0.020000000000000004,0.3,1.0,16.62432941454525,0.0
cyclic_slow_d20,20,5.0,cyclic,0.001,0.0,1.0,5000,frozen,Gaussian-m1,gaussian,1026,0.007639402782041923,0.008996124215250942,0.0033011799587732353,250.0,0.17833766488963754,5000.0,2.0,0.020000000000000004,0.3,1.0,18.71409836427243,0.0
cyclic_slow_d20,20,5.0,cyclic,0.001,0.0,1.0,5000,frozen,Gaussian-m1,gaussian,1027,0.011906531109494009,0.009811877366183094,0.0031455449445686443,400.0,0.1772104853097284,5000.0,2.0,0.020000000000000004,0.3,1.0,20.71717338375078,0.0
cyclic_slow_d20,20,5.0,cyclic,0.001,0.0,1.0,5000,frozen,Gaussian-m1,gaussian,1028,0.010996739701942766,0.009270315755713472,0.003746583170973009,300.0,0.17811467955834132,5000.0,2.0,0.020000000000000004,0.3,1.0,20.616664738492997,0.0
cyclic_slow_d20,20,5.0,cyclic,0.001,0.0,1.0,5000,frozen,Gaussian-m1,gaussian,1029,0.0033189986197804636,0.010349566673667137,0.0043165871180873535,250.0,0.17824653780593108,5000.0,2.0,0.020000000000000004,0.3,1.0,28.697270341137653,0.0
cyclic_slow_d20,20,5.0,cyclic,0.001,0.0,1.0,5000,frozen,Gaussian-m1,gaussian,1030,0.00799035555708988,0.010030916483954253,0.003971339943250813,350.0,0.1753952915545791,5000.0,2.0,0.020000000000000004,0.3,1.0,21.573349214023942,0.0
cyclic_slow_d20,20,5.0,cyclic,0.001,0.0,1.0,5000,frozen,Gaussian-m5,gaussian,1001,0.0057184664670222665,0.011301799406670672,0.0037981374377206688,300.0,0.4426885855295115,1000.0,10.0,0.1,0.3,5.0,5.994687014952691,0.0
cyclic_slow_d20,20,5.0,cyclic,0.001,0.0,1.0,5000,frozen,Gaussian-m5,gaussian,1002,0.010315286800046732,0.013729325386334344,0.003921808251699181,400.0,0.43634743872943865,1000.0,10.0,0.1,0.3,5.0,7.848449705724616,0.0
cyclic_slow_d20,20,5.0,cyclic,0.001,0.0,1.0,5000,frozen,Gaussian-m5,gaussian,1003,0.008421356392185693,0.01334346543251963,0.0035607827270716505,550.0,0.44225449536874173,1000.0,10.0,0.1,0.3,5.0,9.016355801352962,0.0
cyclic_slow_d20,20,5.0,cyclic,0.001,0.0,1.0,5000,frozen,Gaussian-m5,gaussian,1004,0.010587207949163027,0.010901640150441852,0.0038266727653816102,600.0,0.4443250038219186,1000.0,10.0,0.1,0.3,5.0,9.619047638285545,0.0
cyclic_slow_d20,20,5.0,cyclic,0.001,0.0,1.0,5000,frozen,Gaussian-m5,gaussian,1005,0.007652674019096193,0.01413292434982447,0.004143184843470369,550.0,0.43554312117487853,1000.0,10.0,0.1,0.3,5.0,6.557883756120953,0.0
cyclic_slow_d20,20,5.0,cyclic,0.001,0.0,1.0,5000,frozen,Gaussian-m5,gaussian,1006,0.013594687561000232,0.009222327534098835,0.004340017182022275,250.0,0.44158949295472594,1000.0,10.0,0.1,0.3,5.0,8.554748662076364,0.0
cyclic_slow_d20,20,5.0,cyclic,0.001,0.0,1.0,5000,frozen,Gaussian-m5,gaussian,1007,0.01005413229200976,0.01486405881681497,0.0029794360584624708,600.0,0.45127478207914123,1000.0,10.0,0.1,0.3,5.0,9.691956380675531,0.0
cyclic_slow_d20,20,5.0,cyclic,0.001,0.0,1.0,5000,frozen,Gaussian-m5,gaussian,1008,0.008224428921998607,0.012191075691924869,0.003845535384177373,350.0,0.43939042034461806,1000.0,10.0,0.1,0.3,5.0,8.330377908937974,0.0
cyclic_slow_d20,20,5.0,cyclic,0.001,0.0,1.0,5000,frozen,Gaussian-m5,gaussian,1009,0.009489491947316735,0.013253001797719308,0.003624798467282528,550.0,0.43987574057001616,1000.0,10.0,0.1,0.3,5.0,9.472173656623644,0.0
cyclic_slow_d20,20,5.0,cyclic,0.001,0.0,1.0,5000,frozen,Gaussian-m5,gaussian,1010,0.013775202332092847,0.01553058398897907,0.004236853393485664,300.0,0.44276772628631683,1000.0,10.0,0.1,0.3,5.0,9.875305447302935,0.0
cyclic_slow_d20,20,5.0,cyclic,0.001,0.0,1.0,5000,frozen,Gaussian-m5,gaussian,1011,0.0051220202172969475,0.012696939359090073,0.0033831543090459488,550.0,0.4432456848848205,1000.0,10.0,0.1,0.3,5.0,8.141438326160058,0.0
cyclic_slow_d20,20,5.0,cyclic,0.001,0.0,1.0,5000,frozen,Gaussian-m5,gaussian,1012,0.014177670337915036,0.010929380078945129,0.004544853280412478,300.0,0.44042853349315236,1000.0,10.0,0.1,0.3,5.0,5.858470318942062,0.0
cyclic_slow_d20,20,5.0,cyclic,0.001,0.0,1.0,5000,frozen,Gaussian-m5,gaussian,1013,0.016700920458402567,0.016970926151719034,0.005011279114278559,300.0,0.4394790830337263,1000.0,10.0,0.1,0.3,5.0,9.676166186706002,0.0
cyclic_slow_d20,20,5.0,cyclic,0.001,0.0,1.0,5000,frozen,Gaussian-m5,gaussian,1014,0.01149843676728839,0.010734157883237404,0.0035779047781295623,400.0,0.4354898549923317,1000.0,10.0,0.1,0.3,5.0,5.159375300543041,0.0
cyclic_slow_d20,20,5.0,cyclic,0.001,0.0,1.0,5000,frozen,Gaussian-m5,gaussian,1015,0.011707538877500862,0.012080480354448132,0.004426613554554728,400.0,0.4404634257285547,1000.0,10.0,0.1,0.3,5.0,7.868164265590716,0.0
cyclic_slow_d20,20,5.0,cyclic,0.001,0.0,1.0,5000,frozen,Gaussian-m5,gaussian,1016,0.015641352093680744,0.01193574410448994,0.003970683369509576,450.0,0.4393886188914903,1000.0,10.0,0.1,0.3,5.0,5.809112195601989,0.0
cyclic_slow_d20,20,5.0,cyclic,0.001,0.0,1.0,5000,frozen,Gaussian-m5,gaussian,1017,0.014077485807281413,0.010011801348940693,0.005241840553261524,250.0,0.43542424036044003,1000.0,10.0,0.1,0.3,5.0,6.599557860506181,0.0
cyclic_slow_d20,20,5.0,cyclic,0.001,0.0,1.0,5000,frozen,Gaussian-m5,gaussian,1018,0.011479140964217233,0.010679535441480568,0.004453427621396572,250.0,0.4403391351331924,1000.0,10.0,0.1,0.3,5.0,6.904556068203241,0.0
cyclic_slow_d20,20,5.0,cyclic,0.001,0.0,1.0,5000,frozen,Gaussian-m5,gaussian,1019,0.007687718908538157,0.014128170330364261,0.005774838590100036,350.0,0.4429449094036314,1000.0,10.0,0.1,0.3,5.0,10.25036666996122,0.0
cyclic_slow_d20,20,5.0,cyclic,0.001,0.0,1.0,5000,frozen,Gaussian-m5,gaussian,1020,0.008621758286600348,0.011255045153882133,0.004295353456316421,400.0,0.4326322599409821,1000.0,10.0,0.1,0.3,5.0,5.713021529078189,0.0
cyclic_slow_d20,20,5.0,cyclic,0.001,0.0,1.0,5000,frozen,Gaussian-m5,gaussian,1021,0.006345964168169461,0.011237635478967379,0.004563453002611951,350.0,0.44405363434898676,1000.0,10.0,0.1,0.3,5.0,8.711935933316212,0.0
cyclic_slow_d20,20,5.0,cyclic,0.001,0.0,1.0,5000,frozen,Gaussian-m5,gaussian,1022,0.015006576249121474,0.010020483289183518,0.0036989534195780837,400.0,0.4422280880057272,1000.0,10.0,0.1,0.3,5.0,5.895910027745415,0.0
cyclic_slow_d20,20,5.0,cyclic,0.001,0.0,1.0,5000,frozen,Gaussian-m5,gaussian,1023,0.008959415605914987,0.009219188076052215,0.00503564791773559,300.0,0.4428928007492143,1000.0,10.0,0.1,0.3,5.0,6.646923767561974,0.0
cyclic_slow_d20,20,5.0,cyclic,0.001,0.0,1.0,5000,frozen,Gaussian-m5,gaussian,1024,0.007224398289117963,0.013328262302535612,0.003960718685656807,350.0,0.440014738907244,1000.0,10.0,0.1,0.3,5.0,10.446783035633345,0.0
cyclic_slow_d20,20,5.0,cyclic,0.001,0.0,1.0,5000,frozen,Gaussian-m5,gaussian,1025,0.008568067299204915,0.00967188350295479,0.004984331119357165,250.0,0.4345001124795506,1000.0,10.0,0.1,0.3,5.0,9.440846770525834,0.0
cyclic_slow_d20,20,5.0,cyclic,0.001,0.0,1.0,5000,frozen,Gaussian-m5,gaussian,1026,0.01219934439260146,0.01193368386298729,0.0038212343406605776,550.0,0.4442776335231586,1000.0,10.0,0.1,0.3,5.0,5.7594641338968495,0.0
cyclic_slow_d20,20,5.0,cyclic,0.001,0.0,1.0,5000,frozen,Gaussian-m5,gaussian,1027,0.00797485816477876,0.012005831849106662,0.0036449927681071396,400.0,0.4446772052919203,1000.0,10.0,0.1,0.3,5.0,8.882612398787186,0.0
cyclic_slow_d20,20,5.0,cyclic,0.001,0.0,1.0,5000,frozen,Gaussian-m5,gaussian,1028,0.017124647578637794,0.0103164077985456,0.0040220636215028424,300.0,0.4395710047527998,1000.0,10.0,0.1,0.3,5.0,7.48582563489892,0.0
cyclic_slow_d20,20,5.0,cyclic,0.001,0.0,1.0,5000,frozen,Gaussian-m5,gaussian,1029,0.025242201222072297,0.010881072488952764,0.006217137196599746,250.0,0.44116881201278707,1000.0,10.0,0.1,0.3,5.0,8.377920615590442,0.0
cyclic_slow_d20,20,5.0,cyclic,0.001,0.0,1.0,5000,frozen,Gaussian-m5,gaussian,1030,0.0033817521662609807,0.011537157701321611,0.002913884405582365,350.0,0.44272212872302713,1000.0,10.0,0.1,0.3,5.0,7.357876765066179,0.0
cyclic_slow_d20,20,5.0,cyclic,0.001,0.0,1.0,5000,frozen,Gaussian-m20,gaussian,1001,0.036009477127520034,0.022326497328982363,0.012332698198337103,1000.0,0.7085708796800254,250.0,40.0,0.2,0.3,20.0,4.183513778563017,0.0
cyclic_slow_d20,20,5.0,cyclic,0.001,0.0,1.0,5000,frozen,Gaussian-m20,gaussian,1002,0.02452049829550851,0.022189837150107923,0.011714979452988534,600.0,0.695749312226256,250.0,40.0,0.2,0.3,20.0,3.8337951125481573,0.0
cyclic_slow_d20,20,5.0,cyclic,0.001,0.0,1.0,5000,frozen,Gaussian-m20,gaussian,1003,0.037473554066430284,0.02722486584861915,0.012323866166756249,1000.0,0.6977798952487976,250.0,40.0,0.2,0.3,20.0,4.549400240092778,0.0
cyclic_slow_d20,20,5.0,cyclic,0.001,0.0,1.0,5000,frozen,Gaussian-m20,gaussian,1004,0.010607123101611018,0.022793679068917917,0.012065055023568185,1000.0,0.7016771933307474,250.0,40.0,0.2,0.3,20.0,4.841482249678848,0.0
cyclic_slow_d20,20,5.0,cyclic,0.001,0.0,1.0,5000,frozen,Gaussian-m20,gaussian,1005,0.02496588284556796,0.023645731105359762,0.016522948272716304,800.0,0.6974163087957199,250.0,40.0,0.2,0.3,20.0,3.656197672911071,0.0
cyclic_slow_d20,20,5.0,cyclic,0.001,0.0,1.0,5000,frozen,Gaussian-m20,gaussian,1006,0.03374522459338808,0.022930851731962878,0.013737263207207322,800.0,0.6926306478742782,250.0,40.0,0.2,0.3,20.0,4.088637380811267,0.0
cyclic_slow_d20,20,5.0,cyclic,0.001,0.0,1.0,5000,frozen,Gaussian-m20,gaussian,1007,0.014839041109821908,0.022744332016296085,0.014178640380211254,800.0,0.7023486762385769,250.0,40.0,0.2,0.3,20.0,3.2893763732871175,0.0
cyclic_slow_d20,20,5.0,cyclic,0.001,0.0,1.0,5000,frozen,Gaussian-m20,gaussian,1008,0.028582910001460175,0.024402320580558128,0.015806058315186555,900.0,0.6987404005195909,250.0,40.0,0.2,0.3,20.0,3.4674566376556504,0.0
cyclic_slow_d20,20,5.0,cyclic,0.001,0.0,1.0,5000,frozen,Gaussian-m20,gaussian,1009,0.019907984072477694,0.02293990536799758,0.013120761253732785,500.0,0.7036471868498686,250.0,40.0,0.2,0.3,20.0,3.3701198558845413,0.0
cyclic_slow_d20,20,5.0,cyclic,0.001,0.0,1.0,5000,frozen,Gaussian-m20,gaussian,1010,0.024749896092859713,0.02094064476754845,0.013491682535784848,1000.0,0.6968864348744127,250.0,40.0,0.2,0.3,20.0,3.6230064476578807,0.0
cyclic_slow_d20,20,5.0,cyclic,0.001,0.0,1.0,5000,frozen,Gaussian-m20,gaussian,1011,0.03419912473977706,0.022586860480619215,0.0158266231604958,850.0,0.7054775717431879,250.0,40.0,0.2,0.3,20.0,5.210222074451188,0.0
cyclic_slow_d20,20,5.0,cyclic,0.001,0.0,1.0,5000,frozen,Gaussian-m20,gaussian,1012,0.022576711157366227,0.025387274032558298,0.012623888270145437,850.0,0.7044033990534716,250.0,40.0,0.2,0.3,20.0,4.169998347829364,0.0
cyclic_slow_d20,20,5.0,cyclic,0.001,0.0,1.0,5000,frozen,Gaussian-m20,gaussian,1013,0.03727263196923506,0.025148761633288882,0.01567772490257425,800.0,0.6920099210011456,250.0,40.0,0.2,0.3,20.0,3.7693326003474885,0.0
cyclic_slow_d20,20,5.0,cyclic,0.001,0.0,1.0,5000,frozen,Gaussian-m20,gaussian,1014,0.03542031859151265,0.020986316530937483,0.014631993013138202,950.0,0.6997422123089901,250.0,40.0,0.2,0.3,20.0,3.586548825055391,0.0
cyclic_slow_d20,20,5.0,cyclic,0.001,0.0,1.0,5000,frozen,Gaussian-m20,gaussian,1015,0.03371630230315736,0.022017056782718557,0.013779304248947567,1000.0,0.6958350914585542,250.0,40.0,0.2,0.3,20.0,3.8108085311711632,0.0
cyclic_slow_d20,20,5.0,cyclic,0.001,0.0,1.0,5000,frozen,Gaussian-m20,gaussian,1016,0.026373463752234667,0.02440915496225548,0.012514940837358697,1000.0,0.7041501915694348,250.0,40.0,0.2,0.3,20.0,2.920699120642207,0.0
cyclic_slow_d20,20,5.0,cyclic,0.001,0.0,1.0,5000,frozen,Gaussian-m20,gaussian,1017,0.03303835711657062,0.02228317268311574,0.01342539055092397,600.0,0.7089254192196202,250.0,40.0,0.2,0.3,20.0,5.713794961456823,0.0
cyclic_slow_d20,20,5.0,cyclic,0.001,0.0,1.0,5000,frozen,Gaussian-m20,gaussian,1018,0.027047864096286508,0.02348878439134347,0.012449102996529194,600.0,0.7024027984352017,250.0,40.0,0.2,0.3,20.0,4.380960453554512,0.0
cyclic_slow_d20,20,5.0,cyclic,0.001,0.0,1.0,5000,frozen,Gaussian-m20,gaussian,1019,0.01598702267375013,0.022937456396886755,0.012428722009849569,1050.0,0.6985694156976019,250.0,40.0,0.2,0.3,20.0,2.149853652239194,0.0
cyclic_slow_d20,20,5.0,cyclic,0.001,0.0,1.0,5000,frozen,Gaussian-m20,gaussian,1020,0.02861256886018049,0.023552556714206394,0.012634549102017995,850.0,0.6993474232152541,250.0,40.0,0.2,0.3,20.0,3.4072713302249267,0.0
cyclic_slow_d20,20,5.0,cyclic,0.001,0.0,1.0,5000,frozen,Gaussian-m20,gaussian,1021,0.01802279349012441,0.023275807776477638,0.011244890921529473,1000.0,0.698215508255241,250.0,40.0,0.2,0.3,20.0,3.6027520537897084,0.0
cyclic_slow_d20,20,5.0,cyclic,0.001,0.0,1.0,5000,frozen,Gaussian-m20,gaussian,1022,0.02620709110114786,0.027704258449514175,0.012597826489417667,1000.0,0.6939991526528261,250.0,40.0,0.2,0.3,20.0,3.2319455382945326,0.0
cyclic_slow_d20,20,5.0,cyclic,0.001,0.0,1.0,5000,frozen,Gaussian-m20,gaussian,1023,0.02984633279199447,0.020108046597592005,0.012506693488778713,1000.0,0.7028549682527087,250.0,40.0,0.2,0.3,20.0,5.641338553192273,0.0
cyclic_slow_d20,20,5.0,cyclic,0.001,0.0,1.0,5000,frozen,Gaussian-m20,gaussian,1024,0.020200505764009398,0.023746403305245377,0.01391455600408556,400.0,0.7007337836018198,250.0,40.0,0.2,0.3,20.0,5.001891064215986,0.0
cyclic_slow_d20,20,5.0,cyclic,0.001,0.0,1.0,5000,frozen,Gaussian-m20,gaussian,1025,0.033992538534064774,0.021390047754656707,0.012986385800520124,1000.0,0.7097612743671406,250.0,40.0,0.2,0.3,20.0,4.02002985085614,0.0
cyclic_slow_d20,20,5.0,cyclic,0.001,0.0,1.0,5000,frozen,Gaussian-m20,gaussian,1026,0.03972283249800034,0.02232957868729124,0.015056714194626421,1000.0,0.6973666682264678,250.0,40.0,0.2,0.3,20.0,4.632510300995642,0.0
cyclic_slow_d20,20,5.0,cyclic,0.001,0.0,1.0,5000,frozen,Gaussian-m20,gaussian,1027,0.01597332887688258,0.02442917601133264,0.01027086742003854,1000.0,0.6971593715471496,250.0,40.0,0.2,0.3,20.0,4.382702013723709,0.0
cyclic_slow_d20,20,5.0,cyclic,0.001,0.0,1.0,5000,frozen,Gaussian-m20,gaussian,1028,0.03216076560632688,0.023110489289742502,0.013776241144847897,1000.0,0.6992413129849265,250.0,40.0,0.2,0.3,20.0,3.6620777998062404,0.0
cyclic_slow_d20,20,5.0,cyclic,0.001,0.0,1.0,5000,frozen,Gaussian-m20,gaussian,1029,0.026337479133566183,0.02561960104615926,0.012265252491526888,1000.0,0.6975316881953911,250.0,40.0,0.2,0.3,20.0,4.488553219343062,0.0
cyclic_slow_d20,20,5.0,cyclic,0.001,0.0,1.0,5000,frozen,Gaussian-m20,gaussian,1030,0.025968281347260883,0.021246048174899387,0.010468786810007935,1000.0,0.7003312074476525,250.0,40.0,0.2,0.3,20.0,2.923866272987266,0.0
cyclic_slow_d20,20,5.0,cyclic,0.001,0.0,1.0,5000,frozen,CoordinateCentral,coordinate,1001,0.16184488293619492,0.1442021150332506,0.12845676624512734,1550.0,0.9941113206105896,250.0,40.0,0.04,0.1,1.0,3.0050149890528295,0.0
cyclic_slow_d20,20,5.0,cyclic,0.001,0.0,1.0,5000,frozen,CoordinateCentral,coordinate,1002,0.1613545790680346,0.1446041558645899,0.12860364189129944,1550.0,0.9937025047503796,250.0,40.0,0.04,0.1,1.0,3.0119140917875566,0.0
cyclic_slow_d20,20,5.0,cyclic,0.001,0.0,1.0,5000,frozen,CoordinateCentral,coordinate,1003,0.1628567743733459,0.14461737689752827,0.12819317753061335,1550.0,0.9939345214464607,250.0,40.0,0.04,0.1,1.0,3.0084814384910237,0.0
cyclic_slow_d20,20,5.0,cyclic,0.001,0.0,1.0,5000,frozen,CoordinateCentral,coordinate,1004,0.16139410343889055,0.1445696641723714,0.12860057063713098,1550.0,0.9939877865036343,250.0,40.0,0.04,0.1,1.0,3.0198745472211317,0.0
cyclic_slow_d20,20,5.0,cyclic,0.001,0.0,1.0,5000,frozen,CoordinateCentral,coordinate,1005,0.1612216750003432,0.1446240513902518,0.12840687439704196,1550.0,0.9937299977706725,250.0,40.0,0.04,0.1,1.0,3.0210663180011528,0.0
cyclic_slow_d20,20,5.0,cyclic,0.001,0.0,1.0,5000,frozen,CoordinateCentral,coordinate,1006,0.16214543549750943,0.14433693261169653,0.12837224289201452,1550.0,0.9939147936207163,250.0,40.0,0.04,0.1,1.0,3.024105191272051,0.0
cyclic_slow_d20,20,5.0,cyclic,0.001,0.0,1.0,5000,frozen,CoordinateCentral,coordinate,1007,0.16251031837079166,0.14461617909679475,0.12795458639909055,1550.0,0.994199505256254,250.0,40.0,0.04,0.1,1.0,3.015487303512092,0.0
cyclic_slow_d20,20,5.0,cyclic,0.001,0.0,1.0,5000,frozen,CoordinateCentral,coordinate,1008,0.16236578528472254,0.14477538515862753,0.12881048344751178,1550.0,0.993965833570135,250.0,40.0,0.04,0.1,1.0,3.0067862924579054,0.0
cyclic_slow_d20,20,5.0,cyclic,0.001,0.0,1.0,5000,frozen,CoordinateCentral,coordinate,1009,0.1617527746185976,0.14468135840861646,0.12867623798869493,1550.0,0.993715241635157,250.0,40.0,0.04,0.1,1.0,3.010019475127698,0.0
cyclic_slow_d20,20,5.0,cyclic,0.001,0.0,1.0,5000,frozen,CoordinateCentral,coordinate,1010,0.16163519896020204,0.14413177287404888,0.128069751737691,1550.0,0.9940480795109792,250.0,40.0,0.04,0.1,1.0,3.0114831569817526,0.0
cyclic_slow_d20,20,5.0,cyclic,0.001,0.0,1.0,5000,frozen,CoordinateCentral,coordinate,1011,0.1615165087155507,0.1443216485123873,0.12857072194415997,1550.0,0.993831990913855,250.0,40.0,0.04,0.1,1.0,3.018983546356169,0.0
cyclic_slow_d20,20,5.0,cyclic,0.001,0.0,1.0,5000,frozen,CoordinateCentral,coordinate,1012,0.16139557629464046,0.1442068351635322,0.1278408395648628,1550.0,0.9940498103135126,250.0,40.0,0.04,0.1,1.0,3.013586040726568,0.0
cyclic_slow_d20,20,5.0,cyclic,0.001,0.0,1.0,5000,frozen,CoordinateCentral,coordinate,1013,0.16179782354215133,0.14479732759888708,0.12880814641715632,1550.0,0.9938498361458026,250.0,40.0,0.04,0.1,1.0,3.0120619374144404,0.0
cyclic_slow_d20,20,5.0,cyclic,0.001,0.0,1.0,5000,frozen,CoordinateCentral,coordinate,1014,0.16239246388660344,0.14471707864563788,0.12799103268668346,1550.0,0.994209808756319,250.0,40.0,0.04,0.1,1.0,3.0198248879774043,0.0
cyclic_slow_d20,20,5.0,cyclic,0.001,0.0,1.0,5000,frozen,CoordinateCentral,coordinate,1015,0.16077331614647686,0.1444067989165088,0.12792545988808277,1550.0,0.9941372204381569,250.0,40.0,0.04,0.1,1.0,3.0229029679526036,0.0
cyclic_slow_d20,20,5.0,cyclic,0.001,0.0,1.0,5000,frozen,CoordinateCentral,coordinate,1016,0.16067603060214106,0.1445363706914885,0.1275642270366812,1550.0,0.9940473436138696,250.0,40.0,0.04,0.1,1.0,3.0041707502040036,0.0
cyclic_slow_d20,20,5.0,cyclic,0.001,0.0,1.0,5000,frozen,CoordinateCentral,coordinate,1017,0.16232734930572623,0.14423465567405655,0.12822220417100544,1550.0,0.9941904933418244,250.0,40.0,0.04,0.1,1.0,3.002703123342426,0.0
cyclic_slow_d20,20,5.0,cyclic,0.001,0.0,1.0,5000,frozen,CoordinateCentral,coordinate,1018,0.16260737601418968,0.14457052407239301,0.12890418117569746,1550.0,0.9940190818596342,250.0,40.0,0.04,0.1,1.0,3.0187881013764333,0.0
cyclic_slow_d20,20,5.0,cyclic,0.001,0.0,1.0,5000,frozen,CoordinateCentral,coordinate,1019,0.16022237478020493,0.1446540398325429,0.12853024167047034,1550.0,0.9938495109172425,250.0,40.0,0.04,0.1,1.0,3.0145751494795485,0.0
cyclic_slow_d20,20,5.0,cyclic,0.001,0.0,1.0,5000,frozen,CoordinateCentral,coordinate,1020,0.16168084033208596,0.14442538801506336,0.12841784934433517,1550.0,0.9942051040330669,250.0,40.0,0.04,0.1,1.0,3.0193757490372506,0.0
cyclic_slow_d20,20,5.0,cyclic,0.001,0.0,1.0,5000,frozen,CoordinateCentral,coordinate,1021,0.16145102385630553,0.14475810496986777,0.12844212263931806,1550.0,0.9939321712640516,250.0,40.0,0.04,0.1,1.0,3.01768893759629,0.0
cyclic_slow_d20,20,5.0,cyclic,0.001,0.0,1.0,5000,frozen,CoordinateCentral,coordinate,1022,0.16244498527535411,0.1442593484802205,0.12875136215371624,1550.0,0.9940571388945436,250.0,40.0,0.04,0.1,1.0,3.020072052434978,0.0
cyclic_slow_d20,20,5.0,cyclic,0.001,0.0,1.0,5000,frozen,CoordinateCentral,coordinate,1023,0.16133814771798766,0.1444083459330514,0.12867872996094415,1550.0,0.9943166659718968,250.0,40.0,0.04,0.1,1.0,3.020788907296508,0.0
cyclic_slow_d20,20,5.0,cyclic,0.001,0.0,1.0,5000,frozen,CoordinateCentral,coordinate,1024,0.1611531456134615,0.14469904178623624,0.12880577885969774,1550.0,0.9938780692993384,250.0,40.0,0.04,0.1,1.0,3.0129111171273877,0.0
cyclic_slow_d20,20,5.0,cyclic,0.001,0.0,1.0,5000,frozen,CoordinateCentral,coordinate,1025,0.1623099886954867,0.14453476880625263,0.12865134762008715,1550.0,0.9938149872056659,250.0,40.0,0.04,0.1,1.0,3.0141453054195058,0.0
cyclic_slow_d20,20,5.0,cyclic,0.001,0.0,1.0,5000,frozen,CoordinateCentral,coordinate,1026,0.1622163116523693,0.14399903484740403,0.12767312021136984,1550.0,0.9941867075469293,250.0,40.0,0.04,0.1,1.0,3.0319219115649405,0.0
cyclic_slow_d20,20,5.0,cyclic,0.001,0.0,1.0,5000,frozen,CoordinateCentral,coordinate,1027,0.16235000985790754,0.14443356590395887,0.12846854880424302,1550.0,0.9938310906482455,250.0,40.0,0.04,0.1,1.0,3.0138374589062416,0.0
cyclic_slow_d20,20,5.0,cyclic,0.001,0.0,1.0,5000,frozen,CoordinateCentral,coordinate,1028,0.16226423320662905,0.14467220424055666,0.12871815714548937,1550.0,0.9938187715053708,250.0,40.0,0.04,0.1,1.0,3.011120865685964,0.0
cyclic_slow_d20,20,5.0,cyclic,0.001,0.0,1.0,5000,frozen,CoordinateCentral,coordinate,1029,0.1620120149873756,0.14425466256004785,0.1284109814564082,1550.0,0.9941065621894197,250.0,40.0,0.04,0.1,1.0,3.0183631987991415,0.0
cyclic_slow_d20,20,5.0,cyclic,0.001,0.0,1.0,5000,frozen,CoordinateCentral,coordinate,1030,0.16130521100913062,0.14438877878318762,0.12790015777951755,1550.0,0.9936730529124859,250.0,40.0,0.04,0.1,1.0,3.01485691112231,0.0
cyclic_slow_d20,20,5.0,cyclic,0.001,0.0,1.0,5000,streaming,FirstOrderReference,first_order,1001,0.00034445200513631767,0.0026749869099958784,0.00014229618563564158,50.0,0.9988133147839471,10000.0,1.0,0.04,0.0,1.0,3.0139374681374402,0.0
cyclic_slow_d20,20,5.0,cyclic,0.001,0.0,1.0,5000,streaming,FirstOrderReference,first_order,1002,0.00034445200513631767,0.0026749869099958784,0.00014229618563564158,50.0,0.9988133147839471,10000.0,1.0,0.04,0.0,1.0,3.0139374681374402,0.0
cyclic_slow_d20,20,5.0,cyclic,0.001,0.0,1.0,5000,streaming,FirstOrderReference,first_order,1003,0.00034445200513631767,0.0026749869099958784,0.00014229618563564158,50.0,0.9988133147839471,10000.0,1.0,0.04,0.0,1.0,3.0139374681374402,0.0
cyclic_slow_d20,20,5.0,cyclic,0.001,0.0,1.0,5000,streaming,FirstOrderReference,first_order,1004,0.00034445200513631767,0.0026749869099958784,0.00014229618563564158,50.0,0.9988133147839471,10000.0,1.0,0.04,0.0,1.0,3.0139374681374402,0.0
cyclic_slow_d20,20,5.0,cyclic,0.001,0.0,1.0,5000,streaming,FirstOrderReference,first_order,1005,0.00034445200513631767,0.0026749869099958784,0.00014229618563564158,50.0,0.9988133147839471,10000.0,1.0,0.04,0.0,1.0,3.0139374681374402,0.0
cyclic_slow_d20,20,5.0,cyclic,0.001,0.0,1.0,5000,streaming,FirstOrderReference,first_order,1006,0.00034445200513631767,0.0026749869099958784,0.00014229618563564158,50.0,0.9988133147839471,10000.0,1.0,0.04,0.0,1.0,3.0139374681374402,0.0
cyclic_slow_d20,20,5.0,cyclic,0.001,0.0,1.0,5000,streaming,FirstOrderReference,first_order,1007,0.00034445200513631767,0.0026749869099958784,0.00014229618563564158,50.0,0.9988133147839471,10000.0,1.0,0.04,0.0,1.0,3.0139374681374402,0.0
cyclic_slow_d20,20,5.0,cyclic,0.001,0.0,1.0,5000,streaming,FirstOrderReference,first_order,1008,0.00034445200513631767,0.0026749869099958784,0.00014229618563564158,50.0,0.9988133147839471,10000.0,1.0,0.04,0.0,1.0,3.0139374681374402,0.0
cyclic_slow_d20,20,5.0,cyclic,0.001,0.0,1.0,5000,streaming,FirstOrderReference,first_order,1009,0.00034445200513631767,0.0026749869099958784,0.00014229618563564158,50.0,0.9988133147839471,10000.0,1.0,0.04,0.0,1.0,3.0139374681374402,0.0
cyclic_slow_d20,20,5.0,cyclic,0.001,0.0,1.0,5000,streaming,FirstOrderReference,first_order,1010,0.00034445200513631767,0.0026749869099958784,0.00014229618563564158,50.0,0.9988133147839471,10000.0,1.0,0.04,0.0,1.0,3.0139374681374402,0.0
cyclic_slow_d20,20,5.0,cyclic,0.001,0.0,1.0,5000,streaming,FirstOrderReference,first_order,1011,0.00034445200513631767,0.0026749869099958784,0.00014229618563564158,50.0,0.9988133147839471,10000.0,1.0,0.04,0.0,1.0,3.0139374681374402,0.0
cyclic_slow_d20,20,5.0,cyclic,0.001,0.0,1.0,5000,streaming,FirstOrderReference,first_order,1012,0.00034445200513631767,0.0026749869099958784,0.00014229618563564158,50.0,0.9988133147839471,10000.0,1.0,0.04,0.0,1.0,3.0139374681374402,0.0
cyclic_slow_d20,20,5.0,cyclic,0.001,0.0,1.0,5000,streaming,FirstOrderReference,first_order,1013,0.00034445200513631767,0.0026749869099958784,0.00014229618563564158,50.0,0.9988133147839471,10000.0,1.0,0.04,0.0,1.0,3.0139374681374402,0.0
cyclic_slow_d20,20,5.0,cyclic,0.001,0.0,1.0,5000,streaming,FirstOrderReference,first_order,1014,0.00034445200513631767,0.0026749869099958784,0.00014229618563564158,50.0,0.9988133147839471,10000.0,1.0,0.04,0.0,1.0,3.0139374681374402,0.0
cyclic_slow_d20,20,5.0,cyclic,0.001,0.0,1.0,5000,streaming,FirstOrderReference,first_order,1015,0.00034445200513631767,0.0026749869099958784,0.00014229618563564158,50.0,0.9988133147839471,10000.0,1.0,0.04,0.0,1.0,3.0139374681374402,0.0
cyclic_slow_d20,20,5.0,cyclic,0.001,0.0,1.0,5000,streaming,FirstOrderReference,first_order,1016,0.00034445200513631767,0.0026749869099958784,0.00014229618563564158,50.0,0.9988133147839471,10000.0,1.0,0.04,0.0,1.0,3.0139374681374402,0.0
cyclic_slow_d20,20,5.0,cyclic,0.001,0.0,1.0,5000,streaming,FirstOrderReference,first_order,1017,0.00034445200513631767,0.0026749869099958784,0.00014229618563564158,50.0,0.9988133147839471,10000.0,1.0,0.04,0.0,1.0,3.0139374681374402,0.0
cyclic_slow_d20,20,5.0,cyclic,0.001,0.0,1.0,5000,streaming,FirstOrderReference,first_order,1018,0.00034445200513631767,0.0026749869099958784,0.00014229618563564158,50.0,0.9988133147839471,10000.0,1.0,0.04,0.0,1.0,3.0139374681374402,0.0
cyclic_slow_d20,20,5.0,cyclic,0.001,0.0,1.0,5000,streaming,FirstOrderReference,first_order,1019,0.00034445200513631767,0.0026749869099958784,0.00014229618563564158,50.0,0.9988133147839471,10000.0,1.0,0.04,0.0,1.0,3.0139374681374402,0.0
cyclic_slow_d20,20,5.0,cyclic,0.001,0.0,1.0,5000,streaming,FirstOrderReference,first_order,1020,0.00034445200513631767,0.0026749869099958784,0.00014229618563564158,50.0,0.9988133147839471,10000.0,1.0,0.04,0.0,1.0,3.0139374681374402,0.0
cyclic_slow_d20,20,5.0,cyclic,0.001,0.0,1.0,5000,streaming,FirstOrderReference,first_order,1021,0.00034445200513631767,0.0026749869099958784,0.00014229618563564158,50.0,0.9988133147839471,10000.0,1.0,0.04,0.0,1.0,3.0139374681374402,0.0
cyclic_slow_d20,20,5.0,cyclic,0.001,0.0,1.0,5000,streaming,FirstOrderReference,first_order,1022,0.00034445200513631767,0.0026749869099958784,0.00014229618563564158,50.0,0.9988133147839471,10000.0,1.0,0.04,0.0,1.0,3.0139374681374402,0.0
cyclic_slow_d20,20,5.0,cyclic,0.001,0.0,1.0,5000,streaming,FirstOrderReference,first_order,1023,0.00034445200513631767,0.0026749869099958784,0.00014229618563564158,50.0,0.9988133147839471,10000.0,1.0,0.04,0.0,1.0,3.0139374681374402,0.0
cyclic_slow_d20,20,5.0,cyclic,0.001,0.0,1.0,5000,streaming,FirstOrderReference,first_order,1024,0.00034445200513631767,0.0026749869099958784,0.00014229618563564158,50.0,0.9988133147839471,10000.0,1.0,0.04,0.0,1.0,3.0139374681374402,0.0
cyclic_slow_d20,20,5.0,cyclic,0.001,0.0,1.0,5000,streaming,FirstOrderReference,first_order,1025,0.00034445200513631767,0.0026749869099958784,0.00014229618563564158,50.0,0.9988133147839471,10000.0,1.0,0.04,0.0,1.0,3.0139374681374402,0.0
cyclic_slow_d20,20,5.0,cyclic,0.001,0.0,1.0,5000,streaming,FirstOrderReference,first_order,1026,0.00034445200513631767,0.0026749869099958784,0.00014229618563564158,50.0,0.9988133147839471,10000.0,1.0,0.04,0.0,1.0,3.0139374681374402,0.0
cyclic_slow_d20,20,5.0,cyclic,0.001,0.0,1.0,5000,streaming,FirstOrderReference,first_order,1027,0.00034445200513631767,0.0026749869099958784,0.00014229618563564158,50.0,0.9988133147839471,10000.0,1.0,0.04,0.0,1.0,3.0139374681374402,0.0
cyclic_slow_d20,20,5.0,cyclic,0.001,0.0,1.0,5000,streaming,FirstOrderReference,first_order,1028,0.00034445200513631767,0.0026749869099958784,0.00014229618563564158,50.0,0.9988133147839471,10000.0,1.0,0.04,0.0,1.0,3.0139374681374402,0.0
cyclic_slow_d20,20,5.0,cyclic,0.001,0.0,1.0,5000,streaming,FirstOrderReference,first_order,1029,0.00034445200513631767,0.0026749869099958784,0.00014229618563564158,50.0,0.9988133147839471,10000.0,1.0,0.04,0.0,1.0,3.0139374681374402,0.0
cyclic_slow_d20,20,5.0,cyclic,0.001,0.0,1.0,5000,streaming,FirstOrderReference,first_order,1030,0.00034445200513631767,0.0026749869099958784,0.00014229618563564158,50.0,0.9988133147839471,10000.0,1.0,0.04,0.0,1.0,3.0139374681374402,0.0
cyclic_slow_d20,20,5.0,cyclic,0.001,0.0,1.0,5000,streaming,SPSA-m1,spsa,1001,0.007077289339314433,0.008818951849495469,0.0033950911745949685,200.0,0.18144839571127605,5000.0,2.0,0.020000000000000004,0.1,1.0,20.61347129492051,0.0
cyclic_slow_d20,20,5.0,cyclic,0.001,0.0,1.0,5000,streaming,SPSA-m1,spsa,1002,0.008063814978262283,0.00993369228069022,0.0033814683299467196,250.0,0.17797076016228516,5000.0,2.0,0.020000000000000004,0.1,1.0,20.83453747599065,0.0
cyclic_slow_d20,20,5.0,cyclic,0.001,0.0,1.0,5000,streaming,SPSA-m1,spsa,1003,0.006154788651148039,0.008993038639609232,0.0029630881253618602,500.0,0.17777707042696614,5000.0,2.0,0.020000000000000004,0.1,1.0,25.19626313285587,0.0
cyclic_slow_d20,20,5.0,cyclic,0.001,0.0,1.0,5000,streaming,SPSA-m1,spsa,1004,0.008758363877447859,0.012899932213388428,0.004318349020755807,300.0,0.1779232672262931,5000.0,2.0,0.020000000000000004,0.1,1.0,19.123819645014972,0.0
cyclic_slow_d20,20,5.0,cyclic,0.001,0.0,1.0,5000,streaming,SPSA-m1,spsa,1005,0.010882890188948658,0.008413118933485475,0.002940711037202683,250.0,0.1792932084256618,5000.0,2.0,0.020000000000000004,0.1,1.0,23.802933656857302,0.0
cyclic_slow_d20,20,5.0,cyclic,0.001,0.0,1.0,5000,streaming,SPSA-m1,spsa,1006,0.012555134396151676,0.010791611855297995,0.003643504168813105,250.0,0.17679402585281456,5000.0,2.0,0.020000000000000004,0.1,1.0,31.64694551839233,0.0
cyclic_slow_d20,20,5.0,cyclic,0.001,0.0,1.0,5000,streaming,SPSA-m1,spsa,1007,0.002906277808091695,0.008362102617141045,0.0032236739266367676,200.0,0.18042262088866842,5000.0,2.0,0.020000000000000004,0.1,1.0,23.058683570882753,0.0
cyclic_slow_d20,20,5.0,cyclic,0.001,0.0,1.0,5000,streaming,SPSA-m1,spsa,1008,0.0098216664595333,0.009117898238491432,0.0038518816367963723,250.0,0.1778605034583241,5000.0,2.0,0.020000000000000004,0.1,1.0,19.698520684235017,0.0
cyclic_slow_d20,20,5.0,cyclic,0.001,0.0,1.0,5000,streaming,SPSA-m1,spsa,1009,0.01065741681631812,0.01072994397595959,0.0029089518614909765,300.0,0.1788129687534575,5000.0,2.0,0.020000000000000004,0.1,1.0,21.53703553197539,0.0
cyclic_slow_d20,20,5.0,cyclic,0.001,0.0,1.0,5000,streaming,SPSA-m1,spsa,1010,0.003104155362093539,0.009399000439127846,0.003255900474006952,300.0,0.17698949723347163,5000.0,2.0,0.020000000000000004,0.1,1.0,30.516723489085745,0.0
cyclic_slow_d20,20,5.0,cyclic,0.001,0.0,1.0,5000,streaming,SPSA-m1,spsa,1011,0.010002483572772088,0.007773488402553864,0.00318545590378412,350.0,0.1789488265912709,5000.0,2.0,0.020000000000000004,0.1,1.0,42.087972371357786,0.0
cyclic_slow_d20,20,5.0,cyclic,0.001,0.0,1.0,5000,streaming,SPSA-m1,spsa,1012,0.00357636230681021,0.010191007701966431,0.0026166393346359782,250.0,0.18270394289820183,5000.0,2.0,0.020000000000000004,0.1,1.0,16.154961792019904,0.0
cyclic_slow_d20,20,5.0,cyclic,0.001,0.0,1.0,5000,streaming,SPSA-m1,spsa,1013,0.006512359028543875,0.007694825137634966,0.0034141956756158463,200.0,0.18061803734637571,5000.0,2.0,0.020000000000000004,0.1,1.0,22.466467666873893,0.0
cyclic_slow_d20,20,5.0,cyclic,0.001,0.0,1.0,5000,streaming,SPSA-m1,spsa,1014,0.00640228871377386,0.00835463284123076,0.0033616501726377707,300.0,0.18110637929581253,5000.0,2.0,0.020000000000000004,0.1,1.0,30.5902944194417,0.0
cyclic_slow_d20,20,5.0,cyclic,0.001,0.0,1.0,5000,streaming,SPSA-m1,spsa,1015,0.00757410835747851,0.009704084310961213,0.002849878299879814,250.0,0.18110651369887915,5000.0,2.0,0.020000000000000004,0.1,1.0,17.960945568775212,0.0
cyclic_slow_d20,20,5.0,cyclic,0.001,0.0,1.0,5000,streaming,SPSA-m1,spsa,1016,0.009227762748856118,0.010671233796109679,0.0029554524095618227,250.0,0.18106114914313498,5000.0,2.0,0.020000000000000004,0.1,1.0,19.03623284897501,0.0
cyclic_slow_d20,20,5.0,cyclic,0.001,0.0,1.0,5000,streaming,SPSA-m1,spsa,1017,0.010970412545956631,0.008367575860066295,0.0035280354642759503,250.0,0.17827224491025936,5000.0,2.0,0.020000000000000004,0.1,1.0,24.1617857994228,0.0
cyclic_slow_d20,20,5.0,cyclic,0.001,0.0,1.0,5000,streaming,SPSA-m1,spsa,1018,0.012256695892921258,0.009184770806384725,0.004040677429418354,250.0,0.18102256923731425,5000.0,2.0,0.020000000000000004,0.1,1.0,24.163847300038814,0.0
cyclic_slow_d20,20,5.0,cyclic,0.001,0.0,1.0,5000,streaming,SPSA-m1,spsa,1019,0.00834418135537132,0.007407221304394474,0.0033524718058971204,300.0,0.18005462997572957,5000.0,2.0,0.020000000000000004,0.1,1.0,35.12325812265393,0.0
cyclic_slow_d20,20,5.0,cyclic,0.001,0.0,1.0,5000,streaming,SPSA-m1,spsa,1020,0.010588962192131172,0.008943354401611116,0.004389722753760076,250.0,0.1819358434862265,5000.0,2.0,0.020000000000000004,0.1,1.0,21.067787319156217,0.0
cyclic_slow_d20,20,5.0,cyclic,0.001,0.0,1.0,5000,streaming,SPSA-m1,spsa,1021,0.01544820110926346,0.008495282376903278,0.004087514099146906,400.0,0.17694677704203163,5000.0,2.0,0.020000000000000004,0.1,1.0,33.83711056013137,0.0
cyclic_slow_d20,20,5.0,cyclic,0.001,0.0,1.0,5000,streaming,SPSA-m1,spsa,1022,0.007803757094613845,0.007871856958237299,0.0032025846469977285,250.0,0.18262077560450785,5000.0,2.0,0.020000000000000004,0.1,1.0,27.98189867926112,0.0
cyclic_slow_d20,20,5.0,cyclic,0.001,0.0,1.0,5000,streaming,SPSA-m1,spsa,1023,0.00897061900854275,0.007943479182962654,0.0038347668383574584,150.0,0.17699655325947453,5000.0,2.0,0.020000000000000004,0.1,1.0,30.01648859800926,0.0
cyclic_slow_d20,20,5.0,cyclic,0.001,0.0,1.0,5000,streaming,SPSA-m1,spsa,1024,0.007934361351210843,0.00966067355833496,0.003129325953209882,350.0,0.18052195361795786,5000.0,2.0,0.020000000000000004,0.1,1.0,26.883988708434394,0.0
cyclic_slow_d20,20,5.0,cyclic,0.001,0.0,1.0,5000,streaming,SPSA-m1,spsa,1025,0.006311642772340387,0.009561610945531583,0.003741963457064647,350.0,0.18240893516959922,5000.0,2.0,0.020000000000000004,0.1,1.0,34.86641834386467,0.0
cyclic_slow_d20,20,5.0,cyclic,0.001,0.0,1.0,5000,streaming,SPSA-m1,spsa,1026,0.008013829056531882,0.009715067974977419,0.0025145626880942805,300.0,0.1758785456843183,5000.0,2.0,0.020000000000000004,0.1,1.0,26.793545457842306,0.0
cyclic_slow_d20,20,5.0,cyclic,0.001,0.0,1.0,5000,streaming,SPSA-m1,spsa,1027,0.004795900940007024,0.009935261945837572,0.003488854998289572,250.0,0.17844028807611872,5000.0,2.0,0.020000000000000004,0.1,1.0,15.598607986952045,0.0
cyclic_slow_d20,20,5.0,cyclic,0.001,0.0,1.0,5000,streaming,SPSA-m1,spsa,1028,0.008122824572016846,0.00934009343092502,0.0037254763825140527,250.0,0.181163528828895,5000.0,2.0,0.020000000000000004,0.1,1.0,20.48944867958603,0.0
cyclic_slow_d20,20,5.0,cyclic,0.001,0.0,1.0,5000,streaming,SPSA-m1,spsa,1029,0.011779452369835002,0.00984467428859798,0.003326349838171617,250.0,0.17935226007954055,5000.0,2.0,0.020000000000000004,0.1,1.0,19.036808571350406,0.0
cyclic_slow_d20,20,5.0,cyclic,0.001,0.0,1.0,5000,streaming,SPSA-m1,spsa,1030,0.018238860958886834,0.009340447336865728,0.004004807649512877,250.0,0.17980736012834328,5000.0,2.0,0.020000000000000004,0.1,1.0,26.58321297015628,0.0
cyclic_slow_d20,20,5.0,cyclic,0.001,0.0,1.0,5000,streaming,Gaussian-m1,gaussian,1001,0.005521544232842163,0.010559257672211225,0.003249302417482353,500.0,0.17730770384997305,5000.0,2.0,0.020000000000000004,0.3,1.0,21.256201949230853,0.0
cyclic_slow_d20,20,5.0,cyclic,0.001,0.0,1.0,5000,streaming,Gaussian-m1,gaussian,1002,0.014206991911440554,0.00889133395877371,0.0037645287667138773,250.0,0.1778710859912444,5000.0,2.0,0.020000000000000004,0.3,1.0,19.97585038445437,0.0
cyclic_slow_d20,20,5.0,cyclic,0.001,0.0,1.0,5000,streaming,Gaussian-m1,gaussian,1003,0.011904893728841313,0.008312909483359894,0.003732146679422866,300.0,0.17703944913766753,5000.0,2.0,0.020000000000000004,0.3,1.0,22.509683956727503,0.0
cyclic_slow_d20,20,5.0,cyclic,0.001,0.0,1.0,5000,streaming,Gaussian-m1,gaussian,1004,0.006376984907176711,0.009043655907611997,0.003919162940357649,450.0,0.17831782564729257,5000.0,2.0,0.020000000000000004,0.3,1.0,36.022143936879296,0.0
cyclic_slow_d20,20,5.0,cyclic,0.001,0.0,1.0,5000,streaming,Gaussian-m1,gaussian,1005,0.004873383149709256,0.009295984449230549,0.003149860111561175,300.0,0.17764697205582497,5000.0,2.0,0.020000000000000004,0.3,1.0,22.01060283975181,0.0
cyclic_slow_d20,20,5.0,cyclic,0.001,0.0,1.0,5000,streaming,Gaussian-m1,gaussian,1006,0.00841764350876623,0.0082009043199533,0.0039741950425544025,200.0,0.17366847689179263,5000.0,2.0,0.020000000000000004,0.3,1.0,27.995566900445148,0.0
cyclic_slow_d20,20,5.0,cyclic,0.001,0.0,1.0,5000,streaming,Gaussian-m1,gaussian,1007,0.006602980916095407,0.00898767638192719,0.002698630407490092,250.0,0.17859685158713204,5000.0,2.0,0.020000000000000004,0.3,1.0,23.285275752714057,0.0
cyclic_slow_d20,20,5.0,cyclic,0.001,0.0,1.0,5000,streaming,Gaussian-m1,gaussian,1008,0.007820502930981492,0.009675561657838045,0.0034576303770308026,250.0,0.18114417569423605,5000.0,2.0,0.020000000000000004,0.3,1.0,23.953389980242253,0.0
cyclic_slow_d20,20,5.0,cyclic,0.001,0.0,1.0,5000,streaming,Gaussian-m1,gaussian,1009,0.006237734454986911,0.009856817234339644,0.003930163997724633,250.0,0.1767803960653923,5000.0,2.0,0.020000000000000004,0.3,1.0,32.14034028844991,0.0
cyclic_slow_d20,20,5.0,cyclic,0.001,0.0,1.0,5000,streaming,Gaussian-m1,gaussian,1010,0.008047109374261185,0.010546763027287279,0.0033906618301390388,250.0,0.17841527831936485,5000.0,2.0,0.020000000000000004,0.3,1.0,18.90094568865139,0.0
cyclic_slow_d20,20,5.0,cyclic,0.001,0.0,1.0,5000,streaming,Gaussian-m1,gaussian,1011,0.010168091381911104,0.009250651066371457,0.0038189409767239763,300.0,0.17539856792310698,5000.0,2.0,0.020000000000000004,0.3,1.0,18.256327379658504,0.0
cyclic_slow_d20,20,5.0,cyclic,0.001,0.0,1.0,5000,streaming,Gaussian-m1,gaussian,1012,0.005405452921447132,0.010661970185072018,0.0032707942031566495,300.0,0.17569147227982704,5000.0,2.0,0.020000000000000004,0.3,1.0,23.099463112623923,0.0
cyclic_slow_d20,20,5.0,cyclic,0.001,0.0,1.0,5000,streaming,Gaussian-m1,gaussian,1013,0.014712237836213445,0.007935692383344255,0.004604634173265777,200.0,0.17849625543189937,5000.0,2.0,0.020000000000000004,0.3,1.0,28.469725258779782,0.0
cyclic_slow_d20,20,5.0,cyclic,0.001,0.0,1.0,5000,streaming,Gaussian-m1,gaussian,1014,0.008800572368995707,0.009215962907754659,0.003875039521734498,200.0,0.17776071930193216,5000.0,2.0,0.020000000000000004,0.3,1.0,20.67036502998513,0.0
cyclic_slow_d20,20,5.0,cyclic,0.001,0.0,1.0,5000,streaming,Gaussian-m1,gaussian,1015,0.005464668776125635,0.007467073946779875,0.0030206911988205367,200.0,0.17772004644805148,5000.0,2.0,0.020000000000000004,0.3,1.0,18.21358460568127,0.0
cyclic_slow_d20,20,5.0,cyclic,0.001,0.0,1.0,5000,streaming,Gaussian-m1,gaussian,1016,0.010234204953528055,0.009335513689458404,0.004318223154526722,300.0,0.17541035215045853,5000.0,2.0,0.020000000000000004,0.3,1.0,22.36350772485476,0.0
cyclic_slow_d20,20,5.0,cyclic,0.001,0.0,1.0,5000,streaming,Gaussian-m1,gaussian,1017,0.007010120772417642,0.007321413857502017,0.003963729635157881,150.0,0.1749128988809253,5000.0,2.0,0.020000000000000004,0.3,1.0,36.81303030462446,0.0
cyclic_slow_d20,20,5.0,cyclic,0.001,0.0,1.0,5000,streaming,Gaussian-m1,gaussian,1018,0.008981463749363608,0.008349342280151092,0.003475926359049681,250.0,0.17817257966974115,5000.0,2.0,0.020000000000000004,0.3,1.0,28.212850200630566,0.0
cyclic_slow_d20,20,5.0,cyclic,0.001,0.0,1.0,5000,streaming,Gaussian-m1,gaussian,1019,0.007275835235425524,0.008552586963414427,0.004026352556040123,250.0,0.1771833268497642,5000.0,2.0,0.020000000000000004,0.3,1.0,28.261070571103325,0.0
cyclic_slow_d20,20,5.0,cyclic,0.001,0.0,1.0,5000,streaming,Gaussian-m1,gaussian,1020,0.007827771896900442,0.009297059275289692,0.003406227551689336,250.0,0.17711713845541677,5000.0,2.0,0.020000000000000004,0.3,1.0,20.562331982531273,0.0
cyclic_slow_d20,20,5.0,cyclic,0.001,0.0,1.0,5000,streaming,Gaussian-m1,gaussian,1021,0.00638013816968769,0.011271741027029247,0.003912353464304224,300.0,0.17798462803121848,5000.0,2.0,0.020000000000000004,0.3,1.0,18.56339887657861,0.0
cyclic_slow_d20,20,5.0,cyclic,0.001,0.0,1.0,5000,streaming,Gaussian-m1,gaussian,1022,0.008746956845743397,0.009048024621298015,0.0036007505655183117,300.0,0.1784027463231029,5000.0,2.0,0.020000000000000004,0.3,1.0,18.079078135468063,0.0
cyclic_slow_d20,20,5.0,cyclic,0.001,0.0,1.0,5000,streaming,Gaussian-m1,gaussian,1023,0.013396666207818216,0.00925630513126073,0.003137439087508643,300.0,0.17965925693371407,5000.0,2.0,0.020000000000000004,0.3,1.0,29.489403578103,0.0
cyclic_slow_d20,20,5.0,cyclic,0.001,0.0,1.0,5000,streaming,Gaussian-m1,gaussian,1024,0.008770691944762382,0.008323536085485288,0.003223362781103333,200.0,0.1778319947300002,5000.0,2.0,0.020000000000000004,0.3,1.0,37.253333663177486,0.0
cyclic_slow_d20,20,5.0,cyclic,0.001,0.0,1.0,5000,streaming,Gaussian-m1,gaussian,1025,0.006410243658866075,0.01345266415886602,0.0029472524801588554,350.0,0.17619701900683513,5000.0,2.0,0.020000000000000004,0.3,1.0,16.642042248806305,0.0
cyclic_slow_d20,20,5.0,cyclic,0.001,0.0,1.0,5000,streaming,Gaussian-m1,gaussian,1026,0.007554268988200025,0.008959292267178048,0.0032691585398383666,250.0,0.17846183051321346,5000.0,2.0,0.020000000000000004,0.3,1.0,18.734172226259574,0.0
cyclic_slow_d20,20,5.0,cyclic,0.001,0.0,1.0,5000,streaming,Gaussian-m1,gaussian,1027,0.011815210188110456,0.009765304621711048,0.003113848332124089,400.0,0.1772143234729289,5000.0,2.0,0.020000000000000004,0.3,1.0,20.719382732350045,0.0
cyclic_slow_d20,20,5.0,cyclic,0.001,0.0,1.0,5000,streaming,Gaussian-m1,gaussian,1028,0.010951533197620347,0.009226086895134808,0.003715739359992443,300.0,0.1781810842869162,5000.0,2.0,0.020000000000000004,0.3,1.0,20.650405391644473,0.0
cyclic_slow_d20,20,5.0,cyclic,0.001,0.0,1.0,5000,streaming,Gaussian-m1,gaussian,1029,0.0032599058305357418,0.010315173655261469,0.0042810717315525625,250.0,0.17831555057914136,5000.0,2.0,0.020000000000000004,0.3,1.0,28.688405609803834,0.0
cyclic_slow_d20,20,5.0,cyclic,0.001,0.0,1.0,5000,streaming,Gaussian-m1,gaussian,1030,0.00785221895502506,0.009998073005703276,0.003933954812510029,350.0,0.17538764597993464,5000.0,2.0,0.020000000000000004,0.3,1.0,21.54380836549344,0.0
cyclic_slow_d20,20,5.0,cyclic,0.001,0.0,1.0,5000,streaming,Gaussian-m5,gaussian,1001,0.00563553292453066,0.01104277252219419,0.0036683115265087425,300.0,0.44494440008363456,1000.0,10.0,0.1,0.3,5.0,6.024529497046162,0.0
cyclic_slow_d20,20,5.0,cyclic,0.001,0.0,1.0,5000,streaming,Gaussian-m5,gaussian,1002,0.009802211928262663,0.013414891221576564,0.0036631360386157933,400.0,0.44035501037943403,1000.0,10.0,0.1,0.3,5.0,7.8857174841075155,0.0
cyclic_slow_d20,20,5.0,cyclic,0.001,0.0,1.0,5000,streaming,Gaussian-m5,gaussian,1003,0.007889559520735927,0.013025551441054953,0.00336213416349492,550.0,0.44415181400423204,1000.0,10.0,0.1,0.3,5.0,8.98966257939562,0.0
cyclic_slow_d20,20,5.0,cyclic,0.001,0.0,1.0,5000,streaming,Gaussian-m5,gaussian,1004,0.009823570830910318,0.010592335424846448,0.0035878041668308985,500.0,0.4460941078799736,1000.0,10.0,0.1,0.3,5.0,9.598975271235233,0.0
cyclic_slow_d20,20,5.0,cyclic,0.001,0.0,1.0,5000,streaming,Gaussian-m5,gaussian,1005,0.006596363491438289,0.013834030673293338,0.003837228851824397,550.0,0.43779671692703526,1000.0,10.0,0.1,0.3,5.0,6.5700277847655775,0.0
cyclic_slow_d20,20,5.0,cyclic,0.001,0.0,1.0,5000,streaming,Gaussian-m5,gaussian,1006,0.0132763190007795,0.008877768403820586,0.0040740902659484836,250.0,0.44352993284248304,1000.0,10.0,0.1,0.3,5.0,8.574947293447217,0.0
cyclic_slow_d20,20,5.0,cyclic,0.001,0.0,1.0,5000,streaming,Gaussian-m5,gaussian,1007,0.009064726754383374,0.01454505190936396,0.0027732690745627983,600.0,0.4536562859133012,1000.0,10.0,0.1,0.3,5.0,9.731879804475055,0.0
cyclic_slow_d20,20,5.0,cyclic,0.001,0.0,1.0,5000,streaming,Gaussian-m5,gaussian,1008,0.00746888474760733,0.011885344565811386,0.003631389544895563,350.0,0.44084758510342403,1000.0,10.0,0.1,0.3,5.0,8.330807400771477,0.0
cyclic_slow_d20,20,5.0,cyclic,0.001,0.0,1.0,5000,streaming,Gaussian-m5,gaussian,1009,0.008954015816579869,0.012947921868884861,0.0034427832507986935,450.0,0.44216443034742714,1000.0,10.0,0.1,0.3,5.0,9.445134243185036,0.0
cyclic_slow_d20,20,5.0,cyclic,0.001,0.0,1.0,5000,streaming,Gaussian-m5,gaussian,1010,0.01303816200846973,0.015202232571356257,0.003922183647333437,300.0,0.4448729370976907,1000.0,10.0,0.1,0.3,5.0,9.855595318795046,0.0
cyclic_slow_d20,20,5.0,cyclic,0.001,0.0,1.0,5000,streaming,Gaussian-m5,gaussian,1011,0.0045790289453959965,0.012366738148285537,0.0030726647288031603,400.0,0.44511435118886505,1000.0,10.0,0.1,0.3,5.0,8.119756230858078,0.0
cyclic_slow_d20,20,5.0,cyclic,0.001,0.0,1.0,5000,streaming,Gaussian-m5,gaussian,1012,0.012993142431178568,0.01059450052604837,0.004189104475334312,300.0,0.44219484390937425,1000.0,10.0,0.1,0.3,5.0,5.8464219988928665,0.0
cyclic_slow_d20,20,5.0,cyclic,0.001,0.0,1.0,5000,streaming,Gaussian-m5,gaussian,1013,0.016090835188087415,0.016645110530701158,0.004733005675031579,300.0,0.441626941574374,1000.0,10.0,0.1,0.3,5.0,9.668562667030614,0.0
cyclic_slow_d20,20,5.0,cyclic,0.001,0.0,1.0,5000,streaming,Gaussian-m5,gaussian,1014,0.010912973612556949,0.010393066710051505,0.003347059325538828,400.0,0.4373541158254488,1000.0,10.0,0.1,0.3,5.0,5.134954361624999,0.0
cyclic_slow_d20,20,5.0,cyclic,0.001,0.0,1.0,5000,streaming,Gaussian-m5,gaussian,1015,0.010852745715366055,0.011759420619560881,0.004175812074215185,400.0,0.442856199835691,1000.0,10.0,0.1,0.3,5.0,7.871521460908944,0.0
cyclic_slow_d20,20,5.0,cyclic,0.001,0.0,1.0,5000,streaming,Gaussian-m5,gaussian,1016,0.015401281591795594,0.011591137959880746,0.0037083936125231714,350.0,0.4415878967662879,1000.0,10.0,0.1,0.3,5.0,5.793086268855429,0.0
cyclic_slow_d20,20,5.0,cyclic,0.001,0.0,1.0,5000,streaming,Gaussian-m5,gaussian,1017,0.013261916143452004,0.009655057278711788,0.0049420924700724796,250.0,0.43759725411304046,1000.0,10.0,0.1,0.3,5.0,6.603465387960734,0.0
cyclic_slow_d20,20,5.0,cyclic,0.001,0.0,1.0,5000,streaming,Gaussian-m5,gaussian,1018,0.010943360479266594,0.010342200713421184,0.0041481995537338175,300.0,0.44282609219164953,1000.0,10.0,0.1,0.3,5.0,6.91152231165797,0.0
cyclic_slow_d20,20,5.0,cyclic,0.001,0.0,1.0,5000,streaming,Gaussian-m5,gaussian,1019,0.007511047093635601,0.013816315456136022,0.005462389937071511,350.0,0.44496065028713044,1000.0,10.0,0.1,0.3,5.0,10.268935811110365,0.0
cyclic_slow_d20,20,5.0,cyclic,0.001,0.0,1.0,5000,streaming,Gaussian-m5,gaussian,1020,0.008005286850389285,0.010987903281417253,0.004010292468171212,400.0,0.4346572128226668,1000.0,10.0,0.1,0.3,5.0,5.703143440131629,0.0
cyclic_slow_d20,20,5.0,cyclic,0.001,0.0,1.0,5000,streaming,Gaussian-m5,gaussian,1021,0.006165379110372169,0.010968609295401565,0.004346087672865874,350.0,0.4467609280779044,1000.0,10.0,0.1,0.3,5.0,8.748582843841525,0.0
cyclic_slow_d20,20,5.0,cyclic,0.001,0.0,1.0,5000,streaming,Gaussian-m5,gaussian,1022,0.01426827709297385,0.009745500559219133,0.003462355542846127,400.0,0.44534655087097214,1000.0,10.0,0.1,0.3,5.0,5.8758865963190585,0.0
cyclic_slow_d20,20,5.0,cyclic,0.001,0.0,1.0,5000,streaming,Gaussian-m5,gaussian,1023,0.008369796401526802,0.008923501871128439,0.004762354641208713,300.0,0.4451419626926587,1000.0,10.0,0.1,0.3,5.0,6.660480044618285,0.0
cyclic_slow_d20,20,5.0,cyclic,0.001,0.0,1.0,5000,streaming,Gaussian-m5,gaussian,1024,0.006927222155423746,0.01299064090169137,0.003667452384553337,350.0,0.44206605129762205,1000.0,10.0,0.1,0.3,5.0,10.415515861388986,0.0
cyclic_slow_d20,20,5.0,cyclic,0.001,0.0,1.0,5000,streaming,Gaussian-m5,gaussian,1025,0.0074104921623453605,0.009331890929701304,0.004679848866636814,250.0,0.4375147096681598,1000.0,10.0,0.1,0.3,5.0,9.459455209398909,0.0
cyclic_slow_d20,20,5.0,cyclic,0.001,0.0,1.0,5000,streaming,Gaussian-m5,gaussian,1026,0.012264625696079987,0.011641551063031597,0.0035818466674454805,550.0,0.4470500234225801,1000.0,10.0,0.1,0.3,5.0,5.757661791318128,0.0
cyclic_slow_d20,20,5.0,cyclic,0.001,0.0,1.0,5000,streaming,Gaussian-m5,gaussian,1027,0.0073317921845559185,0.011674637668526902,0.003376643911739501,400.0,0.44763460961856855,1000.0,10.0,0.1,0.3,5.0,8.822391488859083,0.0
cyclic_slow_d20,20,5.0,cyclic,0.001,0.0,1.0,5000,streaming,Gaussian-m5,gaussian,1028,0.015947162129449122,0.00995065326135122,0.003720288287826355,300.0,0.4417716685199422,1000.0,10.0,0.1,0.3,5.0,7.460867807723391,0.0
cyclic_slow_d20,20,5.0,cyclic,0.001,0.0,1.0,5000,streaming,Gaussian-m5,gaussian,1029,0.023928671237195366,0.010618953048873033,0.005871007831570896,250.0,0.4429642571080313,1000.0,10.0,0.1,0.3,5.0,8.377105387398265,0.0
cyclic_slow_d20,20,5.0,cyclic,0.001,0.0,1.0,5000,streaming,Gaussian-m5,gaussian,1030,0.0030553744995397503,0.011265820657475148,0.0026750398180983483,350.0,0.4447620564984924,1000.0,10.0,0.1,0.3,5.0,7.336851169954895,0.0
cyclic_slow_d20,20,5.0,cyclic,0.001,0.0,1.0,5000,streaming,Gaussian-m20,gaussian,1001,0.030385548710174192,0.019482081590003412,0.009993624047376784,1000.0,0.7201730810034356,250.0,40.0,0.2,0.3,20.0,4.222113248850772,0.0
cyclic_slow_d20,20,5.0,cyclic,0.001,0.0,1.0,5000,streaming,Gaussian-m20,gaussian,1002,0.017357625432411407,0.0191733399359881,0.009084639024002705,600.0,0.7091056953187406,250.0,40.0,0.2,0.3,20.0,3.8403279155713825,0.0
cyclic_slow_d20,20,5.0,cyclic,0.001,0.0,1.0,5000,streaming,Gaussian-m20,gaussian,1003,0.03156816071637605,0.02400163146308398,0.010095069982204491,900.0,0.7086264491925649,250.0,40.0,0.2,0.3,20.0,4.490259676270476,0.0
cyclic_slow_d20,20,5.0,cyclic,0.001,0.0,1.0,5000,streaming,Gaussian-m20,gaussian,1004,0.006668448628543848,0.019609003222463856,0.009632444014857263,600.0,0.7144706408683028,250.0,40.0,0.2,0.3,20.0,4.750110547521221,0.0
cyclic_slow_d20,20,5.0,cyclic,0.001,0.0,1.0,5000,streaming,Gaussian-m20,gaussian,1005,0.018663029411013634,0.020497260502063547,0.013415763661949198,400.0,0.7084477190349193,250.0,40.0,0.2,0.3,20.0,3.6462703937196466,0.0
cyclic_slow_d20,20,5.0,cyclic,0.001,0.0,1.0,5000,streaming,Gaussian-m20,gaussian,1006,0.028858348424030584,0.020028606574943143,0.011267961682150815,400.0,0.7082660812909753,250.0,40.0,0.2,0.3,20.0,4.156107294022133,0.0
cyclic_slow_d20,20,5.0,cyclic,0.001,0.0,1.0,5000,streaming,Gaussian-m20,gaussian,1007,0.01068605575000283,0.01975987490203164,0.011684767974801759,800.0,0.7141961305530491,250.0,40.0,0.2,0.3,20.0,3.231407356060438,0.0
cyclic_slow_d20,20,5.0,cyclic,0.001,0.0,1.0,5000,streaming,Gaussian-m20,gaussian,1008,0.02327759641809132,0.021364875283163262,0.012793425609045929,800.0,0.7113156468176455,250.0,40.0,0.2,0.3,20.0,3.4951072237468295,0.0
cyclic_slow_d20,20,5.0,cyclic,0.001,0.0,1.0,5000,streaming,Gaussian-m20,gaussian,1009,0.014247700643079952,0.020145786630732205,0.010875092406500177,400.0,0.7152712397243547,250.0,40.0,0.2,0.3,20.0,3.396944329785197,0.0
cyclic_slow_d20,20,5.0,cyclic,0.001,0.0,1.0,5000,streaming,Gaussian-m20,gaussian,1010,0.019338618866611233,0.017853641874766766,0.010974670398808048,900.0,0.7098578525630288,250.0,40.0,0.2,0.3,20.0,3.617831632606043,0.0
cyclic_slow_d20,20,5.0,cyclic,0.001,0.0,1.0,5000,streaming,Gaussian-m20,gaussian,1011,0.029212942953645522,0.019544647812952145,0.013247788138068524,800.0,0.7158340358309954,250.0,40.0,0.2,0.3,20.0,5.1659247666246575,0.0
cyclic_slow_d20,20,5.0,cyclic,0.001,0.0,1.0,5000,streaming,Gaussian-m20,gaussian,1012,0.016436990737696507,0.022232191532002652,0.009998394903091895,400.0,0.717245711262815,250.0,40.0,0.2,0.3,20.0,4.195896867598706,0.0
cyclic_slow_d20,20,5.0,cyclic,0.001,0.0,1.0,5000,streaming,Gaussian-m20,gaussian,1013,0.03170888667955815,0.021880262943828725,0.012908805783264301,800.0,0.7031388068771747,250.0,40.0,0.2,0.3,20.0,3.814191611501232,0.0
cyclic_slow_d20,20,5.0,cyclic,0.001,0.0,1.0,5000,streaming,Gaussian-m20,gaussian,1014,0.030338336179796647,0.01808962893872811,0.012151904789562096,650.0,0.7145748306838828,250.0,40.0,0.2,0.3,20.0,3.558840962552498,0.0
cyclic_slow_d20,20,5.0,cyclic,0.001,0.0,1.0,5000,streaming,Gaussian-m20,gaussian,1015,0.027791242848072585,0.019015292114775813,0.01140684572648871,1000.0,0.7081651376647531,250.0,40.0,0.2,0.3,20.0,3.7758266930592685,0.0
cyclic_slow_d20,20,5.0,cyclic,0.001,0.0,1.0,5000,streaming,Gaussian-m20,gaussian,1016,0.020405001005535398,0.02143961372422499,0.0100804359113587,1000.0,0.713462702450213,250.0,40.0,0.2,0.3,20.0,2.91398866163302,0.0
cyclic_slow_d20,20,5.0,cyclic,0.001,0.0,1.0,5000,streaming,Gaussian-m20,gaussian,1017,0.026751627644953105,0.019202879583357264,0.010832392000963078,600.0,0.7209258488981171,250.0,40.0,0.2,0.3,20.0,5.735937929024783,0.0
cyclic_slow_d20,20,5.0,cyclic,0.001,0.0,1.0,5000,streaming,Gaussian-m20,gaussian,1018,0.024257069844030067,0.02061958289945214,0.010143279270637169,400.0,0.7146367292406303,250.0,40.0,0.2,0.3,20.0,4.403303386709684,0.0
cyclic_slow_d20,20,5.0,cyclic,0.001,0.0,1.0,5000,streaming,Gaussian-m20,gaussian,1019,0.011988718361681588,0.020277584632951994,0.010373575348882965,1000.0,0.7091798133957979,250.0,40.0,0.2,0.3,20.0,2.1410378325528456,0.0
cyclic_slow_d20,20,5.0,cyclic,0.001,0.0,1.0,5000,streaming,Gaussian-m20,gaussian,1020,0.021957518288923186,0.02058823960865072,0.00989302608494175,400.0,0.7095212494158952,250.0,40.0,0.2,0.3,20.0,3.40911235842099,0.0
cyclic_slow_d20,20,5.0,cyclic,0.001,0.0,1.0,5000,streaming,Gaussian-m20,gaussian,1021,0.012845259296973003,0.020352236208419236,0.008831072778183452,600.0,0.7089313093797459,250.0,40.0,0.2,0.3,20.0,3.600164424014483,0.0
cyclic_slow_d20,20,5.0,cyclic,0.001,0.0,1.0,5000,streaming,Gaussian-m20,gaussian,1022,0.021851067873460292,0.024644457056852108,0.010265551193874336,600.0,0.7056665307570913,250.0,40.0,0.2,0.3,20.0,3.1636603958122755,0.0
cyclic_slow_d20,20,5.0,cyclic,0.001,0.0,1.0,5000,streaming,Gaussian-m20,gaussian,1023,0.025527789652904993,0.017357031399555082,0.010019503772971049,800.0,0.7160519756131262,250.0,40.0,0.2,0.3,20.0,5.598934563320132,0.0
cyclic_slow_d20,20,5.0,cyclic,0.001,0.0,1.0,5000,streaming,Gaussian-m20,gaussian,1024,0.015988576699794567,0.020816924688637904,0.011249200220181103,400.0,0.712792104552586,250.0,40.0,0.2,0.3,20.0,4.969953072926206,0.0
cyclic_slow_d20,20,5.0,cyclic,0.001,0.0,1.0,5000,streaming,Gaussian-m20,gaussian,1025,0.028971067282551086,0.018692558852280505,0.010510952963937966,400.0,0.7235919679237179,250.0,40.0,0.2,0.3,20.0,4.07719620419606,0.0
cyclic_slow_d20,20,5.0,cyclic,0.001,0.0,1.0,5000,streaming,Gaussian-m20,gaussian,1026,0.03275116135850365,0.01908695869580264,0.012637577761051634,800.0,0.7095190863990488,250.0,40.0,0.2,0.3,20.0,4.613108416889459,0.0
cyclic_slow_d20,20,5.0,cyclic,0.001,0.0,1.0,5000,streaming,Gaussian-m20,gaussian,1027,0.013857954625885294,0.021605569822420716,0.008210994935723021,800.0,0.7103385046793157,250.0,40.0,0.2,0.3,20.0,4.350956324136805,0.0
cyclic_slow_d20,20,5.0,cyclic,0.001,0.0,1.0,5000,streaming,Gaussian-m20,gaussian,1028,0.02670090895812026,0.02031752974011391,0.01132903905316557,600.0,0.7115044940629444,250.0,40.0,0.2,0.3,20.0,3.7100083865206,0.0
cyclic_slow_d20,20,5.0,cyclic,0.001,0.0,1.0,5000,streaming,Gaussian-m20,gaussian,1029,0.020552123360763543,0.022516858826652535,0.01030203402213409,1000.0,0.713359744476365,250.0,40.0,0.2,0.3,20.0,4.523081060544701,0.0
cyclic_slow_d20,20,5.0,cyclic,0.001,0.0,1.0,5000,streaming,Gaussian-m20,gaussian,1030,0.021522424287374088,0.01812301625723536,0.008322043984770912,950.0,0.7144177789038365,250.0,40.0,0.2,0.3,20.0,2.903633517148882,0.0
cyclic_slow_d20,20,5.0,cyclic,0.001,0.0,1.0,5000,streaming,CoordinateCentral,coordinate,1001,0.14505316618835667,0.1354161405108578,0.12181845389134187,1550.0,0.9952963380181751,250.0,40.0,0.04,0.1,1.0,3.0044052633850553,0.0
cyclic_slow_d20,20,5.0,cyclic,0.001,0.0,1.0,5000,streaming,CoordinateCentral,coordinate,1002,0.14462591122088472,0.13580848309132093,0.12196168845708066,1550.0,0.9949496539054785,250.0,40.0,0.04,0.1,1.0,3.0113660145929866,0.0
cyclic_slow_d20,20,5.0,cyclic,0.001,0.0,1.0,5000,streaming,CoordinateCentral,coordinate,1003,0.14603670976209102,0.13580351776962596,0.12156438260189134,1550.0,0.9952386365049662,250.0,40.0,0.04,0.1,1.0,3.007654616657679,0.0
cyclic_slow_d20,20,5.0,cyclic,0.001,0.0,1.0,5000,streaming,CoordinateCentral,coordinate,1004,0.1446492434385296,0.1357667194281098,0.1219697417565845,1550.0,0.9952644732733772,250.0,40.0,0.04,0.1,1.0,3.019438092117367,0.0
cyclic_slow_d20,20,5.0,cyclic,0.001,0.0,1.0,5000,streaming,CoordinateCentral,coordinate,1005,0.1444987907719507,0.1358241898214628,0.12179658948610564,1550.0,0.9951930635665039,250.0,40.0,0.04,0.1,1.0,3.02054916852292,0.0
cyclic_slow_d20,20,5.0,cyclic,0.001,0.0,1.0,5000,streaming,CoordinateCentral,coordinate,1006,0.1453648945286452,0.1355417673995397,0.1217368527473494,1550.0,0.9952133557013477,250.0,40.0,0.04,0.1,1.0,3.023631998655416,0.0
cyclic_slow_d20,20,5.0,cyclic,0.001,0.0,1.0,5000,streaming,CoordinateCentral,coordinate,1007,0.14570535436901685,0.13580535459697093,0.12131441992576103,1550.0,0.9953734810794193,250.0,40.0,0.04,0.1,1.0,3.0145321125930407,0.0
cyclic_slow_d20,20,5.0,cyclic,0.001,0.0,1.0,5000,streaming,CoordinateCentral,coordinate,1008,0.14557510696356102,0.13597470190952182,0.12216205466782985,1550.0,0.9951935793648434,250.0,40.0,0.04,0.1,1.0,3.006346577653307,0.0
cyclic_slow_d20,20,5.0,cyclic,0.001,0.0,1.0,5000,streaming,CoordinateCentral,coordinate,1009,0.1449800337335579,0.1358783286097147,0.12204432779231766,1550.0,0.9951564017120742,250.0,40.0,0.04,0.1,1.0,3.0096665809995193,0.0
cyclic_slow_d20,20,5.0,cyclic,0.001,0.0,1.0,5000,streaming,CoordinateCentral,coordinate,1010,0.14486652873583547,0.13534185831793338,0.12144929166942636,1550.0,0.9952573421404586,250.0,40.0,0.04,0.1,1.0,3.0108277103233165,0.0
cyclic_slow_d20,20,5.0,cyclic,0.001,0.0,1.0,5000,streaming,CoordinateCentral,coordinate,1011,0.14474226464928064,0.13552057744488205,0.12193133987393913,1550.0,0.995209946857216,250.0,40.0,0.04,0.1,1.0,3.0179988653435457,0.0
cyclic_slow_d20,20,5.0,cyclic,0.001,0.0,1.0,5000,streaming,CoordinateCentral,coordinate,1012,0.14465330167767415,0.13541820132602522,0.12121057775106725,1550.0,0.9952024639942458,250.0,40.0,0.04,0.1,1.0,3.012949027394799,0.0
cyclic_slow_d20,20,5.0,cyclic,0.001,0.0,1.0,5000,streaming,CoordinateCentral,coordinate,1013,0.1450556619488855,0.13600344044718973,0.12217967608436109,1550.0,0.9951697079088774,250.0,40.0,0.04,0.1,1.0,3.011342442445234,0.0
cyclic_slow_d20,20,5.0,cyclic,0.001,0.0,1.0,5000,streaming,CoordinateCentral,coordinate,1014,0.14556833178993664,0.13590981421203577,0.12135620544856827,1550.0,0.9954183025487002,250.0,40.0,0.04,0.1,1.0,3.019187897813777,0.0
cyclic_slow_d20,20,5.0,cyclic,0.001,0.0,1.0,5000,streaming,CoordinateCentral,coordinate,1015,0.14407675372309986,0.13561271204888425,0.12130882406158247,1550.0,0.995311206817183,250.0,40.0,0.04,0.1,1.0,3.0219881508661386,0.0
cyclic_slow_d20,20,5.0,cyclic,0.001,0.0,1.0,5000,streaming,CoordinateCentral,coordinate,1016,0.14397127359704714,0.135731561364634,0.12091865419712587,1550.0,0.9952425185792457,250.0,40.0,0.04,0.1,1.0,3.0034862449646784,0.0
cyclic_slow_d20,20,5.0,cyclic,0.001,0.0,1.0,5000,streaming,CoordinateCentral,coordinate,1017,0.14551429069168395,0.13543357647257737,0.12156574151194162,1550.0,0.9954789205752472,250.0,40.0,0.04,0.1,1.0,3.002061506738208,0.0
cyclic_slow_d20,20,5.0,cyclic,0.001,0.0,1.0,5000,streaming,CoordinateCentral,coordinate,1018,0.1457644748771021,0.13576668516152127,0.12225337663153739,1550.0,0.9952952016429667,250.0,40.0,0.04,0.1,1.0,3.0180481704701556,0.0
cyclic_slow_d20,20,5.0,cyclic,0.001,0.0,1.0,5000,streaming,CoordinateCentral,coordinate,1019,0.1435101138334763,0.13585472196090398,0.12188887023598327,1550.0,0.995085055220027,250.0,40.0,0.04,0.1,1.0,3.014099534972438,0.0
cyclic_slow_d20,20,5.0,cyclic,0.001,0.0,1.0,5000,streaming,CoordinateCentral,coordinate,1020,0.14491960524620304,0.13563022615583026,0.12178867952407649,1550.0,0.9953695602882294,250.0,40.0,0.04,0.1,1.0,3.01875376254749,0.0
cyclic_slow_d20,20,5.0,cyclic,0.001,0.0,1.0,5000,streaming,CoordinateCentral,coordinate,1021,0.1446815907912785,0.13595773882317358,0.12181465809391107,1550.0,0.9950980333846314,250.0,40.0,0.04,0.1,1.0,3.0169259760172524,0.0
cyclic_slow_d20,20,5.0,cyclic,0.001,0.0,1.0,5000,streaming,CoordinateCentral,coordinate,1022,0.14566358594343976,0.1354555779713301,0.1221030669088473,1550.0,0.9954245427527608,250.0,40.0,0.04,0.1,1.0,3.019150862741665,0.0
cyclic_slow_d20,20,5.0,cyclic,0.001,0.0,1.0,5000,streaming,CoordinateCentral,coordinate,1023,0.14457287735930738,0.1356118028383831,0.12204696577539538,1550.0,0.9954326263485689,250.0,40.0,0.04,0.1,1.0,3.020273409423399,0.0
cyclic_slow_d20,20,5.0,cyclic,0.001,0.0,1.0,5000,streaming,CoordinateCentral,coordinate,1024,0.14444645271768203,0.13590750064099175,0.12217271545579565,1550.0,0.9952243735160127,250.0,40.0,0.04,0.1,1.0,3.012566651234442,0.0
cyclic_slow_d20,20,5.0,cyclic,0.001,0.0,1.0,5000,streaming,CoordinateCentral,coordinate,1025,0.14552188664297222,0.13572817173143845,0.12202073316940137,1550.0,0.9949430720210181,250.0,40.0,0.04,0.1,1.0,3.0133068189990957,0.0
cyclic_slow_d20,20,5.0,cyclic,0.001,0.0,1.0,5000,streaming,CoordinateCentral,coordinate,1026,0.1454209519109513,0.13519721943247223,0.12102814544817814,1550.0,0.9952912783568502,250.0,40.0,0.04,0.1,1.0,3.0312903855342985,0.0
cyclic_slow_d20,20,5.0,cyclic,0.001,0.0,1.0,5000,streaming,CoordinateCentral,coordinate,1027,0.1455479789421792,0.1356404567862988,0.12182416453843077,1550.0,0.9950734652899232,250.0,40.0,0.04,0.1,1.0,3.013226107183391,0.0
cyclic_slow_d20,20,5.0,cyclic,0.001,0.0,1.0,5000,streaming,CoordinateCentral,coordinate,1028,0.14547456782329876,0.13585533883548356,0.12207005178909933,1550.0,0.9952538677471097,250.0,40.0,0.04,0.1,1.0,3.0103878463417026,0.0
cyclic_slow_d20,20,5.0,cyclic,0.001,0.0,1.0,5000,streaming,CoordinateCentral,coordinate,1029,0.14521957702094246,0.13546247960424143,0.12177550455159951,1550.0,0.995284161022691,250.0,40.0,0.04,0.1,1.0,3.0178845536231,0.0
cyclic_slow_d20,20,5.0,cyclic,0.001,0.0,1.0,5000,streaming,CoordinateCentral,coordinate,1030,0.14456524009750119,0.13558681227769398,0.12127990229818332,1550.0,0.9949384244625107,250.0,40.0,0.04,0.1,1.0,3.01402139084332,0.0
cyclic_fast_d20,20,5.0,cyclic,0.001,0.0,1.0,200,frozen,FirstOrderReference,first_order,1001,0.11161707593723086,0.0785615255955167,0.0772868024557336,,0.9979115032827033,10000.0,1.0,0.04,0.0,1.0,3.0139374681374402,0.0
cyclic_fast_d20,20,5.0,cyclic,0.001,0.0,1.0,200,frozen,FirstOrderReference,first_order,1002,0.11161707593723086,0.0785615255955167,0.0772868024557336,,0.9979115032827033,10000.0,1.0,0.04,0.0,1.0,3.0139374681374402,0.0
cyclic_fast_d20,20,5.0,cyclic,0.001,0.0,1.0,200,frozen,FirstOrderReference,first_order,1003,0.11161707593723086,0.0785615255955167,0.0772868024557336,,0.9979115032827033,10000.0,1.0,0.04,0.0,1.0,3.0139374681374402,0.0
cyclic_fast_d20,20,5.0,cyclic,0.001,0.0,1.0,200,frozen,FirstOrderReference,first_order,1004,0.11161707593723086,0.0785615255955167,0.0772868024557336,,0.9979115032827033,10000.0,1.0,0.04,0.0,1.0,3.0139374681374402,0.0
cyclic_fast_d20,20,5.0,cyclic,0.001,0.0,1.0,200,frozen,FirstOrderReference,first_order,1005,0.11161707593723086,0.0785615255955167,0.0772868024557336,,0.9979115032827033,10000.0,1.0,0.04,0.0,1.0,3.0139374681374402,0.0
cyclic_fast_d20,20,5.0,cyclic,0.001,0.0,1.0,200,frozen,FirstOrderReference,first_order,1006,0.11161707593723086,0.0785615255955167,0.0772868024557336,,0.9979115032827033,10000.0,1.0,0.04,0.0,1.0,3.0139374681374402,0.0
cyclic_fast_d20,20,5.0,cyclic,0.001,0.0,1.0,200,frozen,FirstOrderReference,first_order,1007,0.11161707593723086,0.0785615255955167,0.0772868024557336,,0.9979115032827033,10000.0,1.0,0.04,0.0,1.0,3.0139374681374402,0.0
cyclic_fast_d20,20,5.0,cyclic,0.001,0.0,1.0,200,frozen,FirstOrderReference,first_order,1008,0.11161707593723086,0.0785615255955167,0.0772868024557336,,0.9979115032827033,10000.0,1.0,0.04,0.0,1.0,3.0139374681374402,0.0
cyclic_fast_d20,20,5.0,cyclic,0.001,0.0,1.0,200,frozen,FirstOrderReference,first_order,1009,0.11161707593723086,0.0785615255955167,0.0772868024557336,,0.9979115032827033,10000.0,1.0,0.04,0.0,1.0,3.0139374681374402,0.0
cyclic_fast_d20,20,5.0,cyclic,0.001,0.0,1.0,200,frozen,FirstOrderReference,first_order,1010,0.11161707593723086,0.0785615255955167,0.0772868024557336,,0.9979115032827033,10000.0,1.0,0.04,0.0,1.0,3.0139374681374402,0.0
cyclic_fast_d20,20,5.0,cyclic,0.001,0.0,1.0,200,frozen,FirstOrderReference,first_order,1011,0.11161707593723086,0.0785615255955167,0.0772868024557336,,0.9979115032827033,10000.0,1.0,0.04,0.0,1.0,3.0139374681374402,0.0
cyclic_fast_d20,20,5.0,cyclic,0.001,0.0,1.0,200,frozen,FirstOrderReference,first_order,1012,0.11161707593723086,0.0785615255955167,0.0772868024557336,,0.9979115032827033,10000.0,1.0,0.04,0.0,1.0,3.0139374681374402,0.0
cyclic_fast_d20,20,5.0,cyclic,0.001,0.0,1.0,200,frozen,FirstOrderReference,first_order,1013,0.11161707593723086,0.0785615255955167,0.0772868024557336,,0.9979115032827033,10000.0,1.0,0.04,0.0,1.0,3.0139374681374402,0.0
cyclic_fast_d20,20,5.0,cyclic,0.001,0.0,1.0,200,frozen,FirstOrderReference,first_order,1014,0.11161707593723086,0.0785615255955167,0.0772868024557336,,0.9979115032827033,10000.0,1.0,0.04,0.0,1.0,3.0139374681374402,0.0
cyclic_fast_d20,20,5.0,cyclic,0.001,0.0,1.0,200,frozen,FirstOrderReference,first_order,1015,0.11161707593723086,0.0785615255955167,0.0772868024557336,,0.9979115032827033,10000.0,1.0,0.04,0.0,1.0,3.0139374681374402,0.0
cyclic_fast_d20,20,5.0,cyclic,0.001,0.0,1.0,200,frozen,FirstOrderReference,first_order,1016,0.11161707593723086,0.0785615255955167,0.0772868024557336,,0.9979115032827033,10000.0,1.0,0.04,0.0,1.0,3.0139374681374402,0.0
cyclic_fast_d20,20,5.0,cyclic,0.001,0.0,1.0,200,frozen,FirstOrderReference,first_order,1017,0.11161707593723086,0.0785615255955167,0.0772868024557336,,0.9979115032827033,10000.0,1.0,0.04,0.0,1.0,3.0139374681374402,0.0
cyclic_fast_d20,20,5.0,cyclic,0.001,0.0,1.0,200,frozen,FirstOrderReference,first_order,1018,0.11161707593723086,0.0785615255955167,0.0772868024557336,,0.9979115032827033,10000.0,1.0,0.04,0.0,1.0,3.0139374681374402,0.0
cyclic_fast_d20,20,5.0,cyclic,0.001,0.0,1.0,200,frozen,FirstOrderReference,first_order,1019,0.11161707593723086,0.0785615255955167,0.0772868024557336,,0.9979115032827033,10000.0,1.0,0.04,0.0,1.0,3.0139374681374402,0.0
cyclic_fast_d20,20,5.0,cyclic,0.001,0.0,1.0,200,frozen,FirstOrderReference,first_order,1020,0.11161707593723086,0.0785615255955167,0.0772868024557336,,0.9979115032827033,10000.0,1.0,0.04,0.0,1.0,3.0139374681374402,0.0
cyclic_fast_d20,20,5.0,cyclic,0.001,0.0,1.0,200,frozen,FirstOrderReference,first_order,1021,0.11161707593723086,0.0785615255955167,0.0772868024557336,,0.9979115032827033,10000.0,1.0,0.04,0.0,1.0,3.0139374681374402,0.0
cyclic_fast_d20,20,5.0,cyclic,0.001,0.0,1.0,200,frozen,FirstOrderReference,first_order,1022,0.11161707593723086,0.0785615255955167,0.0772868024557336,,0.9979115032827033,10000.0,1.0,0.04,0.0,1.0,3.0139374681374402,0.0
cyclic_fast_d20,20,5.0,cyclic,0.001,0.0,1.0,200,frozen,FirstOrderReference,first_order,1023,0.11161707593723086,0.0785615255955167,0.0772868024557336,,0.9979115032827033,10000.0,1.0,0.04,0.0,1.0,3.0139374681374402,0.0
cyclic_fast_d20,20,5.0,cyclic,0.001,0.0,1.0,200,frozen,FirstOrderReference,first_order,1024,0.11161707593723086,0.0785615255955167,0.0772868024557336,,0.9979115032827033,10000.0,1.0,0.04,0.0,1.0,3.0139374681374402,0.0
cyclic_fast_d20,20,5.0,cyclic,0.001,0.0,1.0,200,frozen,FirstOrderReference,first_order,1025,0.11161707593723086,0.0785615255955167,0.0772868024557336,,0.9979115032827033,10000.0,1.0,0.04,0.0,1.0,3.0139374681374402,0.0
cyclic_fast_d20,20,5.0,cyclic,0.001,0.0,1.0,200,frozen,FirstOrderReference,first_order,1026,0.11161707593723086,0.0785615255955167,0.0772868024557336,,0.9979115032827033,10000.0,1.0,0.04,0.0,1.0,3.0139374681374402,0.0
cyclic_fast_d20,20,5.0,cyclic,0.001,0.0,1.0,200,frozen,FirstOrderReference,first_order,1027,0.11161707593723086,0.0785615255955167,0.0772868024557336,,0.9979115032827033,10000.0,1.0,0.04,0.0,1.0,3.0139374681374402,0.0
cyclic_fast_d20,20,5.0,cyclic,0.001,0.0,1.0,200,frozen,FirstOrderReference,first_order,1028,0.11161707593723086,0.0785615255955167,0.0772868024557336,,0.9979115032827033,10000.0,1.0,0.04,0.0,1.0,3.0139374681374402,0.0
cyclic_fast_d20,20,5.0,cyclic,0.001,0.0,1.0,200,frozen,FirstOrderReference,first_order,1029,0.11161707593723086,0.0785615255955167,0.0772868024557336,,0.9979115032827033,10000.0,1.0,0.04,0.0,1.0,3.0139374681374402,0.0
cyclic_fast_d20,20,5.0,cyclic,0.001,0.0,1.0,200,frozen,FirstOrderReference,first_order,1030,0.11161707593723086,0.0785615255955167,0.0772868024557336,,0.9979115032827033,10000.0,1.0,0.04,0.0,1.0,3.0139374681374402,0.0
cyclic_fast_d20,20,5.0,cyclic,0.001,0.0,1.0,200,frozen,SPSA-m1,spsa,1001,0.39439702190916387,0.6964680552608812,0.6484253462610285,,0.1818357957348844,5000.0,2.0,0.020000000000000004,0.1,1.0,41.12663935568703,0.0
cyclic_fast_d20,20,5.0,cyclic,0.001,0.0,1.0,200,frozen,SPSA-m1,spsa,1002,0.3037286470915768,0.7164293927282891,0.7158302465417734,,0.18229373108034483,5000.0,2.0,0.020000000000000004,0.1,1.0,43.64156051625224,0.0
cyclic_fast_d20,20,5.0,cyclic,0.001,0.0,1.0,200,frozen,SPSA-m1,spsa,1003,0.5547583224572661,0.638795972232406,0.6373049007229364,,0.18377828103074598,5000.0,2.0,0.020000000000000004,0.1,1.0,39.67491907251249,0.0
cyclic_fast_d20,20,5.0,cyclic,0.001,0.0,1.0,200,frozen,SPSA-m1,spsa,1004,0.4141405095799306,0.7115569099742242,0.6654297468115684,,0.18256306134458936,5000.0,2.0,0.020000000000000004,0.1,1.0,41.30406659969971,0.0
cyclic_fast_d20,20,5.0,cyclic,0.001,0.0,1.0,200,frozen,SPSA-m1,spsa,1005,0.42694511480505276,0.6995086792242359,0.7531249948834221,,0.17641134967357666,5000.0,2.0,0.020000000000000004,0.1,1.0,48.61811955514305,0.0
cyclic_fast_d20,20,5.0,cyclic,0.001,0.0,1.0,200,frozen,SPSA-m1,spsa,1006,0.44503892474746565,0.6766892344510052,0.6400391869651969,,0.17812298196212778,5000.0,2.0,0.020000000000000004,0.1,1.0,47.627599684122025,0.0
cyclic_fast_d20,20,5.0,cyclic,0.001,0.0,1.0,200,frozen,SPSA-m1,spsa,1007,0.5933756934633398,0.7430442572733199,0.8013818576134262,,0.17740190414416362,5000.0,2.0,0.020000000000000004,0.1,1.0,42.19578045265091,0.0
cyclic_fast_d20,20,5.0,cyclic,0.001,0.0,1.0,200,frozen,SPSA-m1,spsa,1008,0.4635232188996448,0.6766802406339428,0.6685041534509977,,0.17979913278513296,5000.0,2.0,0.020000000000000004,0.1,1.0,41.82802682093963,0.0
cyclic_fast_d20,20,5.0,cyclic,0.001,0.0,1.0,200,frozen,SPSA-m1,spsa,1009,0.727442420522454,0.711669914934461,0.7303432015960242,,0.17892642114430302,5000.0,2.0,0.020000000000000004,0.1,1.0,39.48220957480872,0.0
cyclic_fast_d20,20,5.0,cyclic,0.001,0.0,1.0,200,frozen,SPSA-m1,spsa,1010,0.5004649806050164,0.71969589233983,0.7095958131207588,,0.17684803975115182,5000.0,2.0,0.020000000000000004,0.1,1.0,44.64864899133367,0.0
cyclic_fast_d20,20,5.0,cyclic,0.001,0.0,1.0,200,frozen,SPSA-m1,spsa,1011,0.8635363215893878,0.6687961153541157,0.7087986864347826,,0.18402518052566502,5000.0,2.0,0.020000000000000004,0.1,1.0,39.30757396617479,0.0
cyclic_fast_d20,20,5.0,cyclic,0.001,0.0,1.0,200,frozen,SPSA-m1,spsa,1012,0.5158227736037705,0.6922036072584479,0.6842143240263455,,0.18100384030430372,5000.0,2.0,0.020000000000000004,0.1,1.0,48.88887474476364,0.0
cyclic_fast_d20,20,5.0,cyclic,0.001,0.0,1.0,200,frozen,SPSA-m1,spsa,1013,0.5969994268279003,0.7111494689136408,0.7072708506581448,,0.1797238087352932,5000.0,2.0,0.020000000000000004,0.1,1.0,39.03268133925958,0.0
cyclic_fast_d20,20,5.0,cyclic,0.001,0.0,1.0,200,frozen,SPSA-m1,spsa,1014,0.2024759740652467,0.7420031652309163,0.7052095320206089,,0.17751258623035443,5000.0,2.0,0.020000000000000004,0.1,1.0,46.32858043137236,0.0
cyclic_fast_d20,20,5.0,cyclic,0.001,0.0,1.0,200,frozen,SPSA-m1,spsa,1015,0.32819389431563206,0.6993134460463146,0.6783529368509557,,0.18202963462567195,5000.0,2.0,0.020000000000000004,0.1,1.0,47.1051887773849,0.0
cyclic_fast_d20,20,5.0,cyclic,0.001,0.0,1.0,200,frozen,SPSA-m1,spsa,1016,0.5004185656717633,0.7196808960145722,0.6699108572545842,,0.18015139920634188,5000.0,2.0,0.020000000000000004,0.1,1.0,44.977224479039755,0.0
cyclic_fast_d20,20,5.0,cyclic,0.001,0.0,1.0,200,frozen,SPSA-m1,spsa,1017,0.5551939016434158,0.7377925642998462,0.7807151144554294,,0.17820471958507436,5000.0,2.0,0.020000000000000004,0.1,1.0,46.31961951524357,0.0
cyclic_fast_d20,20,5.0,cyclic,0.001,0.0,1.0,200,frozen,SPSA-m1,spsa,1018,0.29869637494048856,0.689736924736558,0.6249893624822441,,0.18002102131912376,5000.0,2.0,0.020000000000000004,0.1,1.0,38.58289097462017,0.0
cyclic_fast_d20,20,5.0,cyclic,0.001,0.0,1.0,200,frozen,SPSA-m1,spsa,1019,0.3693101527018439,0.7294733077365614,0.6802704822421877,,0.1763831771142197,5000.0,2.0,0.020000000000000004,0.1,1.0,47.428652644667565,0.0
cyclic_fast_d20,20,5.0,cyclic,0.001,0.0,1.0,200,frozen,SPSA-m1,spsa,1020,0.46950755339129346,0.7095635323716645,0.7206719294485117,,0.18304776569589754,5000.0,2.0,0.020000000000000004,0.1,1.0,40.63129759803371,0.0
cyclic_fast_d20,20,5.0,cyclic,0.001,0.0,1.0,200,frozen,SPSA-m1,spsa,1021,0.38299737521966093,0.7461546394349345,0.7086735557734872,,0.17863268769322316,5000.0,2.0,0.020000000000000004,0.1,1.0,49.36292798599841,0.0
cyclic_fast_d20,20,5.0,cyclic,0.001,0.0,1.0,200,frozen,SPSA-m1,spsa,1022,0.5335315978358658,0.6812841784539709,0.6774380446874554,,0.1814564078535426,5000.0,2.0,0.020000000000000004,0.1,1.0,44.476800934261064,0.0
cyclic_fast_d20,20,5.0,cyclic,0.001,0.0,1.0,200,frozen,SPSA-m1,spsa,1023,0.42849913368895104,0.6823845192749978,0.6282417075863354,,0.1819432489246779,5000.0,2.0,0.020000000000000004,0.1,1.0,40.89566695431782,0.0
cyclic_fast_d20,20,5.0,cyclic,0.001,0.0,1.0,200,frozen,SPSA-m1,spsa,1024,0.6275814641812729,0.6917207472198965,0.6701135480887114,,0.18208765786929967,5000.0,2.0,0.020000000000000004,0.1,1.0,52.22278939810511,0.0
cyclic_fast_d20,20,5.0,cyclic,0.001,0.0,1.0,200,frozen,SPSA-m1,spsa,1025,0.6804431755722464,0.7259833291039879,0.7426598726893774,,0.1759615953306619,5000.0,2.0,0.020000000000000004,0.1,1.0,50.667142994839224,0.0
cyclic_fast_d20,20,5.0,cyclic,0.001,0.0,1.0,200,frozen,SPSA-m1,spsa,1026,0.24471100422239997,0.6824041325586069,0.6109852120549643,,0.18063705948843964,5000.0,2.0,0.020000000000000004,0.1,1.0,38.41920953451551,0.0
cyclic_fast_d20,20,5.0,cyclic,0.001,0.0,1.0,200,frozen,SPSA-m1,spsa,1027,0.6979340216389641,0.7354898875844312,0.7796156360876378,,0.18045596140215664,5000.0,2.0,0.020000000000000004,0.1,1.0,41.64913594823918,0.0
cyclic_fast_d20,20,5.0,cyclic,0.001,0.0,1.0,200,frozen,SPSA-m1,spsa,1028,0.3670119560567177,0.690935111825957,0.6580726594546276,,0.18058057064435368,5000.0,2.0,0.020000000000000004,0.1,1.0,46.95197525729336,0.0
cyclic_fast_d20,20,5.0,cyclic,0.001,0.0,1.0,200,frozen,SPSA-m1,spsa,1029,0.634130749958242,0.7416755501761904,0.8162956631658717,,0.17826226151896654,5000.0,2.0,0.020000000000000004,0.1,1.0,43.28605782509435,0.0
cyclic_fast_d20,20,5.0,cyclic,0.001,0.0,1.0,200,frozen,SPSA-m1,spsa,1030,0.2356527895063238,0.6954719996214779,0.7266214377388851,,0.1817734214404853,5000.0,2.0,0.020000000000000004,0.1,1.0,39.17780161141122,0.0
cyclic_fast_d20,20,5.0,cyclic,0.001,0.0,1.0,200,frozen,Gaussian-m1,gaussian,1001,0.43147952539676143,0.708584328973552,0.7689611615280424,,0.18216930232014547,5000.0,2.0,0.020000000000000004,0.3,1.0,43.2066112693005,0.0
cyclic_fast_d20,20,5.0,cyclic,0.001,0.0,1.0,200,frozen,Gaussian-m1,gaussian,1002,0.6057523771747858,0.6925071969546847,0.664836844922826,,0.18136737293626187,5000.0,2.0,0.020000000000000004,0.3,1.0,38.34581500172716,0.0
cyclic_fast_d20,20,5.0,cyclic,0.001,0.0,1.0,200,frozen,Gaussian-m1,gaussian,1003,0.6865004161741077,0.7072483916655301,0.742635073033576,,0.18254626961188425,5000.0,2.0,0.020000000000000004,0.3,1.0,53.15587977334602,0.0
cyclic_fast_d20,20,5.0,cyclic,0.001,0.0,1.0,200,frozen,Gaussian-m1,gaussian,1004,0.2880898471446265,0.6895975777505723,0.6439951657039185,,0.18218876187530247,5000.0,2.0,0.020000000000000004,0.3,1.0,42.38489764284142,0.0
cyclic_fast_d20,20,5.0,cyclic,0.001,0.0,1.0,200,frozen,Gaussian-m1,gaussian,1005,0.630886398514621,0.7182006676443518,0.6326373575581102,,0.17891435123781133,5000.0,2.0,0.020000000000000004,0.3,1.0,45.332698212026884,0.0
cyclic_fast_d20,20,5.0,cyclic,0.001,0.0,1.0,200,frozen,Gaussian-m1,gaussian,1006,0.5707187050927213,0.7440674800857788,0.7087506121231705,,0.17433562934530708,5000.0,2.0,0.020000000000000004,0.3,1.0,51.83665962715432,0.0
cyclic_fast_d20,20,5.0,cyclic,0.001,0.0,1.0,200,frozen,Gaussian-m1,gaussian,1007,0.3243888893036808,0.7466300776590852,0.7612054689320047,,0.1787702479397278,5000.0,2.0,0.020000000000000004,0.3,1.0,39.0936938996212,0.0
cyclic_fast_d20,20,5.0,cyclic,0.001,0.0,1.0,200,frozen,Gaussian-m1,gaussian,1008,0.47141278441583,0.7120453840973838,0.6787672305736909,,0.17979606125133035,5000.0,2.0,0.020000000000000004,0.3,1.0,38.14300032317446,0.0
cyclic_fast_d20,20,5.0,cyclic,0.001,0.0,1.0,200,frozen,Gaussian-m1,gaussian,1009,0.7118582501693235,0.7150099412974318,0.7148466863972565,,0.17687881653313675,5000.0,2.0,0.020000000000000004,0.3,1.0,42.382414565661804,0.0
cyclic_fast_d20,20,5.0,cyclic,0.001,0.0,1.0,200,frozen,Gaussian-m1,gaussian,1010,0.3256918423720124,0.6722303721475383,0.6199449053775248,,0.18011025330126226,5000.0,2.0,0.020000000000000004,0.3,1.0,41.369074715307036,0.0
cyclic_fast_d20,20,5.0,cyclic,0.001,0.0,1.0,200,frozen,Gaussian-m1,gaussian,1011,0.4137594563669163,0.6936110699828937,0.7157455820863134,,0.18011575503412286,5000.0,2.0,0.020000000000000004,0.3,1.0,44.70969203486538,0.0
cyclic_fast_d20,20,5.0,cyclic,0.001,0.0,1.0,200,frozen,Gaussian-m1,gaussian,1012,0.5084987044526345,0.6989906933934052,0.7017166765179229,,0.18111164681209851,5000.0,2.0,0.020000000000000004,0.3,1.0,41.867786006848256,0.0
cyclic_fast_d20,20,5.0,cyclic,0.001,0.0,1.0,200,frozen,Gaussian-m1,gaussian,1013,0.7438035227577217,0.7047910732434118,0.6339916878772566,,0.18133566730574666,5000.0,2.0,0.020000000000000004,0.3,1.0,43.49550110163945,0.0
cyclic_fast_d20,20,5.0,cyclic,0.001,0.0,1.0,200,frozen,Gaussian-m1,gaussian,1014,0.6450900639201977,0.7268392785997688,0.7472526603276276,,0.18085818893432842,5000.0,2.0,0.020000000000000004,0.3,1.0,43.96759363437722,0.0
cyclic_fast_d20,20,5.0,cyclic,0.001,0.0,1.0,200,frozen,Gaussian-m1,gaussian,1015,0.3932981684329334,0.6763133076357467,0.7322627881943706,,0.18188281709761187,5000.0,2.0,0.020000000000000004,0.3,1.0,40.040295139819676,0.0
cyclic_fast_d20,20,5.0,cyclic,0.001,0.0,1.0,200,frozen,Gaussian-m1,gaussian,1016,0.4198739392304485,0.6960282148571991,0.698501786086505,,0.17945866408836092,5000.0,2.0,0.020000000000000004,0.3,1.0,38.95963928149755,0.0
cyclic_fast_d20,20,5.0,cyclic,0.001,0.0,1.0,200,frozen,Gaussian-m1,gaussian,1017,0.4282928999072874,0.7413594869638641,0.7923307886141754,,0.18062885765405198,5000.0,2.0,0.020000000000000004,0.3,1.0,42.099568451054324,0.0
cyclic_fast_d20,20,5.0,cyclic,0.001,0.0,1.0,200,frozen,Gaussian-m1,gaussian,1018,0.40990369759449685,0.6936875370731348,0.6551654804037839,,0.17847323718440755,5000.0,2.0,0.020000000000000004,0.3,1.0,40.54088569761425,0.0
cyclic_fast_d20,20,5.0,cyclic,0.001,0.0,1.0,200,frozen,Gaussian-m1,gaussian,1019,0.5219339552671864,0.6966451260363842,0.7022938052886539,,0.18036836748372959,5000.0,2.0,0.020000000000000004,0.3,1.0,42.69705346821157,0.0
cyclic_fast_d20,20,5.0,cyclic,0.001,0.0,1.0,200,frozen,Gaussian-m1,gaussian,1020,0.23354651650502045,0.7056375293715474,0.6760091385776925,,0.1791843239631267,5000.0,2.0,0.020000000000000004,0.3,1.0,41.87268748491606,0.0
cyclic_fast_d20,20,5.0,cyclic,0.001,0.0,1.0,200,frozen,Gaussian-m1,gaussian,1021,0.5031356563905749,0.7347476625106069,0.6685464283874908,,0.17696519470149263,5000.0,2.0,0.020000000000000004,0.3,1.0,37.5089896476597,0.0
cyclic_fast_d20,20,5.0,cyclic,0.001,0.0,1.0,200,frozen,Gaussian-m1,gaussian,1022,0.6963165151018257,0.7143219336644803,0.6546128689467201,,0.17795409553989439,5000.0,2.0,0.020000000000000004,0.3,1.0,41.34945525568931,0.0
cyclic_fast_d20,20,5.0,cyclic,0.001,0.0,1.0,200,frozen,Gaussian-m1,gaussian,1023,0.7383612335364639,0.7151195156715278,0.7110876116465975,,0.17914444987357614,5000.0,2.0,0.020000000000000004,0.3,1.0,47.78785654007881,0.0
cyclic_fast_d20,20,5.0,cyclic,0.001,0.0,1.0,200,frozen,Gaussian-m1,gaussian,1024,0.5780785908830884,0.6745873310019881,0.6168437561944168,,0.18429493727089338,5000.0,2.0,0.020000000000000004,0.3,1.0,40.925578007958904,0.0
cyclic_fast_d20,20,5.0,cyclic,0.001,0.0,1.0,200,frozen,Gaussian-m1,gaussian,1025,0.47943910863128825,0.7021377553281064,0.6954363876087017,,0.1797577415905795,5000.0,2.0,0.020000000000000004,0.3,1.0,43.668693828773186,0.0
cyclic_fast_d20,20,5.0,cyclic,0.001,0.0,1.0,200,frozen,Gaussian-m1,gaussian,1026,0.2939900806821521,0.699403722534724,0.670116600215947,,0.18099619614275939,5000.0,2.0,0.020000000000000004,0.3,1.0,38.337928515633905,0.0
cyclic_fast_d20,20,5.0,cyclic,0.001,0.0,1.0,200,frozen,Gaussian-m1,gaussian,1027,0.2874290372079281,0.7328545643600767,0.6835222124682875,,0.17858234282275898,5000.0,2.0,0.020000000000000004,0.3,1.0,45.79171706404439,0.0
cyclic_fast_d20,20,5.0,cyclic,0.001,0.0,1.0,200,frozen,Gaussian-m1,gaussian,1028,0.39195639956548023,0.6891131277112587,0.7168025900462888,,0.1808808836253677,5000.0,2.0,0.020000000000000004,0.3,1.0,42.549447504079005,0.0
cyclic_fast_d20,20,5.0,cyclic,0.001,0.0,1.0,200,frozen,Gaussian-m1,gaussian,1029,0.3597856257370279,0.6955520306269203,0.6846421673717862,,0.18035061997595422,5000.0,2.0,0.020000000000000004,0.3,1.0,45.64193073066943,0.0
cyclic_fast_d20,20,5.0,cyclic,0.001,0.0,1.0,200,frozen,Gaussian-m1,gaussian,1030,0.5304767817145563,0.6856954214667756,0.6108721264351578,,0.18064212213638645,5000.0,2.0,0.020000000000000004,0.3,1.0,40.47860706420614,0.0
cyclic_fast_d20,20,5.0,cyclic,0.001,0.0,1.0,200,frozen,Gaussian-m5,gaussian,1001,0.9611855809343158,1.0188926840140824,0.8896396786293751,,0.4395722457360992,1000.0,10.0,0.1,0.3,5.0,17.498381910705564,0.0
cyclic_fast_d20,20,5.0,cyclic,0.001,0.0,1.0,200,frozen,Gaussian-m5,gaussian,1002,1.2886867243775513,1.052500914022875,1.0913300135691941,,0.44019703277462624,1000.0,10.0,0.1,0.3,5.0,18.34452286632582,0.0
cyclic_fast_d20,20,5.0,cyclic,0.001,0.0,1.0,200,frozen,Gaussian-m5,gaussian,1003,0.6201745801368291,0.9743093923930563,1.013798079157043,,0.4461408374575534,1000.0,10.0,0.1,0.3,5.0,19.339275352818447,0.0
cyclic_fast_d20,20,5.0,cyclic,0.001,0.0,1.0,200,frozen,Gaussian-m5,gaussian,1004,1.1285904669092535,1.039533765385926,1.0838022233978297,,0.4337241139846366,1000.0,10.0,0.1,0.3,5.0,14.071870420833047,0.0
cyclic_fast_d20,20,5.0,cyclic,0.001,0.0,1.0,200,frozen,Gaussian-m5,gaussian,1005,1.2372531201648673,0.9953891096194415,1.0126615165696469,,0.44127123853934874,1000.0,10.0,0.1,0.3,5.0,17.084282963367173,0.0
cyclic_fast_d20,20,5.0,cyclic,0.001,0.0,1.0,200,frozen,Gaussian-m5,gaussian,1006,1.0275063099818937,1.0342681535784308,1.2535062526600638,,0.43954799946715095,1000.0,10.0,0.1,0.3,5.0,16.755639166917053,0.0
cyclic_fast_d20,20,5.0,cyclic,0.001,0.0,1.0,200,frozen,Gaussian-m5,gaussian,1007,0.49056295299149766,1.003961979276028,1.0773041471744749,,0.43970656372509687,1000.0,10.0,0.1,0.3,5.0,17.075736027350636,0.0
cyclic_fast_d20,20,5.0,cyclic,0.001,0.0,1.0,200,frozen,Gaussian-m5,gaussian,1008,0.9394861028088316,1.0749803039100738,1.0296554829953755,,0.43284350162326435,1000.0,10.0,0.1,0.3,5.0,17.10881985765317,0.0
cyclic_fast_d20,20,5.0,cyclic,0.001,0.0,1.0,200,frozen,Gaussian-m5,gaussian,1009,1.244929049580246,0.9876438076170571,0.9116783169337833,,0.44534600875471014,1000.0,10.0,0.1,0.3,5.0,16.428017466077495,0.0
cyclic_fast_d20,20,5.0,cyclic,0.001,0.0,1.0,200,frozen,Gaussian-m5,gaussian,1010,0.9036713647617209,0.9975977180898499,0.9904389169046323,,0.4439499151329441,1000.0,10.0,0.1,0.3,5.0,19.095707671690306,0.0
cyclic_fast_d20,20,5.0,cyclic,0.001,0.0,1.0,200,frozen,Gaussian-m5,gaussian,1011,0.8612920590547088,1.0055223170365017,0.9449413555428883,,0.43589571100584523,1000.0,10.0,0.1,0.3,5.0,16.191119053749258,0.0
cyclic_fast_d20,20,5.0,cyclic,0.001,0.0,1.0,200,frozen,Gaussian-m5,gaussian,1012,0.3855811129964397,0.9873607515439615,1.0326027705576206,,0.4439344131941774,1000.0,10.0,0.1,0.3,5.0,15.868491112590155,0.0
cyclic_fast_d20,20,5.0,cyclic,0.001,0.0,1.0,200,frozen,Gaussian-m5,gaussian,1013,1.3788723959083093,1.0226050402050486,0.9722087059937221,,0.4373780845105606,1000.0,10.0,0.1,0.3,5.0,13.249692536871873,0.0
cyclic_fast_d20,20,5.0,cyclic,0.001,0.0,1.0,200,frozen,Gaussian-m5,gaussian,1014,0.5743644076579834,0.9736172185126767,0.9652669884698611,,0.44191947420600364,1000.0,10.0,0.1,0.3,5.0,14.783298983113744,0.0
cyclic_fast_d20,20,5.0,cyclic,0.001,0.0,1.0,200,frozen,Gaussian-m5,gaussian,1015,0.7151985443709412,0.9492075993257898,0.9999773913156225,,0.440676542263989,1000.0,10.0,0.1,0.3,5.0,16.26659164874031,0.0
cyclic_fast_d20,20,5.0,cyclic,0.001,0.0,1.0,200,frozen,Gaussian-m5,gaussian,1016,0.8424473564259528,1.0096935041238457,1.0418229215983201,,0.43673496515879767,1000.0,10.0,0.1,0.3,5.0,18.27379659775238,0.0
cyclic_fast_d20,20,5.0,cyclic,0.001,0.0,1.0,200,frozen,Gaussian-m5,gaussian,1017,0.5268189265709562,1.0196127220481246,1.0383800244929837,,0.43613649383142183,1000.0,10.0,0.1,0.3,5.0,16.203344679947776,0.0
cyclic_fast_d20,20,5.0,cyclic,0.001,0.0,1.0,200,frozen,Gaussian-m5,gaussian,1018,0.677337042083233,1.0286279746209994,0.9974160363997383,,0.43951929135907164,1000.0,10.0,0.1,0.3,5.0,16.97773821039514,0.0
cyclic_fast_d20,20,5.0,cyclic,0.001,0.0,1.0,200,frozen,Gaussian-m5,gaussian,1019,0.9086165785736714,1.0883430769916205,1.1180544270211108,,0.43590664196968654,1000.0,10.0,0.1,0.3,5.0,15.362761849052056,0.0
cyclic_fast_d20,20,5.0,cyclic,0.001,0.0,1.0,200,frozen,Gaussian-m5,gaussian,1020,0.9595889043572247,1.0459074839995577,1.1166395119768853,,0.44092590730566233,1000.0,10.0,0.1,0.3,5.0,14.945646123516065,0.0
cyclic_fast_d20,20,5.0,cyclic,0.001,0.0,1.0,200,frozen,Gaussian-m5,gaussian,1021,0.5522034418045116,0.984770928759273,0.8815732777311246,,0.44241326320493796,1000.0,10.0,0.1,0.3,5.0,14.400741245550053,0.0
cyclic_fast_d20,20,5.0,cyclic,0.001,0.0,1.0,200,frozen,Gaussian-m5,gaussian,1022,0.8307048738889344,1.0122753313530404,1.0740013336470793,,0.4353876183546811,1000.0,10.0,0.1,0.3,5.0,18.221641223210533,0.0
cyclic_fast_d20,20,5.0,cyclic,0.001,0.0,1.0,200,frozen,Gaussian-m5,gaussian,1023,0.5938576448893574,1.0123344265829388,1.151283161511806,,0.4396219962160119,1000.0,10.0,0.1,0.3,5.0,14.738504797746137,0.0
cyclic_fast_d20,20,5.0,cyclic,0.001,0.0,1.0,200,frozen,Gaussian-m5,gaussian,1024,0.8096787274299341,1.0256020032385542,1.0685524815282723,,0.44070271949638434,1000.0,10.0,0.1,0.3,5.0,21.212648911091026,0.0
cyclic_fast_d20,20,5.0,cyclic,0.001,0.0,1.0,200,frozen,Gaussian-m5,gaussian,1025,1.3941986237180417,1.0454046029934125,1.0382568144408073,,0.4378215627825344,1000.0,10.0,0.1,0.3,5.0,14.195318608243417,0.0
cyclic_fast_d20,20,5.0,cyclic,0.001,0.0,1.0,200,frozen,Gaussian-m5,gaussian,1026,1.0019095793296187,1.0233538343122448,1.190332696141281,,0.4334768481494798,1000.0,10.0,0.1,0.3,5.0,14.572644462169873,0.0
cyclic_fast_d20,20,5.0,cyclic,0.001,0.0,1.0,200,frozen,Gaussian-m5,gaussian,1027,0.7196947686945622,0.9820134217649855,0.9603062268632245,,0.4400614008166815,1000.0,10.0,0.1,0.3,5.0,14.20802762904221,0.0
cyclic_fast_d20,20,5.0,cyclic,0.001,0.0,1.0,200,frozen,Gaussian-m5,gaussian,1028,0.42942408180120284,1.0272144880393077,1.013790504456312,,0.4414376121211776,1000.0,10.0,0.1,0.3,5.0,16.196022297257702,0.0
cyclic_fast_d20,20,5.0,cyclic,0.001,0.0,1.0,200,frozen,Gaussian-m5,gaussian,1029,0.908782430079065,0.9585134396600088,1.0238094755365983,,0.4427462772330137,1000.0,10.0,0.1,0.3,5.0,20.707071453046012,0.0
cyclic_fast_d20,20,5.0,cyclic,0.001,0.0,1.0,200,frozen,Gaussian-m5,gaussian,1030,1.6108249547218902,0.978197248375885,0.9864423162503536,,0.431719151881696,1000.0,10.0,0.1,0.3,5.0,16.69372121838862,0.0
cyclic_fast_d20,20,5.0,cyclic,0.001,0.0,1.0,200,frozen,Gaussian-m20,gaussian,1001,0.5400211422790819,1.6249864791172106,1.6961601726141604,,0.5896410183165833,250.0,40.0,0.2,0.3,20.0,10.201124550784156,0.0
cyclic_fast_d20,20,5.0,cyclic,0.001,0.0,1.0,200,frozen,Gaussian-m20,gaussian,1002,1.0041951390941977,1.631190176498274,1.5422936187482974,,0.5801607624701467,250.0,40.0,0.2,0.3,20.0,8.931781176014194,0.0
cyclic_fast_d20,20,5.0,cyclic,0.001,0.0,1.0,200,frozen,Gaussian-m20,gaussian,1003,0.9914392618273224,1.6398314873801603,1.9110687511773214,,0.5866528166807561,250.0,40.0,0.2,0.3,20.0,10.520238892372454,0.0
cyclic_fast_d20,20,5.0,cyclic,0.001,0.0,1.0,200,frozen,Gaussian-m20,gaussian,1004,0.6705397085735136,1.5919230236192459,1.5887698027642534,,0.5663982579427812,250.0,40.0,0.2,0.3,20.0,9.967344845060662,0.0
cyclic_fast_d20,20,5.0,cyclic,0.001,0.0,1.0,200,frozen,Gaussian-m20,gaussian,1005,0.8150628326086452,1.669887834165959,1.4918210993691245,,0.5987983138431576,250.0,40.0,0.2,0.3,20.0,8.633344525612872,0.0
cyclic_fast_d20,20,5.0,cyclic,0.001,0.0,1.0,200,frozen,Gaussian-m20,gaussian,1006,0.937085848247383,1.6932098665992286,1.7873345378576804,,0.5886532208651911,250.0,40.0,0.2,0.3,20.0,10.655985089956594,0.0
cyclic_fast_d20,20,5.0,cyclic,0.001,0.0,1.0,200,frozen,Gaussian-m20,gaussian,1007,1.2151928725788637,1.5818352659577293,1.5682697692099925,,0.6113450162379536,250.0,40.0,0.2,0.3,20.0,8.93350446681822,0.0
cyclic_fast_d20,20,5.0,cyclic,0.001,0.0,1.0,200,frozen,Gaussian-m20,gaussian,1008,0.8150949555738025,1.6760112204865192,1.6948470088549263,,0.5935427849073629,250.0,40.0,0.2,0.3,20.0,11.749247366419805,0.0
cyclic_fast_d20,20,5.0,cyclic,0.001,0.0,1.0,200,frozen,Gaussian-m20,gaussian,1009,1.9574228834356657,1.6278166224758568,1.6114615521776605,,0.5763108367123299,250.0,40.0,0.2,0.3,20.0,9.917972091297138,0.0
cyclic_fast_d20,20,5.0,cyclic,0.001,0.0,1.0,200,frozen,Gaussian-m20,gaussian,1010,1.0335448160567495,1.6294078558390255,1.5981327040102158,,0.5814313373767364,250.0,40.0,0.2,0.3,20.0,9.96147294617897,0.0
cyclic_fast_d20,20,5.0,cyclic,0.001,0.0,1.0,200,frozen,Gaussian-m20,gaussian,1011,1.4751502470262758,1.550876702160681,1.6586036244074596,,0.5732015394991715,250.0,40.0,0.2,0.3,20.0,10.458412884913798,0.0
cyclic_fast_d20,20,5.0,cyclic,0.001,0.0,1.0,200,frozen,Gaussian-m20,gaussian,1012,0.6794983524983821,1.598319708349276,1.6263739600148164,,0.5843557557424632,250.0,40.0,0.2,0.3,20.0,9.883037477316398,0.0
cyclic_fast_d20,20,5.0,cyclic,0.001,0.0,1.0,200,frozen,Gaussian-m20,gaussian,1013,0.5850434003921535,1.6727743133909339,1.6768934275182648,,0.5778513063853374,250.0,40.0,0.2,0.3,20.0,11.193128195197694,0.0
cyclic_fast_d20,20,5.0,cyclic,0.001,0.0,1.0,200,frozen,Gaussian-m20,gaussian,1014,1.0827631223151473,1.6363800777117883,1.6151490368898065,,0.5857965855729061,250.0,40.0,0.2,0.3,20.0,13.473643458811354,0.0
cyclic_fast_d20,20,5.0,cyclic,0.001,0.0,1.0,200,frozen,Gaussian-m20,gaussian,1015,0.6914524129449096,1.6250104444644342,1.5581830469676636,,0.5778163484691545,250.0,40.0,0.2,0.3,20.0,10.914808263747068,0.0
cyclic_fast_d20,20,5.0,cyclic,0.001,0.0,1.0,200,frozen,Gaussian-m20,gaussian,1016,1.3886441658740982,1.5352728703442389,1.5325470039182008,,0.5819454627145707,250.0,40.0,0.2,0.3,20.0,10.036161701105145,0.0
cyclic_fast_d20,20,5.0,cyclic,0.001,0.0,1.0,200,frozen,Gaussian-m20,gaussian,1017,1.319663756516896,1.592485024909941,1.5626488357961728,,0.5969430093983004,250.0,40.0,0.2,0.3,20.0,10.015212351827593,0.0
cyclic_fast_d20,20,5.0,cyclic,0.001,0.0,1.0,200,frozen,Gaussian-m20,gaussian,1018,0.7445487818520008,1.6198359402756897,1.6674458790838373,,0.5644048996513814,250.0,40.0,0.2,0.3,20.0,9.868917813046934,0.0
cyclic_fast_d20,20,5.0,cyclic,0.001,0.0,1.0,200,frozen,Gaussian-m20,gaussian,1019,1.003959533192349,1.6496540200032133,1.6088850428119876,,0.5955708274281041,250.0,40.0,0.2,0.3,20.0,8.840310207706827,0.0
cyclic_fast_d20,20,5.0,cyclic,0.001,0.0,1.0,200,frozen,Gaussian-m20,gaussian,1020,0.8196058933119347,1.6754350985862512,1.5248983644528864,,0.5774154484877522,250.0,40.0,0.2,0.3,20.0,12.370354423492552,0.0
cyclic_fast_d20,20,5.0,cyclic,0.001,0.0,1.0,200,frozen,Gaussian-m20,gaussian,1021,1.683845331586307,1.681000510149688,1.5216471263517255,,0.5847199269215123,250.0,40.0,0.2,0.3,20.0,11.094215138978884,0.0
cyclic_fast_d20,20,5.0,cyclic,0.001,0.0,1.0,200,frozen,Gaussian-m20,gaussian,1022,1.211600171249104,1.6673778227598508,1.6352246180443697,,0.5939015586933973,250.0,40.0,0.2,0.3,20.0,9.387069919397998,0.0
cyclic_fast_d20,20,5.0,cyclic,0.001,0.0,1.0,200,frozen,Gaussian-m20,gaussian,1023,0.7092776367830932,1.8326923857527946,1.9399255387384617,,0.5862645639093368,250.0,40.0,0.2,0.3,20.0,11.485135568408467,0.0
cyclic_fast_d20,20,5.0,cyclic,0.001,0.0,1.0,200,frozen,Gaussian-m20,gaussian,1024,1.2925401425820413,1.6293730073941732,1.6114985047395003,,0.5926899945251645,250.0,40.0,0.2,0.3,20.0,9.068398144564942,0.0
cyclic_fast_d20,20,5.0,cyclic,0.001,0.0,1.0,200,frozen,Gaussian-m20,gaussian,1025,1.419225372229412,1.6370916369060537,1.5302690669992807,,0.5872172619159791,250.0,40.0,0.2,0.3,20.0,9.67840988856328,0.0
cyclic_fast_d20,20,5.0,cyclic,0.001,0.0,1.0,200,frozen,Gaussian-m20,gaussian,1026,0.8399392025119703,1.6765836923201045,1.5318463180950705,,0.6060750480710938,250.0,40.0,0.2,0.3,20.0,12.358018489866108,0.0
cyclic_fast_d20,20,5.0,cyclic,0.001,0.0,1.0,200,frozen,Gaussian-m20,gaussian,1027,0.8905346914794892,1.621750256981826,1.7265224459172672,,0.5941293769595921,250.0,40.0,0.2,0.3,20.0,9.192363169381307,0.0
cyclic_fast_d20,20,5.0,cyclic,0.001,0.0,1.0,200,frozen,Gaussian-m20,gaussian,1028,1.0113186453347924,1.7015970728589382,1.503437971797565,,0.6066217216603748,250.0,40.0,0.2,0.3,20.0,10.031071852521075,0.0
cyclic_fast_d20,20,5.0,cyclic,0.001,0.0,1.0,200,frozen,Gaussian-m20,gaussian,1029,0.557588079949,1.7056722498158132,1.7230454835521323,,0.5913961787293881,250.0,40.0,0.2,0.3,20.0,8.51334565820607,0.0
cyclic_fast_d20,20,5.0,cyclic,0.001,0.0,1.0,200,frozen,Gaussian-m20,gaussian,1030,1.5728447319025003,1.6390589387222496,1.7404571910291127,,0.5868100652738784,250.0,40.0,0.2,0.3,20.0,11.443267764044105,0.0
cyclic_fast_d20,20,5.0,cyclic,0.001,0.0,1.0,200,frozen,CoordinateCentral,coordinate,1001,0.009324877692747459,0.6132978625183134,0.578335242426125,1500.0,0.5776724353596429,250.0,40.0,0.04,0.1,1.0,3.891208824398272,0.0
cyclic_fast_d20,20,5.0,cyclic,0.001,0.0,1.0,200,frozen,CoordinateCentral,coordinate,1002,0.009151590321964869,0.6133392697185208,0.5784797250921591,1500.0,0.5780072749005879,250.0,40.0,0.04,0.1,1.0,3.8949932970075998,0.0
cyclic_fast_d20,20,5.0,cyclic,0.001,0.0,1.0,200,frozen,CoordinateCentral,coordinate,1003,0.009156070191913019,0.6133688103205499,0.5784948644963047,1500.0,0.5780996511128003,250.0,40.0,0.04,0.1,1.0,3.880654183934176,0.0
cyclic_fast_d20,20,5.0,cyclic,0.001,0.0,1.0,200,frozen,CoordinateCentral,coordinate,1004,0.009211620397808828,0.6132761377482995,0.5784716643201732,1700.0,0.5776473143158973,250.0,40.0,0.04,0.1,1.0,3.893073439432048,0.0
cyclic_fast_d20,20,5.0,cyclic,0.001,0.0,1.0,200,frozen,CoordinateCentral,coordinate,1005,0.009178144739161214,0.6133302555949909,0.5784527648276766,1500.0,0.5775313167702887,250.0,40.0,0.04,0.1,1.0,3.9025366607905387,0.0
cyclic_fast_d20,20,5.0,cyclic,0.001,0.0,1.0,200,frozen,CoordinateCentral,coordinate,1006,0.009287329312842865,0.6134321019646813,0.5784192558428207,1500.0,0.5778039019736791,250.0,40.0,0.04,0.1,1.0,3.895336914293925,0.0
cyclic_fast_d20,20,5.0,cyclic,0.001,0.0,1.0,200,frozen,CoordinateCentral,coordinate,1007,0.009238568578108538,0.6132128690488735,0.578414798770416,1500.0,0.5781673233249186,250.0,40.0,0.04,0.1,1.0,3.8873617314863775,0.0
cyclic_fast_d20,20,5.0,cyclic,0.001,0.0,1.0,200,frozen,CoordinateCentral,coordinate,1008,0.009364502120639353,0.6133159147700218,0.5784195907807964,1500.0,0.577742598833055,250.0,40.0,0.04,0.1,1.0,3.885520654061842,0.0
cyclic_fast_d20,20,5.0,cyclic,0.001,0.0,1.0,200,frozen,CoordinateCentral,coordinate,1009,0.009403433225137339,0.6133642784108695,0.5785043489150162,1700.0,0.5777419870874138,250.0,40.0,0.04,0.1,1.0,3.884989001806359,0.0
cyclic_fast_d20,20,5.0,cyclic,0.001,0.0,1.0,200,frozen,CoordinateCentral,coordinate,1010,0.009213725048414008,0.6133976577063237,0.5784486789119031,1700.0,0.5777928515210352,250.0,40.0,0.04,0.1,1.0,3.8841528871349267,0.0
cyclic_fast_d20,20,5.0,cyclic,0.001,0.0,1.0,200,frozen,CoordinateCentral,coordinate,1011,0.009063041058061045,0.6134306705894884,0.5785013500966348,1700.0,0.5776874694639311,250.0,40.0,0.04,0.1,1.0,3.8849006106483563,0.0
cyclic_fast_d20,20,5.0,cyclic,0.001,0.0,1.0,200,frozen,CoordinateCentral,coordinate,1012,0.009258661493992315,0.6133805789826764,0.5784643557039657,1500.0,0.5778522244042854,250.0,40.0,0.04,0.1,1.0,3.8973395509008864,0.0
cyclic_fast_d20,20,5.0,cyclic,0.001,0.0,1.0,200,frozen,CoordinateCentral,coordinate,1013,0.009340117070932378,0.6133777384200836,0.5784201905236316,1500.0,0.57762091955736,250.0,40.0,0.04,0.1,1.0,3.8901495175044327,0.0
cyclic_fast_d20,20,5.0,cyclic,0.001,0.0,1.0,200,frozen,CoordinateCentral,coordinate,1014,0.009284287970899679,0.6133390964846258,0.5784061924786462,1700.0,0.5780970229845045,250.0,40.0,0.04,0.1,1.0,3.898618879117272,0.0
cyclic_fast_d20,20,5.0,cyclic,0.001,0.0,1.0,200,frozen,CoordinateCentral,coordinate,1015,0.009455332790863608,0.6133738754378901,0.578508354300594,1500.0,0.5775393650112858,250.0,40.0,0.04,0.1,1.0,3.907628299393159,0.0
cyclic_fast_d20,20,5.0,cyclic,0.001,0.0,1.0,200,frozen,CoordinateCentral,coordinate,1016,0.009404655463697464,0.6133837729410162,0.5785509407767802,1700.0,0.577875880149004,250.0,40.0,0.04,0.1,1.0,3.887652864654701,0.0
cyclic_fast_d20,20,5.0,cyclic,0.001,0.0,1.0,200,frozen,CoordinateCentral,coordinate,1017,0.009261564738435311,0.6132479911845538,0.57840360972997,1500.0,0.5776285273470139,250.0,40.0,0.04,0.1,1.0,3.8994224517377525,0.0
cyclic_fast_d20,20,5.0,cyclic,0.001,0.0,1.0,200,frozen,CoordinateCentral,coordinate,1018,0.009284359855771751,0.6133128161178656,0.5785693045466415,1500.0,0.578190452284517,250.0,40.0,0.04,0.1,1.0,3.8985064384667707,0.0
cyclic_fast_d20,20,5.0,cyclic,0.001,0.0,1.0,200,frozen,CoordinateCentral,coordinate,1019,0.009341420471812079,0.6132588701745639,0.578454287556712,1500.0,0.5780247262900341,250.0,40.0,0.04,0.1,1.0,3.886588867748415,0.0
cyclic_fast_d20,20,5.0,cyclic,0.001,0.0,1.0,200,frozen,CoordinateCentral,coordinate,1020,0.009269654608428591,0.6133344430136777,0.5784511478968576,1700.0,0.577803458607222,250.0,40.0,0.04,0.1,1.0,3.8958069068835024,0.0
cyclic_fast_d20,20,5.0,cyclic,0.001,0.0,1.0,200,frozen,CoordinateCentral,coordinate,1021,0.00927704292599248,0.6133329384588297,0.5784715468103753,1500.0,0.5780479212442294,250.0,40.0,0.04,0.1,1.0,3.8800147681797617,0.0
cyclic_fast_d20,20,5.0,cyclic,0.001,0.0,1.0,200,frozen,CoordinateCentral,coordinate,1022,0.009174372800054587,0.6134234861200009,0.5785615053467363,1700.0,0.5776253931203384,250.0,40.0,0.04,0.1,1.0,3.9013638852317767,0.0
cyclic_fast_d20,20,5.0,cyclic,0.001,0.0,1.0,200,frozen,CoordinateCentral,coordinate,1023,0.009280424195563046,0.6133373236756322,0.5783575326768873,1500.0,0.5777206882620461,250.0,40.0,0.04,0.1,1.0,3.88340099337129,0.0
cyclic_fast_d20,20,5.0,cyclic,0.001,0.0,1.0,200,frozen,CoordinateCentral,coordinate,1024,0.009419043073160495,0.61334406915361,0.5784197143384319,1700.0,0.5779617941582453,250.0,40.0,0.04,0.1,1.0,3.887549682071449,0.0
cyclic_fast_d20,20,5.0,cyclic,0.001,0.0,1.0,200,frozen,CoordinateCentral,coordinate,1025,0.009140417328658581,0.613442972110051,0.5784726602606178,1700.0,0.577773334381878,250.0,40.0,0.04,0.1,1.0,3.8888313515758286,0.0
cyclic_fast_d20,20,5.0,cyclic,0.001,0.0,1.0,200,frozen,CoordinateCentral,coordinate,1026,0.009270255466903035,0.6133891823414603,0.5784613966097195,1500.0,0.5779651105164422,250.0,40.0,0.04,0.1,1.0,3.889081176470726,0.0
cyclic_fast_d20,20,5.0,cyclic,0.001,0.0,1.0,200,frozen,CoordinateCentral,coordinate,1027,0.009267752676842354,0.6133063135856405,0.5784381846584842,1700.0,0.5777247176523207,250.0,40.0,0.04,0.1,1.0,3.8843190240010173,0.0
cyclic_fast_d20,20,5.0,cyclic,0.001,0.0,1.0,200,frozen,CoordinateCentral,coordinate,1028,0.009013472797397983,0.613303905663299,0.5784355714113713,1500.0,0.577867077069646,250.0,40.0,0.04,0.1,1.0,3.8888830799054874,0.0
cyclic_fast_d20,20,5.0,cyclic,0.001,0.0,1.0,200,frozen,CoordinateCentral,coordinate,1029,0.009354875156978023,0.613334549853334,0.5783871642799743,1700.0,0.5775526767881857,250.0,40.0,0.04,0.1,1.0,3.8880136988592846,0.0
cyclic_fast_d20,20,5.0,cyclic,0.001,0.0,1.0,200,frozen,CoordinateCentral,coordinate,1030,0.009319999047299679,0.6133752175250111,0.5784317101818165,1700.0,0.5783231981910084,250.0,40.0,0.04,0.1,1.0,3.9006762247109794,0.0
cyclic_fast_d20,20,5.0,cyclic,0.001,0.0,1.0,200,streaming,FirstOrderReference,first_order,1001,0.11161707593723086,0.0785615255955167,0.0772868024557336,,0.9979115032827033,10000.0,1.0,0.04,0.0,1.0,3.0139374681374402,0.0
cyclic_fast_d20,20,5.0,cyclic,0.001,0.0,1.0,200,streaming,FirstOrderReference,first_order,1002,0.11161707593723086,0.0785615255955167,0.0772868024557336,,0.9979115032827033,10000.0,1.0,0.04,0.0,1.0,3.0139374681374402,0.0
cyclic_fast_d20,20,5.0,cyclic,0.001,0.0,1.0,200,streaming,FirstOrderReference,first_order,1003,0.11161707593723086,0.0785615255955167,0.0772868024557336,,0.9979115032827033,10000.0,1.0,0.04,0.0,1.0,3.0139374681374402,0.0
cyclic_fast_d20,20,5.0,cyclic,0.001,0.0,1.0,200,streaming,FirstOrderReference,first_order,1004,0.11161707593723086,0.0785615255955167,0.0772868024557336,,0.9979115032827033,10000.0,1.0,0.04,0.0,1.0,3.0139374681374402,0.0
cyclic_fast_d20,20,5.0,cyclic,0.001,0.0,1.0,200,streaming,FirstOrderReference,first_order,1005,0.11161707593723086,0.0785615255955167,0.0772868024557336,,0.9979115032827033,10000.0,1.0,0.04,0.0,1.0,3.0139374681374402,0.0
cyclic_fast_d20,20,5.0,cyclic,0.001,0.0,1.0,200,streaming,FirstOrderReference,first_order,1006,0.11161707593723086,0.0785615255955167,0.0772868024557336,,0.9979115032827033,10000.0,1.0,0.04,0.0,1.0,3.0139374681374402,0.0
cyclic_fast_d20,20,5.0,cyclic,0.001,0.0,1.0,200,streaming,FirstOrderReference,first_order,1007,0.11161707593723086,0.0785615255955167,0.0772868024557336,,0.9979115032827033,10000.0,1.0,0.04,0.0,1.0,3.0139374681374402,0.0
cyclic_fast_d20,20,5.0,cyclic,0.001,0.0,1.0,200,streaming,FirstOrderReference,first_order,1008,0.11161707593723086,0.0785615255955167,0.0772868024557336,,0.9979115032827033,10000.0,1.0,0.04,0.0,1.0,3.0139374681374402,0.0
cyclic_fast_d20,20,5.0,cyclic,0.001,0.0,1.0,200,streaming,FirstOrderReference,first_order,1009,0.11161707593723086,0.0785615255955167,0.0772868024557336,,0.9979115032827033,10000.0,1.0,0.04,0.0,1.0,3.0139374681374402,0.0
cyclic_fast_d20,20,5.0,cyclic,0.001,0.0,1.0,200,streaming,FirstOrderReference,first_order,1010,0.11161707593723086,0.0785615255955167,0.0772868024557336,,0.9979115032827033,10000.0,1.0,0.04,0.0,1.0,3.0139374681374402,0.0
cyclic_fast_d20,20,5.0,cyclic,0.001,0.0,1.0,200,streaming,FirstOrderReference,first_order,1011,0.11161707593723086,0.0785615255955167,0.0772868024557336,,0.9979115032827033,10000.0,1.0,0.04,0.0,1.0,3.0139374681374402,0.0
cyclic_fast_d20,20,5.0,cyclic,0.001,0.0,1.0,200,streaming,FirstOrderReference,first_order,1012,0.11161707593723086,0.0785615255955167,0.0772868024557336,,0.9979115032827033,10000.0,1.0,0.04,0.0,1.0,3.0139374681374402,0.0
cyclic_fast_d20,20,5.0,cyclic,0.001,0.0,1.0,200,streaming,FirstOrderReference,first_order,1013,0.11161707593723086,0.0785615255955167,0.0772868024557336,,0.9979115032827033,10000.0,1.0,0.04,0.0,1.0,3.0139374681374402,0.0
cyclic_fast_d20,20,5.0,cyclic,0.001,0.0,1.0,200,streaming,FirstOrderReference,first_order,1014,0.11161707593723086,0.0785615255955167,0.0772868024557336,,0.9979115032827033,10000.0,1.0,0.04,0.0,1.0,3.0139374681374402,0.0
cyclic_fast_d20,20,5.0,cyclic,0.001,0.0,1.0,200,streaming,FirstOrderReference,first_order,1015,0.11161707593723086,0.0785615255955167,0.0772868024557336,,0.9979115032827033,10000.0,1.0,0.04,0.0,1.0,3.0139374681374402,0.0
cyclic_fast_d20,20,5.0,cyclic,0.001,0.0,1.0,200,streaming,FirstOrderReference,first_order,1016,0.11161707593723086,0.0785615255955167,0.0772868024557336,,0.9979115032827033,10000.0,1.0,0.04,0.0,1.0,3.0139374681374402,0.0
cyclic_fast_d20,20,5.0,cyclic,0.001,0.0,1.0,200,streaming,FirstOrderReference,first_order,1017,0.11161707593723086,0.0785615255955167,0.0772868024557336,,0.9979115032827033,10000.0,1.0,0.04,0.0,1.0,3.0139374681374402,0.0
cyclic_fast_d20,20,5.0,cyclic,0.001,0.0,1.0,200,streaming,FirstOrderReference,first_order,1018,0.11161707593723086,0.0785615255955167,0.0772868024557336,,0.9979115032827033,10000.0,1.0,0.04,0.0,1.0,3.0139374681374402,0.0
cyclic_fast_d20,20,5.0,cyclic,0.001,0.0,1.0,200,streaming,FirstOrderReference,first_order,1019,0.11161707593723086,0.0785615255955167,0.0772868024557336,,0.9979115032827033,10000.0,1.0,0.04,0.0,1.0,3.0139374681374402,0.0
cyclic_fast_d20,20,5.0,cyclic,0.001,0.0,1.0,200,streaming,FirstOrderReference,first_order,1020,0.11161707593723086,0.0785615255955167,0.0772868024557336,,0.9979115032827033,10000.0,1.0,0.04,0.0,1.0,3.0139374681374402,0.0
cyclic_fast_d20,20,5.0,cyclic,0.001,0.0,1.0,200,streaming,FirstOrderReference,first_order,1021,0.11161707593723086,0.0785615255955167,0.0772868024557336,,0.9979115032827033,10000.0,1.0,0.04,0.0,1.0,3.0139374681374402,0.0
cyclic_fast_d20,20,5.0,cyclic,0.001,0.0,1.0,200,streaming,FirstOrderReference,first_order,1022,0.11161707593723086,0.0785615255955167,0.0772868024557336,,0.9979115032827033,10000.0,1.0,0.04,0.0,1.0,3.0139374681374402,0.0
cyclic_fast_d20,20,5.0,cyclic,0.001,0.0,1.0,200,streaming,FirstOrderReference,first_order,1023,0.11161707593723086,0.0785615255955167,0.0772868024557336,,0.9979115032827033,10000.0,1.0,0.04,0.0,1.0,3.0139374681374402,0.0
cyclic_fast_d20,20,5.0,cyclic,0.001,0.0,1.0,200,streaming,FirstOrderReference,first_order,1024,0.11161707593723086,0.0785615255955167,0.0772868024557336,,0.9979115032827033,10000.0,1.0,0.04,0.0,1.0,3.0139374681374402,0.0
cyclic_fast_d20,20,5.0,cyclic,0.001,0.0,1.0,200,streaming,FirstOrderReference,first_order,1025,0.11161707593723086,0.0785615255955167,0.0772868024557336,,0.9979115032827033,10000.0,1.0,0.04,0.0,1.0,3.0139374681374402,0.0
cyclic_fast_d20,20,5.0,cyclic,0.001,0.0,1.0,200,streaming,FirstOrderReference,first_order,1026,0.11161707593723086,0.0785615255955167,0.0772868024557336,,0.9979115032827033,10000.0,1.0,0.04,0.0,1.0,3.0139374681374402,0.0
cyclic_fast_d20,20,5.0,cyclic,0.001,0.0,1.0,200,streaming,FirstOrderReference,first_order,1027,0.11161707593723086,0.0785615255955167,0.0772868024557336,,0.9979115032827033,10000.0,1.0,0.04,0.0,1.0,3.0139374681374402,0.0
cyclic_fast_d20,20,5.0,cyclic,0.001,0.0,1.0,200,streaming,FirstOrderReference,first_order,1028,0.11161707593723086,0.0785615255955167,0.0772868024557336,,0.9979115032827033,10000.0,1.0,0.04,0.0,1.0,3.0139374681374402,0.0
cyclic_fast_d20,20,5.0,cyclic,0.001,0.0,1.0,200,streaming,FirstOrderReference,first_order,1029,0.11161707593723086,0.0785615255955167,0.0772868024557336,,0.9979115032827033,10000.0,1.0,0.04,0.0,1.0,3.0139374681374402,0.0
cyclic_fast_d20,20,5.0,cyclic,0.001,0.0,1.0,200,streaming,FirstOrderReference,first_order,1030,0.11161707593723086,0.0785615255955167,0.0772868024557336,,0.9979115032827033,10000.0,1.0,0.04,0.0,1.0,3.0139374681374402,0.0
cyclic_fast_d20,20,5.0,cyclic,0.001,0.0,1.0,200,streaming,SPSA-m1,spsa,1001,0.39811929300642035,0.6935363480866026,0.6420439603393977,,0.1816814853570126,5000.0,2.0,0.020000000000000004,0.1,1.0,41.13023406283853,0.0
cyclic_fast_d20,20,5.0,cyclic,0.001,0.0,1.0,200,streaming,SPSA-m1,spsa,1002,0.29970906458715973,0.7129630571910509,0.7094715705418958,,0.18211116103553193,5000.0,2.0,0.020000000000000004,0.1,1.0,43.99185028434536,0.0
cyclic_fast_d20,20,5.0,cyclic,0.001,0.0,1.0,200,streaming,SPSA-m1,spsa,1003,0.5640870332207215,0.6344192802548403,0.6392658670774382,,0.18392899151456985,5000.0,2.0,0.020000000000000004,0.1,1.0,40.59208506698782,0.0
cyclic_fast_d20,20,5.0,cyclic,0.001,0.0,1.0,200,streaming,SPSA-m1,spsa,1004,0.4077847697431994,0.7093464583406424,0.6668057856321234,,0.18274652070751132,5000.0,2.0,0.020000000000000004,0.1,1.0,43.17234576876953,0.0
cyclic_fast_d20,20,5.0,cyclic,0.001,0.0,1.0,200,streaming,SPSA-m1,spsa,1005,0.4547542011376363,0.698660917461366,0.7489762842696256,,0.17580033876072465,5000.0,2.0,0.020000000000000004,0.1,1.0,48.932082356464704,0.0
cyclic_fast_d20,20,5.0,cyclic,0.001,0.0,1.0,200,streaming,SPSA-m1,spsa,1006,0.4200781008035605,0.6707924275481558,0.6303768004887585,,0.17812186454414577,5000.0,2.0,0.020000000000000004,0.1,1.0,46.79847176901217,0.0
cyclic_fast_d20,20,5.0,cyclic,0.001,0.0,1.0,200,streaming,SPSA-m1,spsa,1007,0.5728298373439731,0.7399927557088539,0.8006417857162641,,0.17684515872709444,5000.0,2.0,0.020000000000000004,0.1,1.0,41.926841438820915,0.0
cyclic_fast_d20,20,5.0,cyclic,0.001,0.0,1.0,200,streaming,SPSA-m1,spsa,1008,0.4820243441811209,0.6760543089888411,0.6691535407634809,,0.17962865733806474,5000.0,2.0,0.020000000000000004,0.1,1.0,43.947856388820455,0.0
cyclic_fast_d20,20,5.0,cyclic,0.001,0.0,1.0,200,streaming,SPSA-m1,spsa,1009,0.6913220518520032,0.704891274975894,0.7167544648769288,,0.17860915200974725,5000.0,2.0,0.020000000000000004,0.1,1.0,39.557359804572165,0.0
cyclic_fast_d20,20,5.0,cyclic,0.001,0.0,1.0,200,streaming,SPSA-m1,spsa,1010,0.5167918732689042,0.7170451874612197,0.7118874196051165,,0.17703978215479052,5000.0,2.0,0.020000000000000004,0.1,1.0,47.92029704390928,0.0
cyclic_fast_d20,20,5.0,cyclic,0.001,0.0,1.0,200,streaming,SPSA-m1,spsa,1011,0.8294136028087952,0.6643005260347292,0.698660981331688,,0.18340846846895803,5000.0,2.0,0.020000000000000004,0.1,1.0,38.61158574675787,0.0
cyclic_fast_d20,20,5.0,cyclic,0.001,0.0,1.0,200,streaming,SPSA-m1,spsa,1012,0.5077696793671644,0.6874972717037554,0.6774217303677456,,0.18083720817593593,5000.0,2.0,0.020000000000000004,0.1,1.0,47.76993925778404,0.0
cyclic_fast_d20,20,5.0,cyclic,0.001,0.0,1.0,200,streaming,SPSA-m1,spsa,1013,0.5955171166068133,0.7091660566650362,0.7063672949420482,,0.17906667142566376,5000.0,2.0,0.020000000000000004,0.1,1.0,39.04968539194842,0.0
cyclic_fast_d20,20,5.0,cyclic,0.001,0.0,1.0,200,streaming,SPSA-m1,spsa,1014,0.21194112734641524,0.7386027647406922,0.7078678648261858,,0.17732300558097053,5000.0,2.0,0.020000000000000004,0.1,1.0,45.76411368368839,0.0
cyclic_fast_d20,20,5.0,cyclic,0.001,0.0,1.0,200,streaming,SPSA-m1,spsa,1015,0.34364032630920804,0.696520003960604,0.6728546963947473,,0.1821477219119327,5000.0,2.0,0.020000000000000004,0.1,1.0,48.11629601326083,0.0
cyclic_fast_d20,20,5.0,cyclic,0.001,0.0,1.0,200,streaming,SPSA-m1,spsa,1016,0.5116075775073005,0.7189662555229138,0.6654909043231151,,0.17998646381120664,5000.0,2.0,0.020000000000000004,0.1,1.0,46.40538471892811,0.0
cyclic_fast_d20,20,5.0,cyclic,0.001,0.0,1.0,200,streaming,SPSA-m1,spsa,1017,0.5456991041417221,0.7391412466438491,0.779047113511995,,0.17795497305290095,5000.0,2.0,0.020000000000000004,0.1,1.0,47.499623051084306,0.0
cyclic_fast_d20,20,5.0,cyclic,0.001,0.0,1.0,200,streaming,SPSA-m1,spsa,1018,0.2809499154593354,0.6805998772204372,0.6132616598114411,,0.17999742717705652,5000.0,2.0,0.020000000000000004,0.1,1.0,38.34903942642278,0.0
cyclic_fast_d20,20,5.0,cyclic,0.001,0.0,1.0,200,streaming,SPSA-m1,spsa,1019,0.35899952002772206,0.7202994478700228,0.6778053014629465,,0.17636637242545464,5000.0,2.0,0.020000000000000004,0.1,1.0,45.19914708063404,0.0
cyclic_fast_d20,20,5.0,cyclic,0.001,0.0,1.0,200,streaming,SPSA-m1,spsa,1020,0.4595400990476994,0.7074433304663819,0.7217234778185304,,0.18275513313760738,5000.0,2.0,0.020000000000000004,0.1,1.0,42.245930842787935,0.0
cyclic_fast_d20,20,5.0,cyclic,0.001,0.0,1.0,200,streaming,SPSA-m1,spsa,1021,0.3950279643055678,0.7446853135900577,0.7081239885571158,,0.178444032338218,5000.0,2.0,0.020000000000000004,0.1,1.0,48.940851994511064,0.0
cyclic_fast_d20,20,5.0,cyclic,0.001,0.0,1.0,200,streaming,SPSA-m1,spsa,1022,0.496811045028411,0.676332922281514,0.6776661264779404,,0.18167392639242191,5000.0,2.0,0.020000000000000004,0.1,1.0,41.75460703769856,0.0
cyclic_fast_d20,20,5.0,cyclic,0.001,0.0,1.0,200,streaming,SPSA-m1,spsa,1023,0.4552547070273714,0.6838907274867186,0.6305671365979383,,0.1812159563686036,5000.0,2.0,0.020000000000000004,0.1,1.0,40.62847596704896,0.0
cyclic_fast_d20,20,5.0,cyclic,0.001,0.0,1.0,200,streaming,SPSA-m1,spsa,1024,0.6352372236761981,0.6901261045098973,0.6591868292050357,,0.18201805502546672,5000.0,2.0,0.020000000000000004,0.1,1.0,53.2289610512795,0.0
cyclic_fast_d20,20,5.0,cyclic,0.001,0.0,1.0,200,streaming,SPSA-m1,spsa,1025,0.6792636736364063,0.7266356597601741,0.745988802053453,,0.17590182713777672,5000.0,2.0,0.020000000000000004,0.1,1.0,52.913777883360524,0.0
cyclic_fast_d20,20,5.0,cyclic,0.001,0.0,1.0,200,streaming,SPSA-m1,spsa,1026,0.25915781931789245,0.6791247374212944,0.60897595271437,,0.18031058999171928,5000.0,2.0,0.020000000000000004,0.1,1.0,38.82820714731462,0.0
cyclic_fast_d20,20,5.0,cyclic,0.001,0.0,1.0,200,streaming,SPSA-m1,spsa,1027,0.7126961820263459,0.7341115701727986,0.7766530037324527,,0.18025994382478683,5000.0,2.0,0.020000000000000004,0.1,1.0,43.70966214023233,0.0
cyclic_fast_d20,20,5.0,cyclic,0.001,0.0,1.0,200,streaming,SPSA-m1,spsa,1028,0.3871277321352946,0.6865744700311026,0.6640039495011102,,0.18066432960238804,5000.0,2.0,0.020000000000000004,0.1,1.0,44.96365978410331,0.0
cyclic_fast_d20,20,5.0,cyclic,0.001,0.0,1.0,200,streaming,SPSA-m1,spsa,1029,0.6485219658426226,0.7421521671690156,0.8140111018659122,,0.17801008772213145,5000.0,2.0,0.020000000000000004,0.1,1.0,44.671458718701864,0.0
cyclic_fast_d20,20,5.0,cyclic,0.001,0.0,1.0,200,streaming,SPSA-m1,spsa,1030,0.2254454207641667,0.6948503133676288,0.720712801467598,,0.18153894985525507,5000.0,2.0,0.020000000000000004,0.1,1.0,40.17595829603286,0.0
cyclic_fast_d20,20,5.0,cyclic,0.001,0.0,1.0,200,streaming,Gaussian-m1,gaussian,1001,0.4617457798353397,0.7100772667042233,0.7693029062795451,,0.181355259657526,5000.0,2.0,0.020000000000000004,0.3,1.0,42.62898876041304,0.0
cyclic_fast_d20,20,5.0,cyclic,0.001,0.0,1.0,200,streaming,Gaussian-m1,gaussian,1002,0.6252777576178348,0.6928899308660701,0.6615722060395739,,0.18151841633299923,5000.0,2.0,0.020000000000000004,0.3,1.0,37.58817706644409,0.0
cyclic_fast_d20,20,5.0,cyclic,0.001,0.0,1.0,200,streaming,Gaussian-m1,gaussian,1003,0.644281068155796,0.7093038220398659,0.737551128343436,,0.18242403278241476,5000.0,2.0,0.020000000000000004,0.3,1.0,50.31212183466289,0.0
cyclic_fast_d20,20,5.0,cyclic,0.001,0.0,1.0,200,streaming,Gaussian-m1,gaussian,1004,0.2875312866192404,0.6960821395393338,0.6531853985443821,,0.1814834456986884,5000.0,2.0,0.020000000000000004,0.3,1.0,42.086132447736034,0.0
cyclic_fast_d20,20,5.0,cyclic,0.001,0.0,1.0,200,streaming,Gaussian-m1,gaussian,1005,0.6662853057908041,0.7205617403597623,0.6390438474600915,,0.17788756488711638,5000.0,2.0,0.020000000000000004,0.3,1.0,49.023682631480085,0.0
cyclic_fast_d20,20,5.0,cyclic,0.001,0.0,1.0,200,streaming,Gaussian-m1,gaussian,1006,0.5639650370284315,0.7399621860293719,0.6924560025217661,,0.1739847804915051,5000.0,2.0,0.020000000000000004,0.3,1.0,47.68572202580819,0.0
cyclic_fast_d20,20,5.0,cyclic,0.001,0.0,1.0,200,streaming,Gaussian-m1,gaussian,1007,0.3168553451359493,0.7555347029602385,0.7685017545837951,,0.17786772908479825,5000.0,2.0,0.020000000000000004,0.3,1.0,38.95008885926718,0.0
cyclic_fast_d20,20,5.0,cyclic,0.001,0.0,1.0,200,streaming,Gaussian-m1,gaussian,1008,0.44703556151133644,0.7113658660651083,0.6742921422786942,,0.17989155551085245,5000.0,2.0,0.020000000000000004,0.3,1.0,37.50739945019092,0.0
cyclic_fast_d20,20,5.0,cyclic,0.001,0.0,1.0,200,streaming,Gaussian-m1,gaussian,1009,0.7602516387559346,0.7166852230404595,0.7117749301905886,,0.17633334110290633,5000.0,2.0,0.020000000000000004,0.3,1.0,41.287969067191796,0.0
cyclic_fast_d20,20,5.0,cyclic,0.001,0.0,1.0,200,streaming,Gaussian-m1,gaussian,1010,0.3471977641436227,0.6723154993525297,0.6122576560127617,,0.17988786298129847,5000.0,2.0,0.020000000000000004,0.3,1.0,43.182130283933994,0.0
cyclic_fast_d20,20,5.0,cyclic,0.001,0.0,1.0,200,streaming,Gaussian-m1,gaussian,1011,0.4191844930053125,0.6944682073469634,0.7233688124547576,,0.17964297337243684,5000.0,2.0,0.020000000000000004,0.3,1.0,45.083503044380976,0.0
cyclic_fast_d20,20,5.0,cyclic,0.001,0.0,1.0,200,streaming,Gaussian-m1,gaussian,1012,0.5531372706665868,0.7063367282058196,0.7187252106475424,,0.18045437019864358,5000.0,2.0,0.020000000000000004,0.3,1.0,39.41656722338343,0.0
cyclic_fast_d20,20,5.0,cyclic,0.001,0.0,1.0,200,streaming,Gaussian-m1,gaussian,1013,0.7192393933469479,0.6971801406709769,0.6301654512131566,,0.1811241490198482,5000.0,2.0,0.020000000000000004,0.3,1.0,45.981539834718504,0.0
cyclic_fast_d20,20,5.0,cyclic,0.001,0.0,1.0,200,streaming,Gaussian-m1,gaussian,1014,0.6327443031813288,0.7298916283431145,0.7569597252743977,,0.18059312439020617,5000.0,2.0,0.020000000000000004,0.3,1.0,46.53850325043549,0.0
cyclic_fast_d20,20,5.0,cyclic,0.001,0.0,1.0,200,streaming,Gaussian-m1,gaussian,1015,0.4134935732914901,0.6754167367280507,0.7298960121421073,,0.1816368502434347,5000.0,2.0,0.020000000000000004,0.3,1.0,40.922279891803434,0.0
cyclic_fast_d20,20,5.0,cyclic,0.001,0.0,1.0,200,streaming,Gaussian-m1,gaussian,1016,0.4236369928981244,0.6979121086222648,0.7187415325682689,,0.17845318871037477,5000.0,2.0,0.020000000000000004,0.3,1.0,37.45052712315485,0.0
cyclic_fast_d20,20,5.0,cyclic,0.001,0.0,1.0,200,streaming,Gaussian-m1,gaussian,1017,0.439194047620363,0.7394610905358784,0.7902658940501398,,0.18065992397010913,5000.0,2.0,0.020000000000000004,0.3,1.0,45.467691381792484,0.0
cyclic_fast_d20,20,5.0,cyclic,0.001,0.0,1.0,200,streaming,Gaussian-m1,gaussian,1018,0.40854680883680566,0.6942884710210965,0.6487988092031336,,0.17787859657617486,5000.0,2.0,0.020000000000000004,0.3,1.0,40.47947432672056,0.0
cyclic_fast_d20,20,5.0,cyclic,0.001,0.0,1.0,200,streaming,Gaussian-m1,gaussian,1019,0.6083295723993274,0.7044148333457438,0.707322128695952,,0.1795155633228016,5000.0,2.0,0.020000000000000004,0.3,1.0,43.380326107267315,0.0
cyclic_fast_d20,20,5.0,cyclic,0.001,0.0,1.0,200,streaming,Gaussian-m1,gaussian,1020,0.24044805723384888,0.7058766722993587,0.683677468312902,,0.17920950277269407,5000.0,2.0,0.020000000000000004,0.3,1.0,44.62491267478958,0.0
cyclic_fast_d20,20,5.0,cyclic,0.001,0.0,1.0,200,streaming,Gaussian-m1,gaussian,1021,0.5152230505268397,0.7354995357391717,0.6668699356225347,,0.17535811293442252,5000.0,2.0,0.020000000000000004,0.3,1.0,42.25652798651349,0.0
cyclic_fast_d20,20,5.0,cyclic,0.001,0.0,1.0,200,streaming,Gaussian-m1,gaussian,1022,0.6376519523143743,0.7146487926633754,0.6578256977019362,,0.1772470448697248,5000.0,2.0,0.020000000000000004,0.3,1.0,43.51469366635871,0.0
cyclic_fast_d20,20,5.0,cyclic,0.001,0.0,1.0,200,streaming,Gaussian-m1,gaussian,1023,0.7150029807019117,0.7224529874874194,0.7131044436977042,,0.1783876234250665,5000.0,2.0,0.020000000000000004,0.3,1.0,51.156384305526466,0.0
cyclic_fast_d20,20,5.0,cyclic,0.001,0.0,1.0,200,streaming,Gaussian-m1,gaussian,1024,0.5454299271189526,0.6782535217397968,0.6201865665035738,,0.18334332377130114,5000.0,2.0,0.020000000000000004,0.3,1.0,40.795391676553095,0.0
cyclic_fast_d20,20,5.0,cyclic,0.001,0.0,1.0,200,streaming,Gaussian-m1,gaussian,1025,0.49328504917115257,0.7050781591386198,0.6972644492384609,,0.1793367261978171,5000.0,2.0,0.020000000000000004,0.3,1.0,40.54422050576537,0.0
cyclic_fast_d20,20,5.0,cyclic,0.001,0.0,1.0,200,streaming,Gaussian-m1,gaussian,1026,0.269426145835909,0.7090259261523438,0.6688271382053921,,0.179966195164052,5000.0,2.0,0.020000000000000004,0.3,1.0,37.992602814680964,0.0
cyclic_fast_d20,20,5.0,cyclic,0.001,0.0,1.0,200,streaming,Gaussian-m1,gaussian,1027,0.28617815283131554,0.7340332308838994,0.6913466886178906,,0.17821226903304613,5000.0,2.0,0.020000000000000004,0.3,1.0,46.96717402658002,0.0
cyclic_fast_d20,20,5.0,cyclic,0.001,0.0,1.0,200,streaming,Gaussian-m1,gaussian,1028,0.421232553207748,0.6857633133895228,0.7269501233962341,,0.180230789025517,5000.0,2.0,0.020000000000000004,0.3,1.0,41.31453997602962,0.0
cyclic_fast_d20,20,5.0,cyclic,0.001,0.0,1.0,200,streaming,Gaussian-m1,gaussian,1029,0.3458944734710585,0.699317700302677,0.6777826174638093,,0.17936975677544478,5000.0,2.0,0.020000000000000004,0.3,1.0,44.99347447005977,0.0
cyclic_fast_d20,20,5.0,cyclic,0.001,0.0,1.0,200,streaming,Gaussian-m1,gaussian,1030,0.5719525889294763,0.6836397438474215,0.6052336695504,,0.1802941092496339,5000.0,2.0,0.020000000000000004,0.3,1.0,40.737417610911585,0.0
cyclic_fast_d20,20,5.0,cyclic,0.001,0.0,1.0,200,streaming,Gaussian-m5,gaussian,1001,1.1634545628259336,0.9791063110945132,0.8456838746046665,,0.4442947614998961,1000.0,10.0,0.1,0.3,5.0,17.802746116402442,0.0
cyclic_fast_d20,20,5.0,cyclic,0.001,0.0,1.0,200,streaming,Gaussian-m5,gaussian,1002,1.1320956312041404,1.0127419453719024,1.0460014214036244,,0.44420130247623185,1000.0,10.0,0.1,0.3,5.0,18.926793381401023,0.0
cyclic_fast_d20,20,5.0,cyclic,0.001,0.0,1.0,200,streaming,Gaussian-m5,gaussian,1003,0.5305463092906492,0.9280089845033698,1.0034870227418005,,0.45031861311437366,1000.0,10.0,0.1,0.3,5.0,19.097031630203688,0.0
cyclic_fast_d20,20,5.0,cyclic,0.001,0.0,1.0,200,streaming,Gaussian-m5,gaussian,1004,1.2068439503017083,1.0002513558084982,1.0445297965511984,,0.43834676764576935,1000.0,10.0,0.1,0.3,5.0,14.302881835291384,0.0
cyclic_fast_d20,20,5.0,cyclic,0.001,0.0,1.0,200,streaming,Gaussian-m5,gaussian,1005,0.9870875105962005,0.954872864093156,0.9489865629571965,,0.44690567581098073,1000.0,10.0,0.1,0.3,5.0,16.74434719174231,0.0
cyclic_fast_d20,20,5.0,cyclic,0.001,0.0,1.0,200,streaming,Gaussian-m5,gaussian,1006,0.9652322686920967,0.9819882626834496,1.1733559178725084,,0.4433545679240906,1000.0,10.0,0.1,0.3,5.0,16.821179869976728,0.0
cyclic_fast_d20,20,5.0,cyclic,0.001,0.0,1.0,200,streaming,Gaussian-m5,gaussian,1007,0.3210662114973343,0.9602678808143975,1.0297899762521847,,0.4461624994863633,1000.0,10.0,0.1,0.3,5.0,19.88110677165814,0.0
cyclic_fast_d20,20,5.0,cyclic,0.001,0.0,1.0,200,streaming,Gaussian-m5,gaussian,1008,0.7232095222061874,1.030923496799091,0.9847355944766988,,0.43810850496580744,1000.0,10.0,0.1,0.3,5.0,16.762047077708054,0.0
cyclic_fast_d20,20,5.0,cyclic,0.001,0.0,1.0,200,streaming,Gaussian-m5,gaussian,1009,1.3822980512581489,0.9498940513023107,0.8488493933517332,,0.44784413411258517,1000.0,10.0,0.1,0.3,5.0,16.118855892385096,0.0
cyclic_fast_d20,20,5.0,cyclic,0.001,0.0,1.0,200,streaming,Gaussian-m5,gaussian,1010,0.9813288175894609,0.9498927942609964,0.9406961369522345,,0.4473594924769818,1000.0,10.0,0.1,0.3,5.0,19.039671137150407,0.0
cyclic_fast_d20,20,5.0,cyclic,0.001,0.0,1.0,200,streaming,Gaussian-m5,gaussian,1011,0.7626840635819587,0.9637386531674178,0.8537705402859337,,0.43843083070529226,1000.0,10.0,0.1,0.3,5.0,17.291055457648206,0.0
cyclic_fast_d20,20,5.0,cyclic,0.001,0.0,1.0,200,streaming,Gaussian-m5,gaussian,1012,0.39729638669440975,0.9372499320253818,1.0108284637780434,,0.4480954314380328,1000.0,10.0,0.1,0.3,5.0,16.24332948165799,0.0
cyclic_fast_d20,20,5.0,cyclic,0.001,0.0,1.0,200,streaming,Gaussian-m5,gaussian,1013,1.4169332523105749,0.9813040489984304,0.9680730153431912,,0.44232661650021,1000.0,10.0,0.1,0.3,5.0,14.768230796582422,0.0
cyclic_fast_d20,20,5.0,cyclic,0.001,0.0,1.0,200,streaming,Gaussian-m5,gaussian,1014,0.40530828390762413,0.9419016567154834,0.9151181037950358,,0.44585805892826036,1000.0,10.0,0.1,0.3,5.0,14.835993432584416,0.0
cyclic_fast_d20,20,5.0,cyclic,0.001,0.0,1.0,200,streaming,Gaussian-m5,gaussian,1015,0.7328118133277739,0.9108137353706408,0.9503812892133925,,0.4447622885225149,1000.0,10.0,0.1,0.3,5.0,14.909709338105193,0.0
cyclic_fast_d20,20,5.0,cyclic,0.001,0.0,1.0,200,streaming,Gaussian-m5,gaussian,1016,0.669536929192642,0.964941252463125,0.964127344391943,,0.44269348690240296,1000.0,10.0,0.1,0.3,5.0,17.43303774679861,0.0
cyclic_fast_d20,20,5.0,cyclic,0.001,0.0,1.0,200,streaming,Gaussian-m5,gaussian,1017,0.6337136487659146,0.9960742093685829,0.9949226536309467,,0.4378714697156673,1000.0,10.0,0.1,0.3,5.0,16.320793319639815,0.0
cyclic_fast_d20,20,5.0,cyclic,0.001,0.0,1.0,200,streaming,Gaussian-m5,gaussian,1018,0.5841172162429087,0.9851109255970565,0.9819298043968647,,0.4429963631109322,1000.0,10.0,0.1,0.3,5.0,17.60356907435726,0.0
cyclic_fast_d20,20,5.0,cyclic,0.001,0.0,1.0,200,streaming,Gaussian-m5,gaussian,1019,0.9688712250700204,1.0505486007076192,1.1128541924561026,,0.44097674914126334,1000.0,10.0,0.1,0.3,5.0,15.566248929538697,0.0
cyclic_fast_d20,20,5.0,cyclic,0.001,0.0,1.0,200,streaming,Gaussian-m5,gaussian,1020,1.038108954914452,1.0190255316680172,1.1235201604312417,,0.44182989089836044,1000.0,10.0,0.1,0.3,5.0,15.128878070697962,0.0
cyclic_fast_d20,20,5.0,cyclic,0.001,0.0,1.0,200,streaming,Gaussian-m5,gaussian,1021,0.47780214504003315,0.9465145419853194,0.8231868971199257,,0.44494736290306447,1000.0,10.0,0.1,0.3,5.0,15.228106182502103,0.0
cyclic_fast_d20,20,5.0,cyclic,0.001,0.0,1.0,200,streaming,Gaussian-m5,gaussian,1022,0.7811025353704046,0.9606934087402944,1.029219980449303,,0.44181585986637745,1000.0,10.0,0.1,0.3,5.0,18.549825997142314,0.0
cyclic_fast_d20,20,5.0,cyclic,0.001,0.0,1.0,200,streaming,Gaussian-m5,gaussian,1023,0.5561573818562175,0.9747882665712015,1.119388926032134,,0.44492844451926317,1000.0,10.0,0.1,0.3,5.0,15.602097711174334,0.0
cyclic_fast_d20,20,5.0,cyclic,0.001,0.0,1.0,200,streaming,Gaussian-m5,gaussian,1024,0.8175253922792444,0.9714017392093414,1.0283364240652333,,0.44422377200566293,1000.0,10.0,0.1,0.3,5.0,20.713756670663994,0.0
cyclic_fast_d20,20,5.0,cyclic,0.001,0.0,1.0,200,streaming,Gaussian-m5,gaussian,1025,1.4831822970603794,1.0230838783666532,1.0030399310825995,,0.440586388598875,1000.0,10.0,0.1,0.3,5.0,14.772487266539592,0.0
cyclic_fast_d20,20,5.0,cyclic,0.001,0.0,1.0,200,streaming,Gaussian-m5,gaussian,1026,0.795653298855288,0.9773051879139785,1.1201507864499394,,0.43852630237953016,1000.0,10.0,0.1,0.3,5.0,16.51642941149025,0.0
cyclic_fast_d20,20,5.0,cyclic,0.001,0.0,1.0,200,streaming,Gaussian-m5,gaussian,1027,0.8358587993609783,0.9611030914142659,0.9493310572097443,,0.4430505950345116,1000.0,10.0,0.1,0.3,5.0,14.883588289576599,0.0
cyclic_fast_d20,20,5.0,cyclic,0.001,0.0,1.0,200,streaming,Gaussian-m5,gaussian,1028,0.3667743614679131,0.9602507831856223,0.9333520904876574,,0.44640224270417134,1000.0,10.0,0.1,0.3,5.0,16.919111731390352,0.0
cyclic_fast_d20,20,5.0,cyclic,0.001,0.0,1.0,200,streaming,Gaussian-m5,gaussian,1029,0.7339284394729669,0.9041326220782523,0.9672810987902708,,0.44736697382820956,1000.0,10.0,0.1,0.3,5.0,20.58816501797065,0.0
cyclic_fast_d20,20,5.0,cyclic,0.001,0.0,1.0,200,streaming,Gaussian-m5,gaussian,1030,1.7419173978537559,0.9239627320686844,0.9602947393151672,,0.43770339952125686,1000.0,10.0,0.1,0.3,5.0,15.188398027692994,0.0
cyclic_fast_d20,20,5.0,cyclic,0.001,0.0,1.0,200,streaming,Gaussian-m20,gaussian,1001,0.36268229706137667,1.2635139805267446,1.3600865996109825,,0.6795833095659747,250.0,40.0,0.2,0.3,20.0,9.931219978136744,0.0
cyclic_fast_d20,20,5.0,cyclic,0.001,0.0,1.0,200,streaming,Gaussian-m20,gaussian,1002,0.9261339897226037,1.2883900113897064,1.2997613080569566,,0.6617087110235348,250.0,40.0,0.2,0.3,20.0,9.360032211294902,0.0
cyclic_fast_d20,20,5.0,cyclic,0.001,0.0,1.0,200,streaming,Gaussian-m20,gaussian,1003,0.6400271444959856,1.295809880748345,1.4009910688888279,,0.6715913025284068,250.0,40.0,0.2,0.3,20.0,9.944954289868061,0.0
cyclic_fast_d20,20,5.0,cyclic,0.001,0.0,1.0,200,streaming,Gaussian-m20,gaussian,1004,0.35720335941687675,1.230750000111947,1.2034812756259305,,0.6588088198673608,250.0,40.0,0.2,0.3,20.0,9.96138232673981,0.0
cyclic_fast_d20,20,5.0,cyclic,0.001,0.0,1.0,200,streaming,Gaussian-m20,gaussian,1005,0.6571896674161021,1.2756521179158087,1.068673125633423,,0.6774075017081207,250.0,40.0,0.2,0.3,20.0,10.338771036565483,0.0
cyclic_fast_d20,20,5.0,cyclic,0.001,0.0,1.0,200,streaming,Gaussian-m20,gaussian,1006,0.6002924428261379,1.2475308700825811,1.2292889200546597,,0.6733723731091376,250.0,40.0,0.2,0.3,20.0,9.59432762830245,0.0
cyclic_fast_d20,20,5.0,cyclic,0.001,0.0,1.0,200,streaming,Gaussian-m20,gaussian,1007,0.920219170875531,1.2711602140598894,1.3752950637089931,,0.6999666684499097,250.0,40.0,0.2,0.3,20.0,9.657909471199096,0.0
cyclic_fast_d20,20,5.0,cyclic,0.001,0.0,1.0,200,streaming,Gaussian-m20,gaussian,1008,0.3655080037248593,1.2531114990883143,1.2375971881075254,,0.6752623209752369,250.0,40.0,0.2,0.3,20.0,10.761412978653171,0.0
cyclic_fast_d20,20,5.0,cyclic,0.001,0.0,1.0,200,streaming,Gaussian-m20,gaussian,1009,1.1339058944641882,1.2400788932393472,1.1823524872979478,,0.6762782870586806,250.0,40.0,0.2,0.3,20.0,9.318352299041363,0.0
cyclic_fast_d20,20,5.0,cyclic,0.001,0.0,1.0,200,streaming,Gaussian-m20,gaussian,1010,0.9133569933246198,1.2203193662137555,1.2212388191694978,,0.6774907241034049,250.0,40.0,0.2,0.3,20.0,9.866493844956572,0.0
cyclic_fast_d20,20,5.0,cyclic,0.001,0.0,1.0,200,streaming,Gaussian-m20,gaussian,1011,1.3186201580899748,1.2177266075107878,1.3083495795014204,,0.6740950270927674,250.0,40.0,0.2,0.3,20.0,8.729624761243677,0.0
cyclic_fast_d20,20,5.0,cyclic,0.001,0.0,1.0,200,streaming,Gaussian-m20,gaussian,1012,0.3855701904148259,1.287225155648028,1.3813728362456148,,0.6793575207767764,250.0,40.0,0.2,0.3,20.0,10.996939285258696,0.0
cyclic_fast_d20,20,5.0,cyclic,0.001,0.0,1.0,200,streaming,Gaussian-m20,gaussian,1013,0.5133284922391317,1.3022210329413957,1.1930225115696844,,0.6666602806839876,250.0,40.0,0.2,0.3,20.0,10.682059985407005,0.0
cyclic_fast_d20,20,5.0,cyclic,0.001,0.0,1.0,200,streaming,Gaussian-m20,gaussian,1014,1.008877397159309,1.236152368556409,1.2351707769750182,,0.6707188333421235,250.0,40.0,0.2,0.3,20.0,9.4137186439115,0.0
cyclic_fast_d20,20,5.0,cyclic,0.001,0.0,1.0,200,streaming,Gaussian-m20,gaussian,1015,0.3816343486662193,1.2183200738837323,1.22948355517716,,0.670563991643759,250.0,40.0,0.2,0.3,20.0,9.43499601238814,0.0
cyclic_fast_d20,20,5.0,cyclic,0.001,0.0,1.0,200,streaming,Gaussian-m20,gaussian,1016,1.115445936896026,1.20955379550947,1.1842390058006937,,0.676810669240987,250.0,40.0,0.2,0.3,20.0,8.694152349442232,0.0
cyclic_fast_d20,20,5.0,cyclic,0.001,0.0,1.0,200,streaming,Gaussian-m20,gaussian,1017,0.674321971475958,1.2736569856887092,1.2537150146841585,,0.6803720669129388,250.0,40.0,0.2,0.3,20.0,9.294330243538765,0.0
cyclic_fast_d20,20,5.0,cyclic,0.001,0.0,1.0,200,streaming,Gaussian-m20,gaussian,1018,0.5925348818626224,1.208734824886313,1.2263909540734752,,0.6634770130049431,250.0,40.0,0.2,0.3,20.0,9.772469874433629,0.0
cyclic_fast_d20,20,5.0,cyclic,0.001,0.0,1.0,200,streaming,Gaussian-m20,gaussian,1019,0.4422695591203106,1.3041453261624822,1.258205143595759,,0.6761268986205335,250.0,40.0,0.2,0.3,20.0,9.878997357337523,0.0
cyclic_fast_d20,20,5.0,cyclic,0.001,0.0,1.0,200,streaming,Gaussian-m20,gaussian,1020,0.5388929365940066,1.3129118072535422,1.1155829745663686,,0.6700039260868651,250.0,40.0,0.2,0.3,20.0,12.273592736626776,0.0
cyclic_fast_d20,20,5.0,cyclic,0.001,0.0,1.0,200,streaming,Gaussian-m20,gaussian,1021,1.1261564434428957,1.2899652909108659,1.1189439981657068,,0.6730882621698238,250.0,40.0,0.2,0.3,20.0,9.68555699209168,0.0
cyclic_fast_d20,20,5.0,cyclic,0.001,0.0,1.0,200,streaming,Gaussian-m20,gaussian,1022,1.213702346476903,1.2436429332772023,1.162538480946065,,0.6778357412130065,250.0,40.0,0.2,0.3,20.0,9.303340188648656,0.0
cyclic_fast_d20,20,5.0,cyclic,0.001,0.0,1.0,200,streaming,Gaussian-m20,gaussian,1023,0.45859337856990656,1.4343897460255357,1.4416348302796846,,0.6719762182811676,250.0,40.0,0.2,0.3,20.0,10.155611989145498,0.0
cyclic_fast_d20,20,5.0,cyclic,0.001,0.0,1.0,200,streaming,Gaussian-m20,gaussian,1024,0.5940967875249084,1.2301819972908647,1.2481037436046432,,0.6756530987089229,250.0,40.0,0.2,0.3,20.0,10.52720292741899,0.0
cyclic_fast_d20,20,5.0,cyclic,0.001,0.0,1.0,200,streaming,Gaussian-m20,gaussian,1025,0.8795692374729606,1.2492181373748443,1.1283673008276824,,0.6609624032992502,250.0,40.0,0.2,0.3,20.0,9.0331309801443,0.0
cyclic_fast_d20,20,5.0,cyclic,0.001,0.0,1.0,200,streaming,Gaussian-m20,gaussian,1026,0.49920152890126057,1.3565105842144916,1.2272154862303972,,0.6793303876466756,250.0,40.0,0.2,0.3,20.0,12.280164128148979,0.0
cyclic_fast_d20,20,5.0,cyclic,0.001,0.0,1.0,200,streaming,Gaussian-m20,gaussian,1027,0.37083690369494715,1.2660309990839527,1.2622319931013972,,0.6777859719992432,250.0,40.0,0.2,0.3,20.0,8.842998705823508,0.0
cyclic_fast_d20,20,5.0,cyclic,0.001,0.0,1.0,200,streaming,Gaussian-m20,gaussian,1028,0.34112804235868066,1.3151060068859493,1.2529361954045444,,0.6815199536696974,250.0,40.0,0.2,0.3,20.0,10.43394003959778,0.0
cyclic_fast_d20,20,5.0,cyclic,0.001,0.0,1.0,200,streaming,Gaussian-m20,gaussian,1029,0.44348758814054146,1.3143312141089514,1.3815885352793185,,0.6859168307489504,250.0,40.0,0.2,0.3,20.0,10.603644836534595,0.0
cyclic_fast_d20,20,5.0,cyclic,0.001,0.0,1.0,200,streaming,Gaussian-m20,gaussian,1030,0.6953985079210098,1.2830010499478783,1.484640035130707,,0.6859226240209174,250.0,40.0,0.2,0.3,20.0,9.549169790391622,0.0
cyclic_fast_d20,20,5.0,cyclic,0.001,0.0,1.0,200,streaming,CoordinateCentral,coordinate,1001,0.01093670924453706,0.5750220925480766,0.5391998180075905,,0.6855598071781527,250.0,40.0,0.04,0.1,1.0,3.910842894798601,0.0
cyclic_fast_d20,20,5.0,cyclic,0.001,0.0,1.0,200,streaming,CoordinateCentral,coordinate,1002,0.010759393111376303,0.5750441047169543,0.5393129832785964,,0.6852689491991028,250.0,40.0,0.04,0.1,1.0,3.9056308463863174,0.0
cyclic_fast_d20,20,5.0,cyclic,0.001,0.0,1.0,200,streaming,CoordinateCentral,coordinate,1003,0.010837519410661755,0.5751006053179102,0.5393229321562405,,0.6850792378236785,250.0,40.0,0.04,0.1,1.0,3.9051604764367744,0.0
cyclic_fast_d20,20,5.0,cyclic,0.001,0.0,1.0,200,streaming,CoordinateCentral,coordinate,1004,0.010891247662850562,0.5750068512036791,0.5392901271453917,,0.6858349481688556,250.0,40.0,0.04,0.1,1.0,3.9020885151857767,0.0
cyclic_fast_d20,20,5.0,cyclic,0.001,0.0,1.0,200,streaming,CoordinateCentral,coordinate,1005,0.010864365116009954,0.5750180768327278,0.5392828476943232,,0.6847842057700709,250.0,40.0,0.04,0.1,1.0,3.904024367018057,0.0
cyclic_fast_d20,20,5.0,cyclic,0.001,0.0,1.0,200,streaming,CoordinateCentral,coordinate,1006,0.011044968282768837,0.5751987317115252,0.5393393780747233,,0.6856730240212443,250.0,40.0,0.04,0.1,1.0,3.913987390823566,0.0
cyclic_fast_d20,20,5.0,cyclic,0.001,0.0,1.0,200,streaming,CoordinateCentral,coordinate,1007,0.010853094455047126,0.5749238771800399,0.5392732574990118,,0.6854815740312823,250.0,40.0,0.04,0.1,1.0,3.8975424237120673,0.0
cyclic_fast_d20,20,5.0,cyclic,0.001,0.0,1.0,200,streaming,CoordinateCentral,coordinate,1008,0.010959820814481092,0.575067449545889,0.5393743496296081,,0.6848346256710293,250.0,40.0,0.04,0.1,1.0,3.897945827724831,0.0
cyclic_fast_d20,20,5.0,cyclic,0.001,0.0,1.0,200,streaming,CoordinateCentral,coordinate,1009,0.010909736206923794,0.5751086732788986,0.5392510685695542,,0.6853645593960805,250.0,40.0,0.04,0.1,1.0,3.9080331828067005,0.0
cyclic_fast_d20,20,5.0,cyclic,0.001,0.0,1.0,200,streaming,CoordinateCentral,coordinate,1010,0.010903374142424063,0.5751412827844808,0.5393922539042952,,0.685634432622113,250.0,40.0,0.04,0.1,1.0,3.9053891267043603,0.0
cyclic_fast_d20,20,5.0,cyclic,0.001,0.0,1.0,200,streaming,CoordinateCentral,coordinate,1011,0.010661971057851048,0.5752095715386502,0.5393465777262239,,0.6853187535461693,250.0,40.0,0.04,0.1,1.0,3.905604492697076,0.0
cyclic_fast_d20,20,5.0,cyclic,0.001,0.0,1.0,200,streaming,CoordinateCentral,coordinate,1012,0.01082747910341898,0.5750902773810842,0.5393390322394526,,0.6846708096442459,250.0,40.0,0.04,0.1,1.0,3.9026627528480478,0.0
cyclic_fast_d20,20,5.0,cyclic,0.001,0.0,1.0,200,streaming,CoordinateCentral,coordinate,1013,0.01094862312549188,0.57507582831884,0.5392225445583517,,0.6846958640920623,250.0,40.0,0.04,0.1,1.0,3.909032388522234,0.0
cyclic_fast_d20,20,5.0,cyclic,0.001,0.0,1.0,200,streaming,CoordinateCentral,coordinate,1014,0.010907768981304057,0.5751587224356725,0.5393396002507491,,0.6855721749268896,250.0,40.0,0.04,0.1,1.0,3.903280477813983,0.0
cyclic_fast_d20,20,5.0,cyclic,0.001,0.0,1.0,200,streaming,CoordinateCentral,coordinate,1015,0.011130420491549602,0.575087325304681,0.539462742708163,,0.6855397778243345,250.0,40.0,0.04,0.1,1.0,3.9127008377148473,0.0
cyclic_fast_d20,20,5.0,cyclic,0.001,0.0,1.0,200,streaming,CoordinateCentral,coordinate,1016,0.010915214716623054,0.5751389915636083,0.5394614527090172,,0.6853504623526603,250.0,40.0,0.04,0.1,1.0,3.9144742907369956,0.0
cyclic_fast_d20,20,5.0,cyclic,0.001,0.0,1.0,200,streaming,CoordinateCentral,coordinate,1017,0.010887720995621557,0.5749842995002171,0.5392990048370655,,0.6850806305205036,250.0,40.0,0.04,0.1,1.0,3.912984253131131,0.0
cyclic_fast_d20,20,5.0,cyclic,0.001,0.0,1.0,200,streaming,CoordinateCentral,coordinate,1018,0.010861112445092509,0.5750185206861859,0.5394681530319578,,0.6847550913087678,250.0,40.0,0.04,0.1,1.0,3.9054284833333983,0.0
cyclic_fast_d20,20,5.0,cyclic,0.001,0.0,1.0,200,streaming,CoordinateCentral,coordinate,1019,0.01113061028900558,0.5750288035356138,0.5394232465296507,,0.6858811828866853,250.0,40.0,0.04,0.1,1.0,3.9002716509940294,0.0
cyclic_fast_d20,20,5.0,cyclic,0.001,0.0,1.0,200,streaming,CoordinateCentral,coordinate,1020,0.010865385716917426,0.5751715899073814,0.5393634604383677,,0.6852408984393787,250.0,40.0,0.04,0.1,1.0,3.9129417379156646,0.0
cyclic_fast_d20,20,5.0,cyclic,0.001,0.0,1.0,200,streaming,CoordinateCentral,coordinate,1021,0.011039472763123566,0.5751009707963259,0.539504620215522,,0.6851778004917936,250.0,40.0,0.04,0.1,1.0,3.897683387644107,0.0
cyclic_fast_d20,20,5.0,cyclic,0.001,0.0,1.0,200,streaming,CoordinateCentral,coordinate,1022,0.010822632296109693,0.5751716300277987,0.5394523545051068,,0.6851736079451359,250.0,40.0,0.04,0.1,1.0,3.893840290886766,0.0
cyclic_fast_d20,20,5.0,cyclic,0.001,0.0,1.0,200,streaming,CoordinateCentral,coordinate,1023,0.011024240627304642,0.5750676655496713,0.5392548239301639,,0.6851671969881254,250.0,40.0,0.04,0.1,1.0,3.9066124365378845,0.0
cyclic_fast_d20,20,5.0,cyclic,0.001,0.0,1.0,200,streaming,CoordinateCentral,coordinate,1024,0.011080673356827995,0.5751128336226753,0.5393374752323142,,0.6855666676767064,250.0,40.0,0.04,0.1,1.0,3.9023630070922235,0.0
cyclic_fast_d20,20,5.0,cyclic,0.001,0.0,1.0,200,streaming,CoordinateCentral,coordinate,1025,0.010877591175207922,0.5752299761124059,0.5394345244412737,,0.6851203784283169,250.0,40.0,0.04,0.1,1.0,3.90473787453628,0.0
cyclic_fast_d20,20,5.0,cyclic,0.001,0.0,1.0,200,streaming,CoordinateCentral,coordinate,1026,0.01096543585794582,0.575069400575935,0.5392891690017649,,0.6851215597218219,250.0,40.0,0.04,0.1,1.0,3.907242903412675,0.0
cyclic_fast_d20,20,5.0,cyclic,0.001,0.0,1.0,200,streaming,CoordinateCentral,coordinate,1027,0.010751302478303913,0.5750360235794422,0.5392207280500122,,0.685616694337507,250.0,40.0,0.04,0.1,1.0,3.917053694218042,0.0
cyclic_fast_d20,20,5.0,cyclic,0.001,0.0,1.0,200,streaming,CoordinateCentral,coordinate,1028,0.010734925551925626,0.5750164907034979,0.5393184631123811,,0.6854210950266433,250.0,40.0,0.04,0.1,1.0,3.9052020573429256,0.0
cyclic_fast_d20,20,5.0,cyclic,0.001,0.0,1.0,200,streaming,CoordinateCentral,coordinate,1029,0.010949651515639005,0.5750046944580347,0.5391490067238622,,0.6850951013117899,250.0,40.0,0.04,0.1,1.0,3.901398511508338,0.0
cyclic_fast_d20,20,5.0,cyclic,0.001,0.0,1.0,200,streaming,CoordinateCentral,coordinate,1030,0.010865095609852226,0.5751596918078176,0.5393836019941107,,0.6852182151867969,250.0,40.0,0.04,0.1,1.0,3.914729202158476,0.0
