pretraining,episode,scenario,dimension,noise,return,q_softmax_entropy
curriculum,1,stationary,4,none,-21.13178221957758,1.8262096507124326
curriculum,2,linear,6,gaussian,-34.08970828643112,1.7828087235941474
curriculum,3,cyclic,8,correlated,-36.4936859623599,1.747927637022142
curriculum,4,jump,4,none,-35.6710382119844,1.718007408081941
curriculum,5,random_walk,6,gaussian,-55.529090853128736,1.6738410844200238
curriculum,6,stationary,8,correlated,-64.58484210230135,1.6335527222041992
curriculum,7,linear,4,none,-41.556772319476146,1.5987167467675356
curriculum,8,cyclic,6,gaussian,-28.845145152817583,1.4994127935083574
curriculum,9,jump,8,correlated,-40.456553343472564,1.5504793752965385
curriculum,10,random_walk,4,none,-67.31040549031304,1.5303176893958672
curriculum,11,stationary,6,gaussian,-23.931263149930707,1.2805647169111047
curriculum,12,linear,8,correlated,-77.19142659917983,1.5633863682276028
curriculum,13,cyclic,4,none,-30.200159857103973,1.5201099032294487
curriculum,14,jump,6,gaussian,-25.19817538253831,1.1016111090263845
curriculum,15,random_walk,8,correlated,-15.143018344402837,1.0073547665282803
curriculum,16,stationary,4,none,-6.487785034687258,0.9495138529926219
curriculum,17,linear,6,gaussian,-15.915125258658787,0.7453457777117791
curriculum,18,cyclic,8,correlated,-32.722499045366774,1.1256354316664197
curriculum,19,jump,4,none,-23.856037415860214,0.9946591243640567
curriculum,20,random_walk,6,gaussian,-15.760973010056215,0.9361702697711258
curriculum,21,stationary,8,correlated,-7.534854193659732,0.6957123730430304
curriculum,22,linear,4,none,-7.317260795033945,0.48711677954140276
curriculum,23,cyclic,6,gaussian,-10.403899189964843,0.37028981952239254
curriculum,24,jump,8,correlated,-15.69277911739114,0.7929282947323577
curriculum,25,random_walk,4,none,-10.29727676235326,0.5608924430752991
curriculum,26,stationary,6,gaussian,-7.344030323847036,0.33045967292855505
curriculum,27,linear,8,correlated,-5.798273835707908,0.58719401288421
curriculum,28,cyclic,4,none,-8.890066235971055,0.4926266651101381
curriculum,29,jump,6,gaussian,-11.848186335228462,0.3462373815742604
curriculum,30,random_walk,8,correlated,-9.907442788805174,0.3120067831770222
curriculum,31,stationary,4,none,-6.11721565803513,0.39047025408028946
curriculum,32,linear,6,gaussian,-11.426492742730511,0.3183094762943452
curriculum,33,cyclic,8,correlated,-9.729974935932727,0.5210221237764926
curriculum,34,jump,4,none,-36.95520126987342,0.5157486392364876
curriculum,35,random_walk,6,gaussian,-11.569369747359321,0.4665459203033523
curriculum,36,stationary,8,correlated,-16.02947479385701,0.5465908854867669
curriculum,37,linear,4,none,-7.77649399433285,0.43248830274256206
curriculum,38,cyclic,6,gaussian,-19.622396918746343,0.49077611448764963
curriculum,39,jump,8,correlated,-9.228378503049802,0.448183023058189
curriculum,40,random_walk,4,none,-15.125726218558654,0.43660167338129935
curriculum,41,stationary,6,gaussian,-8.549395428510213,0.2537891383251269
curriculum,42,linear,8,correlated,-11.549194887176208,0.30943317365399253
curriculum,43,cyclic,4,none,-23.653618558814568,0.6215864952909855
curriculum,44,jump,6,gaussian,-35.93473835767606,0.8978338086046485
curriculum,45,random_walk,8,correlated,-12.950335857326174,0.5414182909488006
curriculum,46,stationary,4,none,-7.148163484570446,0.40910427267109045
curriculum,47,linear,6,gaussian,-6.973973914773173,0.41114970159218506
curriculum,48,cyclic,8,correlated,-10.873056407010914,0.5111311754975706
curriculum,49,jump,4,none,-17.826704335948452,0.4537182291540594
curriculum,50,random_walk,6,gaussian,-16.196328365759395,0.35197931486600176
curriculum,51,stationary,8,correlated,-6.592605749266876,0.46152360396577585
curriculum,52,linear,4,none,-7.799194948633668,0.38050771758436486
curriculum,53,cyclic,6,gaussian,-9.69057186485622,0.25605252153336056
curriculum,54,jump,8,correlated,-25.136596901049433,0.7605715349697436
curriculum,55,random_walk,4,none,-7.596059791219769,0.3550736365491871
curriculum,56,stationary,6,gaussian,-9.433103763558622,0.39861206638397284
curriculum,57,linear,8,correlated,-12.558468034702717,0.5532071634592217
curriculum,58,cyclic,4,none,-40.05775606144103,0.830774141447057
curriculum,59,jump,6,gaussian,-17.759931200337054,0.6872842223694763
curriculum,60,random_walk,8,correlated,-39.02642631884014,1.021122328498221
curriculum,61,stationary,4,none,-7.884123408577833,0.5093087792897995
curriculum,62,linear,6,gaussian,-13.997432737186271,0.6412687134603596
curriculum,63,cyclic,8,correlated,-30.980738678943922,0.994256708065906
curriculum,64,jump,4,none,-22.73006728521548,0.8069307653836141
curriculum,65,random_walk,6,gaussian,-25.07173865409145,1.048621109702434
curriculum,66,stationary,8,correlated,-7.452723870933692,0.5345886661584546
curriculum,67,linear,4,none,-11.009115925838447,0.47985122704371347
curriculum,68,cyclic,6,gaussian,-17.250584969507816,0.6567359589822976
curriculum,69,jump,8,correlated,-16.278842606371754,0.6417929585570121
curriculum,70,random_walk,4,none,-8.309374754684978,0.4501294871804237
curriculum,71,stationary,6,gaussian,-9.725223657445476,0.4766918848445331
curriculum,72,linear,8,correlated,-9.083774821425152,0.48902280657038355
curriculum,73,cyclic,4,none,-16.20142540860343,0.4646769088200423
curriculum,74,jump,6,gaussian,-17.949041941876445,0.5842804566718451
curriculum,75,random_walk,8,correlated,-11.633372284350184,0.43247246971070064
curriculum,76,stationary,4,none,-10.971893382450567,0.3771372358984257
curriculum,77,linear,6,gaussian,-12.571997094624537,0.325734820827318
curriculum,78,cyclic,8,correlated,-30.853884178537243,0.9022055286454711
curriculum,79,jump,4,none,-12.167074898336079,0.6087383216067663
curriculum,80,random_walk,6,gaussian,-50.31821059188107,1.1920511178706128
curriculum,81,stationary,8,correlated,-12.08121396099364,0.6558025674920946
curriculum,82,linear,4,none,-7.125493408364711,0.4793195007588765
curriculum,83,cyclic,6,gaussian,-13.300106631799782,0.6682998731975975
curriculum,84,jump,8,correlated,-22.375857882872783,0.6241258017585393
curriculum,85,random_walk,4,none,-7.814768681918736,0.5133210368149423
curriculum,86,stationary,6,gaussian,-7.284101005305282,0.5174187842066751
curriculum,87,linear,8,correlated,-13.116113061967843,0.6296667790354143
curriculum,88,cyclic,4,none,-19.839130181113074,0.7092584917719725
curriculum,89,jump,6,gaussian,-12.611392315433834,0.7181414894512438
curriculum,90,random_walk,8,correlated,-24.268831067809252,0.5831970503633583
curriculum,91,stationary,4,none,-7.9365086600324135,0.5657620735971267
curriculum,92,linear,6,gaussian,-11.844269921149868,0.4117308722214036
curriculum,93,cyclic,8,correlated,-13.639654420029265,0.5765885109864035
curriculum,94,jump,4,none,-11.85701181035314,0.4851035259638894
curriculum,95,random_walk,6,gaussian,-17.598017590689906,0.40474177244212495
curriculum,96,stationary,8,correlated,-8.168366679173097,0.48982310297975956
curriculum,97,linear,4,none,-8.13862338487855,0.4519967711604253
curriculum,98,cyclic,6,gaussian,-26.416919005154625,0.7047865805975826
curriculum,99,jump,8,correlated,-22.377906251322347,0.8773266993776214
curriculum,100,random_walk,4,none,-15.201136746736477,0.647716601117504
curriculum,101,stationary,6,gaussian,-9.560703118822227,0.4827134648249475
curriculum,102,linear,8,correlated,-19.204723485078468,0.5740706083247236
curriculum,103,cyclic,4,none,-6.753733251653612,0.4328929611129314
curriculum,104,jump,6,gaussian,-27.745505616902157,0.8371026115711704
curriculum,105,random_walk,8,correlated,-21.21621826631285,0.6295432793842586
curriculum,106,stationary,4,none,-5.9909368054788565,0.5819376116969754
curriculum,107,linear,6,gaussian,-27.074412791033605,1.0562392806996468
curriculum,108,cyclic,8,correlated,-16.552228683649865,0.7210328010935936
curriculum,109,jump,4,none,-27.359544726201566,1.0265941648198404
curriculum,110,random_walk,6,gaussian,-15.847398814472992,0.7145930173643372
curriculum,111,stationary,8,correlated,-22.15193295975193,0.8334096349854425
curriculum,112,linear,4,none,-26.802466043911405,1.0405372723073634
curriculum,113,cyclic,6,gaussian,-7.993662640030106,0.5105840942672539
curriculum,114,jump,8,correlated,-11.060731786928121,0.49595933220219857
curriculum,115,random_walk,4,none,-12.06476563543715,0.5869238922851919
curriculum,116,stationary,6,gaussian,-10.790385615686986,0.5084730870548914
curriculum,117,linear,8,correlated,-14.286314253042619,0.6027245161435314
curriculum,118,cyclic,4,none,-20.21954506548311,0.6955871330839348
curriculum,119,jump,6,gaussian,-27.080716192727643,0.5742623683736812
curriculum,120,random_walk,8,correlated,-21.10698077737844,0.6851564015110598
curriculum,121,stationary,4,none,-9.99277798179537,0.5521858915222866
curriculum,122,linear,6,gaussian,-12.943067673469407,0.4176912746511131
curriculum,123,cyclic,8,correlated,-13.599964261063036,0.4336745397997003
curriculum,124,jump,4,none,-11.990678876298478,0.48619151629491364
curriculum,125,random_walk,6,gaussian,-23.497157360827686,0.4971028128567282
curriculum,126,stationary,8,correlated,-7.707103987783016,0.50089446134404
curriculum,127,linear,4,none,-17.991503694376483,0.7937721922187292
curriculum,128,cyclic,6,gaussian,-8.034569530525602,0.3132434308614841
curriculum,129,jump,8,correlated,-16.388502465156144,0.5159071735562255
curriculum,130,random_walk,4,none,-16.393811852052657,0.5812526127492739
curriculum,131,stationary,6,gaussian,-15.451927621540541,0.5325150666969223
curriculum,132,linear,8,correlated,-11.26395377646246,0.5746122029495153
curriculum,133,cyclic,4,none,-11.62275369148422,0.6631581343515605
curriculum,134,jump,6,gaussian,-26.066253648082967,0.8732750016537263
curriculum,135,random_walk,8,correlated,-17.509333124425122,0.582140037725168
curriculum,136,stationary,4,none,-4.447769988898962,0.4494339799941679
curriculum,137,linear,6,gaussian,-11.422721090224453,0.6383212722360441
curriculum,138,cyclic,8,correlated,-16.23034986916676,0.6089656094819696
curriculum,139,jump,4,none,-7.597258876322884,0.467775210557997
curriculum,140,random_walk,6,gaussian,-9.625836963327732,0.589759510384052
curriculum,141,stationary,8,correlated,-11.613276489098157,0.42113651191268653
curriculum,142,linear,4,none,-5.617490071840583,0.4003900987635299
curriculum,143,cyclic,6,gaussian,-10.94417721244766,0.4731798379216004
curriculum,144,jump,8,correlated,-15.938835465634973,0.5522464770982731
curriculum,145,random_walk,4,none,-9.091910444556131,0.49653258134721734
curriculum,146,stationary,6,gaussian,-6.565547139585716,0.5464554916012639
curriculum,147,linear,8,correlated,-8.342927805632804,0.4525916299943466
curriculum,148,cyclic,4,none,-9.030322849890615,0.4928531565818151
curriculum,149,jump,6,gaussian,-26.402693315030653,0.697533006231879
curriculum,150,random_walk,8,correlated,-19.510221839304126,0.5472157624201864
curriculum,151,stationary,4,none,-10.530754300493458,0.5190569229459872
curriculum,152,linear,6,gaussian,-18.661406890409992,0.5559327871169942
curriculum,153,cyclic,8,correlated,-21.32199446971851,0.7527173953278831
curriculum,154,jump,4,none,-39.26317800550048,0.7931718081596862
curriculum,155,random_walk,6,gaussian,-16.92793620393232,0.7427971043505346
curriculum,156,stationary,8,correlated,-8.656570692484488,0.6433880262125926
curriculum,157,linear,4,none,-10.18415325464662,0.6284192996131757
curriculum,158,cyclic,6,gaussian,-10.690600354322846,0.5337755462309725
curriculum,159,jump,8,correlated,-19.818805306002083,0.6044723395045074
curriculum,160,random_walk,4,none,-13.440992763174531,0.6341302959943873
curriculum,161,stationary,6,gaussian,-5.10051565893027,0.6621904641875225
curriculum,162,linear,8,correlated,-10.956673959992415,0.5007095889455603
curriculum,163,cyclic,4,none,-6.965855970401317,0.612563377821356
curriculum,164,jump,6,gaussian,-10.863679118641295,0.43613306712543115
curriculum,165,random_walk,8,correlated,-23.34340105952137,0.641579309656956
curriculum,166,stationary,4,none,-7.487343131888774,0.5858851028451474
curriculum,167,linear,6,gaussian,-7.537038449792063,0.754866857412302
curriculum,168,cyclic,8,correlated,-15.977655025246573,0.7020207534530172
curriculum,169,jump,4,none,-15.236456207195296,0.7746344973601657
curriculum,170,random_walk,6,gaussian,-16.72549390624554,0.45603470075755564
curriculum,171,stationary,8,correlated,-7.342226005798725,0.5540887907713584
curriculum,172,linear,4,none,-7.871270475392603,0.5898779265967745
curriculum,173,cyclic,6,gaussian,-21.059714288435423,0.6596461375084216
curriculum,174,jump,8,correlated,-18.85038614711329,0.8580036803434952
curriculum,175,random_walk,4,none,-11.691663997207256,0.5795761188639659
curriculum,176,stationary,6,gaussian,-8.7679642162198,0.620037020085296
curriculum,177,linear,8,correlated,-8.034581263378959,0.5079735976008634
curriculum,178,cyclic,4,none,-8.203100087018683,0.6597374984863565
curriculum,179,jump,6,gaussian,-20.224938703377113,0.44593562427086886
curriculum,180,random_walk,8,correlated,-30.87407175018729,0.8552624458750306
curriculum,181,stationary,4,none,-23.05058846592286,0.7398601317360868
curriculum,182,linear,6,gaussian,-11.287097703760553,0.8175666311824876
curriculum,183,cyclic,8,correlated,-15.428233665853384,0.7868049208242305
curriculum,184,jump,4,none,-8.913115489675292,0.6909534512035777
curriculum,185,random_walk,6,gaussian,-29.590478955520226,0.7491519354772418
curriculum,186,stationary,8,correlated,-8.716916070776549,0.6565345771571327
curriculum,187,linear,4,none,-19.65574363104667,0.8405591528568335
curriculum,188,cyclic,6,gaussian,-16.342801748796333,0.6467808651447259
curriculum,189,jump,8,correlated,-16.30998899719212,0.704194844496467
curriculum,190,random_walk,4,none,-8.232896568879282,0.6122123676478581
curriculum,191,stationary,6,gaussian,-9.87692495513784,0.5012560570922193
curriculum,192,linear,8,correlated,-5.5251182757286585,0.49950952559416884
curriculum,193,cyclic,4,none,-12.443053923805245,0.6480310694228872
curriculum,194,jump,6,gaussian,-22.407538902752528,0.6205099903789224
curriculum,195,random_walk,8,correlated,-16.805653606965034,0.6111060060190148
curriculum,196,stationary,4,none,-4.273796250382066,0.4920317315629662
curriculum,197,linear,6,gaussian,-5.8849187497856725,0.5437234048110613
curriculum,198,cyclic,8,correlated,-18.67249288148232,0.6026760378919467
curriculum,199,jump,4,none,-17.813263884218642,0.5760508659901771
curriculum,200,random_walk,6,gaussian,-14.974793154406235,0.6392193879995999
curriculum,201,stationary,8,correlated,-15.388558445162039,0.6401362053542483
curriculum,202,linear,4,none,-8.869435557639125,0.4865696413014769
curriculum,203,cyclic,6,gaussian,-9.601160953406454,0.4677603548138257
curriculum,204,jump,8,correlated,-16.5305365054083,0.5924948773203333
curriculum,205,random_walk,4,none,-15.408403150238048,0.6831668903459793
curriculum,206,stationary,6,gaussian,-8.25163666283439,0.5578633670157839
curriculum,207,linear,8,correlated,-5.827228659964691,0.483563212136505
curriculum,208,cyclic,4,none,-24.815720354450267,0.5643414850902009
curriculum,209,jump,6,gaussian,-25.91621521800601,0.8918019858125866
curriculum,210,random_walk,8,correlated,-51.209275933814936,1.070073672491721
curriculum,211,stationary,4,none,-8.398149386015008,0.604584460987299
curriculum,212,linear,6,gaussian,-13.842312196703167,0.8201843715966859
curriculum,213,cyclic,8,correlated,-15.324117375396261,0.7513795325037484
curriculum,214,jump,4,none,-9.738909401065554,0.4455607626905553
curriculum,215,random_walk,6,gaussian,-15.73625878448231,0.596606420135462
curriculum,216,stationary,8,correlated,-7.579269381133871,0.6035030151115681
curriculum,217,linear,4,none,-5.826862811902538,0.4419461530470878
curriculum,218,cyclic,6,gaussian,-15.926029880278595,0.5885891482343074
curriculum,219,jump,8,correlated,-17.832911305144947,0.7977889261418791
curriculum,220,random_walk,4,none,-11.34260401585361,0.5178098878284998
curriculum,221,stationary,6,gaussian,-11.272638569480227,0.5489608785972058
curriculum,222,linear,8,correlated,-5.692589229697537,0.5834401876082322
curriculum,223,cyclic,4,none,-19.18560049472375,0.5716911169593732
curriculum,224,jump,6,gaussian,-21.02849132861894,0.6456015597381362
curriculum,225,random_walk,8,correlated,-23.823421760148083,0.6858993758863977
curriculum,226,stationary,4,none,-5.39484689748101,0.5640511383284519
curriculum,227,linear,6,gaussian,-8.228300120658774,0.6149721659231855
curriculum,228,cyclic,8,correlated,-11.537357828063275,0.6803131560615411
curriculum,229,jump,4,none,-8.526438813967303,0.6225804479299157
curriculum,230,random_walk,6,gaussian,-16.10845186389599,0.41405519937723445
curriculum,231,stationary,8,correlated,-7.626860056013234,0.5703812943638671
curriculum,232,linear,4,none,-4.648583720590438,0.5116602009002483
curriculum,233,cyclic,6,gaussian,-17.843186430001982,0.6058353208041736
curriculum,234,jump,8,correlated,-17.05863248876298,0.6981155091763294
curriculum,235,random_walk,4,none,-8.246755603707722,0.6485994455006028
curriculum,236,stationary,6,gaussian,-13.765678607396627,0.6229330565499793
curriculum,237,linear,8,correlated,-13.41705083424539,0.483072175666317
curriculum,238,cyclic,4,none,-20.414935982117775,0.5464284337560598
curriculum,239,jump,6,gaussian,-14.83275196344351,0.6771118650463362
curriculum,240,random_walk,8,correlated,-25.763264827847728,0.6333258131996191
curriculum,241,stationary,4,none,-7.365227155745184,0.7186716416674341
curriculum,242,linear,6,gaussian,-10.412769615265676,0.5465162087322841
curriculum,243,cyclic,8,correlated,-11.480806800155948,0.5035023453445745
curriculum,244,jump,4,none,-25.439082458761206,0.756123134710051
curriculum,245,random_walk,6,gaussian,-25.582700946618715,0.7897529929101653
curriculum,246,stationary,8,correlated,-5.941375602742152,0.6860318983905493
curriculum,247,linear,4,none,-8.001428320344694,0.6857837914914277
curriculum,248,cyclic,6,gaussian,-8.153176118880658,0.6372529551763544
curriculum,249,jump,8,correlated,-14.542872570113387,0.4112486903904172
curriculum,250,random_walk,4,none,-7.226279872565064,0.5825197910440508
curriculum,251,stationary,6,gaussian,-7.3345161713660385,0.5869003648409402
curriculum,252,linear,8,correlated,-10.848161029398218,0.37914369032051676
curriculum,253,cyclic,4,none,-20.208316461015492,0.5421526300132545
curriculum,254,jump,6,gaussian,-25.10223275936665,0.6966316359100196
curriculum,255,random_walk,8,correlated,-19.187979879231428,0.6526369797168661
curriculum,256,stationary,4,none,-6.354536693385803,0.5649094185919857
curriculum,257,linear,6,gaussian,-14.22586824155599,0.5751680329244803
curriculum,258,cyclic,8,correlated,-20.190711490225944,0.6173132134733966
curriculum,259,jump,4,none,-7.740956094431984,0.5383172877883128
curriculum,260,random_walk,6,gaussian,-22.582164519303348,0.7671048141180473
curriculum,261,stationary,8,correlated,-12.759528494402543,0.7118458920386782
curriculum,262,linear,4,none,-5.690246618748643,0.5804817996320603
curriculum,263,cyclic,6,gaussian,-8.925039569337425,0.6072822759049151
curriculum,264,jump,8,correlated,-40.45850758596313,0.9713078131861149
curriculum,265,random_walk,4,none,-15.461079489516713,0.8182320187473486
curriculum,266,stationary,6,gaussian,-5.256206952832224,0.6496590467781834
curriculum,267,linear,8,correlated,-23.26000401200579,0.9995260407982375
curriculum,268,cyclic,4,none,-15.706109830016846,0.6910869517050986
curriculum,269,jump,6,gaussian,-21.92746788993667,0.9410634630174787
curriculum,270,random_walk,8,correlated,-12.703821472147625,0.7074752014211053
curriculum,271,stationary,4,none,-14.099935221901163,0.6849586201379084
curriculum,272,linear,6,gaussian,-11.013574621839716,0.6659406113335002
curriculum,273,cyclic,8,correlated,-9.098568150658739,0.4389013879469969
curriculum,274,jump,4,none,-14.119941976843776,0.4343507470262791
curriculum,275,random_walk,6,gaussian,-13.63729470982659,0.5453272996908356
curriculum,276,stationary,8,correlated,-4.706578572069899,0.4796135694655943
curriculum,277,linear,4,none,-7.886156862079166,0.47767772194993585
curriculum,278,cyclic,6,gaussian,-23.40426653143602,0.522902120401203
curriculum,279,jump,8,correlated,-33.653095494410465,0.7944779745868664
curriculum,280,random_walk,4,none,-7.709194465890535,0.6177792306319094
curriculum,281,stationary,6,gaussian,-5.190856954321189,0.6335681190643075
curriculum,282,linear,8,correlated,-5.728492185724071,0.5809687801037174
curriculum,283,cyclic,4,none,-5.647586880029801,0.5404347320429863
curriculum,284,jump,6,gaussian,-10.152431802209184,0.420629174661039
curriculum,285,random_walk,8,correlated,-20.16940806584087,0.25590873364907923
curriculum,286,stationary,4,none,-4.653033716892823,0.5629705891781578
curriculum,287,linear,6,gaussian,-13.041621347023945,0.5644348254010952
curriculum,288,cyclic,8,correlated,-21.289845893743518,0.7024697835252847
curriculum,289,jump,4,none,-11.651166878959454,0.5662489361273781
curriculum,290,random_walk,6,gaussian,-12.72680835274993,0.5350636817635983
curriculum,291,stationary,8,correlated,-16.41356447343737,0.7546405531613427
curriculum,292,linear,4,none,-5.880014345441014,0.5143800785315077
curriculum,293,cyclic,6,gaussian,-14.60044994591874,0.5965746654064593
curriculum,294,jump,8,correlated,-13.445792791642033,0.5844549117162214
curriculum,295,random_walk,4,none,-12.597734227107704,0.6866742403151145
curriculum,296,stationary,6,gaussian,-9.42863414753431,0.762577971732963
curriculum,297,linear,8,correlated,-8.053169991748824,0.5964352056344342
curriculum,298,cyclic,4,none,-13.862328028171182,0.5435388541561663
curriculum,299,jump,6,gaussian,-23.647376421586713,0.8124835129954706
curriculum,300,random_walk,8,correlated,-31.701619763276312,0.8241929060356057
curriculum,301,stationary,4,none,-9.79220513273496,0.5745554675644085
curriculum,302,linear,6,gaussian,-5.560806290934465,0.6164675889106659
curriculum,303,cyclic,8,correlated,-5.663774780342093,0.590638773315707
curriculum,304,jump,4,none,-20.40412863779933,0.6945807932507437
curriculum,305,random_walk,6,gaussian,-13.497889064984598,0.6020598155381884
curriculum,306,stationary,8,correlated,-17.17378789653135,0.9280536349312442
curriculum,307,linear,4,none,-6.161479769558645,0.5186825456523161
curriculum,308,cyclic,6,gaussian,-8.605653993263841,0.5712338488969019
curriculum,309,jump,8,correlated,-13.307630911391563,0.3234406769586788
curriculum,310,random_walk,4,none,-12.485491823852064,0.496223645662721
curriculum,311,stationary,6,gaussian,-6.9056033906137095,0.4667818725068667
curriculum,312,linear,8,correlated,-8.589596448240584,0.44780655850733186
curriculum,313,cyclic,4,none,-25.797628412820966,0.4891735048273076
curriculum,314,jump,6,gaussian,-15.38827339650111,0.3645182124328855
curriculum,315,random_walk,8,correlated,-16.57015793982704,0.6638592838277597
curriculum,316,stationary,4,none,-7.8707680842326955,0.4614899654966812
curriculum,317,linear,6,gaussian,-10.047956189075027,0.5375619079821246
curriculum,318,cyclic,8,correlated,-18.52643507689492,0.6837163785564762
curriculum,319,jump,4,none,-13.826883186059762,0.617811825909804
curriculum,320,random_walk,6,gaussian,-15.462968457346857,0.5214842105172559
curriculum,321,stationary,8,correlated,-9.867822955933187,0.461947918299025
curriculum,322,linear,4,none,-17.1608475071629,0.505860282410622
curriculum,323,cyclic,6,gaussian,-22.445872941494528,0.7427755271432415
curriculum,324,jump,8,correlated,-21.22357148275762,0.8515330248068611
curriculum,325,random_walk,4,none,-7.459899205019228,0.48968994204681965
curriculum,326,stationary,6,gaussian,-9.350257038533995,0.6627545884235061
curriculum,327,linear,8,correlated,-16.56491663713655,0.5128035524676017
curriculum,328,cyclic,4,none,-13.655543785567978,0.5240265402918551
curriculum,329,jump,6,gaussian,-26.325820356272637,0.8297500147318487
curriculum,330,random_walk,8,correlated,-21.184184266040038,0.7580836368324468
curriculum,331,stationary,4,none,-8.35957107216504,0.6203902520115463
curriculum,332,linear,6,gaussian,-6.718165275502633,0.5322906594136774
curriculum,333,cyclic,8,correlated,-15.369336905177978,0.6331104543039896
curriculum,334,jump,4,none,-22.298713063076065,0.8009933699661349
curriculum,335,random_walk,6,gaussian,-23.617746277411563,0.7859882747832025
curriculum,336,stationary,8,correlated,-7.362327772302206,0.562704179670954
curriculum,337,linear,4,none,-8.835934496600693,0.6392449070043253
curriculum,338,cyclic,6,gaussian,-5.837283377422883,0.6057667012813617
curriculum,339,jump,8,correlated,-33.723318748459846,0.8904791811215645
curriculum,340,random_walk,4,none,-14.518004091627933,0.8600617813093375
curriculum,341,stationary,6,gaussian,-6.3582247941700984,0.5836423476720448
curriculum,342,linear,8,correlated,-7.885144586831243,0.6951477042573868
curriculum,343,cyclic,4,none,-6.174998527831411,0.6631992191556204
curriculum,344,jump,6,gaussian,-16.636831220190754,0.5393427296167895
curriculum,345,random_walk,8,correlated,-12.923901588761236,0.6166979200508859
curriculum,346,stationary,4,none,-7.181373725814639,0.6080916256799156
curriculum,347,linear,6,gaussian,-6.3179698278225045,0.6480012708703794
curriculum,348,cyclic,8,correlated,-19.237403987062045,0.4477786669677856
curriculum,349,jump,4,none,-22.782860809264363,0.5866864380421725
curriculum,350,random_walk,6,gaussian,-25.28696354497284,0.7193869168950349
curriculum,351,stationary,8,correlated,-6.6041581576532105,0.7952076480443273
curriculum,352,linear,4,none,-7.301592244947914,0.620916166541754
curriculum,353,cyclic,6,gaussian,-12.864512268304978,0.6851742520742949
curriculum,354,jump,8,correlated,-20.050895648836264,0.6883556801858066
curriculum,355,random_walk,4,none,-9.219114019768547,0.6934610199938506
curriculum,356,stationary,6,gaussian,-10.874436186558,0.6701823267666789
curriculum,357,linear,8,correlated,-8.844123136805045,0.6338747184647575
curriculum,358,cyclic,4,none,-14.752709538699815,0.5647963762007745
curriculum,359,jump,6,gaussian,-13.311154911284401,0.5791009288361417
curriculum,360,random_walk,8,correlated,-38.473054392030235,0.8467177867762488
curriculum,361,stationary,4,none,-8.631588308355173,0.8111281895262291
curriculum,362,linear,6,gaussian,-14.558480214383117,0.6905376584544264
curriculum,363,cyclic,8,correlated,-9.845347625167676,0.5220913057097729
curriculum,364,jump,4,none,-10.341026925408165,0.7130567927803343
curriculum,365,random_walk,6,gaussian,-12.749237818702412,0.6095957057488045
curriculum,366,stationary,8,correlated,-9.163637826339528,0.7135122070686117
curriculum,367,linear,4,none,-4.521825311656576,0.548485856680497
curriculum,368,cyclic,6,gaussian,-20.69986657342273,0.46021883063149155
curriculum,369,jump,8,correlated,-12.57099339381353,0.5171511237725459
curriculum,370,random_walk,4,none,-14.609761622538734,0.6689734515271099
curriculum,371,stationary,6,gaussian,-7.150377275774355,0.6126392914618568
curriculum,372,linear,8,correlated,-7.654190423539062,0.6130333750694139
curriculum,373,cyclic,4,none,-9.938903584597877,0.48509489225990887
curriculum,374,jump,6,gaussian,-22.567206520676294,0.6207983690545571
curriculum,375,random_walk,8,correlated,-23.57135697116414,0.6624350662217665
curriculum,376,stationary,4,none,-7.584259259216399,0.6538875293105744
curriculum,377,linear,6,gaussian,-6.482657084594758,0.5801946234121337
curriculum,378,cyclic,8,correlated,-10.943073482297443,0.5217927895380076
curriculum,379,jump,4,none,-14.971747821723273,0.64972884151153
curriculum,380,random_walk,6,gaussian,-15.616950452760783,0.48641389839723426
curriculum,381,stationary,8,correlated,-11.9907336572874,0.35840598022637915
curriculum,382,linear,4,none,-8.682510837053332,0.555934019986491
curriculum,383,cyclic,6,gaussian,-9.614212604903653,0.37366918294634865
curriculum,384,jump,8,correlated,-20.334176752130784,0.5658548047813821
curriculum,385,random_walk,4,none,-12.935308152441404,0.7175094823851744
curriculum,386,stationary,6,gaussian,-7.65341798284552,0.6745007101537558
curriculum,387,linear,8,correlated,-6.114814956058981,0.5983265792410503
curriculum,388,cyclic,4,none,-6.113122053891235,0.5642731569436134
curriculum,389,jump,6,gaussian,-20.73746463072486,0.6886890268473349
curriculum,390,random_walk,8,correlated,-24.84756076411415,0.756023004232954
curriculum,391,stationary,4,none,-8.855564558831338,0.5883193045384129
curriculum,392,linear,6,gaussian,-8.337720685254899,0.548343030307958
curriculum,393,cyclic,8,correlated,-10.589687482490476,0.5926312468018897
curriculum,394,jump,4,none,-28.69395899716951,0.8358331713174263
curriculum,395,random_walk,6,gaussian,-27.0856447072181,0.8093693394642336
curriculum,396,stationary,8,correlated,-8.580829009656448,0.6641360680313267
curriculum,397,linear,4,none,-4.8770809444314835,0.4862664135949917
curriculum,398,cyclic,6,gaussian,-16.723564155073912,0.48943189098020684
curriculum,399,jump,8,correlated,-21.530232998608945,0.728056890409108
curriculum,400,random_walk,4,none,-12.83694602168044,0.6723172499040905
curriculum,401,stationary,6,gaussian,-10.818317808876502,0.609093610040353
curriculum,402,linear,8,correlated,-11.22100128382988,0.6045324260572255
curriculum,403,cyclic,4,none,-7.512551115378738,0.6664925517688101
curriculum,404,jump,6,gaussian,-19.668579942859893,0.7695687660412649
curriculum,405,random_walk,8,correlated,-21.677689626240497,0.8759911474416195
curriculum,406,stationary,4,none,-7.413656090317825,0.6595078449065263
curriculum,407,linear,6,gaussian,-18.129269655476666,0.6683563320498109
curriculum,408,cyclic,8,correlated,-17.150563417982944,0.6225084021162537
curriculum,409,jump,4,none,-23.545026563488005,0.9705038058789455
curriculum,410,random_walk,6,gaussian,-15.3692776932956,0.8108042973320133
curriculum,411,stationary,8,correlated,-8.343318719672304,0.62227595086696
curriculum,412,linear,4,none,-10.18732693947999,0.5674718890088324
curriculum,413,cyclic,6,gaussian,-11.766640554977007,0.43294580426174323
curriculum,414,jump,8,correlated,-13.516246803731729,0.4959460873465874
curriculum,415,random_walk,4,none,-9.534836107571175,0.6722673133119331
curriculum,416,stationary,6,gaussian,-10.094488420837477,0.6096174225902876
curriculum,417,linear,8,correlated,-20.368407349692855,0.582948576650095
curriculum,418,cyclic,4,none,-13.442364968808368,0.6785204462679802
curriculum,419,jump,6,gaussian,-35.758268310753216,0.8447501421765724
curriculum,420,random_walk,8,correlated,-21.738727372159605,0.8422117812017273
curriculum,421,stationary,4,none,-7.294368225426279,0.7472177918908336
curriculum,422,linear,6,gaussian,-11.21429881336213,0.6875363498092504
curriculum,423,cyclic,8,correlated,-11.554492996144738,0.6281132337234306
curriculum,424,jump,4,none,-33.024298902094955,1.0085560427379705
curriculum,425,random_walk,6,gaussian,-14.00419068896055,0.7846872584482482
curriculum,426,stationary,8,correlated,-14.172694166942652,0.5181538017711479
curriculum,427,linear,4,none,-6.246861008763082,0.676114772396432
curriculum,428,cyclic,6,gaussian,-10.760542721346308,0.5056373908635758
curriculum,429,jump,8,correlated,-22.61951345196676,0.8596491942978168
curriculum,430,random_walk,4,none,-22.996381968040573,0.7291093370977147
curriculum,431,stationary,6,gaussian,-10.680872879744545,0.8091815845073096
curriculum,432,linear,8,correlated,-7.961036548752265,0.6041749873093704
curriculum,433,cyclic,4,none,-15.451762623535096,0.5572925573703801
curriculum,434,jump,6,gaussian,-24.799616093855178,0.7702324353153538
curriculum,435,random_walk,8,correlated,-20.154210141930534,0.8138931081344737
curriculum,436,stationary,4,none,-7.983986040939046,0.7367398324124557
curriculum,437,linear,6,gaussian,-12.845105374182348,0.6615709279977521
curriculum,438,cyclic,8,correlated,-22.39804833377948,0.7667583645339447
curriculum,439,jump,4,none,-28.74783416696574,0.9952340389211205
curriculum,440,random_walk,6,gaussian,-13.201905125294232,0.7218093009069999
curriculum,441,stationary,8,correlated,-26.018893972713066,1.077558914019448
curriculum,442,linear,4,none,-6.272165234471637,0.7198897612809805
curriculum,443,cyclic,6,gaussian,-17.272367348529087,0.8349099927416125
curriculum,444,jump,8,correlated,-23.639711171385898,0.8029114726035196
curriculum,445,random_walk,4,none,-16.73295422336586,0.7409224515813884
curriculum,446,stationary,6,gaussian,-8.876724158660778,0.7482946415301903
curriculum,447,linear,8,correlated,-17.3520748432757,0.8935485248853781
curriculum,448,cyclic,4,none,-19.90892664408038,0.7810898326825267
curriculum,449,jump,6,gaussian,-20.832216096834067,1.1054100182199036
curriculum,450,random_walk,8,correlated,-22.13769951616645,1.0141797169071556
curriculum,451,stationary,4,none,-9.162343630820775,0.7292697699552042
curriculum,452,linear,6,gaussian,-47.433923198341176,1.1507158540160947
curriculum,453,cyclic,8,correlated,-11.479913389380446,0.9014529153104762
curriculum,454,jump,4,none,-30.04181322859688,1.0183161448409543
curriculum,455,random_walk,6,gaussian,-9.45754243230115,0.7249805545293209
curriculum,456,stationary,8,correlated,-8.972596062513265,0.716213987216387
curriculum,457,linear,4,none,-4.093355864816112,0.6328809704530405
curriculum,458,cyclic,6,gaussian,-11.052783161941427,0.5521606224472592
curriculum,459,jump,8,correlated,-15.6194543676194,0.6689096360151396
curriculum,460,random_walk,4,none,-6.614679261475624,0.6470046305775774
curriculum,461,stationary,6,gaussian,-9.34569236079721,0.6525061883018692
curriculum,462,linear,8,correlated,-6.693191412665692,0.6782185873712077
curriculum,463,cyclic,4,none,-11.929898097806976,0.4114586928980509
curriculum,464,jump,6,gaussian,-11.62163533243778,0.5614576735566914
curriculum,465,random_walk,8,correlated,-43.88562602822983,1.0396470407171978
curriculum,466,stationary,4,none,-27.944225751580667,0.9256366005419215
curriculum,467,linear,6,gaussian,-22.595571147448865,0.901959249806054
curriculum,468,cyclic,8,correlated,-9.595533027712662,0.6636687048378347
curriculum,469,jump,4,none,-10.666928747138629,0.6428997048958187
curriculum,470,random_walk,6,gaussian,-15.508146916505732,0.616676832355233
curriculum,471,stationary,8,correlated,-8.3200985890287,0.687034683771991
curriculum,472,linear,4,none,-7.3027600922115,0.618160142115036
curriculum,473,cyclic,6,gaussian,-9.0629148447381,0.5845030295553064
curriculum,474,jump,8,correlated,-31.553081554281768,0.5634504076707701
curriculum,475,random_walk,4,none,-8.064076433897718,0.659566382718402
curriculum,476,stationary,6,gaussian,-11.731583231899,0.7682090749330651
curriculum,477,linear,8,correlated,-7.594896724619659,0.7014545001201405
curriculum,478,cyclic,4,none,-10.571966416875014,0.7361595180904529
curriculum,479,jump,6,gaussian,-20.013324047933686,0.540018136965825
curriculum,480,random_walk,8,correlated,-14.977131612621665,0.5671349921026819
curriculum,481,stationary,4,none,-8.96843412365764,0.7064493454119773
curriculum,482,linear,6,gaussian,-9.426096321323916,0.7825440447197922
curriculum,483,cyclic,8,correlated,-8.522237702019849,0.5696448441140657
curriculum,484,jump,4,none,-11.030716426906608,0.5122554094278817
curriculum,485,random_walk,6,gaussian,-13.444563669470675,0.4139553827190962
curriculum,486,stationary,8,correlated,-8.43648625698471,0.6634012957662723
curriculum,487,linear,4,none,-11.36250400199074,0.4699021542037375
curriculum,488,cyclic,6,gaussian,-7.923220962530957,0.4988488084198961
curriculum,489,jump,8,correlated,-20.354481388119815,0.594885779595924
curriculum,490,random_walk,4,none,-11.440440689101631,0.6141366016867404
curriculum,491,stationary,6,gaussian,-32.01582920464055,0.9715541542900681
curriculum,492,linear,8,correlated,-6.217691051501756,0.7691135863431816
curriculum,493,cyclic,4,none,-18.62572386372517,0.7712673846941825
curriculum,494,jump,6,gaussian,-13.663446192525281,0.7291335968662278
curriculum,495,random_walk,8,correlated,-49.497075437463224,1.1733643307973243
curriculum,496,stationary,4,none,-7.996408178485285,0.6806259112648128
curriculum,497,linear,6,gaussian,-13.832398824067424,0.8809181052342862
curriculum,498,cyclic,8,correlated,-24.331274645405315,0.8593569499377818
curriculum,499,jump,4,none,-6.738721843119711,0.7155732556826668
curriculum,500,random_walk,6,gaussian,-20.644189636916444,0.9562779960088477
curriculum,501,stationary,8,correlated,-11.137455056761612,0.6497540609828818
curriculum,502,linear,4,none,-5.90383152293882,0.544814004544446
curriculum,503,cyclic,6,gaussian,-32.1898165212783,0.847112333135212
curriculum,504,jump,8,correlated,-20.977332765952575,0.9029471956414028
curriculum,505,random_walk,4,none,-10.33262086930486,0.6281445274945707
curriculum,506,stationary,6,gaussian,-12.826353028261627,0.6500417925995328
curriculum,507,linear,8,correlated,-7.593415733584825,0.6474603199643285
curriculum,508,cyclic,4,none,-18.717738660039295,0.46106165299607127
curriculum,509,jump,6,gaussian,-20.320419844360515,0.6826594392684889
curriculum,510,random_walk,8,correlated,-15.46979378746599,0.6428564891368228
curriculum,511,stationary,4,none,-9.679321043585164,0.7154966353570889
curriculum,512,linear,6,gaussian,-8.185309054571174,0.5980307946465497
curriculum,513,cyclic,8,correlated,-8.988808948545458,0.5741777001999161
curriculum,514,jump,4,none,-18.071735572339968,0.6174952864554832
curriculum,515,random_walk,6,gaussian,-10.486754265478012,0.4979602538238215
curriculum,516,stationary,8,correlated,-6.727048376151409,0.7178181694224659
curriculum,517,linear,4,none,-22.390130734209688,0.7149993795148724
curriculum,518,cyclic,6,gaussian,-17.616231861678575,0.723826850693517
curriculum,519,jump,8,correlated,-10.237549509133895,0.5679858177469324
curriculum,520,random_walk,4,none,-23.786734834329156,0.5078959273728618
curriculum,521,stationary,6,gaussian,-5.6782713222435275,0.8113199900219312
curriculum,522,linear,8,correlated,-7.693204601428584,0.6015451393368338
curriculum,523,cyclic,4,none,-6.597331351279281,0.579309850019748
curriculum,524,jump,6,gaussian,-13.778076725860299,0.45324567857392795
curriculum,525,random_walk,8,correlated,-23.762500683404234,0.5229598345124691
curriculum,526,stationary,4,none,-5.222622747743735,0.6366880954673084
curriculum,527,linear,6,gaussian,-8.326792967367114,0.6919732358085561
curriculum,528,cyclic,8,correlated,-12.155820282322146,0.4044776335353243
curriculum,529,jump,4,none,-30.60538235470504,0.6779312277669771
curriculum,530,random_walk,6,gaussian,-10.5537728942374,0.6719199887780075
curriculum,531,stationary,8,correlated,-10.807955709120257,0.7190450237656705
curriculum,532,linear,4,none,-13.144568511394008,0.5225768272316149
curriculum,533,cyclic,6,gaussian,-13.441028403621395,0.5845396566043924
curriculum,534,jump,8,correlated,-20.446061454629266,0.4996517124861417
curriculum,535,random_walk,4,none,-11.890783471858455,0.6468468622959677
curriculum,536,stationary,6,gaussian,-16.62795181111958,0.46479775316232075
curriculum,537,linear,8,correlated,-5.49082274034299,0.7840834516446146
curriculum,538,cyclic,4,none,-14.00365692339304,0.6527243279619714
curriculum,539,jump,6,gaussian,-44.125002071099985,0.7361660043687532
curriculum,540,random_walk,8,correlated,-25.27543941043947,0.7261912236223784
curriculum,541,stationary,4,none,-6.347012669391931,0.6863729478770754
curriculum,542,linear,6,gaussian,-6.737729374255721,0.7919240167880575
curriculum,543,cyclic,8,correlated,-16.47641620666716,0.7005431943430462
curriculum,544,jump,4,none,-21.822803538805456,0.7001455114419667
curriculum,545,random_walk,6,gaussian,-13.245515759250228,0.6982606823374888
curriculum,546,stationary,8,correlated,-11.252942550274806,0.472665528421484
curriculum,547,linear,4,none,-4.929833546919282,0.6235248567036498
curriculum,548,cyclic,6,gaussian,-10.846345586951882,0.5944502576838051
curriculum,549,jump,8,correlated,-19.65422183408613,0.5893617447455437
curriculum,550,random_walk,4,none,-10.692258173725568,0.7708682846182651
curriculum,551,stationary,6,gaussian,-10.28264591596746,0.7639928387817871
curriculum,552,linear,8,correlated,-7.884613496959315,0.6109916460934726
curriculum,553,cyclic,4,none,-6.36952677817208,0.6104729968152084
curriculum,554,jump,6,gaussian,-11.038555592843384,0.5601494801870037
curriculum,555,random_walk,8,correlated,-16.75674424212612,0.4959670907964101
curriculum,556,stationary,4,none,-10.832817385986043,0.5827151221021794
curriculum,557,linear,6,gaussian,-9.892469235363036,0.7597157829672636
curriculum,558,cyclic,8,correlated,-7.995084767785833,0.6563007523651331
curriculum,559,jump,4,none,-11.261139932544902,0.7907441003384802
curriculum,560,random_walk,6,gaussian,-16.366287698713954,0.545015858792239
curriculum,561,stationary,8,correlated,-15.616689333772962,0.5322528774158266
curriculum,562,linear,4,none,-11.343109627225436,0.5522685449886312
curriculum,563,cyclic,6,gaussian,-11.649211761319908,0.5111030378826527
curriculum,564,jump,8,correlated,-19.13356369255881,0.5537817181890944
curriculum,565,random_walk,4,none,-13.57860909284367,0.5893578534217884
curriculum,566,stationary,6,gaussian,-11.062568001775533,0.8510628772006715
curriculum,567,linear,8,correlated,-12.194815590526261,0.5338154924228171
curriculum,568,cyclic,4,none,-19.02468585635147,0.7266719461435596
curriculum,569,jump,6,gaussian,-15.516041315349971,0.6637570435701589
curriculum,570,random_walk,8,correlated,-43.15368701248822,0.8503888315692203
curriculum,571,stationary,4,none,-12.782877019247973,0.7310848853546436
curriculum,572,linear,6,gaussian,-8.936326304642321,0.7589107423349617
curriculum,573,cyclic,8,correlated,-16.082205435513504,0.8046701217422815
curriculum,574,jump,4,none,-30.1056354646311,0.8373172018243137
curriculum,575,random_walk,6,gaussian,-10.63307840238203,0.8140452873007955
curriculum,576,stationary,8,correlated,-14.566507176246166,0.8075584533721706
curriculum,577,linear,4,none,-4.493559439415112,0.7149948065809619
curriculum,578,cyclic,6,gaussian,-11.073457908046326,0.7085357745707306
curriculum,579,jump,8,correlated,-14.428083483396705,0.5035494291317282
curriculum,580,random_walk,4,none,-14.241905827522542,0.6686042203040804
curriculum,581,stationary,6,gaussian,-5.905674039395526,0.8531756666884778
curriculum,582,linear,8,correlated,-5.394314741468779,0.7855177884185351
curriculum,583,cyclic,4,none,-8.058685158060399,0.704076242240126
curriculum,584,jump,6,gaussian,-18.2128102208812,0.6360098200088248
curriculum,585,random_walk,8,correlated,-21.554223003353243,0.8864653890312327
curriculum,586,stationary,4,none,-12.502229388109408,0.7993563298845802
curriculum,587,linear,6,gaussian,-17.063153357688456,0.8819675844222381
curriculum,588,cyclic,8,correlated,-10.332451255149794,0.7039272825498077
curriculum,589,jump,4,none,-8.875336181298287,0.7761539610936798
curriculum,590,random_walk,6,gaussian,-11.100584507893482,0.7129756795317442
curriculum,591,stationary,8,correlated,-4.957300283286791,0.8105723749287768
curriculum,592,linear,4,none,-6.775442700525746,0.7339006285958395
curriculum,593,cyclic,6,gaussian,-10.86784791930921,0.6077252532409456
curriculum,594,jump,8,correlated,-14.076041815736525,0.4508283119932158
curriculum,595,random_walk,4,none,-8.678279881407953,0.6326472465444551
curriculum,596,stationary,6,gaussian,-13.364718723165257,0.5548219173512924
curriculum,597,linear,8,correlated,-9.97405147358455,0.5325535621046203
curriculum,598,cyclic,4,none,-28.479238179820204,0.7637470410630776
curriculum,599,jump,6,gaussian,-17.74396018861877,0.8136917219609338
curriculum,600,random_walk,8,correlated,-20.906576785166596,0.7603438263260165
curriculum,601,stationary,4,none,-22.451567990368744,0.835974599407806
curriculum,602,linear,6,gaussian,-10.13274041837498,0.8944775912222834
curriculum,603,cyclic,8,correlated,-13.931255384974207,0.5326049042144707
curriculum,604,jump,4,none,-15.254642216964406,0.6305329381542144
curriculum,605,random_walk,6,gaussian,-13.21857778124464,0.7010549842488736
curriculum,606,stationary,8,correlated,-13.116651646727036,0.7913951641551179
curriculum,607,linear,4,none,-19.230977660297214,0.6088029599300565
curriculum,608,cyclic,6,gaussian,-10.177685153757572,0.6585048496943675
curriculum,609,jump,8,correlated,-26.796941421194838,0.8415230716977187
curriculum,610,random_walk,4,none,-12.79862285608291,0.7684607594650829
curriculum,611,stationary,6,gaussian,-7.116225861227139,0.9003334883049746
curriculum,612,linear,8,correlated,-14.234700165245407,0.48848721724173305
curriculum,613,cyclic,4,none,-14.613190044555774,0.5265025980272527
curriculum,614,jump,6,gaussian,-20.097187550271002,0.6858939851834198
curriculum,615,random_walk,8,correlated,-29.77872939382342,0.7292115133869109
curriculum,616,stationary,4,none,-10.053529554682726,0.7004129239377324
curriculum,617,linear,6,gaussian,-10.657076932568256,0.8986598806522131
curriculum,618,cyclic,8,correlated,-13.221937400865492,0.5450975668230599
curriculum,619,jump,4,none,-22.920488684838865,0.78955308768048
curriculum,620,random_walk,6,gaussian,-14.24535208283923,0.7365694461063204
curriculum,621,stationary,8,correlated,-11.33359681330046,0.8859372007215868
curriculum,622,linear,4,none,-19.43959687545836,0.841845813429714
curriculum,623,cyclic,6,gaussian,-18.373679434450295,0.6495420867410048
curriculum,624,jump,8,correlated,-34.10012069665134,1.0480577250001224
curriculum,625,random_walk,4,none,-5.4838453561811225,0.8972198677113958
curriculum,626,stationary,6,gaussian,-8.06883278958433,0.9432761887741196
curriculum,627,linear,8,correlated,-15.480401353899701,0.7346932454968389
curriculum,628,cyclic,4,none,-9.334977368216654,0.7610201128190288
curriculum,629,jump,6,gaussian,-25.541431158921583,0.8222736531400955
curriculum,630,random_walk,8,correlated,-22.090563193990008,0.8609557890984302
curriculum,631,stationary,4,none,-13.214125146640109,0.7190906952123207
curriculum,632,linear,6,gaussian,-16.60405169729568,0.8863506869731103
curriculum,633,cyclic,8,correlated,-35.32350396257759,1.2022417958918634
curriculum,634,jump,4,none,-12.8709128740439,0.8443064429982996
curriculum,635,random_walk,6,gaussian,-21.44901629436234,0.7916742787921032
curriculum,636,stationary,8,correlated,-6.994413266401363,0.8284285268308983
curriculum,637,linear,4,none,-17.52127592009547,0.819429135232945
curriculum,638,cyclic,6,gaussian,-9.876616552729313,0.5769365534373719
curriculum,639,jump,8,correlated,-41.999631983430696,0.978268414488743
curriculum,640,random_walk,4,none,-19.46366283492699,0.9305454896855639
curriculum,641,stationary,6,gaussian,-15.955477586083411,0.7584439824517991
curriculum,642,linear,8,correlated,-12.11610452737635,0.6241643040034521
curriculum,643,cyclic,4,none,-7.6351354382542205,0.7552693599397217
curriculum,644,jump,6,gaussian,-24.75059547693217,0.8768706324432134
curriculum,645,random_walk,8,correlated,-14.270996928327722,0.7040770863155501
curriculum,646,stationary,4,none,-3.8020043560062176,0.6430550854828596
curriculum,647,linear,6,gaussian,-6.808076562427261,0.7776980010784578
curriculum,648,cyclic,8,correlated,-13.91380860304255,0.37115052807213056
curriculum,649,jump,4,none,-17.546985003969866,0.4992237756238837
curriculum,650,random_walk,6,gaussian,-20.81525007501029,0.717187654841622
curriculum,651,stationary,8,correlated,-5.777394364735551,0.7101629943147627
curriculum,652,linear,4,none,-11.700230282699971,0.639633185886934
curriculum,653,cyclic,6,gaussian,-20.253526912635845,0.5287929602482889
curriculum,654,jump,8,correlated,-23.220876385807582,0.45625724544289775
curriculum,655,random_walk,4,none,-6.495099484346141,0.7815920016835397
curriculum,656,stationary,6,gaussian,-8.893409469817389,0.7904765357142323
curriculum,657,linear,8,correlated,-17.611406624729643,0.5130657571582541
curriculum,658,cyclic,4,none,-8.521986405438907,0.816170924650143
curriculum,659,jump,6,gaussian,-15.837572757266539,0.6806892690836739
curriculum,660,random_walk,8,correlated,-28.048240435428298,0.6734470372978689
curriculum,661,stationary,4,none,-8.865621989040811,0.8019810528561188
curriculum,662,linear,6,gaussian,-8.473223234573453,0.7394539694018507
curriculum,663,cyclic,8,correlated,-20.812900618345942,0.6328530794237979
curriculum,664,jump,4,none,-15.328815761238802,0.46762819873958195
curriculum,665,random_walk,6,gaussian,-21.21292001833161,0.7018623521900741
curriculum,666,stationary,8,correlated,-37.20901853481698,1.0874534840873231
curriculum,667,linear,4,none,-7.695592192121781,0.8520807499574554
curriculum,668,cyclic,6,gaussian,-9.333556919321923,0.8515182657834905
curriculum,669,jump,8,correlated,-16.988252797856966,0.6589109632609891
curriculum,670,random_walk,4,none,-13.904937568896255,0.7641990554200891
curriculum,671,stationary,6,gaussian,-8.235154146290553,0.8890263821664061
curriculum,672,linear,8,correlated,-22.611270045765302,0.4615674816313641
curriculum,673,cyclic,4,none,-9.739245155183944,0.7701526605755044
curriculum,674,jump,6,gaussian,-22.495414673363506,0.9297955260308752
curriculum,675,random_walk,8,correlated,-20.928049014647783,0.8889781459189816
curriculum,676,stationary,4,none,-4.731406503303603,0.9609142412329726
curriculum,677,linear,6,gaussian,-14.271008241340617,0.7782465590652012
curriculum,678,cyclic,8,correlated,-8.6532220202849,0.7799008562031627
curriculum,679,jump,4,none,-10.028054431739417,0.7528762992154805
curriculum,680,random_walk,6,gaussian,-15.906894610081107,0.7830458423694329
curriculum,681,stationary,8,correlated,-10.559054382341646,0.8159030956387643
curriculum,682,linear,4,none,-12.276022154519712,0.6819363241123473
curriculum,683,cyclic,6,gaussian,-17.27493242505432,0.6202304371120766
curriculum,684,jump,8,correlated,-22.03881860088648,0.6212493090820208
curriculum,685,random_walk,4,none,-15.416313559465483,0.9042091236144383
curriculum,686,stationary,6,gaussian,-11.374569256107058,0.9210083600457211
curriculum,687,linear,8,correlated,-11.897906611337646,0.6965783560541059
curriculum,688,cyclic,4,none,-9.325746803984272,0.8535074367743348
curriculum,689,jump,6,gaussian,-21.40872832207085,0.7081296555089092
curriculum,690,random_walk,8,correlated,-32.92271884917258,0.8783448892531738
curriculum,691,stationary,4,none,-15.938117370262542,0.7768388825633394
curriculum,692,linear,6,gaussian,-7.543896184275444,0.7877417369988989
curriculum,693,cyclic,8,correlated,-11.646324855066318,0.6905031883168724
curriculum,694,jump,4,none,-11.945347881914984,0.6947180129297286
curriculum,695,random_walk,6,gaussian,-17.80864267745335,0.8111550790849833
curriculum,696,stationary,8,correlated,-6.8599314901868755,0.9162698654805558
curriculum,697,linear,4,none,-9.386279809777625,0.8635331654469958
curriculum,698,cyclic,6,gaussian,-11.600239543699807,0.6171106240558216
curriculum,699,jump,8,correlated,-14.875511535428636,0.41331753668691695
curriculum,700,random_walk,4,none,-12.397217247323484,0.7372164886457817
curriculum,701,stationary,6,gaussian,-16.79557405585079,0.71688178920532
curriculum,702,linear,8,correlated,-8.006814814589735,0.7416961121884867
curriculum,703,cyclic,4,none,-11.218248997288784,0.5066840063036141
curriculum,704,jump,6,gaussian,-22.6137360783366,0.6412370200063874
curriculum,705,random_walk,8,correlated,-22.7144815700839,0.7451428085233962
curriculum,706,stationary,4,none,-6.686140301730483,0.7739244376863509
curriculum,707,linear,6,gaussian,-7.165580727425008,0.8537247130823916
curriculum,708,cyclic,8,correlated,-9.526315756146086,0.6463518161215566
curriculum,709,jump,4,none,-10.514150972761911,0.8486369943705263
curriculum,710,random_walk,6,gaussian,-19.305659289637394,0.6123733852140125
curriculum,711,stationary,8,correlated,-11.285027285985127,0.7445141462903248
curriculum,712,linear,4,none,-8.5055510299498,0.6802060711580249
curriculum,713,cyclic,6,gaussian,-8.924142837503304,0.7080583559348518
curriculum,714,jump,8,correlated,-24.372090837500494,0.7650511615141211
curriculum,715,random_walk,4,none,-20.631066971245616,0.8172453722294815
curriculum,716,stationary,6,gaussian,-9.66219227593336,0.762021134394464
curriculum,717,linear,8,correlated,-11.85917990945093,0.4936319364815721
curriculum,718,cyclic,4,none,-9.873780399346725,0.6781426981278439
curriculum,719,jump,6,gaussian,-23.074580811198302,0.4847488291460428
curriculum,720,random_walk,8,correlated,-14.962896454322992,0.631487035623006
curriculum,721,stationary,4,none,-6.098502725772928,0.7127908583268121
curriculum,722,linear,6,gaussian,-5.851630502495505,0.8011003757352277
curriculum,723,cyclic,8,correlated,-15.924956640890718,0.5867757809918333
curriculum,724,jump,4,none,-26.822113719589474,0.8107792559401368
curriculum,725,random_walk,6,gaussian,-26.9528234360775,0.7879796635198936
curriculum,726,stationary,8,correlated,-8.283303518132808,0.7862945886229494
curriculum,727,linear,4,none,-10.580222158200748,0.8570611222124926
curriculum,728,cyclic,6,gaussian,-13.711206320003297,0.7273136043984259
curriculum,729,jump,8,correlated,-16.83595118405362,0.6435104071212984
curriculum,730,random_walk,4,none,-22.56901320257439,0.8774944296030458
curriculum,731,stationary,6,gaussian,-6.794376608410361,0.9392524253876562
curriculum,732,linear,8,correlated,-7.867222354336118,0.8184284017529724
curriculum,733,cyclic,4,none,-9.108717201675812,0.7685868021841757
curriculum,734,jump,6,gaussian,-7.459810978512133,0.794167231212211
curriculum,735,random_walk,8,correlated,-24.908411360873625,0.6535522636355068
curriculum,736,stationary,4,none,-6.809062900790013,0.7819977719557405
curriculum,737,linear,6,gaussian,-12.060951869038995,0.6182809390000787
curriculum,738,cyclic,8,correlated,-12.905328536614604,0.44256329412360945
curriculum,739,jump,4,none,-12.528662194197377,0.7003215473089502
curriculum,740,random_walk,6,gaussian,-14.104180366067613,0.6940804142872274
curriculum,741,stationary,8,correlated,-10.303085813041008,0.6263874292063915
curriculum,742,linear,4,none,-4.820500408713489,0.6369096545248867
curriculum,743,cyclic,6,gaussian,-18.67620386619994,0.5876916965448735
curriculum,744,jump,8,correlated,-23.528769693620536,0.5146331691808598
curriculum,745,random_walk,4,none,-8.849367672000701,0.7822297725751672
curriculum,746,stationary,6,gaussian,-8.649071214735669,0.7734347831193478
curriculum,747,linear,8,correlated,-9.495704391150497,0.8206782966686825
curriculum,748,cyclic,4,none,-11.25277238131008,0.6766307603965246
curriculum,749,jump,6,gaussian,-18.922741438202735,0.7271075949168806
curriculum,750,random_walk,8,correlated,-17.858009476976875,0.808678962920631
curriculum,751,stationary,4,none,-8.219858712783552,0.8054424542038099
curriculum,752,linear,6,gaussian,-7.936027137332358,0.83787612059567
curriculum,753,cyclic,8,correlated,-15.470891105395143,0.5306596621891495
curriculum,754,jump,4,none,-32.109633327371455,0.8566632208122332
curriculum,755,random_walk,6,gaussian,-13.80412716984099,0.7495974999553395
curriculum,756,stationary,8,correlated,-10.515142092250493,0.7558761768281179
curriculum,757,linear,4,none,-4.668479329071193,0.8875378606285649
curriculum,758,cyclic,6,gaussian,-13.002495115085152,0.6733665592268848
curriculum,759,jump,8,correlated,-16.258011184887806,0.6725058919128998
curriculum,760,random_walk,4,none,-9.442026337867642,0.8763328231673064
curriculum,761,stationary,6,gaussian,-7.06690433081808,0.8351899460650516
curriculum,762,linear,8,correlated,-16.79974606110902,0.541758111840894
curriculum,763,cyclic,4,none,-8.469690992091776,0.6107269194593841
curriculum,764,jump,6,gaussian,-22.411700689556156,0.6945311434863859
curriculum,765,random_walk,8,correlated,-15.037109271602727,0.5863396329131325
curriculum,766,stationary,4,none,-4.067654112848686,0.9144158126601838
curriculum,767,linear,6,gaussian,-7.9595941729796245,0.7397762984253641
curriculum,768,cyclic,8,correlated,-14.827397373479513,0.5008661842930382
curriculum,769,jump,4,none,-14.22978626428562,0.8264357255780078
curriculum,770,random_walk,6,gaussian,-28.582962001722322,0.893582693876979
curriculum,771,stationary,8,correlated,-7.92348547288557,0.7209619679056043
curriculum,772,linear,4,none,-4.1195111182564865,0.7853297956481183
curriculum,773,cyclic,6,gaussian,-22.549652523468524,0.6050302227729347
curriculum,774,jump,8,correlated,-24.030462637910958,0.7073355843911091
curriculum,775,random_walk,4,none,-9.108349950954038,0.933074127655097
curriculum,776,stationary,6,gaussian,-31.516732733774937,0.8569038555226498
curriculum,777,linear,8,correlated,-22.928610877270216,0.8892619545653428
curriculum,778,cyclic,4,none,-7.760032010383284,0.743866029481857
curriculum,779,jump,6,gaussian,-21.506518547908595,0.8410985840699483
curriculum,780,random_walk,8,correlated,-16.731075204291493,0.937169063881736
curriculum,781,stationary,4,none,-5.461988019035198,0.724569142972376
curriculum,782,linear,6,gaussian,-6.456324972371803,0.7799248889177596
curriculum,783,cyclic,8,correlated,-10.809596499715479,0.5040266685789693
curriculum,784,jump,4,none,-12.109345053176455,0.705290119606744
curriculum,785,random_walk,6,gaussian,-15.363992492330205,0.7645916280187526
curriculum,786,stationary,8,correlated,-8.668406169387357,0.5624404279317625
curriculum,787,linear,4,none,-16.98427625833871,0.7809260695961422
curriculum,788,cyclic,6,gaussian,-9.157609512370735,0.7518799807189336
curriculum,789,jump,8,correlated,-18.3378674619412,0.5014295527486224
curriculum,790,random_walk,4,none,-12.678430722509576,0.933433345217912
curriculum,791,stationary,6,gaussian,-8.529233163282093,0.8636580696779965
curriculum,792,linear,8,correlated,-15.340418315726678,0.7813353601551194
curriculum,793,cyclic,4,none,-9.621062221514606,0.6504162176190142
curriculum,794,jump,6,gaussian,-14.901469157160852,0.7367847843587623
curriculum,795,random_walk,8,correlated,-26.447521199981082,0.7663826269871542
curriculum,796,stationary,4,none,-5.1844152119918725,0.8774044322595573
curriculum,797,linear,6,gaussian,-8.769421559322328,0.8605400464455173
curriculum,798,cyclic,8,correlated,-12.728629574834848,0.6251039142015063
curriculum,799,jump,4,none,-10.986055364946836,0.7302059055087694
curriculum,800,random_walk,6,gaussian,-15.29497611720847,0.5018847476262039
curriculum,801,stationary,8,correlated,-6.627724770369902,0.7449156218551118
curriculum,802,linear,4,none,-6.626134365965523,0.8009515337280713
curriculum,803,cyclic,6,gaussian,-6.353608969951319,0.7537579243167893
curriculum,804,jump,8,correlated,-13.050020506061738,0.4847318306120382
curriculum,805,random_walk,4,none,-11.610853341449246,0.600963021284653
curriculum,806,stationary,6,gaussian,-6.778820315066102,0.7721756329303763
curriculum,807,linear,8,correlated,-15.935486238654722,0.8243718348772789
curriculum,808,cyclic,4,none,-18.444151703205993,0.7753254463154893
curriculum,809,jump,6,gaussian,-18.36525826348708,0.7635120705195085
curriculum,810,random_walk,8,correlated,-17.88512653080313,0.6665755816171772
curriculum,811,stationary,4,none,-8.797769062552236,0.8564218848166529
curriculum,812,linear,6,gaussian,-8.808365320405446,0.8665911936302898
curriculum,813,cyclic,8,correlated,-19.148226415679428,0.7071198338855329
curriculum,814,jump,4,none,-6.797567944607502,0.8426592442233549
curriculum,815,random_walk,6,gaussian,-20.000019040292358,0.7282050452988862
curriculum,816,stationary,8,correlated,-6.638471934106926,0.9067748602692959
curriculum,817,linear,4,none,-7.5256362628527445,0.9368160844557443
curriculum,818,cyclic,6,gaussian,-17.52545416637314,0.7347245838598262
curriculum,819,jump,8,correlated,-18.10618884337496,0.7878827495683269
curriculum,820,random_walk,4,none,-10.460462089871832,0.7715470715108637
curriculum,821,stationary,6,gaussian,-7.8041232349444405,0.7726864126471676
curriculum,822,linear,8,correlated,-8.310079113863198,0.6934376544573934
curriculum,823,cyclic,4,none,-8.471152358576655,0.6778500967711162
curriculum,824,jump,6,gaussian,-12.316558938935561,0.4721675519218572
curriculum,825,random_walk,8,correlated,-27.292703199148633,0.631865337748766
curriculum,826,stationary,4,none,-5.974957928457415,0.8836298272469729
curriculum,827,linear,6,gaussian,-9.12795716504487,0.7461438719824234
curriculum,828,cyclic,8,correlated,-12.26412586280988,0.7198240112031644
curriculum,829,jump,4,none,-19.544788595092356,0.9124407246971231
curriculum,830,random_walk,6,gaussian,-19.531941899304698,0.7773212810761475
curriculum,831,stationary,8,correlated,-4.739459507081841,0.957418281227422
curriculum,832,linear,4,none,-6.2221303701901345,0.7815193280899255
curriculum,833,cyclic,6,gaussian,-12.594818480042411,0.7542172382491946
curriculum,834,jump,8,correlated,-15.147186818846972,0.529740970184615
curriculum,835,random_walk,4,none,-10.359332052588586,0.8958810308304852
curriculum,836,stationary,6,gaussian,-15.560799458112331,0.928406730066831
curriculum,837,linear,8,correlated,-10.131555701793115,0.698193264462679
curriculum,838,cyclic,4,none,-8.015545749273151,0.6795864119114003
curriculum,839,jump,6,gaussian,-16.271184066754913,0.576088901451483
curriculum,840,random_walk,8,correlated,-32.28771100893732,0.8872359587729758
curriculum,841,stationary,4,none,-6.040860347588314,0.6408022376334345
curriculum,842,linear,6,gaussian,-6.541822309854219,0.8703112461076866
curriculum,843,cyclic,8,correlated,-11.284139947443661,0.6637974106645821
curriculum,844,jump,4,none,-18.388721006996594,0.8597354847252865
curriculum,845,random_walk,6,gaussian,-44.08535646402126,1.0564462406322481
curriculum,846,stationary,8,correlated,-8.644555380309914,0.8076297147720762
curriculum,847,linear,4,none,-5.446684375056066,0.8676573694597813
curriculum,848,cyclic,6,gaussian,-18.416084512199596,0.5953977914089991
curriculum,849,jump,8,correlated,-26.71849143409649,0.7880359048378229
curriculum,850,random_walk,4,none,-12.433997693236421,0.7637876547684178
curriculum,851,stationary,6,gaussian,-4.763800725711457,0.9448171820016775
curriculum,852,linear,8,correlated,-9.434204184655643,0.727049037751304
curriculum,853,cyclic,4,none,-12.69012449792632,0.6958716383343767
curriculum,854,jump,6,gaussian,-27.434878393282496,0.8150810166450914
curriculum,855,random_walk,8,correlated,-18.079858445348812,0.7114708808029384
curriculum,856,stationary,4,none,-7.783331233431507,0.746899427295276
curriculum,857,linear,6,gaussian,-5.045988413043677,0.7783344048809853
curriculum,858,cyclic,8,correlated,-14.127920855135121,0.5893725273814894
curriculum,859,jump,4,none,-23.282503504631816,0.838731525253791
curriculum,860,random_walk,6,gaussian,-27.688584334924403,1.012236764712925
curriculum,861,stationary,8,correlated,-15.52333764140657,0.9433791936764999
curriculum,862,linear,4,none,-16.464290503033777,0.6723101868177279
curriculum,863,cyclic,6,gaussian,-24.254492476464712,0.7591741055782734
curriculum,864,jump,8,correlated,-17.74164973573874,0.5945878825627842
curriculum,865,random_walk,4,none,-15.788403050746306,0.6831049551057066
curriculum,866,stationary,6,gaussian,-8.974698394481347,0.716711940737269
curriculum,867,linear,8,correlated,-10.608452074802175,0.8902230346933946
curriculum,868,cyclic,4,none,-15.694997601047422,0.35757523341579145
curriculum,869,jump,6,gaussian,-10.549117686711526,0.5208799634501929
curriculum,870,random_walk,8,correlated,-22.111386203800308,0.6386477197503757
curriculum,871,stationary,4,none,-3.6623752124343323,0.8349049573308001
curriculum,872,linear,6,gaussian,-8.925914493779983,0.7939121714247213
curriculum,873,cyclic,8,correlated,-10.55571905922737,0.5720410317041482
curriculum,874,jump,4,none,-6.787338433312543,0.5975240432089389
curriculum,875,random_walk,6,gaussian,-17.353725385167625,0.6560273257387348
curriculum,876,stationary,8,correlated,-7.056755803872826,0.8682976947680258
curriculum,877,linear,4,none,-4.946779891779879,0.7481325926917557
curriculum,878,cyclic,6,gaussian,-6.251978434166327,0.7482136553268702
curriculum,879,jump,8,correlated,-15.54647904861003,0.5352567898073923
curriculum,880,random_walk,4,none,-12.221338085226414,0.6495984437454817
curriculum,881,stationary,6,gaussian,-7.87345480562042,0.6371039181831
curriculum,882,linear,8,correlated,-5.081665964902096,0.809938867820059
curriculum,883,cyclic,4,none,-9.02327748435651,0.6564269976292378
curriculum,884,jump,6,gaussian,-23.58694974784813,0.606551635032835
curriculum,885,random_walk,8,correlated,-26.878811159315184,0.8439928285179888
curriculum,886,stationary,4,none,-2.580547831987497,0.6843956457688927
curriculum,887,linear,6,gaussian,-5.128851488207001,0.8842891206127224
curriculum,888,cyclic,8,correlated,-13.90770646125923,0.6767144199973123
curriculum,889,jump,4,none,-26.703737427251696,0.799106799480766
curriculum,890,random_walk,6,gaussian,-26.36786489108653,0.8774000219459183
curriculum,891,stationary,8,correlated,-9.917747334794647,0.8722909648066839
curriculum,892,linear,4,none,-14.740132976879066,0.8275998054865665
curriculum,893,cyclic,6,gaussian,-8.04723042199183,0.8048084788513066
curriculum,894,jump,8,correlated,-13.816611599163256,0.5779155131029576
curriculum,895,random_walk,4,none,-16.230107062460853,0.797766624054706
curriculum,896,stationary,6,gaussian,-11.085690400857406,0.5465981679295665
curriculum,897,linear,8,correlated,-10.049035614452874,0.5453785307804984
curriculum,898,cyclic,4,none,-15.973052794949135,0.5000883685146107
curriculum,899,jump,6,gaussian,-20.34690238933395,0.8632146442948028
curriculum,900,random_walk,8,correlated,-20.644976196428985,0.9532629169114266
curriculum,901,stationary,4,none,-5.548120431706609,0.9883244632765397
curriculum,902,linear,6,gaussian,-8.78467767179328,0.7354147478011491
curriculum,903,cyclic,8,correlated,-13.45533302905378,0.3837732813754323
curriculum,904,jump,4,none,-14.076580011719694,0.7536680320842831
curriculum,905,random_walk,6,gaussian,-21.595089566373574,0.7445212875848018
curriculum,906,stationary,8,correlated,-28.605142518729995,0.8776808218619625
curriculum,907,linear,4,none,-8.850210788037465,0.8601756955433792
curriculum,908,cyclic,6,gaussian,-11.933335608785972,0.670557881376244
curriculum,909,jump,8,correlated,-17.064539032141838,0.7488979975625515
curriculum,910,random_walk,4,none,-9.392113582098961,0.8639508927943013
curriculum,911,stationary,6,gaussian,-14.087852966891585,0.7059509404579403
curriculum,912,linear,8,correlated,-9.087761823901882,0.47676550833063824
curriculum,913,cyclic,4,none,-13.030757670003076,0.746584813680476
curriculum,914,jump,6,gaussian,-26.79958264781755,0.734625456964795
curriculum,915,random_walk,8,correlated,-32.24848702601615,1.0278898452585417
curriculum,916,stationary,4,none,-5.821225172043777,0.8958970194901641
curriculum,917,linear,6,gaussian,-5.326217463195807,0.8979969173899501
curriculum,918,cyclic,8,correlated,-13.303603502105652,0.5095661635578994
curriculum,919,jump,4,none,-13.57807651972239,0.7588924697736606
curriculum,920,random_walk,6,gaussian,-24.428938628822927,0.6359436178219809
curriculum,921,stationary,8,correlated,-10.5416551148428,0.8063942945895655
curriculum,922,linear,4,none,-10.03177448568327,0.9169600118065832
curriculum,923,cyclic,6,gaussian,-30.89693689223169,0.7406819642240622
curriculum,924,jump,8,correlated,-14.924828855248869,0.7778301621630134
curriculum,925,random_walk,4,none,-20.202450401734808,0.88982813484484
curriculum,926,stationary,6,gaussian,-7.295525277366121,0.8559523516270853
curriculum,927,linear,8,correlated,-14.91912443616685,0.5143521731953772
curriculum,928,cyclic,4,none,-6.26110565421288,0.9267511135090649
curriculum,929,jump,6,gaussian,-20.98839054220876,0.7583863933596303
curriculum,930,random_walk,8,correlated,-19.18998001351037,0.737148708264723
curriculum,931,stationary,4,none,-7.977808940338757,0.8855517320443219
curriculum,932,linear,6,gaussian,-10.601616324357419,0.666951635392274
curriculum,933,cyclic,8,correlated,-14.12191427890615,0.4868258881680724
curriculum,934,jump,4,none,-11.668554078972793,0.642114594761169
curriculum,935,random_walk,6,gaussian,-17.51153545133361,0.5737159852976641
curriculum,936,stationary,8,correlated,-22.63890415747985,0.7963618978915983
curriculum,937,linear,4,none,-7.782927662235451,0.8307995610320896
curriculum,938,cyclic,6,gaussian,-15.21932584516914,0.7711895475917251
curriculum,939,jump,8,correlated,-18.313833302220345,0.6837150394023188
curriculum,940,random_walk,4,none,-11.556260418528328,0.7130288645339744
curriculum,941,stationary,6,gaussian,-19.878827975326352,0.6884365075133758
curriculum,942,linear,8,correlated,-11.02795515777305,0.7731698137528064
curriculum,943,cyclic,4,none,-5.399536921930002,0.7880997595388968
curriculum,944,jump,6,gaussian,-11.562148556170225,0.517857806568559
curriculum,945,random_walk,8,correlated,-22.44175850693476,0.664248955414198
curriculum,946,stationary,4,none,-7.977724032902683,0.7647480287029838
curriculum,947,linear,6,gaussian,-16.267031715339176,0.7328171866551347
curriculum,948,cyclic,8,correlated,-16.92495435717946,0.40175759939910893
curriculum,949,jump,4,none,-14.526583018012152,0.648827460666387
curriculum,950,random_walk,6,gaussian,-27.181448922717696,0.7994753847639786
curriculum,951,stationary,8,correlated,-15.037467366256974,0.5668530626839583
curriculum,952,linear,4,none,-18.601128113719437,0.738655340734265
curriculum,953,cyclic,6,gaussian,-16.148972675901337,0.6987462620801403
curriculum,954,jump,8,correlated,-12.5085767030148,0.5913366297990456
curriculum,955,random_walk,4,none,-8.088334252085335,0.6626127026777315
curriculum,956,stationary,6,gaussian,-9.230688857047667,0.6315528122414233
curriculum,957,linear,8,correlated,-15.582745700407864,0.5828446101801008
curriculum,958,cyclic,4,none,-6.362731070357164,0.7454312439101395
curriculum,959,jump,6,gaussian,-14.840626341881634,0.6377830481862288
curriculum,960,random_walk,8,correlated,-18.54621298661531,0.6011742990114942
curriculum,961,stationary,4,none,-9.974334056065988,0.6123220450566287
curriculum,962,linear,6,gaussian,-11.977901724338148,0.43643200063232096
curriculum,963,cyclic,8,correlated,-15.045299457473952,0.2425513888011129
curriculum,964,jump,4,none,-19.275804910479383,0.7440127237476158
curriculum,965,random_walk,6,gaussian,-19.807903455065514,0.7759464236454191
curriculum,966,stationary,8,correlated,-10.635453901537785,0.9116869037014654
curriculum,967,linear,4,none,-5.601804428132885,0.7825964895963543
curriculum,968,cyclic,6,gaussian,-9.347405879714383,0.7534322110436138
curriculum,969,jump,8,correlated,-12.14079964190215,0.37262032039886483
curriculum,970,random_walk,4,none,-27.661717972900576,0.9183327013651741
curriculum,971,stationary,6,gaussian,-15.788035262692048,0.8907107461108563
curriculum,972,linear,8,correlated,-14.46153838240059,0.6724414058690424
curriculum,973,cyclic,4,none,-15.243347612447193,0.6661192855090217
curriculum,974,jump,6,gaussian,-10.315941960027441,0.8147011804262977
curriculum,975,random_walk,8,correlated,-22.990012374536207,0.8149087964439454
curriculum,976,stationary,4,none,-4.502888472882915,0.8181442848041612
curriculum,977,linear,6,gaussian,-10.08465371471871,0.9865930746529065
curriculum,978,cyclic,8,correlated,-13.970453902219306,0.7015357167832708
curriculum,979,jump,4,none,-8.847783339970382,0.680682944421182
curriculum,980,random_walk,6,gaussian,-13.03870475100265,0.7678732947673275
curriculum,981,stationary,8,correlated,-13.01243657879423,0.559978779105255
curriculum,982,linear,4,none,-8.516046466208076,0.6476115470703047
curriculum,983,cyclic,6,gaussian,-10.73778935088745,0.7216192875305995
curriculum,984,jump,8,correlated,-32.63800296822563,0.8351254739163201
curriculum,985,random_walk,4,none,-8.237184856854658,0.8096159094315226
curriculum,986,stationary,6,gaussian,-10.601801760845003,0.9065360512480991
curriculum,987,linear,8,correlated,-12.318544173216258,0.6740888089610763
curriculum,988,cyclic,4,none,-12.48773021136279,0.6670718014408975
curriculum,989,jump,6,gaussian,-17.381752508884535,0.6529103223815642
curriculum,990,random_walk,8,correlated,-21.770397210978217,0.8454920335733187
curriculum,991,stationary,4,none,-12.30395714629356,0.8727287429485212
curriculum,992,linear,6,gaussian,-6.471038635936578,1.005134092378005
curriculum,993,cyclic,8,correlated,-13.911455006079656,0.6725039156843058
curriculum,994,jump,4,none,-6.609029935512037,0.9140460041894236
curriculum,995,random_walk,6,gaussian,-17.536818822974098,0.7967621030761189
curriculum,996,stationary,8,correlated,-5.54081404994408,0.8633962430742956
curriculum,997,linear,4,none,-10.799470896156993,0.7804578648588771
curriculum,998,cyclic,6,gaussian,-8.046201684143613,0.640486747984512
curriculum,999,jump,8,correlated,-17.75289641886443,0.6303975182546386
curriculum,1000,random_walk,4,none,-5.874700455140793,0.777721780142991
curriculum,1001,stationary,6,gaussian,-9.021747051826955,0.7251114320319874
curriculum,1002,linear,8,correlated,-10.675843365737045,0.7023314422582063
curriculum,1003,cyclic,4,none,-7.6063681102683764,0.5788613571645638
curriculum,1004,jump,6,gaussian,-13.249576048544938,0.5976717404669178
curriculum,1005,random_walk,8,correlated,-19.963450539777952,0.718013092489433
curriculum,1006,stationary,4,none,-16.78997435288006,0.8452684585013965
curriculum,1007,linear,6,gaussian,-9.983894656988674,0.8350240482217064
curriculum,1008,cyclic,8,correlated,-9.633208554352196,0.7494921702888048
curriculum,1009,jump,4,none,-18.12236667685947,0.5980493231308386
curriculum,1010,random_walk,6,gaussian,-16.80537101249562,0.5733626754870766
curriculum,1011,stationary,8,correlated,-10.679300550410504,0.6744761053658533
curriculum,1012,linear,4,none,-5.7336594115168555,0.8231590509984035
curriculum,1013,cyclic,6,gaussian,-11.236047282548014,0.5996606277467239
curriculum,1014,jump,8,correlated,-22.22737849890156,0.6967287539556473
curriculum,1015,random_walk,4,none,-21.663811299464953,0.8393141717264054
curriculum,1016,stationary,6,gaussian,-18.157356256911086,1.0219197712733052
curriculum,1017,linear,8,correlated,-6.0062771334798315,1.0045788934952629
curriculum,1018,cyclic,4,none,-10.591403471507647,0.7776038908006079
curriculum,1019,jump,6,gaussian,-8.976417081009393,0.8238352954897182
curriculum,1020,random_walk,8,correlated,-11.808602211873684,0.5469331845345204
curriculum,1021,stationary,4,none,-5.855205592520213,0.7914548753290116
curriculum,1022,linear,6,gaussian,-9.487100236408079,0.6531833768643829
curriculum,1023,cyclic,8,correlated,-24.42764233326948,0.6271915485270378
curriculum,1024,jump,4,none,-8.292018254995346,0.780143488625208
curriculum,1025,random_walk,6,gaussian,-10.513660626302233,0.6876130461966508
curriculum,1026,stationary,8,correlated,-7.128306747261103,0.8272691229658001
curriculum,1027,linear,4,none,-12.46029857736124,0.7332010839106157
curriculum,1028,cyclic,6,gaussian,-6.128024321855826,0.9198343749317278
curriculum,1029,jump,8,correlated,-9.980830007059826,0.6057614867507405
curriculum,1030,random_walk,4,none,-18.139022326828695,0.8934396549491914
curriculum,1031,stationary,6,gaussian,-8.958789177371733,0.7788119716055126
curriculum,1032,linear,8,correlated,-16.425364374864092,0.6620992443264031
curriculum,1033,cyclic,4,none,-9.963680385828738,0.7647351089991983
curriculum,1034,jump,6,gaussian,-14.769726921514446,0.769315986598572
curriculum,1035,random_walk,8,correlated,-15.95719693873841,0.6939617582164319
curriculum,1036,stationary,4,none,-9.710577843612992,0.9667631432845918
curriculum,1037,linear,6,gaussian,-14.419818591357835,0.6540628024884846
curriculum,1038,cyclic,8,correlated,-15.661351549647376,0.5546438340033806
curriculum,1039,jump,4,none,-10.891181760435497,0.8493281084498664
curriculum,1040,random_walk,6,gaussian,-24.4402116685051,0.9070962295244083
curriculum,1041,stationary,8,correlated,-11.465291096271361,0.9884243339539027
curriculum,1042,linear,4,none,-9.401543021129328,0.9372578584813109
curriculum,1043,cyclic,6,gaussian,-18.162265447428023,0.7263961835497662
curriculum,1044,jump,8,correlated,-22.248900099547445,0.9178357905895925
curriculum,1045,random_walk,4,none,-13.038181963039317,0.8909057290366686
curriculum,1046,stationary,6,gaussian,-9.849360828624521,0.6784761918987758
curriculum,1047,linear,8,correlated,-14.253937982177494,0.7324826019498811
curriculum,1048,cyclic,4,none,-12.724831822093638,0.625298208302558
curriculum,1049,jump,6,gaussian,-24.152816073495046,0.754588401240561
curriculum,1050,random_walk,8,correlated,-15.577188262045714,0.6981676216970201
curriculum,1051,stationary,4,none,-4.5393280832381295,1.0020234529242096
curriculum,1052,linear,6,gaussian,-12.055482447846678,0.7311348187063406
curriculum,1053,cyclic,8,correlated,-8.415099444836214,0.8099295731641428
curriculum,1054,jump,4,none,-19.839351364295453,0.8409229836583162
curriculum,1055,random_walk,6,gaussian,-16.239898347793538,0.7251928974885952
curriculum,1056,stationary,8,correlated,-11.187412796675304,0.8188844737503548
curriculum,1057,linear,4,none,-10.174428224349395,0.9194584026199341
curriculum,1058,cyclic,6,gaussian,-12.560764876240391,0.5742079109626056
curriculum,1059,jump,8,correlated,-12.45426599977446,0.5813043065389136
curriculum,1060,random_walk,4,none,-9.433615374836764,0.7475573634652465
curriculum,1061,stationary,6,gaussian,-5.834705498144613,0.8987618298051159
curriculum,1062,linear,8,correlated,-18.395137982698092,0.7599140565670679
curriculum,1063,cyclic,4,none,-15.373964110847288,0.7839141540965396
curriculum,1064,jump,6,gaussian,-20.454025846282534,0.9315076037270007
curriculum,1065,random_walk,8,correlated,-26.16922735721799,1.085455894366879
curriculum,1066,stationary,4,none,-7.90111047441067,0.9265152287876983
curriculum,1067,linear,6,gaussian,-20.10601682981499,1.004345621512332
curriculum,1068,cyclic,8,correlated,-28.278060159519292,0.969629363983546
curriculum,1069,jump,4,none,-15.125790468054959,0.9057163920848357
curriculum,1070,random_walk,6,gaussian,-15.788287862927119,0.9418732576836856
curriculum,1071,stationary,8,correlated,-6.747919845786903,0.9143274692392079
curriculum,1072,linear,4,none,-13.925551645031518,0.8213916474803293
curriculum,1073,cyclic,6,gaussian,-15.532939716638445,0.6475127903961168
curriculum,1074,jump,8,correlated,-21.738843600505394,0.7681367102007763
curriculum,1075,random_walk,4,none,-17.83144246606622,0.9662229482717052
curriculum,1076,stationary,6,gaussian,-13.24992108166947,0.8246161770000299
curriculum,1077,linear,8,correlated,-12.654599403829348,0.5637484787365749
curriculum,1078,cyclic,4,none,-8.846061066729405,0.836999119788746
curriculum,1079,jump,6,gaussian,-16.67120379909582,0.6484967346955279
curriculum,1080,random_walk,8,correlated,-15.739039926969976,0.7468484439772901
curriculum,1081,stationary,4,none,-7.781317305179803,0.8546648627112962
curriculum,1082,linear,6,gaussian,-13.154733433966175,0.6713856702095534
curriculum,1083,cyclic,8,correlated,-8.492975721573034,0.7191046736653138
curriculum,1084,jump,4,none,-13.570340124951676,0.6698760262022564
curriculum,1085,random_walk,6,gaussian,-21.720711915101933,0.918908488771153
curriculum,1086,stationary,8,correlated,-9.981846850389605,0.8471767665734748
curriculum,1087,linear,4,none,-6.094633964294477,1.0296193104269498
curriculum,1088,cyclic,6,gaussian,-9.609515498638832,0.6937587101963854
curriculum,1089,jump,8,correlated,-16.18362529099608,0.557795429021886
curriculum,1090,random_walk,4,none,-11.628017566930186,0.6935472837877201
curriculum,1091,stationary,6,gaussian,-12.410520037058053,0.9089471786642249
curriculum,1092,linear,8,correlated,-11.260224765738325,0.7823144664057986
curriculum,1093,cyclic,4,none,-4.728571461687796,0.8989729302107685
curriculum,1094,jump,6,gaussian,-23.35405136885621,0.7214429955477856
curriculum,1095,random_walk,8,correlated,-26.47939068243248,0.9132072850349277
curriculum,1096,stationary,4,none,-6.199994083663449,0.9236280061410852
curriculum,1097,linear,6,gaussian,-15.776009544760065,0.8870773303596037
curriculum,1098,cyclic,8,correlated,-17.903624391450855,0.9159365224229943
curriculum,1099,jump,4,none,-10.847271602609704,0.8916319373848538
curriculum,1100,random_walk,6,gaussian,-22.97784698389588,1.05876448499023
curriculum,1101,stationary,8,correlated,-11.506633118636355,0.8840350155648974
curriculum,1102,linear,4,none,-4.59716474309098,0.9354387228050397
curriculum,1103,cyclic,6,gaussian,-11.242777561376343,0.6837542548900405
curriculum,1104,jump,8,correlated,-23.841837276618918,0.7398739276294439
curriculum,1105,random_walk,4,none,-11.874551723522025,0.8394247221416388
curriculum,1106,stationary,6,gaussian,-11.66261696264531,0.7978205439127931
curriculum,1107,linear,8,correlated,-3.7231269767120567,0.8578875223546755
curriculum,1108,cyclic,4,none,-15.537059126425774,0.7343055460711956
curriculum,1109,jump,6,gaussian,-17.385322879860023,0.9239566176426279
curriculum,1110,random_walk,8,correlated,-25.33448305924634,0.7044199065961781
curriculum,1111,stationary,4,none,-4.824402854360329,0.8252477051621441
curriculum,1112,linear,6,gaussian,-6.174435923710931,0.8568554219372999
curriculum,1113,cyclic,8,correlated,-9.659086988728655,0.7106115958207428
curriculum,1114,jump,4,none,-7.517071890959153,0.7835359524809655
curriculum,1115,random_walk,6,gaussian,-11.698224646734776,0.6201055586062829
curriculum,1116,stationary,8,correlated,-12.598611391134039,0.6310568395430035
curriculum,1117,linear,4,none,-5.923780084300088,0.9564216460603159
curriculum,1118,cyclic,6,gaussian,-14.052470158043013,0.631293489095586
curriculum,1119,jump,8,correlated,-18.695032451463074,0.7147962591375929
curriculum,1120,random_walk,4,none,-14.428506944293932,0.7068585886769423
curriculum,1121,stationary,6,gaussian,-7.1845690926371155,0.7664040552012359
curriculum,1122,linear,8,correlated,-11.505179570352725,0.7266382002277916
curriculum,1123,cyclic,4,none,-9.196365046397874,0.7005331367072261
curriculum,1124,jump,6,gaussian,-24.27906451459291,0.9951436896529394
curriculum,1125,random_walk,8,correlated,-14.880446051535412,0.7050969366276585
curriculum,1126,stationary,4,none,-4.193094149378594,0.8393904595457815
curriculum,1127,linear,6,gaussian,-6.875082405119514,0.9173707817689735
curriculum,1128,cyclic,8,correlated,-11.136815481888213,0.622469824255187
curriculum,1129,jump,4,none,-16.56130890853703,0.9968195468604135
curriculum,1130,random_walk,6,gaussian,-21.981371315054698,0.7257598805641772
curriculum,1131,stationary,8,correlated,-10.374448474891958,0.8678126282510921
curriculum,1132,linear,4,none,-7.1979489192440465,0.8842950439160493
curriculum,1133,cyclic,6,gaussian,-9.00467895208298,0.7492076945714149
curriculum,1134,jump,8,correlated,-15.541515346090401,0.5076529749485085
curriculum,1135,random_walk,4,none,-15.718168190663533,0.7617107090697968
curriculum,1136,stationary,6,gaussian,-6.1641185953815505,0.8456659291606652
curriculum,1137,linear,8,correlated,-9.985496322005474,0.7043463261767732
curriculum,1138,cyclic,4,none,-11.44612337960396,0.7104077796563002
curriculum,1139,jump,6,gaussian,-17.280458579147236,0.7171557463373739
curriculum,1140,random_walk,8,correlated,-11.887800899152234,0.6455949468046525
curriculum,1141,stationary,4,none,-6.921287837898644,0.8698482001923227
curriculum,1142,linear,6,gaussian,-8.178997517228126,0.7451082168361367
curriculum,1143,cyclic,8,correlated,-22.507452081592113,0.7342534730527019
curriculum,1144,jump,4,none,-9.636194442796988,0.9077042543340582
curriculum,1145,random_walk,6,gaussian,-12.417433828900187,0.7507414010794798
curriculum,1146,stationary,8,correlated,-7.882208135855444,0.8177847647846963
curriculum,1147,linear,4,none,-9.554101474805153,0.8031296183154495
curriculum,1148,cyclic,6,gaussian,-9.957062424075552,0.6167714961762943
curriculum,1149,jump,8,correlated,-23.66505112844544,0.6052021847800243
curriculum,1150,random_walk,4,none,-5.569722251222009,0.8897571335358666
curriculum,1151,stationary,6,gaussian,-6.810322369841467,1.042529222814252
curriculum,1152,linear,8,correlated,-6.90053689162531,0.8296081698693272
curriculum,1153,cyclic,4,none,-4.730980664355448,0.8608252383623682
curriculum,1154,jump,6,gaussian,-20.264627384267126,0.6052581042763874
curriculum,1155,random_walk,8,correlated,-14.815390758999381,0.6546605686953054
curriculum,1156,stationary,4,none,-4.816836009105969,0.9760436336843504
curriculum,1157,linear,6,gaussian,-7.968218338981011,0.7654888778632559
curriculum,1158,cyclic,8,correlated,-9.022252446211972,0.5505991085225967
curriculum,1159,jump,4,none,-15.371724605389538,0.6397798765079434
curriculum,1160,random_walk,6,gaussian,-12.373653096515095,0.7244157357342156
curriculum,1161,stationary,8,correlated,-15.599043945301258,0.7916137195559518
curriculum,1162,linear,4,none,-9.013839127197862,0.9304535859595628
curriculum,1163,cyclic,6,gaussian,-10.8548586432039,0.6882388710998308
curriculum,1164,jump,8,correlated,-25.310351457065522,0.5426179352486509
curriculum,1165,random_walk,4,none,-11.165705844782087,0.796711235349399
curriculum,1166,stationary,6,gaussian,-64.99171858141213,1.1945663358172496
curriculum,1167,linear,8,correlated,-7.015410109131984,0.9384591525284641
curriculum,1168,cyclic,4,none,-11.221845814213157,0.92890036512227
curriculum,1169,jump,6,gaussian,-13.938331436014005,0.8323859310413214
curriculum,1170,random_walk,8,correlated,-19.196052747264396,0.9364743177531183
curriculum,1171,stationary,4,none,-8.305832018625168,0.9637766313307334
curriculum,1172,linear,6,gaussian,-11.749343997617785,0.9791086255081254
curriculum,1173,cyclic,8,correlated,-12.173030564409158,0.838528214128693
curriculum,1174,jump,4,none,-18.20177428685166,0.7793981409418596
curriculum,1175,random_walk,6,gaussian,-10.872586265097897,0.8242270741138409
curriculum,1176,stationary,8,correlated,-9.002335119235799,0.8053082508642753
curriculum,1177,linear,4,none,-7.086971401909471,0.8815635683709571
curriculum,1178,cyclic,6,gaussian,-15.451618465882401,0.5161076642093503
curriculum,1179,jump,8,correlated,-10.490506297324025,0.4906474439418263
curriculum,1180,random_walk,4,none,-12.480183164672678,0.6290534712898979
curriculum,1181,stationary,6,gaussian,-7.913409639398531,0.9016512600507169
curriculum,1182,linear,8,correlated,-5.275161960601661,1.0054285693855394
curriculum,1183,cyclic,4,none,-14.991827179147938,0.6092553012431091
curriculum,1184,jump,6,gaussian,-12.327412934340689,0.6433506526578345
curriculum,1185,random_walk,8,correlated,-35.62627875306735,0.8210949543850928
curriculum,1186,stationary,4,none,-13.283968577177033,0.779641193216422
curriculum,1187,linear,6,gaussian,-6.12789569283972,0.9615580787708339
curriculum,1188,cyclic,8,correlated,-18.790676465003017,0.6650048814322751
curriculum,1189,jump,4,none,-20.37093132452576,0.8957805556290565
curriculum,1190,random_walk,6,gaussian,-31.534423263916214,0.8962272295515039
curriculum,1191,stationary,8,correlated,-12.193755482476128,0.9621255111873198
curriculum,1192,linear,4,none,-10.982804066544464,0.9282308334701354
curriculum,1193,cyclic,6,gaussian,-19.38705167143975,0.6581611606274425
curriculum,1194,jump,8,correlated,-32.132298465201714,1.080066260106452
curriculum,1195,random_walk,4,none,-11.654295591891517,1.0321838290713725
curriculum,1196,stationary,6,gaussian,-10.602402234272592,0.8338992533647659
curriculum,1197,linear,8,correlated,-15.50028876634839,0.7433306077111953
curriculum,1198,cyclic,4,none,-22.775171008905424,1.0332210831222337
curriculum,1199,jump,6,gaussian,-17.722389311111368,0.9235434281670944
curriculum,1200,random_walk,8,correlated,-15.441485715986186,0.8125989093940988
curriculum,1201,stationary,4,none,-8.286845890660798,0.8562198529534287
curriculum,1202,linear,6,gaussian,-8.859781250570238,0.715303994557525
curriculum,1203,cyclic,8,correlated,-14.742574184932439,0.6285713521778253
curriculum,1204,jump,4,none,-31.61883733831221,0.8310895968141484
curriculum,1205,random_walk,6,gaussian,-12.21960423495035,0.7805039710931011
curriculum,1206,stationary,8,correlated,-8.522165422299246,0.7881196272686901
curriculum,1207,linear,4,none,-10.271213115319066,0.755702878271246
curriculum,1208,cyclic,6,gaussian,-19.086962208937766,0.6054892289744768
curriculum,1209,jump,8,correlated,-23.640453473487597,0.8294787406730695
curriculum,1210,random_walk,4,none,-13.385380667178095,0.8564825655588584
curriculum,1211,stationary,6,gaussian,-7.3438640256385055,0.9047414941847419
curriculum,1212,linear,8,correlated,-16.542944195307356,0.8018411576160718
curriculum,1213,cyclic,4,none,-8.420531605920544,0.7624491153076669
curriculum,1214,jump,6,gaussian,-40.07552193917381,0.7655225356098226
curriculum,1215,random_walk,8,correlated,-26.14497169148203,0.9238323693647754
curriculum,1216,stationary,4,none,-9.730717335147784,0.9182522324092346
curriculum,1217,linear,6,gaussian,-10.796882158476766,0.7730248350147184
curriculum,1218,cyclic,8,correlated,-25.97461749905933,0.8367363660894156
curriculum,1219,jump,4,none,-11.894916320840782,0.9854963694667646
curriculum,1220,random_walk,6,gaussian,-16.528575124801726,0.7335698116471727
curriculum,1221,stationary,8,correlated,-10.06731644901577,0.9119581281649648
curriculum,1222,linear,4,none,-8.67380336240085,0.7922233301396757
curriculum,1223,cyclic,6,gaussian,-15.27378528228947,0.6517731755513465
curriculum,1224,jump,8,correlated,-22.818338343029573,0.8154749148535331
curriculum,1225,random_walk,4,none,-9.492500511229565,0.7174702658084483
curriculum,1226,stationary,6,gaussian,-6.720108470428169,1.1083142815504066
curriculum,1227,linear,8,correlated,-10.591467527966685,0.5974437116429403
curriculum,1228,cyclic,4,none,-6.478276840504538,0.8687128726979345
curriculum,1229,jump,6,gaussian,-14.684291998978354,0.6261424138720175
curriculum,1230,random_walk,8,correlated,-15.094267160400442,0.7128317554455303
curriculum,1231,stationary,4,none,-7.595509812019305,0.8659155967120548
curriculum,1232,linear,6,gaussian,-10.265776528957417,0.5880320700459217
curriculum,1233,cyclic,8,correlated,-12.55432891761333,0.6780657802432012
curriculum,1234,jump,4,none,-16.46898404290338,0.9446101529834416
curriculum,1235,random_walk,6,gaussian,-12.09202511276414,0.7274566557820992
curriculum,1236,stationary,8,correlated,-19.814557399456277,0.7618678709505269
curriculum,1237,linear,4,none,-4.710458755679428,0.9429294613802061
curriculum,1238,cyclic,6,gaussian,-11.0221122494007,0.8432792424952021
curriculum,1239,jump,8,correlated,-12.881456070885054,0.8038144859664357
curriculum,1240,random_walk,4,none,-14.163495198890992,0.7798124409710709
curriculum,1241,stationary,6,gaussian,-13.083167261419298,0.6889469850819235
curriculum,1242,linear,8,correlated,-12.179606246495393,0.7265379551374526
curriculum,1243,cyclic,4,none,-11.826432091479772,0.5187617977177423
curriculum,1244,jump,6,gaussian,-37.90101584014007,0.9156839405600922
curriculum,1245,random_walk,8,correlated,-18.83004408516593,0.8322470948307249
curriculum,1246,stationary,4,none,-12.972577133922698,0.7053266879961696
curriculum,1247,linear,6,gaussian,-12.16984563702274,0.8101468544097408
curriculum,1248,cyclic,8,correlated,-15.601436407138664,0.42671950884515164
curriculum,1249,jump,4,none,-15.354594340185868,0.8713548957801226
curriculum,1250,random_walk,6,gaussian,-12.734772031859176,0.7978408551903107
curriculum,1251,stationary,8,correlated,-7.505468462274832,0.8495675281124108
curriculum,1252,linear,4,none,-4.821930824690411,0.9639194940358857
curriculum,1253,cyclic,6,gaussian,-12.897332987456942,0.6512620796645436
curriculum,1254,jump,8,correlated,-14.15755104353768,0.5099896481221744
curriculum,1255,random_walk,4,none,-9.7552269605801,0.7424235021849815
curriculum,1256,stationary,6,gaussian,-8.041559885209136,0.8332512918481481
curriculum,1257,linear,8,correlated,-14.760275113966992,0.5796396394996898
curriculum,1258,cyclic,4,none,-5.1244048367673525,0.8992846383268841
curriculum,1259,jump,6,gaussian,-23.62897425777865,0.7550154166329595
curriculum,1260,random_walk,8,correlated,-26.096820768469794,0.706028442382151
curriculum,1261,stationary,4,none,-4.0967767208832075,0.9637978658030463
curriculum,1262,linear,6,gaussian,-12.763621359792435,0.7922068175620329
curriculum,1263,cyclic,8,correlated,-5.822942630220499,0.7990531908964656
curriculum,1264,jump,4,none,-15.814495222014376,0.9525877686730773
curriculum,1265,random_walk,6,gaussian,-13.104629860328629,0.6618494255183628
curriculum,1266,stationary,8,correlated,-7.212638101968755,0.9116268248936794
curriculum,1267,linear,4,none,-7.571060492434421,0.902719478616242
curriculum,1268,cyclic,6,gaussian,-20.49970805657248,0.7982347563377286
curriculum,1269,jump,8,correlated,-18.320198848104123,0.6864639645538239
curriculum,1270,random_walk,4,none,-11.856005806847165,0.8138656738115546
curriculum,1271,stationary,6,gaussian,-7.40630018951173,0.9353958435633049
curriculum,1272,linear,8,correlated,-6.973211476573294,0.80829596484022
curriculum,1273,cyclic,4,none,-7.664940693704411,0.8743183870309139
curriculum,1274,jump,6,gaussian,-18.727727161349147,0.5123563694034574
curriculum,1275,random_walk,8,correlated,-10.987959099802719,0.5296092814426416
curriculum,1276,stationary,4,none,-3.6709248165371404,0.9099000913649092
curriculum,1277,linear,6,gaussian,-10.937251767527805,0.854123452235568
curriculum,1278,cyclic,8,correlated,-18.832482939268505,0.4206611904811594
curriculum,1279,jump,4,none,-25.641769041017938,0.8900273422629779
curriculum,1280,random_walk,6,gaussian,-26.75082236519612,0.8196051849175306
curriculum,1281,stationary,8,correlated,-12.150192676582442,0.8304999154051707
curriculum,1282,linear,4,none,-5.744028794470546,0.9259422197212002
curriculum,1283,cyclic,6,gaussian,-11.928980346299756,0.7081658174388176
curriculum,1284,jump,8,correlated,-19.62972970752332,0.5405572405494905
curriculum,1285,random_walk,4,none,-16.245265503915277,0.7355098959850264
curriculum,1286,stationary,6,gaussian,-12.927984966604798,0.5371208528065617
curriculum,1287,linear,8,correlated,-3.818079874037653,0.977836443004821
curriculum,1288,cyclic,4,none,-4.77826385012595,0.8292283087018731
curriculum,1289,jump,6,gaussian,-21.331211089346994,0.6699043621947975
curriculum,1290,random_walk,8,correlated,-10.524237989164423,0.7254330428374158
curriculum,1291,stationary,4,none,-4.737487644205685,0.9370947297872096
curriculum,1292,linear,6,gaussian,-11.764195453464668,0.9391742192556805
curriculum,1293,cyclic,8,correlated,-14.254883471002312,0.4491234341212834
curriculum,1294,jump,4,none,-10.84308569543939,0.8527168694051651
curriculum,1295,random_walk,6,gaussian,-10.47078904138624,0.6776873034088229
curriculum,1296,stationary,8,correlated,-5.068750233536123,0.9391931617630641
curriculum,1297,linear,4,none,-4.569720544916658,0.9216558593340356
curriculum,1298,cyclic,6,gaussian,-14.483422019629288,0.35888021389322533
curriculum,1299,jump,8,correlated,-11.414881547265487,0.5972200555317967
curriculum,1300,random_walk,4,none,-5.634098372980413,0.8690472231233546
curriculum,1301,stationary,6,gaussian,-9.240121397946359,0.6695655311096702
curriculum,1302,linear,8,correlated,-8.0816029391289,0.787827444026315
curriculum,1303,cyclic,4,none,-9.79460768196918,0.7546744212939798
curriculum,1304,jump,6,gaussian,-12.750424583983746,0.6582283535267026
curriculum,1305,random_walk,8,correlated,-16.491991059641954,0.638165640612589
curriculum,1306,stationary,4,none,-3.3821277886884324,0.8564404963258406
curriculum,1307,linear,6,gaussian,-10.055281830498977,0.8556852840481589
curriculum,1308,cyclic,8,correlated,-9.476609856808603,0.8192479579912121
curriculum,1309,jump,4,none,-24.698034259406235,0.7343199869543118
curriculum,1310,random_walk,6,gaussian,-9.564031067248632,0.8007321846617714
curriculum,1311,stationary,8,correlated,-7.969554157410139,0.8781170141289923
curriculum,1312,linear,4,none,-4.271056084041484,0.9432898755547878
curriculum,1313,cyclic,6,gaussian,-19.97397272312795,0.5091157338608907
curriculum,1314,jump,8,correlated,-32.34720188386002,1.0364081631964122
curriculum,1315,random_walk,4,none,-12.873121844815294,1.0024258002342958
curriculum,1316,stationary,6,gaussian,-6.409235100653211,1.0773231966510388
curriculum,1317,linear,8,correlated,-13.687396462854647,0.691960588794841
curriculum,1318,cyclic,4,none,-25.737355158996444,1.031664580373412
curriculum,1319,jump,6,gaussian,-18.652109392347242,1.062927349055253
curriculum,1320,random_walk,8,correlated,-33.814776242502674,1.2067946186894638
curriculum,1321,stationary,4,none,-7.969069253868778,0.9710982321311151
curriculum,1322,linear,6,gaussian,-7.679488437834176,1.0329520675289547
curriculum,1323,cyclic,8,correlated,-15.19382335159884,0.8538838663084112
curriculum,1324,jump,4,none,-13.493862943359009,0.7306018672175413
curriculum,1325,random_walk,6,gaussian,-10.250006091286235,0.7772960601021707
curriculum,1326,stationary,8,correlated,-10.085871958014055,0.82469302953557
curriculum,1327,linear,4,none,-5.493653039211582,0.888016586481608
curriculum,1328,cyclic,6,gaussian,-16.69056755038379,0.5929268328950552
curriculum,1329,jump,8,correlated,-21.66426837078938,0.7434254292874136
curriculum,1330,random_walk,4,none,-8.440468739249546,0.8596806689793575
curriculum,1331,stationary,6,gaussian,-11.483260627140247,1.0454786374996374
curriculum,1332,linear,8,correlated,-9.601308271871478,0.6703315615546639
curriculum,1333,cyclic,4,none,-36.00495241987987,0.8972879267512941
curriculum,1334,jump,6,gaussian,-27.80525284522949,1.1428817750405769
curriculum,1335,random_walk,8,correlated,-12.990181319248869,0.9141814877065609
curriculum,1336,stationary,4,none,-5.007468460624223,0.8870345142390285
curriculum,1337,linear,6,gaussian,-8.301538605186296,0.8146591729435368
curriculum,1338,cyclic,8,correlated,-10.256767517113147,0.44544147487180463
curriculum,1339,jump,4,none,-27.765393163870932,0.8555627809929899
curriculum,1340,random_walk,6,gaussian,-6.491382620694789,1.0116229616826007
curriculum,1341,stationary,8,correlated,-12.937723354584428,0.8220070548687479
curriculum,1342,linear,4,none,-5.2288267471164005,0.942954593039337
curriculum,1343,cyclic,6,gaussian,-14.057780427035803,0.7074347998901981
curriculum,1344,jump,8,correlated,-11.74151137595704,0.6838249444589246
curriculum,1345,random_walk,4,none,-8.051310444401441,0.8546440427588591
curriculum,1346,stationary,6,gaussian,-5.128208005344463,0.9682926436142043
curriculum,1347,linear,8,correlated,-12.847516459691587,0.7276797738174238
curriculum,1348,cyclic,4,none,-11.137790253193685,0.7935400690135299
curriculum,1349,jump,6,gaussian,-22.045719301063606,0.6502795337799229
curriculum,1350,random_walk,8,correlated,-35.473770510742796,0.9396490248835991
curriculum,1351,stationary,4,none,-6.532245022985153,0.9618286806723632
curriculum,1352,linear,6,gaussian,-9.259470702601051,0.7337479136904717
curriculum,1353,cyclic,8,correlated,-9.160778745632054,0.7223473303162464
curriculum,1354,jump,4,none,-16.54408198894926,0.7783785546166107
curriculum,1355,random_walk,6,gaussian,-13.461275081713968,0.6193134229489556
curriculum,1356,stationary,8,correlated,-6.742543324714047,0.8734696295884075
curriculum,1357,linear,4,none,-13.767977919184096,0.863820077020336
curriculum,1358,cyclic,6,gaussian,-5.582658886685968,0.9421610724592788
curriculum,1359,jump,8,correlated,-12.347624105878245,0.6409445034785111
curriculum,1360,random_walk,4,none,-5.224315390228061,0.9953758558212668
curriculum,1361,stationary,6,gaussian,-5.810350555073811,1.1130304002402052
curriculum,1362,linear,8,correlated,-7.498822977931272,0.8610664412035991
curriculum,1363,cyclic,4,none,-9.321036547675268,0.8013615690748706
curriculum,1364,jump,6,gaussian,-25.93884505886914,0.6174226666645962
curriculum,1365,random_walk,8,correlated,-22.876608457431935,0.600300954649947
curriculum,1366,stationary,4,none,-2.3376757444365652,0.8463397009328076
curriculum,1367,linear,6,gaussian,-7.778016572783018,0.9084456953545358
curriculum,1368,cyclic,8,correlated,-13.298064512443032,0.6845656937103117
curriculum,1369,jump,4,none,-14.010770386292936,0.7460207160889153
curriculum,1370,random_walk,6,gaussian,-42.666713313491094,0.8387161393851963
curriculum,1371,stationary,8,correlated,-21.15112609992366,0.90997597023221
curriculum,1372,linear,4,none,-13.044675660712308,0.9452904696119141
curriculum,1373,cyclic,6,gaussian,-11.194359677157376,0.8146304229941037
curriculum,1374,jump,8,correlated,-27.758643484044562,0.8784727112970403
curriculum,1375,random_walk,4,none,-25.5845134639547,0.990706959251807
curriculum,1376,stationary,6,gaussian,-7.898711268328281,0.9678807743218469
curriculum,1377,linear,8,correlated,-10.533586890934046,0.8794435788273333
curriculum,1378,cyclic,4,none,-12.282488274857617,0.8097414444251567
curriculum,1379,jump,6,gaussian,-12.466611682332086,0.6968458549676331
curriculum,1380,random_walk,8,correlated,-13.998035010876084,0.6108425583420468
curriculum,1381,stationary,4,none,-8.46753148924766,0.7520827173885234
curriculum,1382,linear,6,gaussian,-8.41866438334301,0.8636853074919596
curriculum,1383,cyclic,8,correlated,-13.940010570481487,0.5507961853211812
curriculum,1384,jump,4,none,-33.23664616545756,0.9566975618345058
curriculum,1385,random_walk,6,gaussian,-18.688304770766777,0.7554272214799982
curriculum,1386,stationary,8,correlated,-6.625181638804801,0.9271981639129173
curriculum,1387,linear,4,none,-6.748879488112728,0.8933137041226576
curriculum,1388,cyclic,6,gaussian,-15.07096000507653,0.8758217766235825
curriculum,1389,jump,8,correlated,-13.557310801122822,0.6252757731620332
curriculum,1390,random_walk,4,none,-13.203204102174233,0.8535350411124123
curriculum,1391,stationary,6,gaussian,-8.750143975420407,0.9758215768326043
curriculum,1392,linear,8,correlated,-11.765758397275018,0.8057883701427311
curriculum,1393,cyclic,4,none,-8.001703593165821,0.7751057886929522
curriculum,1394,jump,6,gaussian,-14.585585162041639,0.5781411626485142
curriculum,1395,random_walk,8,correlated,-23.767508496528855,0.7497717799783489
curriculum,1396,stationary,4,none,-11.126548863952888,0.791742244795618
curriculum,1397,linear,6,gaussian,-6.788901194008449,0.8501879525531788
curriculum,1398,cyclic,8,correlated,-28.804065978675318,0.7456882031211417
curriculum,1399,jump,4,none,-10.08393471941008,0.9610049693727616
curriculum,1400,random_walk,6,gaussian,-16.702365153672996,0.7957879113012659
curriculum,1401,stationary,8,correlated,-26.112695614985295,0.6149521614366024
curriculum,1402,linear,4,none,-8.787731835586717,0.9215416769835075
curriculum,1403,cyclic,6,gaussian,-9.456931424976398,0.861384975747373
curriculum,1404,jump,8,correlated,-17.265298930378766,1.0095674061146096
curriculum,1405,random_walk,4,none,-17.318303426095696,0.757119540845136
curriculum,1406,stationary,6,gaussian,-7.88545381335583,0.8794949060968044
curriculum,1407,linear,8,correlated,-14.36649990269439,0.6437823488334647
curriculum,1408,cyclic,4,none,-10.683076724990507,0.7909635321170139
curriculum,1409,jump,6,gaussian,-24.850962837214347,0.809241113414263
curriculum,1410,random_walk,8,correlated,-21.109377148707225,0.8212926655273671
curriculum,1411,stationary,4,none,-15.122606474236967,1.0099684116179737
curriculum,1412,linear,6,gaussian,-11.086157367081157,0.6476154639137122
curriculum,1413,cyclic,8,correlated,-21.72885150154506,0.6281650483819314
curriculum,1414,jump,4,none,-8.506750758042035,0.8190381980675214
curriculum,1415,random_walk,6,gaussian,-19.459014114516656,0.6800881228720937
curriculum,1416,stationary,8,correlated,-6.980679497690429,0.7227067454370228
curriculum,1417,linear,4,none,-9.603179680610811,0.8593578628311528
curriculum,1418,cyclic,6,gaussian,-10.505926561583209,0.7409550371296316
curriculum,1419,jump,8,correlated,-36.50184283560413,0.8802988235501047
curriculum,1420,random_walk,4,none,-7.449985696951873,0.9674227861997912
curriculum,1421,stationary,6,gaussian,-11.231443913102707,0.844291695489428
curriculum,1422,linear,8,correlated,-6.485529975893907,0.8130502327507954
curriculum,1423,cyclic,4,none,-13.451524888072163,0.8679644359617923
curriculum,1424,jump,6,gaussian,-13.27402669514391,0.9239884200401633
curriculum,1425,random_walk,8,correlated,-18.687520662225484,0.7800650200284969
curriculum,1426,stationary,4,none,-7.218137729957234,0.97271564493927
curriculum,1427,linear,6,gaussian,-16.41828828108931,0.8939025866618326
curriculum,1428,cyclic,8,correlated,-27.651649869095603,0.9814055369211309
curriculum,1429,jump,4,none,-20.385681995020125,0.898503764454589
curriculum,1430,random_walk,6,gaussian,-20.34755187931769,0.8740419435781479
curriculum,1431,stationary,8,correlated,-7.860240339136601,0.9143333783532339
curriculum,1432,linear,4,none,-5.634384050967055,0.9911425148676665
curriculum,1433,cyclic,6,gaussian,-21.58067913046835,0.734881075926765
curriculum,1434,jump,8,correlated,-21.939967364443135,0.8030627918683436
curriculum,1435,random_walk,4,none,-12.186244537734247,0.7035770385124385
curriculum,1436,stationary,6,gaussian,-5.637819346398638,0.9882918759142129
curriculum,1437,linear,8,correlated,-6.505822349540866,0.9223201772526745
curriculum,1438,cyclic,4,none,-7.2943680279204495,0.8337355087169727
curriculum,1439,jump,6,gaussian,-32.56162843715202,0.7816900457719156
curriculum,1440,random_walk,8,correlated,-10.808693704230553,0.6673630299540241
curriculum,1441,stationary,4,none,-7.810509346719267,0.8747372334142774
curriculum,1442,linear,6,gaussian,-35.0018671753047,1.0878961882523437
curriculum,1443,cyclic,8,correlated,-22.518269146860582,0.8072997536973794
curriculum,1444,jump,4,none,-13.770402589236074,1.0078889483069837
curriculum,1445,random_walk,6,gaussian,-29.746720904914206,0.8438347401657407
curriculum,1446,stationary,8,correlated,-8.564769740765698,0.9937058523473858
curriculum,1447,linear,4,none,-7.123175021947052,0.9553803493776141
curriculum,1448,cyclic,6,gaussian,-15.580563521579208,0.6274020426192445
curriculum,1449,jump,8,correlated,-25.037982843094714,0.779403977440633
curriculum,1450,random_walk,4,none,-17.059538516676824,0.8200759161662525
curriculum,1451,stationary,6,gaussian,-12.869332854439207,0.7834072950127828
curriculum,1452,linear,8,correlated,-13.415201695814883,0.5054195885055623
curriculum,1453,cyclic,4,none,-7.006232610543736,0.7643246653759019
curriculum,1454,jump,6,gaussian,-32.647214743378925,0.8958318852787357
curriculum,1455,random_walk,8,correlated,-19.542312605072198,0.9375190887170819
curriculum,1456,stationary,4,none,-8.019328005655389,0.9640237768786537
curriculum,1457,linear,6,gaussian,-6.34694504455885,0.9568523272151406
curriculum,1458,cyclic,8,correlated,-9.740471066873479,0.48543050133048704
curriculum,1459,jump,4,none,-18.163075325814283,0.7087833913995024
curriculum,1460,random_walk,6,gaussian,-9.886906867414663,0.847543034362318
curriculum,1461,stationary,8,correlated,-9.613814408479012,0.925035957304198
curriculum,1462,linear,4,none,-7.446107313982211,0.988068798752273
curriculum,1463,cyclic,6,gaussian,-14.880770686790346,0.5227890395569358
curriculum,1464,jump,8,correlated,-30.829303059303232,0.8165026767847703
curriculum,1465,random_walk,4,none,-19.827751740018336,0.8466926068922518
curriculum,1466,stationary,6,gaussian,-3.2937942277607117,0.8999966139893478
curriculum,1467,linear,8,correlated,-15.616997452430844,0.8887647977047475
curriculum,1468,cyclic,4,none,-10.149511181487359,0.9045057815519826
curriculum,1469,jump,6,gaussian,-8.868149445311792,0.8021978208894953
curriculum,1470,random_walk,8,correlated,-22.455609250932987,0.6342966434311292
curriculum,1471,stationary,4,none,-5.884222738294685,0.9515044832237258
curriculum,1472,linear,6,gaussian,-5.57775720794036,0.9592999524759126
curriculum,1473,cyclic,8,correlated,-22.45744266126973,0.6932051235430736
curriculum,1474,jump,4,none,-15.279128977654125,0.8807589403215218
curriculum,1475,random_walk,6,gaussian,-14.539930816956272,0.7755926837293997
curriculum,1476,stationary,8,correlated,-12.277074473317143,0.8443897299072131
curriculum,1477,linear,4,none,-7.083786481124335,0.7872091150296446
curriculum,1478,cyclic,6,gaussian,-17.18535676638316,0.8198307464067367
curriculum,1479,jump,8,correlated,-18.25557967924491,0.6939376783988553
curriculum,1480,random_walk,4,none,-6.842455062560116,0.8997953918951118
curriculum,1481,stationary,6,gaussian,-13.75409060661641,0.8918949844260773
curriculum,1482,linear,8,correlated,-17.692069137828494,0.49309074637531375
curriculum,1483,cyclic,4,none,-7.774302949861298,0.9556832439168736
curriculum,1484,jump,6,gaussian,-17.28686037125322,0.7398810091956737
curriculum,1485,random_walk,8,correlated,-14.619369517194874,0.7848400295582045
curriculum,1486,stationary,4,none,-8.742826070516402,0.9272126081582567
curriculum,1487,linear,6,gaussian,-8.973170785852272,0.8062167386156702
curriculum,1488,cyclic,8,correlated,-10.471386240935807,0.3696274428419647
curriculum,1489,jump,4,none,-19.571295920227676,0.7820511391133328
curriculum,1490,random_walk,6,gaussian,-44.68053948242969,0.9427397250890287
curriculum,1491,stationary,8,correlated,-25.576013577450528,0.9632916277123421
curriculum,1492,linear,4,none,-5.1852274185220395,1.014412582427497
curriculum,1493,cyclic,6,gaussian,-19.966206242900217,0.8200374864567408
curriculum,1494,jump,8,correlated,-32.34479412592052,1.0404308536929303
curriculum,1495,random_walk,4,none,-9.120501076620219,0.9753171249597136
curriculum,1496,stationary,6,gaussian,-16.104081290758465,0.8654689392019197
curriculum,1497,linear,8,correlated,-20.033612855218756,0.8716136265315477
curriculum,1498,cyclic,4,none,-8.198728838487586,0.8163660728950571
curriculum,1499,jump,6,gaussian,-10.413863619536972,0.8050693703286859
curriculum,1500,random_walk,8,correlated,-21.56481079109786,0.588280264787213
curriculum,1501,stationary,4,none,-6.277020603039711,1.0085926893722916
curriculum,1502,linear,6,gaussian,-22.879106596331503,0.9936086521611889
curriculum,1503,cyclic,8,correlated,-13.618777253683863,0.6797860797067622
curriculum,1504,jump,4,none,-24.12121903234118,0.8723734896153269
curriculum,1505,random_walk,6,gaussian,-28.183390850560656,0.8443902546796902
curriculum,1506,stationary,8,correlated,-22.05762947133923,1.171911395928913
curriculum,1507,linear,4,none,-8.082002462467646,0.955496581307063
curriculum,1508,cyclic,6,gaussian,-11.007249433346335,0.6293225920791091
curriculum,1509,jump,8,correlated,-16.49703936210184,0.7198129839649333
curriculum,1510,random_walk,4,none,-18.674459971710498,0.813514520554292
curriculum,1511,stationary,6,gaussian,-6.6198940176293455,1.027351037345812
curriculum,1512,linear,8,correlated,-9.024620969235333,0.7126599980128112
curriculum,1513,cyclic,4,none,-7.130361365663251,0.8405721764862653
curriculum,1514,jump,6,gaussian,-22.600709854016632,0.820884166718072
curriculum,1515,random_walk,8,correlated,-20.841508293006463,0.733469900370498
curriculum,1516,stationary,4,none,-4.645343694719449,0.8842845670457671
curriculum,1517,linear,6,gaussian,-5.7308322859626575,0.9119530929713069
curriculum,1518,cyclic,8,correlated,-19.276138859228414,0.5013419132591332
curriculum,1519,jump,4,none,-16.961866256366484,0.6784251207145386
curriculum,1520,random_walk,6,gaussian,-15.256104131913997,0.5859011221908046
curriculum,1521,stationary,8,correlated,-12.807421799223398,0.863155054736314
curriculum,1522,linear,4,none,-7.344576446343244,0.8263710642630564
curriculum,1523,cyclic,6,gaussian,-14.586656416856094,0.5839275710573758
curriculum,1524,jump,8,correlated,-10.669529554347958,0.7172834578912243
curriculum,1525,random_walk,4,none,-7.308608968191664,0.8335771068878856
curriculum,1526,stationary,6,gaussian,-10.903747160194667,0.5607430999932854
curriculum,1527,linear,8,correlated,-7.744158753575682,0.6742988572015916
curriculum,1528,cyclic,4,none,-9.716237423215063,0.5881909355271772
curriculum,1529,jump,6,gaussian,-20.70244671360495,0.5908814729844651
curriculum,1530,random_walk,8,correlated,-15.880943553772513,0.37048176109297853
curriculum,1531,stationary,4,none,-10.733823671888526,0.8914132393080237
curriculum,1532,linear,6,gaussian,-9.719943122142366,0.6882009739611381
curriculum,1533,cyclic,8,correlated,-13.544188946938933,0.5592179104503143
curriculum,1534,jump,4,none,-44.7170848530426,0.8420707561379442
curriculum,1535,random_walk,6,gaussian,-13.088876345092382,0.7301225037441553
curriculum,1536,stationary,8,correlated,-16.992949959620752,0.5912003963839669
curriculum,1537,linear,4,none,-15.388029501684477,0.9824804518302159
curriculum,1538,cyclic,6,gaussian,-16.725959573734006,0.9871815050138177
curriculum,1539,jump,8,correlated,-19.586478389675307,1.0999632621883007
curriculum,1540,random_walk,4,none,-4.367185803050702,1.0116895138796547
curriculum,1541,stationary,6,gaussian,-8.85357836397181,0.850098469929577
curriculum,1542,linear,8,correlated,-17.614287317213666,0.615944963681774
curriculum,1543,cyclic,4,none,-4.537988513696008,0.9679871082239455
curriculum,1544,jump,6,gaussian,-22.2418904260812,0.9896902951643052
curriculum,1545,random_walk,8,correlated,-22.651926577520605,0.8109026899707693
curriculum,1546,stationary,4,none,-10.25385712122079,0.9293435368622702
curriculum,1547,linear,6,gaussian,-11.626263141661035,0.9659820452617887
curriculum,1548,cyclic,8,correlated,-16.030226009517587,0.6382457496921102
curriculum,1549,jump,4,none,-14.633282815723675,1.0107184781214835
curriculum,1550,random_walk,6,gaussian,-16.427858840815965,0.7255732483616246
curriculum,1551,stationary,8,correlated,-9.905548687023703,0.5677781939308071
curriculum,1552,linear,4,none,-7.336206039162271,0.8565799470804466
curriculum,1553,cyclic,6,gaussian,-14.60743727594173,0.5051726647892077
curriculum,1554,jump,8,correlated,-40.60777040150006,0.9099466553487938
curriculum,1555,random_walk,4,none,-9.74625092306924,1.0051484195204385
curriculum,1556,stationary,6,gaussian,-5.808703720693261,0.9989450423665043
curriculum,1557,linear,8,correlated,-28.905160824901067,0.7796450235205887
curriculum,1558,cyclic,4,none,-8.199899114602879,0.8120002501733268
curriculum,1559,jump,6,gaussian,-17.308782967329822,0.8174416859773593
curriculum,1560,random_walk,8,correlated,-31.004311548218897,0.9351682451152911
curriculum,1561,stationary,4,none,-4.91804145641513,0.9872493079529395
curriculum,1562,linear,6,gaussian,-13.86294074416932,0.9149268322589086
curriculum,1563,cyclic,8,correlated,-11.970525381123927,0.6425848186208567
curriculum,1564,jump,4,none,-20.099478146685907,0.711871408290634
curriculum,1565,random_walk,6,gaussian,-16.750337995273597,0.6690585881719585
curriculum,1566,stationary,8,correlated,-7.579158000126247,0.8737604291810517
curriculum,1567,linear,4,none,-3.849720076459227,0.9370783712587066
curriculum,1568,cyclic,6,gaussian,-9.601774801128013,0.6629590483363701
curriculum,1569,jump,8,correlated,-23.996386861050308,0.7396757902929507
curriculum,1570,random_walk,4,none,-13.089951143175353,0.6655264198704887
curriculum,1571,stationary,6,gaussian,-6.954712277463573,0.9587977494743626
curriculum,1572,linear,8,correlated,-14.405994441134853,0.7613401537751872
curriculum,1573,cyclic,4,none,-8.297155690647418,0.8213944060316514
curriculum,1574,jump,6,gaussian,-13.409160952786149,0.44081530202108626
curriculum,1575,random_walk,8,correlated,-26.034568697673123,0.4940620076691446
curriculum,1576,stationary,4,none,-10.46939622877678,0.7385025318375841
curriculum,1577,linear,6,gaussian,-5.582624202581643,0.8033446393800755
curriculum,1578,cyclic,8,correlated,-18.770933186197333,0.7701018555195829
curriculum,1579,jump,4,none,-8.946580277024024,0.9310900610227855
curriculum,1580,random_walk,6,gaussian,-14.472892159280098,0.589546531302519
curriculum,1581,stationary,8,correlated,-7.410769794399333,0.8037073862748685
curriculum,1582,linear,4,none,-6.452211325600307,0.9627574519750735
curriculum,1583,cyclic,6,gaussian,-19.001793915685248,0.5647370127354351
curriculum,1584,jump,8,correlated,-13.823585066764709,0.65827488364684
curriculum,1585,random_walk,4,none,-18.873075665483753,0.5341040526964083
curriculum,1586,stationary,6,gaussian,-6.119287838110965,0.9196420205195199
curriculum,1587,linear,8,correlated,-15.45307470129175,0.5478652835772261
curriculum,1588,cyclic,4,none,-15.183736706911585,0.852554981901077
curriculum,1589,jump,6,gaussian,-14.143285483179822,0.7531295882901092
curriculum,1590,random_walk,8,correlated,-19.525744215522646,0.5698067980532283
curriculum,1591,stationary,4,none,-4.150851275575212,0.999635108671139
curriculum,1592,linear,6,gaussian,-7.765432120715606,0.9417594602703664
curriculum,1593,cyclic,8,correlated,-21.3953062479411,0.674339918396423
curriculum,1594,jump,4,none,-16.056304523291608,0.9418186728777066
curriculum,1595,random_walk,6,gaussian,-14.715913841938455,0.7161583868865853
curriculum,1596,stationary,8,correlated,-11.967016727060741,0.7633053503105854
curriculum,1597,linear,4,none,-11.340433910457236,0.6077506589578496
curriculum,1598,cyclic,6,gaussian,-11.549901067470739,0.6339224255120174
curriculum,1599,jump,8,correlated,-12.163402258101193,0.6197927133581025
curriculum,1600,random_walk,4,none,-11.329429210360706,0.686105521806874
curriculum,1601,stationary,6,gaussian,-13.651012183320544,0.6813791219900074
curriculum,1602,linear,8,correlated,-17.054955908016986,0.6508662609282994
curriculum,1603,cyclic,4,none,-6.43942440990762,0.9601057041110467
curriculum,1604,jump,6,gaussian,-22.89517225483814,0.5856718154974325
curriculum,1605,random_walk,8,correlated,-20.727362792772148,0.6640479950688422
curriculum,1606,stationary,4,none,-7.3059997537743,1.0560001737810896
curriculum,1607,linear,6,gaussian,-13.567333166121788,0.8546381342765832
curriculum,1608,cyclic,8,correlated,-11.745388225896098,0.6536253253279611
curriculum,1609,jump,4,none,-11.194330094983233,0.665420696563887
curriculum,1610,random_walk,6,gaussian,-18.146153722910213,0.47763791541898704
curriculum,1611,stationary,8,correlated,-5.322669803465911,0.9735821868516688
curriculum,1612,linear,4,none,-8.818364670349254,0.7439336019265376
curriculum,1613,cyclic,6,gaussian,-19.29939310149547,0.5893561445508009
curriculum,1614,jump,8,correlated,-13.611207256152888,0.6893719554536701
curriculum,1615,random_walk,4,none,-20.239398531716006,0.9614208870151979
curriculum,1616,stationary,6,gaussian,-9.921625115998662,0.81785823095909
curriculum,1617,linear,8,correlated,-12.028732678531501,0.6389854728507258
curriculum,1618,cyclic,4,none,-17.265502652490184,0.5491004923287396
curriculum,1619,jump,6,gaussian,-23.895866476587955,0.7883610543049229
curriculum,1620,random_walk,8,correlated,-22.84208346571811,0.9247801600082575
curriculum,1621,stationary,4,none,-5.63761749411287,0.978035370739622
curriculum,1622,linear,6,gaussian,-13.00828420993332,0.6581278398751893
curriculum,1623,cyclic,8,correlated,-16.060133157606288,0.5000815717243621
curriculum,1624,jump,4,none,-8.188429407450144,0.7558993515572197
curriculum,1625,random_walk,6,gaussian,-14.202070180216154,0.6291619671710496
curriculum,1626,stationary,8,correlated,-13.029345868674488,0.27879696771744866
curriculum,1627,linear,4,none,-5.400055896029807,0.9188483293728517
curriculum,1628,cyclic,6,gaussian,-20.23657353576067,0.5727135422055222
curriculum,1629,jump,8,correlated,-16.436665123666284,0.4999233387876316
curriculum,1630,random_walk,4,none,-19.775888491295134,0.6781361266541723
curriculum,1631,stationary,6,gaussian,-9.552581737634627,0.6768466004295192
curriculum,1632,linear,8,correlated,-5.510341162944753,0.9271963723580893
curriculum,1633,cyclic,4,none,-6.289198245307996,0.7518310271919824
curriculum,1634,jump,6,gaussian,-21.257715982271037,0.5573570477701028
curriculum,1635,random_walk,8,correlated,-40.84686228078064,0.8747313722148542
curriculum,1636,stationary,4,none,-16.217296703642273,0.9846743440594917
curriculum,1637,linear,6,gaussian,-9.218012509565295,0.7775034222392688
curriculum,1638,cyclic,8,correlated,-8.712960070368016,0.8172960004011
curriculum,1639,jump,4,none,-8.601251201883517,0.8576710852255198
curriculum,1640,random_walk,6,gaussian,-16.90896782008575,0.5675924165122445
curriculum,1641,stationary,8,correlated,-13.990066134249139,0.581641367280388
curriculum,1642,linear,4,none,-6.513244302179664,0.8853446644487365
curriculum,1643,cyclic,6,gaussian,-20.356784356649726,0.5356168118361339
curriculum,1644,jump,8,correlated,-14.36705408759894,0.6073559701367681
curriculum,1645,random_walk,4,none,-7.176581057104069,0.8129963509033103
curriculum,1646,stationary,6,gaussian,-5.745288710949029,0.9268025461547023
curriculum,1647,linear,8,correlated,-16.800583603567013,0.8303944182946296
curriculum,1648,cyclic,4,none,-11.95051545779246,0.6248528569276076
curriculum,1649,jump,6,gaussian,-17.303752702019345,0.5500531795387873
curriculum,1650,random_walk,8,correlated,-20.849808164964024,0.8671606750642076
curriculum,1651,stationary,4,none,-3.234577866587633,0.9919052215231515
curriculum,1652,linear,6,gaussian,-14.025483121471446,0.7094079475961639
curriculum,1653,cyclic,8,correlated,-11.897667762357434,0.7090356982258279
curriculum,1654,jump,4,none,-7.645897876868489,0.9289183735886134
curriculum,1655,random_walk,6,gaussian,-17.44796364665961,0.4362810436160241
curriculum,1656,stationary,8,correlated,-10.496569689277418,0.6993629913467481
curriculum,1657,linear,4,none,-3.5560407250437764,0.8911099211489709
curriculum,1658,cyclic,6,gaussian,-14.888419260509318,0.6218018898987682
curriculum,1659,jump,8,correlated,-18.879349617432304,0.7296707691236028
curriculum,1660,random_walk,4,none,-6.2793010576832575,0.929860606263906
curriculum,1661,stationary,6,gaussian,-9.144579378600804,0.9045798514467996
curriculum,1662,linear,8,correlated,-10.664037605122372,0.614575067962724
curriculum,1663,cyclic,4,none,-10.47430239479795,0.6254295344868708
curriculum,1664,jump,6,gaussian,-26.4046950485015,0.7206653307200231
curriculum,1665,random_walk,8,correlated,-18.978328157237577,0.6154086820380753
curriculum,1666,stationary,4,none,-8.13119096964536,0.9885557564987781
curriculum,1667,linear,6,gaussian,-8.414681739883768,0.9187668150726186
curriculum,1668,cyclic,8,correlated,-6.727131985248541,0.9590259967656755
curriculum,1669,jump,4,none,-10.341762507832609,0.8983485528937747
curriculum,1670,random_walk,6,gaussian,-22.174008318619848,0.6873791891483304
curriculum,1671,stationary,8,correlated,-12.475770289530875,0.6411235637369508
curriculum,1672,linear,4,none,-6.675943729691207,0.946820583227183
curriculum,1673,cyclic,6,gaussian,-10.440535635931528,0.8712577498875872
curriculum,1674,jump,8,correlated,-8.873631439146418,0.7449858582459745
curriculum,1675,random_walk,4,none,-9.628910736548134,0.704613182574613
curriculum,1676,stationary,6,gaussian,-7.628835252094554,0.9244324187074252
curriculum,1677,linear,8,correlated,-12.764838919545507,0.826435734378402
curriculum,1678,cyclic,4,none,-12.289240490466662,0.9039894490772001
curriculum,1679,jump,6,gaussian,-8.509935479957857,0.8844380639340453
curriculum,1680,random_walk,8,correlated,-23.277453101493524,0.48879529690467577
curriculum,1681,stationary,4,none,-3.481569405641323,1.0174987351778846
curriculum,1682,linear,6,gaussian,-7.626255410407226,0.8306705644867309
curriculum,1683,cyclic,8,correlated,-9.378540083693345,0.7174308521831929
curriculum,1684,jump,4,none,-22.179139427538786,0.693672508544516
curriculum,1685,random_walk,6,gaussian,-11.553742347390155,0.6041182665901021
curriculum,1686,stationary,8,correlated,-7.8916601003685845,0.878977973720666
curriculum,1687,linear,4,none,-12.303428523987531,0.9721959283559591
curriculum,1688,cyclic,6,gaussian,-13.545947582879961,0.6481553062539946
curriculum,1689,jump,8,correlated,-17.82541465286975,0.6449349699548401
curriculum,1690,random_walk,4,none,-8.231409275494517,0.8224229506354435
curriculum,1691,stationary,6,gaussian,-12.924470127285282,0.9068993501165263
curriculum,1692,linear,8,correlated,-13.906937724668758,0.44850676947466034
curriculum,1693,cyclic,4,none,-9.485457289517587,0.8666191230296171
curriculum,1694,jump,6,gaussian,-17.912650349083734,0.4842362169084362
curriculum,1695,random_walk,8,correlated,-21.311614681774664,0.57833000861993
curriculum,1696,stationary,4,none,-7.15185797144806,0.9462701272625201
curriculum,1697,linear,6,gaussian,-8.789953444006501,0.9772988915329825
curriculum,1698,cyclic,8,correlated,-23.14191323230337,0.7207285851621165
curriculum,1699,jump,4,none,-13.668514779762544,0.7396645579236291
curriculum,1700,random_walk,6,gaussian,-13.041206260510538,0.6611314322888333
curriculum,1701,stationary,8,correlated,-10.028793238713714,0.7308408136261397
curriculum,1702,linear,4,none,-27.960208741378334,0.9699875439411887
curriculum,1703,cyclic,6,gaussian,-7.682396170706097,0.8925389826639896
curriculum,1704,jump,8,correlated,-16.224274240277268,0.5986661561964788
curriculum,1705,random_walk,4,none,-7.412811364735999,0.805673056009806
curriculum,1706,stationary,6,gaussian,-8.28120187401995,0.7993668908127738
curriculum,1707,linear,8,correlated,-7.176937445648166,0.8527925368639195
curriculum,1708,cyclic,4,none,-6.83239803353486,0.7637902416666755
curriculum,1709,jump,6,gaussian,-18.89907726300234,0.5626706526565262
curriculum,1710,random_walk,8,correlated,-17.827562113537354,0.5574255201977122
curriculum,1711,stationary,4,none,-9.010460269935418,0.9187432338485287
curriculum,1712,linear,6,gaussian,-7.73681885496105,0.8504849636095132
curriculum,1713,cyclic,8,correlated,-22.845149481832834,0.6913367157337609
curriculum,1714,jump,4,none,-7.963228994999081,0.8402244223987936
curriculum,1715,random_walk,6,gaussian,-23.80973766499065,0.7662619069710532
curriculum,1716,stationary,8,correlated,-4.942070106607041,1.0297212544739893
curriculum,1717,linear,4,none,-8.332996800968662,0.8763908828054529
curriculum,1718,cyclic,6,gaussian,-18.342447849710137,0.7566457807401636
curriculum,1719,jump,8,correlated,-21.647973846573578,0.7880439274364456
curriculum,1720,random_walk,4,none,-11.20017458006177,0.8167671489141697
curriculum,1721,stationary,6,gaussian,-8.954646740605687,0.9381254848404303
curriculum,1722,linear,8,correlated,-13.174622920038544,0.5585774670884631
curriculum,1723,cyclic,4,none,-6.062520695209969,0.9823840864333121
curriculum,1724,jump,6,gaussian,-13.389881245021058,0.5229687435110157
curriculum,1725,random_walk,8,correlated,-21.951001441709575,0.7023050601940659
curriculum,1726,stationary,4,none,-13.150559971011738,0.9414284589146
curriculum,1727,linear,6,gaussian,-8.473508880176325,0.888259588998802
curriculum,1728,cyclic,8,correlated,-15.711567512612437,0.610619907197578
curriculum,1729,jump,4,none,-15.797755639134337,0.9094257586093578
curriculum,1730,random_walk,6,gaussian,-15.091178706443529,0.6065670085995232
curriculum,1731,stationary,8,correlated,-6.409526518588769,0.7666088593664757
curriculum,1732,linear,4,none,-7.513936561084818,0.9294784263475571
curriculum,1733,cyclic,6,gaussian,-6.679788237429144,0.8522512248552634
curriculum,1734,jump,8,correlated,-13.260777702346694,0.4114627805753822
curriculum,1735,random_walk,4,none,-6.4633349854793565,0.9147013459938723
curriculum,1736,stationary,6,gaussian,-5.252220656909593,1.068499381267269
curriculum,1737,linear,8,correlated,-15.067960246784095,0.6381887043295735
curriculum,1738,cyclic,4,none,-10.06943574012703,0.8649789529016436
curriculum,1739,jump,6,gaussian,-18.789133687332342,0.7947342895598641
curriculum,1740,random_walk,8,correlated,-17.742776556907728,0.710356603699678
curriculum,1741,stationary,4,none,-7.903138792552384,0.6884720352031513
curriculum,1742,linear,6,gaussian,-14.997126312240326,0.6247277042170571
curriculum,1743,cyclic,8,correlated,-15.88669330752472,0.6536822452322577
curriculum,1744,jump,4,none,-27.0118789573888,0.8089887694859208
curriculum,1745,random_walk,6,gaussian,-19.024015499625257,0.8009803955538587
curriculum,1746,stationary,8,correlated,-15.826567356580867,0.47519745643933575
curriculum,1747,linear,4,none,-8.25587458051741,0.9397854662124105
curriculum,1748,cyclic,6,gaussian,-27.423762110469724,0.8144809343160171
curriculum,1749,jump,8,correlated,-15.67838715605374,0.7805801200788035
curriculum,1750,random_walk,4,none,-15.112583359066766,0.8860240821180667
curriculum,1751,stationary,6,gaussian,-6.539892474970255,1.0354390108420426
curriculum,1752,linear,8,correlated,-5.125888537215841,0.984992343458995
curriculum,1753,cyclic,4,none,-11.807303289085684,0.7085739647215004
curriculum,1754,jump,6,gaussian,-13.220627832201242,0.5016821301227692
curriculum,1755,random_walk,8,correlated,-20.479867646513483,0.5070938204805674
curriculum,1756,stationary,4,none,-7.742405219661265,0.8722086195239388
curriculum,1757,linear,6,gaussian,-13.72972201324001,0.5551244080226807
curriculum,1758,cyclic,8,correlated,-10.587681175219696,0.4539162605910664
curriculum,1759,jump,4,none,-11.733975768717006,0.7349907127358406
curriculum,1760,random_walk,6,gaussian,-66.99242473880874,0.8764337051490265
curriculum,1761,stationary,8,correlated,-5.783673764653214,1.0748825809834517
curriculum,1762,linear,4,none,-10.844288486842999,0.8724194054705954
curriculum,1763,cyclic,6,gaussian,-14.433396719028185,0.5749927440572284
curriculum,1764,jump,8,correlated,-27.568013960269102,0.7552945133476887
curriculum,1765,random_walk,4,none,-16.00318601489286,1.0022985104176354
curriculum,1766,stationary,6,gaussian,-16.87894545578068,0.7909943342520266
curriculum,1767,linear,8,correlated,-12.125230424106602,0.7294984850639434
curriculum,1768,cyclic,4,none,-21.365548007535807,0.8038406652221852
curriculum,1769,jump,6,gaussian,-17.006064475893865,0.7732125901481223
curriculum,1770,random_walk,8,correlated,-26.920700055150935,0.8478777025762056
curriculum,1771,stationary,4,none,-8.738105601485081,1.0092854743016475
curriculum,1772,linear,6,gaussian,-10.016503764337116,0.9142530118839174
curriculum,1773,cyclic,8,correlated,-9.424001259891217,0.8197125212153586
curriculum,1774,jump,4,none,-13.659689708326866,0.85312346186127
curriculum,1775,random_walk,6,gaussian,-11.094199799734834,0.8102865861152336
curriculum,1776,stationary,8,correlated,-6.730012357748989,0.9478451497429508
curriculum,1777,linear,4,none,-6.243819582785063,0.8636717357668509
curriculum,1778,cyclic,6,gaussian,-12.720062251563533,0.7595348544610928
curriculum,1779,jump,8,correlated,-13.177079082482052,0.5174759031620548
curriculum,1780,random_walk,4,none,-8.168455793785272,0.8363930993604605
curriculum,1781,stationary,6,gaussian,-14.052695463259,0.7888984365848533
curriculum,1782,linear,8,correlated,-8.363481516799386,0.6935585806776599
curriculum,1783,cyclic,4,none,-5.62750561659821,0.8424520517757736
curriculum,1784,jump,6,gaussian,-13.402367957302904,0.5206082006941896
curriculum,1785,random_walk,8,correlated,-18.319533487209668,0.4300631658039954
curriculum,1786,stationary,4,none,-10.009994453499095,0.8553417181490618
curriculum,1787,linear,6,gaussian,-10.736444859272437,0.7790908632586129
curriculum,1788,cyclic,8,correlated,-22.406558882241384,0.5257745852969151
curriculum,1789,jump,4,none,-11.45306964473086,0.9051074765323712
curriculum,1790,random_walk,6,gaussian,-15.9592314313575,0.5590066972739718
curriculum,1791,stationary,8,correlated,-5.205216663144232,1.0742622160512116
curriculum,1792,linear,4,none,-11.263206617673394,0.8169191960193221
curriculum,1793,cyclic,6,gaussian,-8.704229308606921,0.8368795308890368
curriculum,1794,jump,8,correlated,-15.504417271731434,0.4203285568600322
curriculum,1795,random_walk,4,none,-7.097589470504051,0.9435903571699427
curriculum,1796,stationary,6,gaussian,-8.876753897531035,0.8713379996312156
curriculum,1797,linear,8,correlated,-12.405974835385365,0.5732214384779193
curriculum,1798,cyclic,4,none,-7.631906104404479,0.7696756346569161
curriculum,1799,jump,6,gaussian,-12.922163846229573,0.6986935487793893
curriculum,1800,random_walk,8,correlated,-15.980848847632327,0.6212817492756049
curriculum,1801,stationary,4,none,-6.131919949046834,1.0366084139219927
curriculum,1802,linear,6,gaussian,-7.286921612513323,0.9864875612324934
curriculum,1803,cyclic,8,correlated,-11.026856432734428,0.7355165062386029
curriculum,1804,jump,4,none,-6.749948735363781,0.9869752013798891
curriculum,1805,random_walk,6,gaussian,-18.999689679022413,0.6453475110776764
curriculum,1806,stationary,8,correlated,-8.859237769269733,0.8208089184193537
curriculum,1807,linear,4,none,-4.815244627407333,0.8586511432893804
curriculum,1808,cyclic,6,gaussian,-8.747493761769807,0.658938581019352
curriculum,1809,jump,8,correlated,-17.8909545269893,0.47511331344515684
curriculum,1810,random_walk,4,none,-8.536976742462198,0.8131379282816413
curriculum,1811,stationary,6,gaussian,-9.464003209625096,0.7712216719285031
curriculum,1812,linear,8,correlated,-8.49771270075318,0.716699560527198
curriculum,1813,cyclic,4,none,-3.2718216260778714,1.003822185119474
curriculum,1814,jump,6,gaussian,-18.166080576163885,0.40218653966234924
curriculum,1815,random_walk,8,correlated,-18.36699404690809,0.4052913107900943
curriculum,1816,stationary,4,none,-7.564721608214081,0.8037079877937703
curriculum,1817,linear,6,gaussian,-12.0000189278469,0.6765446040947606
curriculum,1818,cyclic,8,correlated,-13.775382769475547,0.515674692744955
curriculum,1819,jump,4,none,-8.291880778671242,0.8084161081657989
curriculum,1820,random_walk,6,gaussian,-20.577997737668888,0.47200601141041254
curriculum,1821,stationary,8,correlated,-19.32273573217675,0.5907663687274477
curriculum,1822,linear,4,none,-9.323805689515025,0.8443945376817024
curriculum,1823,cyclic,6,gaussian,-7.8198290126996435,0.7129728714624985
curriculum,1824,jump,8,correlated,-15.246633607459371,0.5156121915659173
curriculum,1825,random_walk,4,none,-22.464683872458338,0.949082751421869
curriculum,1826,stationary,6,gaussian,-11.968852146499504,0.9031526680331238
curriculum,1827,linear,8,correlated,-13.731284459093995,0.49560499179393036
curriculum,1828,cyclic,4,none,-11.557800436814235,0.7046424228646321
curriculum,1829,jump,6,gaussian,-14.723158662583465,0.5391432103550665
curriculum,1830,random_walk,8,correlated,-14.5444558873759,0.480493316244087
curriculum,1831,stationary,4,none,-12.376144231057346,0.9354007793811467
curriculum,1832,linear,6,gaussian,-14.744274204510461,0.6382124135756841
curriculum,1833,cyclic,8,correlated,-8.989610595332262,0.7899429140804823
curriculum,1834,jump,4,none,-46.375845705109725,0.8473466925999539
curriculum,1835,random_walk,6,gaussian,-15.865872271351732,0.7956135421627514
curriculum,1836,stationary,8,correlated,-9.642471658771978,0.6758022985689062
curriculum,1837,linear,4,none,-3.791167778402567,0.9470695983753747
curriculum,1838,cyclic,6,gaussian,-4.8610170101883705,0.8055231019302797
curriculum,1839,jump,8,correlated,-21.636206463797166,0.5343107719572149
curriculum,1840,random_walk,4,none,-5.326488557071473,0.9370745812164429
curriculum,1841,stationary,6,gaussian,-22.016960593875623,0.8363212761164711
curriculum,1842,linear,8,correlated,-10.09180463201139,0.8512087483622862
curriculum,1843,cyclic,4,none,-10.035375253083185,0.7358646359649528
curriculum,1844,jump,6,gaussian,-13.753929234721188,0.5516767445262174
curriculum,1845,random_walk,8,correlated,-18.070485745564888,0.6787639117824924
curriculum,1846,stationary,4,none,-6.755986217418684,0.9244850856251035
curriculum,1847,linear,6,gaussian,-16.283685831966395,0.5495601418242444
curriculum,1848,cyclic,8,correlated,-24.5553851694526,0.576638285976403
curriculum,1849,jump,4,none,-38.500681023875565,0.876256294330042
curriculum,1850,random_walk,6,gaussian,-18.120679806737954,0.9912277958878493
curriculum,1851,stationary,8,correlated,-9.718890536609234,0.9432925402189107
curriculum,1852,linear,4,none,-11.122138707493377,0.9251115773932421
curriculum,1853,cyclic,6,gaussian,-13.6480857187077,0.748257990576543
curriculum,1854,jump,8,correlated,-11.600737383220238,0.6649894130338981
curriculum,1855,random_walk,4,none,-12.27503597543061,0.6771043572816241
curriculum,1856,stationary,6,gaussian,-10.79678848796284,0.6943743934982619
curriculum,1857,linear,8,correlated,-8.26816039297955,0.5447559005829825
curriculum,1858,cyclic,4,none,-20.387620909526408,0.5890344422459199
curriculum,1859,jump,6,gaussian,-20.5436565640698,0.7802898496377009
curriculum,1860,random_walk,8,correlated,-37.5358005074823,0.8786956707834627
curriculum,1861,stationary,4,none,-10.383184711534653,0.9546675294980668
curriculum,1862,linear,6,gaussian,-7.449792466685912,0.9423901262989786
curriculum,1863,cyclic,8,correlated,-17.38622956113001,0.7476936197442903
curriculum,1864,jump,4,none,-13.704632699758855,0.8048547043738333
curriculum,1865,random_walk,6,gaussian,-11.273280962568489,0.7754880460921759
curriculum,1866,stationary,8,correlated,-8.525185128505864,0.7883905196238524
curriculum,1867,linear,4,none,-4.257496663527562,0.783793719052037
curriculum,1868,cyclic,6,gaussian,-15.258503332277273,0.5455688053600516
curriculum,1869,jump,8,correlated,-23.061616485152495,0.8934936399627826
curriculum,1870,random_walk,4,none,-8.57803845227405,0.8521760455371521
curriculum,1871,stationary,6,gaussian,-4.769958999713483,1.1168247351711407
curriculum,1872,linear,8,correlated,-10.274981814843503,0.8113969684193842
curriculum,1873,cyclic,4,none,-12.516177544657467,0.7429269754930293
curriculum,1874,jump,6,gaussian,-19.16732503885785,0.7338837812321226
curriculum,1875,random_walk,8,correlated,-16.39195097789728,0.6754335643188755
curriculum,1876,stationary,4,none,-4.529536257124272,0.8248488379023264
curriculum,1877,linear,6,gaussian,-8.741201417505426,0.8031707838957495
curriculum,1878,cyclic,8,correlated,-15.354269601760231,0.535528061910877
curriculum,1879,jump,4,none,-10.439692541943376,0.8430171868863298
curriculum,1880,random_walk,6,gaussian,-11.405034209910735,0.7581678264364305
curriculum,1881,stationary,8,correlated,-13.86775584437099,0.9301992135515789
curriculum,1882,linear,4,none,-14.729737330616247,0.8270709295535681
curriculum,1883,cyclic,6,gaussian,-22.529636284171353,0.8163689333129905
curriculum,1884,jump,8,correlated,-19.693394724239226,0.7603284917495239
curriculum,1885,random_walk,4,none,-8.220083576165926,0.9617790197296694
curriculum,1886,stationary,6,gaussian,-8.01775448645401,0.9306372112842152
curriculum,1887,linear,8,correlated,-12.489399458978557,0.9747328626537985
curriculum,1888,cyclic,4,none,-5.3115597716563805,1.00109524622383
curriculum,1889,jump,6,gaussian,-16.745980886854937,0.8822168365477282
curriculum,1890,random_walk,8,correlated,-24.27386138717643,0.8858951170973395
curriculum,1891,stationary,4,none,-3.795446919628187,0.8976559733139735
curriculum,1892,linear,6,gaussian,-11.63263145866004,0.9484594397873117
curriculum,1893,cyclic,8,correlated,-26.86796409805063,0.8531763867876135
curriculum,1894,jump,4,none,-8.685345928865717,0.8642311861988355
curriculum,1895,random_walk,6,gaussian,-11.227026841820921,0.7228969029271948
curriculum,1896,stationary,8,correlated,-9.68034783294392,0.6769971921979892
curriculum,1897,linear,4,none,-11.751805424869193,0.5964093655970881
curriculum,1898,cyclic,6,gaussian,-12.291463098976296,0.6919726608466625
curriculum,1899,jump,8,correlated,-22.855081784047798,0.6682760912234275
curriculum,1900,random_walk,4,none,-8.858602367875282,0.810718420805696
curriculum,1901,stationary,6,gaussian,-8.673953621765378,0.8171316943602053
curriculum,1902,linear,8,correlated,-12.910579731979219,0.35448374038083663
curriculum,1903,cyclic,4,none,-5.087588321806397,0.8692966314423524
curriculum,1904,jump,6,gaussian,-12.10614895211322,0.6379845690839748
curriculum,1905,random_walk,8,correlated,-36.59503497890748,0.6820280517921858
curriculum,1906,stationary,4,none,-5.186351318458276,0.933942386295203
curriculum,1907,linear,6,gaussian,-7.284558327189934,0.8478896278652485
curriculum,1908,cyclic,8,correlated,-21.998309732023877,0.8663982703285983
curriculum,1909,jump,4,none,-20.49384235312699,0.8997600065378617
curriculum,1910,random_walk,6,gaussian,-17.451308178372823,0.8835590473901209
curriculum,1911,stationary,8,correlated,-20.285063648537793,0.9846859558426196
curriculum,1912,linear,4,none,-4.565095827695913,0.9342082253667892
curriculum,1913,cyclic,6,gaussian,-25.256116782026645,1.0186852630758214
curriculum,1914,jump,8,correlated,-24.054771439248213,0.9825581079356732
curriculum,1915,random_walk,4,none,-7.837202327968542,0.9888908298704283
curriculum,1916,stationary,6,gaussian,-11.2326228133348,0.7996023326090684
curriculum,1917,linear,8,correlated,-9.010535297207959,0.9272981196516585
curriculum,1918,cyclic,4,none,-9.250633750625711,0.7006954683266884
curriculum,1919,jump,6,gaussian,-41.15343361644685,0.7352011251702478
curriculum,1920,random_walk,8,correlated,-26.478133845731627,0.9396832887392235
curriculum,1921,stationary,4,none,-32.28585166906653,1.1137322816269213
curriculum,1922,linear,6,gaussian,-7.500724626894851,0.9697345680860827
curriculum,1923,cyclic,8,correlated,-15.557490491160316,0.6617594696869269
curriculum,1924,jump,4,none,-16.94060518773219,0.7692432848635887
curriculum,1925,random_walk,6,gaussian,-15.636613522740024,0.7837166971942118
curriculum,1926,stationary,8,correlated,-11.87627925480477,0.6000202312963305
curriculum,1927,linear,4,none,-3.1137346434238133,1.0764307224825853
curriculum,1928,cyclic,6,gaussian,-10.595331232667608,0.6696159318208375
curriculum,1929,jump,8,correlated,-13.11692816247493,0.5013990845661483
curriculum,1930,random_walk,4,none,-10.27520925382131,0.7783226777102288
curriculum,1931,stationary,6,gaussian,-9.122605530235528,0.7223902130144092
curriculum,1932,linear,8,correlated,-29.204490261061895,0.7638264505011081
curriculum,1933,cyclic,4,none,-9.895203684445004,0.8727560090458593
curriculum,1934,jump,6,gaussian,-14.946393876236796,0.5662478297654914
curriculum,1935,random_walk,8,correlated,-15.395455005378253,0.5159435825453987
curriculum,1936,stationary,4,none,-5.947835132929809,0.8383133091482124
curriculum,1937,linear,6,gaussian,-8.817373204178558,0.6110576966895123
curriculum,1938,cyclic,8,correlated,-9.454109910911928,0.53987665869433
curriculum,1939,jump,4,none,-10.0736851512501,0.7547768852040782
curriculum,1940,random_walk,6,gaussian,-21.40553953424596,0.4944146066468244
curriculum,1941,stationary,8,correlated,-11.481186003427934,0.30819963488188656
curriculum,1942,linear,4,none,-21.243624636144055,0.505533852818206
curriculum,1943,cyclic,6,gaussian,-13.03584637380235,0.5334712376776007
curriculum,1944,jump,8,correlated,-14.68524870562129,0.48075490076851424
curriculum,1945,random_walk,4,none,-9.248228205410225,0.7437661564863898
curriculum,1946,stationary,6,gaussian,-6.924718969022283,0.7541932059315065
curriculum,1947,linear,8,correlated,-14.111785682653053,0.5109487042468785
curriculum,1948,cyclic,4,none,-8.34142058452824,0.7598543632861199
curriculum,1949,jump,6,gaussian,-25.61965170582048,0.6029009413672186
curriculum,1950,random_walk,8,correlated,-24.878112246854307,0.7105893107566366
curriculum,1951,stationary,4,none,-4.0916344071854835,1.0129713693494815
curriculum,1952,linear,6,gaussian,-11.13237072749411,0.5477343696083747
curriculum,1953,cyclic,8,correlated,-20.023145118160297,0.49556358059344385
curriculum,1954,jump,4,none,-9.459828495370076,0.7403193851618842
curriculum,1955,random_walk,6,gaussian,-17.479677932425105,0.7291462903116528
curriculum,1956,stationary,8,correlated,-5.391527879188757,0.8677812510236658
curriculum,1957,linear,4,none,-7.527409800789599,0.7870078176734906
curriculum,1958,cyclic,6,gaussian,-17.92827274839579,0.5067921930566861
curriculum,1959,jump,8,correlated,-13.36512078078852,0.4327466230448932
curriculum,1960,random_walk,4,none,-12.80632730965986,0.797658662461506
curriculum,1961,stationary,6,gaussian,-8.800426438992204,0.8072395332768405
curriculum,1962,linear,8,correlated,-11.087990487575858,0.686164510391421
curriculum,1963,cyclic,4,none,-6.189712006376357,0.9616479657483149
curriculum,1964,jump,6,gaussian,-30.176566587372132,0.7694303598907937
curriculum,1965,random_walk,8,correlated,-20.24618133963407,0.8039678013888913
curriculum,1966,stationary,4,none,-8.093438044009194,1.0264226209092213
curriculum,1967,linear,6,gaussian,-11.861060348167129,0.8431449957295524
curriculum,1968,cyclic,8,correlated,-23.990127526947614,0.5858821525601685
curriculum,1969,jump,4,none,-20.607328991575052,0.9652799613414402
curriculum,1970,random_walk,6,gaussian,-12.479941271125153,0.9386631016424921
curriculum,1971,stationary,8,correlated,-10.517280373428623,0.6108808020378722
curriculum,1972,linear,4,none,-6.010105578950897,0.8645029610052862
curriculum,1973,cyclic,6,gaussian,-7.964820019267377,0.7097328506903171
curriculum,1974,jump,8,correlated,-27.536717246604848,0.6387217994359675
curriculum,1975,random_walk,4,none,-17.792575076706967,0.8869424029381345
curriculum,1976,stationary,6,gaussian,-13.4465909177417,0.9054020508842738
curriculum,1977,linear,8,correlated,-8.254755998057684,0.7947154327508507
curriculum,1978,cyclic,4,none,-14.367621960405383,0.7167314535889938
curriculum,1979,jump,6,gaussian,-18.17840316698155,0.6519518465759719
curriculum,1980,random_walk,8,correlated,-14.09404552228609,0.5833241965995786
curriculum,1981,stationary,4,none,-7.269388694936643,0.6951389251423168
curriculum,1982,linear,6,gaussian,-9.64612183847592,0.43475875311114276
curriculum,1983,cyclic,8,correlated,-11.608365596112218,0.4621733585954555
curriculum,1984,jump,4,none,-23.01196778862174,0.8340363816882587
curriculum,1985,random_walk,6,gaussian,-17.07779249464726,0.5531013010097332
curriculum,1986,stationary,8,correlated,-15.667502889831642,0.40935128982145663
curriculum,1987,linear,4,none,-9.184965735138531,0.7454619840565394
curriculum,1988,cyclic,6,gaussian,-16.217665121155125,0.5232111026859816
curriculum,1989,jump,8,correlated,-12.517601764137133,0.7068324862569135
curriculum,1990,random_walk,4,none,-9.141069834628453,0.7197322680516294
curriculum,1991,stationary,6,gaussian,-8.451963651802892,0.7607312478102803
curriculum,1992,linear,8,correlated,-9.370495124956307,0.755927506828227
curriculum,1993,cyclic,4,none,-6.181803105057947,0.8938882672435593
curriculum,1994,jump,6,gaussian,-16.0313275297446,0.4968340600033255
curriculum,1995,random_walk,8,correlated,-36.66247141457375,0.6724190269196975
curriculum,1996,stationary,4,none,-11.685307489652606,0.9176087087029078
curriculum,1997,linear,6,gaussian,-14.198405618414938,0.7670046780734261
curriculum,1998,cyclic,8,correlated,-19.74046025240854,0.6271966957650047
curriculum,1999,jump,4,none,-15.33509513641223,0.7242628108279283
curriculum,2000,random_walk,6,gaussian,-33.64170406229612,0.8653416250231022
stationary_only,1,stationary,4,none,-71.17382990561426,1.769953423245696
stationary_only,2,stationary,6,gaussian,-40.11586747285165,1.723037341355705
stationary_only,3,stationary,8,correlated,-83.90835888492663,1.631499902824378
stationary_only,4,stationary,4,none,-62.66471866560874,1.6125509347155842
stationary_only,5,stationary,6,gaussian,-70.99831084584562,1.6262416508109752
stationary_only,6,stationary,8,correlated,-17.552934689033222,1.3317770619465439
stationary_only,7,stationary,4,none,-8.171172976378564,1.1124638321005906
stationary_only,8,stationary,6,gaussian,-16.262044517647006,1.1063737886398646
stationary_only,9,stationary,8,correlated,-26.088855887705517,1.4213723418064332
stationary_only,10,stationary,4,none,-10.516859411485493,1.0202022712546686
stationary_only,11,stationary,6,gaussian,-13.852828886572802,0.9575580350907849
stationary_only,12,stationary,8,correlated,-16.619486350620093,1.0131472008770757
stationary_only,13,stationary,4,none,-22.495807813427163,0.9421842890762238
stationary_only,14,stationary,6,gaussian,-8.801021636345832,0.581088014953745
stationary_only,15,stationary,8,correlated,-12.88505034114348,0.6982253956936424
stationary_only,16,stationary,4,none,-6.85503011658322,0.7290975118046912
stationary_only,17,stationary,6,gaussian,-20.436273193606155,0.7434557948200453
stationary_only,18,stationary,8,correlated,-18.650436208797096,0.9659853297864134
stationary_only,19,stationary,4,none,-6.420746579989413,0.38982012550551487
stationary_only,20,stationary,6,gaussian,-10.908264718102846,0.5476533428202108
stationary_only,21,stationary,8,correlated,-20.071541752835042,0.9182598195943917
stationary_only,22,stationary,4,none,-31.937367838078714,1.0284672617278956
stationary_only,23,stationary,6,gaussian,-18.82012389678123,0.9306102827534222
stationary_only,24,stationary,8,correlated,-19.453817687491632,1.0783553788886253
stationary_only,25,stationary,4,none,-9.415634711208028,0.6132486393798798
stationary_only,26,stationary,6,gaussian,-4.739965445747464,0.47268890717043455
stationary_only,27,stationary,8,correlated,-23.800301232776995,1.1383094775409632
stationary_only,28,stationary,4,none,-8.857039980571253,0.6501327261767755
stationary_only,29,stationary,6,gaussian,-8.18750957892809,0.5321890312454391
stationary_only,30,stationary,8,correlated,-18.534136592393992,0.9950295675473619
stationary_only,31,stationary,4,none,-13.851418465287534,0.7217230258128431
stationary_only,32,stationary,6,gaussian,-9.327042343144615,0.4347223644992507
stationary_only,33,stationary,8,correlated,-14.119811691400479,0.6383301909931178
stationary_only,34,stationary,4,none,-9.043929865211249,0.5309775320943396
stationary_only,35,stationary,6,gaussian,-10.550674608093967,0.46916672348554656
stationary_only,36,stationary,8,correlated,-13.401228563666185,0.4732582633041039
stationary_only,37,stationary,4,none,-23.36725683602535,0.6024819487678157
stationary_only,38,stationary,6,gaussian,-10.789359378094531,0.7187140485598387
stationary_only,39,stationary,8,correlated,-37.05455622802673,1.3059511597000089
stationary_only,40,stationary,4,none,-23.883128330402336,0.8511740018411782
stationary_only,41,stationary,6,gaussian,-28.32162325291164,1.0291286473938697
stationary_only,42,stationary,8,correlated,-19.877466242055505,0.9712141033678907
stationary_only,43,stationary,4,none,-22.13746604856064,0.8706626004186473
stationary_only,44,stationary,6,gaussian,-14.673882296453266,0.6539188193421142
stationary_only,45,stationary,8,correlated,-12.282505719405957,0.6718438265418671
stationary_only,46,stationary,4,none,-8.841912517916244,0.4759251399100505
stationary_only,47,stationary,6,gaussian,-16.023310388646568,0.4977247952693601
stationary_only,48,stationary,8,correlated,-10.593823855983718,0.40527029637656914
stationary_only,49,stationary,4,none,-12.480251142861505,0.5369304009870339
stationary_only,50,stationary,6,gaussian,-10.370063488899696,0.38981173962765026
stationary_only,51,stationary,8,correlated,-18.34525260133765,0.5133917124819516
stationary_only,52,stationary,4,none,-23.351313471101186,0.6928340983680238
stationary_only,53,stationary,6,gaussian,-10.432694463763456,0.37039518614895656
stationary_only,54,stationary,8,correlated,-10.2184809345036,0.3964903157630656
stationary_only,55,stationary,4,none,-9.397126895310357,0.35166366257087517
stationary_only,56,stationary,6,gaussian,-7.072321543354509,0.32111296629167363
stationary_only,57,stationary,8,correlated,-13.600643215528656,0.3911690557000778
stationary_only,58,stationary,4,none,-9.34085003675893,0.36263683307014116
stationary_only,59,stationary,6,gaussian,-25.575949708032816,0.6443906838417484
stationary_only,60,stationary,8,correlated,-8.859149488915016,0.42111513309725623
stationary_only,61,stationary,4,none,-4.538312086495571,0.3525122058271425
stationary_only,62,stationary,6,gaussian,-7.709138099820942,0.36333135382872517
stationary_only,63,stationary,8,correlated,-14.022980519639649,0.48050770583035857
stationary_only,64,stationary,4,none,-14.430130273997785,0.5320035511766082
stationary_only,65,stationary,6,gaussian,-6.334924429473144,0.28855263169061124
stationary_only,66,stationary,8,correlated,-14.600567216014705,0.5700030923376593
stationary_only,67,stationary,4,none,-8.775731193087994,0.37923282772186206
stationary_only,68,stationary,6,gaussian,-5.979368220796395,0.4313331395881314
stationary_only,69,stationary,8,correlated,-12.905281767887265,0.30169721364421787
stationary_only,70,stationary,4,none,-3.8223547650733964,0.35220505742380964
stationary_only,71,stationary,6,gaussian,-7.260979793163119,0.2955692843420706
stationary_only,72,stationary,8,correlated,-15.90505346815168,0.3976320193357412
stationary_only,73,stationary,4,none,-8.779265177200433,0.33234641359822303
stationary_only,74,stationary,6,gaussian,-8.027745600483485,0.24034434075330396
stationary_only,75,stationary,8,correlated,-8.619179952480394,0.36424419113521156
stationary_only,76,stationary,4,none,-5.103756699926453,0.40549029155325444
stationary_only,77,stationary,6,gaussian,-16.043996944531855,0.3390564550065987
stationary_only,78,stationary,8,correlated,-22.592005938917183,0.6481513364161197
stationary_only,79,stationary,4,none,-10.40733484070798,0.5827543464404398
stationary_only,80,stationary,6,gaussian,-17.15295972573003,0.643015832227443
stationary_only,81,stationary,8,correlated,-14.373304230889495,0.4015053777547609
stationary_only,82,stationary,4,none,-12.43005210116755,0.5144234830361569
stationary_only,83,stationary,6,gaussian,-9.013654379714804,0.36115532953656054
stationary_only,84,stationary,8,correlated,-38.0282908544865,1.1153162330877735
stationary_only,85,stationary,4,none,-13.087474739137058,0.5893988205386334
stationary_only,86,stationary,6,gaussian,-5.212154839435248,0.3939446460126353
stationary_only,87,stationary,8,correlated,-10.300142507914167,0.5318666841011948
stationary_only,88,stationary,4,none,-19.606470081489512,0.6226659667520615
stationary_only,89,stationary,6,gaussian,-14.317025369592884,0.571952260886761
stationary_only,90,stationary,8,correlated,-26.767681976407086,0.7503022464716157
stationary_only,91,stationary,4,none,-5.494511163637037,0.3257851606126608
stationary_only,92,stationary,6,gaussian,-11.33218708848608,0.5984592623278159
stationary_only,93,stationary,8,correlated,-6.6969250306172015,0.4114423920332394
stationary_only,94,stationary,4,none,-10.81641026607458,0.4522361753532006
stationary_only,95,stationary,6,gaussian,-8.31648940933591,0.39355160055621546
stationary_only,96,stationary,8,correlated,-9.406566144803865,0.5066723549178264
stationary_only,97,stationary,4,none,-5.090826276166364,0.25150567673384766
stationary_only,98,stationary,6,gaussian,-19.7949627237114,0.5193061582575683
stationary_only,99,stationary,8,correlated,-7.7105727262544885,0.4699439199339814
stationary_only,100,stationary,4,none,-5.862039962857962,0.42537979826029443
stationary_only,101,stationary,6,gaussian,-5.31068657116708,0.456883967027796
stationary_only,102,stationary,8,correlated,-14.854935126375011,0.5305406034636666
stationary_only,103,stationary,4,none,-8.199648859493777,0.4010973085052384
stationary_only,104,stationary,6,gaussian,-10.673117561791402,0.5038429039605827
stationary_only,105,stationary,8,correlated,-7.94226621006368,0.3658929608871473
stationary_only,106,stationary,4,none,-8.570743016183533,0.3660945835920021
stationary_only,107,stationary,6,gaussian,-11.810319050206921,0.41403545563911087
stationary_only,108,stationary,8,correlated,-9.181533581155609,0.3895509930340396
stationary_only,109,stationary,4,none,-4.601029268335551,0.44384652993125046
stationary_only,110,stationary,6,gaussian,-6.951390582448537,0.4133355359820291
stationary_only,111,stationary,8,correlated,-9.703942269413766,0.34839015193809886
stationary_only,112,stationary,4,none,-6.598708821693435,0.43646003336671574
stationary_only,113,stationary,6,gaussian,-14.764088999780398,0.39934684364828377
stationary_only,114,stationary,8,correlated,-7.017507159547809,0.4886165244046582
stationary_only,115,stationary,4,none,-5.771236769342796,0.4352577817964035
stationary_only,116,stationary,6,gaussian,-5.698011472115754,0.4672268177913848
stationary_only,117,stationary,8,correlated,-8.139264824304473,0.3689929717583375
stationary_only,118,stationary,4,none,-10.996385259324107,0.3976958288583848
stationary_only,119,stationary,6,gaussian,-20.09939764337146,0.4535530469080539
stationary_only,120,stationary,8,correlated,-15.450963146359145,0.46841295035483865
stationary_only,121,stationary,4,none,-3.4962226537452077,0.4342714988559072
stationary_only,122,stationary,6,gaussian,-19.083685250539524,0.6736451453838675
stationary_only,123,stationary,8,correlated,-10.177101667210938,0.4886779980324903
stationary_only,124,stationary,4,none,-5.202971864787395,0.3940115099517726
stationary_only,125,stationary,6,gaussian,-6.20336374119472,0.4077802814613311
stationary_only,126,stationary,8,correlated,-14.626629767697978,0.4798499659266353
stationary_only,127,stationary,4,none,-7.3601432567927985,0.334799426696005
stationary_only,128,stationary,6,gaussian,-14.43701457850094,0.5419179801089324
stationary_only,129,stationary,8,correlated,-19.583592796481817,0.5600057705982757
stationary_only,130,stationary,4,none,-9.543383382553696,0.5571243308763986
stationary_only,131,stationary,6,gaussian,-9.76500125959748,0.5174803132150297
stationary_only,132,stationary,8,correlated,-9.262141162276883,0.40566299335147377
stationary_only,133,stationary,4,none,-9.591425640170598,0.48591273884663594
stationary_only,134,stationary,6,gaussian,-9.640824046777754,0.5416551038567938
stationary_only,135,stationary,8,correlated,-7.019228690778517,0.47981677652261484
stationary_only,136,stationary,4,none,-7.389409150133009,0.5084029119498074
stationary_only,137,stationary,6,gaussian,-11.69457683305009,0.45367469725819803
stationary_only,138,stationary,8,correlated,-12.233208918830709,0.5517301598909355
stationary_only,139,stationary,4,none,-11.676701338259747,0.6567375589704126
stationary_only,140,stationary,6,gaussian,-10.458343596435514,0.6323771280535743
stationary_only,141,stationary,8,correlated,-12.751866024497376,0.6134311713688891
stationary_only,142,stationary,4,none,-11.223067259358706,0.5201036645727484
stationary_only,143,stationary,6,gaussian,-14.684172585575158,0.7468781026988125
stationary_only,144,stationary,8,correlated,-7.718198225664182,0.6360792523061856
stationary_only,145,stationary,4,none,-11.750073940008239,0.5845682754310311
stationary_only,146,stationary,6,gaussian,-7.543366087914037,0.4398729091587062
stationary_only,147,stationary,8,correlated,-6.931251177252985,0.5890636001651214
stationary_only,148,stationary,4,none,-6.225769562102505,0.45500620624484867
stationary_only,149,stationary,6,gaussian,-9.595895603707442,0.5099935465311207
stationary_only,150,stationary,8,correlated,-9.412262214957263,0.4265539085610266
stationary_only,151,stationary,4,none,-4.313326129917149,0.39555239567766376
stationary_only,152,stationary,6,gaussian,-14.451005477331556,0.6494259269233874
stationary_only,153,stationary,8,correlated,-17.902421756063177,0.6699478385208466
stationary_only,154,stationary,4,none,-7.909664270421491,0.45053825094306255
stationary_only,155,stationary,6,gaussian,-7.365883671006905,0.44492369330244763
stationary_only,156,stationary,8,correlated,-7.971933850932157,0.5747912997370074
stationary_only,157,stationary,4,none,-8.016790861716029,0.5123619557321135
stationary_only,158,stationary,6,gaussian,-23.28726196690255,0.757186572893048
stationary_only,159,stationary,8,correlated,-14.152253299315511,0.6510802394069459
stationary_only,160,stationary,4,none,-10.86158043275199,0.5093100127621228
stationary_only,161,stationary,6,gaussian,-37.24401596072836,0.9970630578643036
stationary_only,162,stationary,8,correlated,-7.0741155996770635,0.6158081011778579
stationary_only,163,stationary,4,none,-7.602997121482993,0.5456163153131917
stationary_only,164,stationary,6,gaussian,-15.203313494340794,0.9678395987538936
stationary_only,165,stationary,8,correlated,-10.806320980400638,0.5475177353729392
stationary_only,166,stationary,4,none,-15.833825689648277,0.7274782750581917
stationary_only,167,stationary,6,gaussian,-9.67271827483567,0.6787056454108403
stationary_only,168,stationary,8,correlated,-7.521388613738759,0.6267623946558615
stationary_only,169,stationary,4,none,-11.284742166876967,0.5049697796986701
stationary_only,170,stationary,6,gaussian,-9.944888327788052,0.5228141754837189
stationary_only,171,stationary,8,correlated,-11.967017433996888,0.5053341228282596
stationary_only,172,stationary,4,none,-13.426265498712425,0.6450838807047128
stationary_only,173,stationary,6,gaussian,-16.043465386223723,0.6621498436353652
stationary_only,174,stationary,8,correlated,-15.41078893455155,0.6025779988665839
stationary_only,175,stationary,4,none,-7.415771592883849,0.5429886357982656
stationary_only,176,stationary,6,gaussian,-17.85129771771157,0.7776056663093869
stationary_only,177,stationary,8,correlated,-13.81365270769896,0.6806577885291318
stationary_only,178,stationary,4,none,-11.785902937646023,0.6000566162433325
stationary_only,179,stationary,6,gaussian,-9.784002875867557,0.6576483651173989
stationary_only,180,stationary,8,correlated,-9.966596410017303,0.47620659938477206
stationary_only,181,stationary,4,none,-15.53055667797922,0.6860096476535386
stationary_only,182,stationary,6,gaussian,-10.119747587855965,0.4743115150593503
stationary_only,183,stationary,8,correlated,-15.073429698554827,0.7803679351109916
stationary_only,184,stationary,4,none,-15.531738881349801,0.6465181603044333
stationary_only,185,stationary,6,gaussian,-10.144498127282668,0.5315834892077087
stationary_only,186,stationary,8,correlated,-26.429376593679564,0.8992234906130143
stationary_only,187,stationary,4,none,-9.016365999391612,0.620717942050452
stationary_only,188,stationary,6,gaussian,-17.273156293700886,0.8012930206308342
stationary_only,189,stationary,8,correlated,-9.209923507671771,0.6786282687889811
stationary_only,190,stationary,4,none,-5.327445330817247,0.5184073633376022
stationary_only,191,stationary,6,gaussian,-6.177616320110218,0.6358819441669012
stationary_only,192,stationary,8,correlated,-6.813475743750585,0.5867147661807921
stationary_only,193,stationary,4,none,-7.272201624277513,0.537759745066482
stationary_only,194,stationary,6,gaussian,-10.182184398265356,0.5150356455030269
stationary_only,195,stationary,8,correlated,-5.83330091389885,0.6106032722149652
stationary_only,196,stationary,4,none,-4.070148125777795,0.5124113139862484
stationary_only,197,stationary,6,gaussian,-12.785059466567429,0.5567492654039967
stationary_only,198,stationary,8,correlated,-13.638625671721389,0.4673486199562126
stationary_only,199,stationary,4,none,-6.229913574568927,0.63163471928802
stationary_only,200,stationary,6,gaussian,-6.257231706131423,0.5838922759425696
stationary_only,201,stationary,8,correlated,-10.719793008142386,0.517300486311164
stationary_only,202,stationary,4,none,-8.90950000520826,0.5570700090345027
stationary_only,203,stationary,6,gaussian,-6.960021214779637,0.5914232717380334
stationary_only,204,stationary,8,correlated,-10.276257256760434,0.6470478443182964
stationary_only,205,stationary,4,none,-11.479884042715602,0.5487076749416313
stationary_only,206,stationary,6,gaussian,-10.453267508629988,0.6404610485905534
stationary_only,207,stationary,8,correlated,-5.977748471487681,0.7655430639409149
stationary_only,208,stationary,4,none,-6.344172340072692,0.5264892704535956
stationary_only,209,stationary,6,gaussian,-6.987463409297559,0.5478275557310881
stationary_only,210,stationary,8,correlated,-8.87018246192131,0.5362964778812682
stationary_only,211,stationary,4,none,-3.9613618881581356,0.571305719030165
stationary_only,212,stationary,6,gaussian,-9.342241660615498,0.5828351159293875
stationary_only,213,stationary,8,correlated,-5.732002631245168,0.5807811699482974
stationary_only,214,stationary,4,none,-19.418198022139716,0.5816646814911006
stationary_only,215,stationary,6,gaussian,-12.058923660833388,0.636068698637822
stationary_only,216,stationary,8,correlated,-7.931614570094812,0.622485264872642
stationary_only,217,stationary,4,none,-10.561787113878935,0.6165347627556569
stationary_only,218,stationary,6,gaussian,-24.120372608747036,0.80942025065009
stationary_only,219,stationary,8,correlated,-7.978355301955828,0.7553459775056771
stationary_only,220,stationary,4,none,-5.6285134472139156,0.6491602939935894
stationary_only,221,stationary,6,gaussian,-6.908230844719741,0.6814890212735214
stationary_only,222,stationary,8,correlated,-9.229034870502863,0.5529833463170485
stationary_only,223,stationary,4,none,-7.088092945184169,0.47129000006394667
stationary_only,224,stationary,6,gaussian,-6.672587501208907,0.5709102844975644
stationary_only,225,stationary,8,correlated,-9.015728154218412,0.4031783185694372
stationary_only,226,stationary,4,none,-8.656641883000265,0.6125186954188454
stationary_only,227,stationary,6,gaussian,-7.815629727098465,0.5571144472796519
stationary_only,228,stationary,8,correlated,-12.872494017231617,0.39090831727861103
stationary_only,229,stationary,4,none,-5.4214992926069545,0.5818270321828456
stationary_only,230,stationary,6,gaussian,-9.447448523998311,0.4744814375528904
stationary_only,231,stationary,8,correlated,-13.443248333385373,0.5045888081095107
stationary_only,232,stationary,4,none,-7.198499888652004,0.5620449721658083
stationary_only,233,stationary,6,gaussian,-12.936977610519099,0.5577460815424724
stationary_only,234,stationary,8,correlated,-7.869262448786895,0.6769072222887181
stationary_only,235,stationary,4,none,-11.87028696064155,0.6642503867051495
stationary_only,236,stationary,6,gaussian,-14.01003885750434,0.7254426527028556
stationary_only,237,stationary,8,correlated,-17.12900610296174,0.6972190849273213
stationary_only,238,stationary,4,none,-30.211133293142165,0.6695463191030062
stationary_only,239,stationary,6,gaussian,-7.827439384210237,0.7289827634853656
stationary_only,240,stationary,8,correlated,-8.874003273467384,0.5837941026288834
stationary_only,241,stationary,4,none,-9.259618682336683,0.6632634111129321
stationary_only,242,stationary,6,gaussian,-10.499227390599097,0.662962746137818
stationary_only,243,stationary,8,correlated,-6.348506256472241,0.663167057684576
stationary_only,244,stationary,4,none,-7.545574644097128,0.5796565484727121
stationary_only,245,stationary,6,gaussian,-6.893250709191534,0.7213577115307188
stationary_only,246,stationary,8,correlated,-7.373957811990341,0.5005952486065699
stationary_only,247,stationary,4,none,-26.744990113801926,0.6094206749168372
stationary_only,248,stationary,6,gaussian,-9.234192632660914,0.6352497191121007
stationary_only,249,stationary,8,correlated,-23.09711354544015,0.6560552032015419
stationary_only,250,stationary,4,none,-5.999392113140784,0.6508987369739344
stationary_only,251,stationary,6,gaussian,-6.677078723732846,0.8277541128090151
stationary_only,252,stationary,8,correlated,-10.828845212332235,0.7063558847090864
stationary_only,253,stationary,4,none,-7.570898140541898,0.7157696185048286
stationary_only,254,stationary,6,gaussian,-4.69817650152021,0.718274016348063
stationary_only,255,stationary,8,correlated,-15.693571826520596,0.6674919139071489
stationary_only,256,stationary,4,none,-5.062268706393661,0.6016162040663751
stationary_only,257,stationary,6,gaussian,-7.304657193401615,0.5697674892876036
stationary_only,258,stationary,8,correlated,-12.416099468352126,0.6578056289826885
stationary_only,259,stationary,4,none,-6.039959538340568,0.691266310368107
stationary_only,260,stationary,6,gaussian,-9.414629294939047,0.6838244935062655
stationary_only,261,stationary,8,correlated,-6.737427821643379,0.7016516271924002
stationary_only,262,stationary,4,none,-6.9716641465015705,0.6679067617957617
stationary_only,263,stationary,6,gaussian,-9.476847866939524,0.5424704892194441
stationary_only,264,stationary,8,correlated,-5.652787271323839,0.7473990225752838
stationary_only,265,stationary,4,none,-6.997505444343435,0.6210485740884945
stationary_only,266,stationary,6,gaussian,-19.761926970652738,0.6175809939014079
stationary_only,267,stationary,8,correlated,-21.868862956108394,0.8430080456787336
stationary_only,268,stationary,4,none,-5.256751580499351,0.6793021041153349
stationary_only,269,stationary,6,gaussian,-11.042946900952806,0.5626279427992217
stationary_only,270,stationary,8,correlated,-7.275801865994712,0.639618511699446
stationary_only,271,stationary,4,none,-5.662140895304036,0.663607188516072
stationary_only,272,stationary,6,gaussian,-6.647495939615565,0.6743477876666746
stationary_only,273,stationary,8,correlated,-11.130853634310036,0.6995077869980738
stationary_only,274,stationary,4,none,-23.328306136599615,0.921357701989636
stationary_only,275,stationary,6,gaussian,-9.71792262303347,0.7603693105305572
stationary_only,276,stationary,8,correlated,-14.795191363521214,0.7335008753253259
stationary_only,277,stationary,4,none,-9.287255249502682,0.7419551448689854
stationary_only,278,stationary,6,gaussian,-6.8409822722429094,0.6433158621451958
stationary_only,279,stationary,8,correlated,-11.017447286091908,0.6908799103088757
stationary_only,280,stationary,4,none,-8.413984812050185,0.6518638930607357
stationary_only,281,stationary,6,gaussian,-14.1826936824385,0.6413679534575248
stationary_only,282,stationary,8,correlated,-11.531312429484636,0.49032092649333076
stationary_only,283,stationary,4,none,-7.6559404138615355,0.6780724454826192
stationary_only,284,stationary,6,gaussian,-7.070994229160233,0.6120931563516413
stationary_only,285,stationary,8,correlated,-6.273346942425887,0.7460738334641377
stationary_only,286,stationary,4,none,-8.294858515057713,0.731756066805868
stationary_only,287,stationary,6,gaussian,-8.356357237479891,0.8118682192232795
stationary_only,288,stationary,8,correlated,-12.69191230845492,0.7529785310296594
stationary_only,289,stationary,4,none,-9.082830658915308,0.6353656918386061
stationary_only,290,stationary,6,gaussian,-19.007936373359843,0.9097608080026867
stationary_only,291,stationary,8,correlated,-11.010758341025825,0.6596797557306149
stationary_only,292,stationary,4,none,-5.717802407881129,0.5838085010539737
stationary_only,293,stationary,6,gaussian,-23.765581890763407,0.8414797667108577
stationary_only,294,stationary,8,correlated,-6.7151906191885224,0.7642014907157911
stationary_only,295,stationary,4,none,-9.846948057539668,0.6664951413773453
stationary_only,296,stationary,6,gaussian,-9.137312107144936,0.7409986936921767
stationary_only,297,stationary,8,correlated,-8.51278370913315,0.7071551487670018
stationary_only,298,stationary,4,none,-4.469992213415912,0.6157330058059503
stationary_only,299,stationary,6,gaussian,-4.177257739520865,0.799092188610944
stationary_only,300,stationary,8,correlated,-7.18866734067209,0.7419535390821921
stationary_only,301,stationary,4,none,-7.247758476519019,0.6190535099675611
stationary_only,302,stationary,6,gaussian,-16.727087995286382,0.5797466551371941
stationary_only,303,stationary,8,correlated,-14.520172500289892,0.8119124228810157
stationary_only,304,stationary,4,none,-8.240614495712185,0.7432555854359647
stationary_only,305,stationary,6,gaussian,-7.156669759882384,0.7940538856439628
stationary_only,306,stationary,8,correlated,-14.194241205003996,0.6027086432398481
stationary_only,307,stationary,4,none,-5.847269792696938,0.6866121198140214
stationary_only,308,stationary,6,gaussian,-5.1281296611097495,0.7006540472660705
stationary_only,309,stationary,8,correlated,-7.418711835140549,0.5408855305718105
stationary_only,310,stationary,4,none,-4.988348791712275,0.7232531549685559
stationary_only,311,stationary,6,gaussian,-8.105634002187777,0.7249135538312894
stationary_only,312,stationary,8,correlated,-13.746981847236663,0.8235313074157808
stationary_only,313,stationary,4,none,-6.771090623018001,0.7637680296819024
stationary_only,314,stationary,6,gaussian,-9.804241894910726,0.8259360506482661
stationary_only,315,stationary,8,correlated,-11.128594337325463,0.7221543160849094
stationary_only,316,stationary,4,none,-8.381037909295745,0.6374582795170213
stationary_only,317,stationary,6,gaussian,-14.267267664640396,0.6328669578432831
stationary_only,318,stationary,8,correlated,-5.730133006987358,0.8352281590998892
stationary_only,319,stationary,4,none,-7.1756011210894215,0.7557468643389358
stationary_only,320,stationary,6,gaussian,-6.304783432298159,0.6954649762483319
stationary_only,321,stationary,8,correlated,-23.24747367291302,0.8724162738143593
stationary_only,322,stationary,4,none,-4.456312541960743,0.788524519075191
stationary_only,323,stationary,6,gaussian,-7.264109605192752,0.8045205587695607
stationary_only,324,stationary,8,correlated,-8.26344027159567,0.8450911127333292
stationary_only,325,stationary,4,none,-11.424814240830488,0.8007665317803898
stationary_only,326,stationary,6,gaussian,-9.294447050999857,0.6909567474808772
stationary_only,327,stationary,8,correlated,-8.7017736822989,0.6350950397900492
stationary_only,328,stationary,4,none,-11.411187088938565,0.7382087252690994
stationary_only,329,stationary,6,gaussian,-5.200784082925363,0.8791874063749233
stationary_only,330,stationary,8,correlated,-7.384047957637473,0.7535067295610067
stationary_only,331,stationary,4,none,-5.518674352747841,0.8386718171956089
stationary_only,332,stationary,6,gaussian,-11.26936336338245,0.7968169415413987
stationary_only,333,stationary,8,correlated,-5.741089137096342,0.8873021120677882
stationary_only,334,stationary,4,none,-7.933423887618389,0.778561749448489
stationary_only,335,stationary,6,gaussian,-6.914435832792076,0.8701176409382396
stationary_only,336,stationary,8,correlated,-10.815477236498657,0.7736272776911823
stationary_only,337,stationary,4,none,-7.930586292947772,0.7667077927115972
stationary_only,338,stationary,6,gaussian,-9.54269183064347,0.8773676976574827
stationary_only,339,stationary,8,correlated,-6.779070107217634,0.9076085761538852
stationary_only,340,stationary,4,none,-4.805849597833003,0.710345935157698
stationary_only,341,stationary,6,gaussian,-9.51880882050842,0.802336682886903
stationary_only,342,stationary,8,correlated,-6.503763439349454,0.7505750416099002
stationary_only,343,stationary,4,none,-9.64467192217242,0.7533763563355189
stationary_only,344,stationary,6,gaussian,-11.436812366975381,0.866277410393398
stationary_only,345,stationary,8,correlated,-5.253105846089342,0.8343442054717372
stationary_only,346,stationary,4,none,-10.877116697088448,0.8112836884478852
stationary_only,347,stationary,6,gaussian,-5.756001555361849,0.8682505469678382
stationary_only,348,stationary,8,correlated,-11.549665617573995,0.662330131206093
stationary_only,349,stationary,4,none,-8.012584031103222,0.7289097251957225
stationary_only,350,stationary,6,gaussian,-6.599364355258644,0.7960422219085305
stationary_only,351,stationary,8,correlated,-7.784216138412674,0.7708146723647459
stationary_only,352,stationary,4,none,-6.227251536700518,0.5904389372645559
stationary_only,353,stationary,6,gaussian,-15.135214320839454,0.46111393876435275
stationary_only,354,stationary,8,correlated,-11.621629036065258,0.7612982014916378
stationary_only,355,stationary,4,none,-3.8754266082728286,0.669282441905872
stationary_only,356,stationary,6,gaussian,-10.082261761693339,0.6484800141020021
stationary_only,357,stationary,8,correlated,-19.52025792255784,0.7811831800396553
stationary_only,358,stationary,4,none,-6.116638497963752,0.7738244882708059
stationary_only,359,stationary,6,gaussian,-4.472247560131662,0.8898879172345853
stationary_only,360,stationary,8,correlated,-14.643917209503869,0.6233858922685718
stationary_only,361,stationary,4,none,-8.665749034930487,0.7320938005298521
stationary_only,362,stationary,6,gaussian,-6.258606459589897,0.8389927348118092
stationary_only,363,stationary,8,correlated,-16.816822846070483,0.7949335483061931
stationary_only,364,stationary,4,none,-3.9508144389403608,0.7041496179384168
stationary_only,365,stationary,6,gaussian,-13.780872000173634,0.7776793093518726
stationary_only,366,stationary,8,correlated,-5.890395040626634,0.8711471609699096
stationary_only,367,stationary,4,none,-7.701346507095732,0.6681953697101184
stationary_only,368,stationary,6,gaussian,-10.425607319021566,0.9057332641897103
stationary_only,369,stationary,8,correlated,-7.02520838512267,0.7674977292970191
stationary_only,370,stationary,4,none,-15.546117565845478,0.6537487600197961
stationary_only,371,stationary,6,gaussian,-6.606665762254603,0.7485894384927134
stationary_only,372,stationary,8,correlated,-18.702931529070668,0.7225988351791051
stationary_only,373,stationary,4,none,-9.792945425140207,0.7491909557408943
stationary_only,374,stationary,6,gaussian,-5.804661123267041,0.839506674577273
stationary_only,375,stationary,8,correlated,-9.326022301881665,0.6289179317919331
stationary_only,376,stationary,4,none,-6.293387300566539,0.6050452557487148
stationary_only,377,stationary,6,gaussian,-5.5467489638340215,0.7262105069564815
stationary_only,378,stationary,8,correlated,-8.012422757012072,0.7523293377437683
stationary_only,379,stationary,4,none,-2.925951992773917,0.6266093996893078
stationary_only,380,stationary,6,gaussian,-10.140809210643042,0.7654740507897647
stationary_only,381,stationary,8,correlated,-12.483590433877591,0.49424711287537004
stationary_only,382,stationary,4,none,-3.8662807327613704,0.7177157022488052
stationary_only,383,stationary,6,gaussian,-12.988724012390183,0.6979349354449973
stationary_only,384,stationary,8,correlated,-4.378872981194252,0.7475668658076614
stationary_only,385,stationary,4,none,-7.500096147739823,0.665593423818207
stationary_only,386,stationary,6,gaussian,-9.617995187477321,0.921233193474639
stationary_only,387,stationary,8,correlated,-7.269028847369313,0.8768122705961894
stationary_only,388,stationary,4,none,-5.394519605373761,0.8266461946841911
stationary_only,389,stationary,6,gaussian,-10.55316581011701,0.833032718368502
stationary_only,390,stationary,8,correlated,-12.510754120209787,0.7858620399163294
stationary_only,391,stationary,4,none,-8.72516041450961,0.6360578457570153
stationary_only,392,stationary,6,gaussian,-7.071764836797828,0.8186812529181824
stationary_only,393,stationary,8,correlated,-5.571763314027811,0.8835174050443252
stationary_only,394,stationary,4,none,-8.697218211935983,0.6897838530582002
stationary_only,395,stationary,6,gaussian,-6.4255660177143765,0.77264498367883
stationary_only,396,stationary,8,correlated,-8.77983037135917,0.7395648443757746
stationary_only,397,stationary,4,none,-3.0490792829234854,0.7558812220144645
stationary_only,398,stationary,6,gaussian,-3.797781915413216,0.9136841144070939
stationary_only,399,stationary,8,correlated,-5.55302947454728,0.7600251519888208
stationary_only,400,stationary,4,none,-9.431153260526692,0.48854456049909556
stationary_only,401,stationary,6,gaussian,-11.955815449308801,0.8238439217170033
stationary_only,402,stationary,8,correlated,-5.356392378199692,0.8342142845383702
stationary_only,403,stationary,4,none,-3.3631599540007304,0.7363443704174489
stationary_only,404,stationary,6,gaussian,-12.415264922749008,0.9547472674917387
stationary_only,405,stationary,8,correlated,-6.493325131918122,0.915433309050172
stationary_only,406,stationary,4,none,-9.278037658365138,0.7220779660351582
stationary_only,407,stationary,6,gaussian,-11.584130036828974,0.7454901232383968
stationary_only,408,stationary,8,correlated,-6.845616492640826,0.9055579661074209
stationary_only,409,stationary,4,none,-3.7002276329696184,0.710474936003967
stationary_only,410,stationary,6,gaussian,-5.348623623468322,0.9141949833930546
stationary_only,411,stationary,8,correlated,-5.814296559994535,0.7744473371150524
stationary_only,412,stationary,4,none,-3.2714050463191233,0.7829297358469033
stationary_only,413,stationary,6,gaussian,-7.22718459362139,0.6718891603680736
stationary_only,414,stationary,8,correlated,-6.984937883068508,0.8358036809994498
stationary_only,415,stationary,4,none,-22.21760136626186,0.8993522560695018
stationary_only,416,stationary,6,gaussian,-11.882797906387717,0.8160259864640025
stationary_only,417,stationary,8,correlated,-7.43980797823974,1.0395579728916755
stationary_only,418,stationary,4,none,-11.577293143984079,0.8098680016897642
stationary_only,419,stationary,6,gaussian,-11.859931188477898,0.8362979438162033
stationary_only,420,stationary,8,correlated,-10.866683464327096,0.8764328383709927
stationary_only,421,stationary,4,none,-3.1913970306125696,0.727302332877926
stationary_only,422,stationary,6,gaussian,-9.650190788256605,0.7897424755246328
stationary_only,423,stationary,8,correlated,-11.110452070217312,0.7450309555259877
stationary_only,424,stationary,4,none,-5.259984054279804,0.7357108184461344
stationary_only,425,stationary,6,gaussian,-17.73792633004068,0.8536228769246341
stationary_only,426,stationary,8,correlated,-5.382475553247314,1.046239983753957
stationary_only,427,stationary,4,none,-4.638904591070453,0.9285903517079852
stationary_only,428,stationary,6,gaussian,-11.152095169933784,0.9820871548919954
stationary_only,429,stationary,8,correlated,-9.451723254063488,0.7277267038258269
stationary_only,430,stationary,4,none,-7.849902792648948,0.7609049376766045
stationary_only,431,stationary,6,gaussian,-6.9024279763154315,0.8740047283854265
stationary_only,432,stationary,8,correlated,-7.457983020985235,0.8196074418044056
stationary_only,433,stationary,4,none,-19.31767085466795,0.8871337083379298
stationary_only,434,stationary,6,gaussian,-7.299957997666108,0.9475977095647934
stationary_only,435,stationary,8,correlated,-6.077575799995868,0.8024678899602403
stationary_only,436,stationary,4,none,-7.238706103336206,0.7530687711428026
stationary_only,437,stationary,6,gaussian,-8.850772191668824,0.7816957958046143
stationary_only,438,stationary,8,correlated,-8.982513678424983,0.9120436621086775
stationary_only,439,stationary,4,none,-11.745163721583793,0.8861337970900515
stationary_only,440,stationary,6,gaussian,-8.442406245205504,0.9836340313631255
stationary_only,441,stationary,8,correlated,-7.584389164133571,0.6826400686769494
stationary_only,442,stationary,4,none,-3.850972716845442,0.805454365316009
stationary_only,443,stationary,6,gaussian,-13.8641623875408,0.7294820141462004
stationary_only,444,stationary,8,correlated,-9.083337214550244,0.9420543624966242
stationary_only,445,stationary,4,none,-6.590133613813668,0.739244892673884
stationary_only,446,stationary,6,gaussian,-10.077122689810137,0.7394788898823592
stationary_only,447,stationary,8,correlated,-8.04023417183818,0.9338662597424177
stationary_only,448,stationary,4,none,-3.6700717148479307,0.8220010704892484
stationary_only,449,stationary,6,gaussian,-23.206593730124876,1.0939457399571382
stationary_only,450,stationary,8,correlated,-6.82872442566409,0.8245147528880701
stationary_only,451,stationary,4,none,-4.0521154689925165,0.825232434173196
stationary_only,452,stationary,6,gaussian,-13.36049447873161,0.9125955697653858
stationary_only,453,stationary,8,correlated,-6.248514760023648,0.8565439645307201
stationary_only,454,stationary,4,none,-5.993104578223545,0.857070394534056
stationary_only,455,stationary,6,gaussian,-5.963625329000462,0.9846851527546882
stationary_only,456,stationary,8,correlated,-7.982004934067586,0.8755184346818105
stationary_only,457,stationary,4,none,-3.7200679054576904,0.8318053612761082
stationary_only,458,stationary,6,gaussian,-4.404351196279533,0.8928093867440575
stationary_only,459,stationary,8,correlated,-13.563737166791647,0.7540563153893126
stationary_only,460,stationary,4,none,-6.993979407425572,0.8617233987490757
stationary_only,461,stationary,6,gaussian,-7.280128861470031,0.6902456417377062
stationary_only,462,stationary,8,correlated,-7.2903480013869775,0.7499721296787388
stationary_only,463,stationary,4,none,-14.978435980216467,0.8623469269155816
stationary_only,464,stationary,6,gaussian,-6.358701899814026,0.9261637041732709
stationary_only,465,stationary,8,correlated,-17.75476585269763,0.9385400697654938
stationary_only,466,stationary,4,none,-4.048693025889807,0.8996687441385003
stationary_only,467,stationary,6,gaussian,-11.223410939991213,0.8700558900398192
stationary_only,468,stationary,8,correlated,-12.981693286384274,0.8568083139039724
stationary_only,469,stationary,4,none,-5.927516732471996,0.7355652652930061
stationary_only,470,stationary,6,gaussian,-4.295506264076094,0.9309262493059295
stationary_only,471,stationary,8,correlated,-7.919662059287231,0.7688885402907627
stationary_only,472,stationary,4,none,-4.674774740729927,0.8717353041580879
stationary_only,473,stationary,6,gaussian,-7.789499129567803,0.9190115962585825
stationary_only,474,stationary,8,correlated,-12.957422252315311,0.7400177087257702
stationary_only,475,stationary,4,none,-14.507064835844794,0.9297639762078793
stationary_only,476,stationary,6,gaussian,-4.681348119790976,1.0448035667438318
stationary_only,477,stationary,8,correlated,-17.923413385896513,1.047894028435143
stationary_only,478,stationary,4,none,-9.289135646455563,0.8894952042757508
stationary_only,479,stationary,6,gaussian,-10.847349580605275,0.823852566060966
stationary_only,480,stationary,8,correlated,-14.064438125492117,0.9225740743862293
stationary_only,481,stationary,4,none,-6.417591624200671,0.8502318545826304
stationary_only,482,stationary,6,gaussian,-10.514590189646256,0.8654703163003159
stationary_only,483,stationary,8,correlated,-10.722388132511597,0.844088283674844
stationary_only,484,stationary,4,none,-6.745000483170151,0.7746967988284472
stationary_only,485,stationary,6,gaussian,-5.627840996659225,0.8338420164422555
stationary_only,486,stationary,8,correlated,-4.227033694935963,0.8742138474844865
stationary_only,487,stationary,4,none,-3.8766709861651183,0.943641002523383
stationary_only,488,stationary,6,gaussian,-7.568705716699921,0.8502084787737065
stationary_only,489,stationary,8,correlated,-11.604609318214358,0.6974654423191998
stationary_only,490,stationary,4,none,-5.95155037967721,0.7738117259616967
stationary_only,491,stationary,6,gaussian,-8.988037386997572,0.8537383621715826
stationary_only,492,stationary,8,correlated,-10.323383766068162,0.8889480098594245
stationary_only,493,stationary,4,none,-7.482703660035583,0.9623887386119984
stationary_only,494,stationary,6,gaussian,-7.320028504199579,1.0186238832481715
stationary_only,495,stationary,8,correlated,-5.408817157848626,0.9114237583512885
stationary_only,496,stationary,4,none,-4.136551239190039,0.8342517039171071
stationary_only,497,stationary,6,gaussian,-6.587019854548201,0.8521551267529887
stationary_only,498,stationary,8,correlated,-10.015070536669572,0.8185622106205829
stationary_only,499,stationary,4,none,-4.504629121450707,0.7987155589661568
stationary_only,500,stationary,6,gaussian,-6.693973026338954,0.835196161685462
stationary_only,501,stationary,8,correlated,-12.058180745933997,0.9034699736218883
stationary_only,502,stationary,4,none,-3.8767309379659127,0.7791778849385482
stationary_only,503,stationary,6,gaussian,-4.053557501577839,0.99444932131203
stationary_only,504,stationary,8,correlated,-5.203376452601319,0.8684823655883187
stationary_only,505,stationary,4,none,-3.9597210401581835,0.9239436067409471
stationary_only,506,stationary,6,gaussian,-13.745487111438514,0.9851273001335654
stationary_only,507,stationary,8,correlated,-9.728296516862475,0.811306470421955
stationary_only,508,stationary,4,none,-4.968560909350348,0.9377383278893479
stationary_only,509,stationary,6,gaussian,-16.693440455680992,0.7012687480018616
stationary_only,510,stationary,8,correlated,-4.668860476869659,1.0419866409787546
stationary_only,511,stationary,4,none,-14.11286013530962,0.7098316998508676
stationary_only,512,stationary,6,gaussian,-5.777679419141884,0.91282120893817
stationary_only,513,stationary,8,correlated,-14.262791842567605,0.8518799532845043
stationary_only,514,stationary,4,none,-7.7300538620259776,0.9410703777995317
stationary_only,515,stationary,6,gaussian,-11.583213387354544,0.826297593483995
stationary_only,516,stationary,8,correlated,-6.8428390659471,0.9412676547190648
stationary_only,517,stationary,4,none,-7.492437331232102,0.8826820320213272
stationary_only,518,stationary,6,gaussian,-4.495149523965121,0.9382508441296074
stationary_only,519,stationary,8,correlated,-11.300031149933448,0.7954842095142756
stationary_only,520,stationary,4,none,-5.260086587468395,0.8672534834674135
stationary_only,521,stationary,6,gaussian,-8.303467332550639,0.9999941869100321
stationary_only,522,stationary,8,correlated,-9.401754487144586,0.7698726760511123
stationary_only,523,stationary,4,none,-8.222877239559796,0.8901647277822985
stationary_only,524,stationary,6,gaussian,-15.079358999801128,0.925996002949514
stationary_only,525,stationary,8,correlated,-7.769192762281633,0.7687462178326325
stationary_only,526,stationary,4,none,-8.363724652990332,0.9635460106221885
stationary_only,527,stationary,6,gaussian,-11.442109428305706,1.0009533899410257
stationary_only,528,stationary,8,correlated,-7.2911456911926305,0.9638178813216955
stationary_only,529,stationary,4,none,-4.304558430928583,0.9553163406141054
stationary_only,530,stationary,6,gaussian,-10.735147713184034,0.8223402698561617
stationary_only,531,stationary,8,correlated,-5.23442403451615,0.8208372558788872
stationary_only,532,stationary,4,none,-10.465107686363613,0.9408609648854522
stationary_only,533,stationary,6,gaussian,-8.418255562593899,0.8988503975170655
stationary_only,534,stationary,8,correlated,-9.237198453443241,0.7927129320739474
stationary_only,535,stationary,4,none,-7.79188377975825,0.9636600015937546
stationary_only,536,stationary,6,gaussian,-13.878912377176976,0.8062108484527158
stationary_only,537,stationary,8,correlated,-5.3712056632153695,1.047768637963904
stationary_only,538,stationary,4,none,-10.578062632199508,1.0521517373930493
stationary_only,539,stationary,6,gaussian,-4.529686722691317,1.0404578778076121
stationary_only,540,stationary,8,correlated,-7.684853628132596,1.0251990269315638
stationary_only,541,stationary,4,none,-5.867767307264376,0.8636029451350048
stationary_only,542,stationary,6,gaussian,-6.792419159579859,1.0227444009622964
stationary_only,543,stationary,8,correlated,-9.694440879877128,0.9890087333819231
stationary_only,544,stationary,4,none,-5.7071827673363185,1.0025006928753684
stationary_only,545,stationary,6,gaussian,-10.478019293112203,0.9718386406350235
stationary_only,546,stationary,8,correlated,-16.434971258490975,1.0042008123292339
stationary_only,547,stationary,4,none,-7.751767075811513,0.8816613725449545
stationary_only,548,stationary,6,gaussian,-10.307255582077909,0.9514145690974118
stationary_only,549,stationary,8,correlated,-10.960318941376174,0.919612344160672
stationary_only,550,stationary,4,none,-6.615875362086955,0.9674384942487956
stationary_only,551,stationary,6,gaussian,-7.068830448925501,1.0547859270670052
stationary_only,552,stationary,8,correlated,-9.062919377408644,0.7956341419814306
stationary_only,553,stationary,4,none,-3.970256372199665,0.8450961286884286
stationary_only,554,stationary,6,gaussian,-11.95693808147142,0.8837626999443586
stationary_only,555,stationary,8,correlated,-6.855164147335767,0.9330187476543079
stationary_only,556,stationary,4,none,-7.155456939267221,0.8840736325298895
stationary_only,557,stationary,6,gaussian,-6.727576218078488,0.9280717330939762
stationary_only,558,stationary,8,correlated,-9.27753559765905,0.6366725639826726
stationary_only,559,stationary,4,none,-7.630610425350617,0.879266439536565
stationary_only,560,stationary,6,gaussian,-8.825669993833285,0.7324279920524811
stationary_only,561,stationary,8,correlated,-8.26599814898548,0.8315614529600095
stationary_only,562,stationary,4,none,-12.12249909594036,0.7241582011418644
stationary_only,563,stationary,6,gaussian,-9.571749486919327,1.0013127044355075
stationary_only,564,stationary,8,correlated,-16.32167415560895,0.6526591211119358
stationary_only,565,stationary,4,none,-9.915847051011571,0.5960111416380057
stationary_only,566,stationary,6,gaussian,-9.511511883073762,0.6403044362872047
stationary_only,567,stationary,8,correlated,-14.904622186747108,0.8336321634790742
stationary_only,568,stationary,4,none,-9.232583140052448,0.9178248709950416
stationary_only,569,stationary,6,gaussian,-7.99594865372185,1.063641494002074
stationary_only,570,stationary,8,correlated,-10.03916866697319,0.7949579282437662
stationary_only,571,stationary,4,none,-8.441119602820617,0.8351138749947384
stationary_only,572,stationary,6,gaussian,-6.717717276935775,0.900843556282684
stationary_only,573,stationary,8,correlated,-8.77385014263348,0.7069619252149402
stationary_only,574,stationary,4,none,-9.924177055073134,0.7987782671738668
stationary_only,575,stationary,6,gaussian,-10.271073118354415,0.8704353919020142
stationary_only,576,stationary,8,correlated,-14.93179470262095,0.8503964600837136
stationary_only,577,stationary,4,none,-6.31184000666854,0.8352959316978342
stationary_only,578,stationary,6,gaussian,-7.5260350171404164,0.8652077512481309
stationary_only,579,stationary,8,correlated,-10.75031073850629,0.9292417308339201
stationary_only,580,stationary,4,none,-13.321127941407275,0.6990466516892624
stationary_only,581,stationary,6,gaussian,-20.170334897832547,0.6939183805966558
stationary_only,582,stationary,8,correlated,-10.949300138712065,0.8717403622016834
stationary_only,583,stationary,4,none,-4.3004476511722896,0.8576624715678427
stationary_only,584,stationary,6,gaussian,-5.638781608933717,0.9061566492711517
stationary_only,585,stationary,8,correlated,-7.121293111308699,0.9265837208887486
stationary_only,586,stationary,4,none,-5.389806755133625,0.7461039176542361
stationary_only,587,stationary,6,gaussian,-16.84271365780315,0.9822794678018495
stationary_only,588,stationary,8,correlated,-4.296753786539174,1.0151030294934897
stationary_only,589,stationary,4,none,-12.436466793497853,1.0822154883532733
stationary_only,590,stationary,6,gaussian,-16.03988711913627,0.9482103811268544
stationary_only,591,stationary,8,correlated,-7.2294111396955625,0.9093989604093424
stationary_only,592,stationary,4,none,-6.948131618988558,0.7763339167193528
stationary_only,593,stationary,6,gaussian,-6.004374190925661,0.9062531148227932
stationary_only,594,stationary,8,correlated,-7.807340332573976,0.9330222558248339
stationary_only,595,stationary,4,none,-5.3821157534779,0.9814912599567546
stationary_only,596,stationary,6,gaussian,-5.850894368444208,0.951500894200733
stationary_only,597,stationary,8,correlated,-10.057173369154578,0.9903376605136451
stationary_only,598,stationary,4,none,-7.129649353085685,0.8488598969956037
stationary_only,599,stationary,6,gaussian,-17.3784348045917,1.0000955522805224
stationary_only,600,stationary,8,correlated,-10.197610361561923,1.0573143709315052
stationary_only,601,stationary,4,none,-3.341489748896425,0.8926616839016646
stationary_only,602,stationary,6,gaussian,-6.62082485280339,1.0210445779215505
stationary_only,603,stationary,8,correlated,-7.627950708800424,1.0424079016302832
stationary_only,604,stationary,4,none,-6.173253164581838,0.9400724158356727
stationary_only,605,stationary,6,gaussian,-5.458015471647258,1.0562427142170316
stationary_only,606,stationary,8,correlated,-4.79867234493339,0.9719688888421665
stationary_only,607,stationary,4,none,-6.036669414950302,0.8555022203696406
stationary_only,608,stationary,6,gaussian,-6.213613546253548,0.9816804318724299
stationary_only,609,stationary,8,correlated,-4.762329084576335,0.9684857502524817
stationary_only,610,stationary,4,none,-4.997172879484346,0.9388321331342844
stationary_only,611,stationary,6,gaussian,-5.524947644819825,0.9253291126080022
stationary_only,612,stationary,8,correlated,-7.820720502302062,0.8963405736707235
stationary_only,613,stationary,4,none,-7.291012579857295,0.9436304450199071
stationary_only,614,stationary,6,gaussian,-4.921746047363865,0.8799357127398231
stationary_only,615,stationary,8,correlated,-14.405015470913868,0.836727340504481
stationary_only,616,stationary,4,none,-6.731253912142618,0.883922799623508
stationary_only,617,stationary,6,gaussian,-3.9673220103808835,1.0154895731670497
stationary_only,618,stationary,8,correlated,-25.140261047360873,0.9363940440482363
stationary_only,619,stationary,4,none,-5.0996433696575565,0.8295856567681354
stationary_only,620,stationary,6,gaussian,-5.093500739606539,1.0103870950680516
stationary_only,621,stationary,8,correlated,-6.661421580646898,0.9583688482273978
stationary_only,622,stationary,4,none,-3.8237067908622615,0.9245711994901848
stationary_only,623,stationary,6,gaussian,-8.244361087239643,0.7846974071889363
stationary_only,624,stationary,8,correlated,-6.4981795453990685,0.9466218987022342
stationary_only,625,stationary,4,none,-3.2479208910511033,0.8945080522231251
stationary_only,626,stationary,6,gaussian,-8.221613909933062,0.9225170646793599
stationary_only,627,stationary,8,correlated,-11.782227512047005,0.6790234599756608
stationary_only,628,stationary,4,none,-4.8127470889163675,0.9350911456028864
stationary_only,629,stationary,6,gaussian,-6.653297346713213,1.0079471231860277
stationary_only,630,stationary,8,correlated,-13.748224161378696,0.7408103942125607
stationary_only,631,stationary,4,none,-5.681806998690494,0.888520708393469
stationary_only,632,stationary,6,gaussian,-12.380314302612021,0.834122279472546
stationary_only,633,stationary,8,correlated,-7.955714894099892,0.8895579145706545
stationary_only,634,stationary,4,none,-5.576245034842577,0.8801213003243422
stationary_only,635,stationary,6,gaussian,-6.074674554462545,0.9924618241352888
stationary_only,636,stationary,8,correlated,-13.065767994233795,0.7424937799387632
stationary_only,637,stationary,4,none,-15.705043159254092,0.8177500703806453
stationary_only,638,stationary,6,gaussian,-5.498515753918105,0.9186653829564196
stationary_only,639,stationary,8,correlated,-14.336126133274412,0.9278481593198051
stationary_only,640,stationary,4,none,-6.218580025986302,0.9396710200637161
stationary_only,641,stationary,6,gaussian,-4.067548120884242,1.0192003320652447
stationary_only,642,stationary,8,correlated,-8.070018424940088,0.9610254243065219
stationary_only,643,stationary,4,none,-3.5865183767901425,0.871609707378963
stationary_only,644,stationary,6,gaussian,-10.111903500783134,0.9270314677277238
stationary_only,645,stationary,8,correlated,-12.341272401613718,0.4884295445486558
stationary_only,646,stationary,4,none,-6.838787598027848,0.8740605640868704
stationary_only,647,stationary,6,gaussian,-13.300521081534729,1.0527561959716858
stationary_only,648,stationary,8,correlated,-3.5928548744536424,0.9620087845261237
stationary_only,649,stationary,4,none,-6.882336772967664,0.9319852290379196
stationary_only,650,stationary,6,gaussian,-14.013267149703996,0.9311922218440511
stationary_only,651,stationary,8,correlated,-9.904337503280729,0.7481997283290551
stationary_only,652,stationary,4,none,-13.949467043691161,0.9061100353101501
stationary_only,653,stationary,6,gaussian,-6.829489211725227,0.9504713853904562
stationary_only,654,stationary,8,correlated,-8.31557206269374,0.9710690787005257
stationary_only,655,stationary,4,none,-6.2450197862191175,0.95721240431199
stationary_only,656,stationary,6,gaussian,-7.66437577654116,0.9827524936033576
stationary_only,657,stationary,8,correlated,-11.76805219430798,0.8217902304930309
stationary_only,658,stationary,4,none,-5.747977475320688,1.017436396843237
stationary_only,659,stationary,6,gaussian,-4.978481455901058,0.9658651550252811
stationary_only,660,stationary,8,correlated,-10.051577338773427,1.008068007928034
stationary_only,661,stationary,4,none,-5.8004426201594,0.942804474134402
stationary_only,662,stationary,6,gaussian,-7.475801302347944,0.9573202406811084
stationary_only,663,stationary,8,correlated,-9.909195950386042,0.8397969176711314
stationary_only,664,stationary,4,none,-7.163346442786256,0.8607092354620667
stationary_only,665,stationary,6,gaussian,-17.19985613961127,0.8997788361413919
stationary_only,666,stationary,8,correlated,-8.224613881399973,0.8436262912982692
stationary_only,667,stationary,4,none,-3.4489807527559435,0.9009008894016887
stationary_only,668,stationary,6,gaussian,-8.576921909084419,0.9070179727661525
stationary_only,669,stationary,8,correlated,-9.11008599881972,0.8198163219138438
stationary_only,670,stationary,4,none,-12.148969070806858,0.8415618907207503
stationary_only,671,stationary,6,gaussian,-7.486640170479674,0.9691412336328383
stationary_only,672,stationary,8,correlated,-10.287067264605083,0.8758744634688386
stationary_only,673,stationary,4,none,-5.086767332045905,0.8945742577491844
stationary_only,674,stationary,6,gaussian,-10.377395537184757,0.8541634090930674
stationary_only,675,stationary,8,correlated,-10.164604125808015,0.9567192768518875
stationary_only,676,stationary,4,none,-4.563570061582307,1.0198539447684478
stationary_only,677,stationary,6,gaussian,-6.687568870011907,1.0713049370144208
stationary_only,678,stationary,8,correlated,-4.894569575418242,0.9145593094990285
stationary_only,679,stationary,4,none,-8.45679276031213,0.8720218664063253
stationary_only,680,stationary,6,gaussian,-4.3196659520250655,0.9792873950285534
stationary_only,681,stationary,8,correlated,-12.170321867987843,0.9324803137646477
stationary_only,682,stationary,4,none,-7.593051719377199,0.9327229731502893
stationary_only,683,stationary,6,gaussian,-10.528113044673105,0.9439012907186562
stationary_only,684,stationary,8,correlated,-8.999710149464772,0.8750552805580647
stationary_only,685,stationary,4,none,-2.889784532944022,0.8493344304348621
stationary_only,686,stationary,6,gaussian,-6.66955994551228,0.9896929121578509
stationary_only,687,stationary,8,correlated,-9.657801790596249,0.9172123754126597
stationary_only,688,stationary,4,none,-2.647669260100713,0.9593351324232188
stationary_only,689,stationary,6,gaussian,-6.461650533850202,1.0351714105976186
stationary_only,690,stationary,8,correlated,-7.362649521184382,0.9427879270402817
stationary_only,691,stationary,4,none,-7.038162092722295,1.01131329484529
stationary_only,692,stationary,6,gaussian,-8.44232899681073,0.9647860082108901
stationary_only,693,stationary,8,correlated,-10.471245121017956,0.7208535658519989
stationary_only,694,stationary,4,none,-5.606094037286239,0.8637918841394573
stationary_only,695,stationary,6,gaussian,-5.283435146395798,0.9202751111290915
stationary_only,696,stationary,8,correlated,-13.278446855288207,0.9646400430472898
stationary_only,697,stationary,4,none,-7.011467160538304,0.9277980271881283
stationary_only,698,stationary,6,gaussian,-11.523786916492188,0.9671511231968875
stationary_only,699,stationary,8,correlated,-9.229367622082897,0.956304764142873
stationary_only,700,stationary,4,none,-6.993615318993107,0.9643881822621043
stationary_only,701,stationary,6,gaussian,-5.757395130959926,1.0527161991755953
stationary_only,702,stationary,8,correlated,-11.223863588774142,0.9075317510802983
stationary_only,703,stationary,4,none,-6.880188679772597,0.978906885282569
stationary_only,704,stationary,6,gaussian,-11.76349514387005,0.9652527989390493
stationary_only,705,stationary,8,correlated,-15.591269249943945,0.9992911361452453
stationary_only,706,stationary,4,none,-16.876921506799512,1.1142482901228816
stationary_only,707,stationary,6,gaussian,-10.27459871085402,1.149165466422535
stationary_only,708,stationary,8,correlated,-7.1323028847361885,0.8848799270871979
stationary_only,709,stationary,4,none,-10.60553130497085,0.866839869014062
stationary_only,710,stationary,6,gaussian,-9.53342165515923,0.9497117564597126
stationary_only,711,stationary,8,correlated,-8.056868651428513,0.9669129023012198
stationary_only,712,stationary,4,none,-9.933181185388975,1.105139810168728
stationary_only,713,stationary,6,gaussian,-12.166504842936954,0.9437259973199463
stationary_only,714,stationary,8,correlated,-25.21452778430219,0.8811286559998214
stationary_only,715,stationary,4,none,-7.695795353066643,1.045998172891977
stationary_only,716,stationary,6,gaussian,-12.308742652985934,1.1175642000953223
stationary_only,717,stationary,8,correlated,-5.072006305343381,1.0140547886428728
stationary_only,718,stationary,4,none,-8.942449154811243,1.0291757256221126
stationary_only,719,stationary,6,gaussian,-5.136781273719075,1.042344709006155
stationary_only,720,stationary,8,correlated,-17.281111247175332,1.170884922927309
stationary_only,721,stationary,4,none,-7.610616522736847,0.9592487620774136
stationary_only,722,stationary,6,gaussian,-7.5172384792274105,1.1107572164206894
stationary_only,723,stationary,8,correlated,-7.870576622964308,1.0051496372482487
stationary_only,724,stationary,4,none,-4.6771754420684815,1.0221761626186139
stationary_only,725,stationary,6,gaussian,-6.192679707505814,1.0623734470691988
stationary_only,726,stationary,8,correlated,-15.648012293919475,0.7863065097006185
stationary_only,727,stationary,4,none,-9.523879793323816,0.931807055096799
stationary_only,728,stationary,6,gaussian,-8.700068434901702,1.0625823626439648
stationary_only,729,stationary,8,correlated,-4.828052482315827,1.017551539175876
stationary_only,730,stationary,4,none,-5.458466305025258,0.99430062157276
stationary_only,731,stationary,6,gaussian,-8.966474190681542,0.84919129802978
stationary_only,732,stationary,8,correlated,-7.7641950036368135,0.8644645779869748
stationary_only,733,stationary,4,none,-4.000508718616329,0.9599380492591696
stationary_only,734,stationary,6,gaussian,-4.272849145678963,1.1029412997089156
stationary_only,735,stationary,8,correlated,-10.919283530193141,0.6480470971233512
stationary_only,736,stationary,4,none,-18.055442882101232,0.8698025740377023
stationary_only,737,stationary,6,gaussian,-4.759555061556242,1.1884170897143722
stationary_only,738,stationary,8,correlated,-6.122219035088791,1.0677650278223185
stationary_only,739,stationary,4,none,-3.8504141813011374,1.0167037862354522
stationary_only,740,stationary,6,gaussian,-6.9692059709876775,1.017972901636909
stationary_only,741,stationary,8,correlated,-7.001649140806483,0.9527893296642507
stationary_only,742,stationary,4,none,-3.7304471976270395,0.987598543536736
stationary_only,743,stationary,6,gaussian,-4.983419117628882,0.960113348647728
stationary_only,744,stationary,8,correlated,-8.424059334309785,0.9411984575771847
stationary_only,745,stationary,4,none,-12.041461652624168,0.795378974513273
stationary_only,746,stationary,6,gaussian,-23.28085192431492,0.9866001902479091
stationary_only,747,stationary,8,correlated,-14.149685582869802,1.0357768954113482
stationary_only,748,stationary,4,none,-8.654644990365291,0.9706387724075581
stationary_only,749,stationary,6,gaussian,-20.8086156363775,1.0934149420507755
stationary_only,750,stationary,8,correlated,-12.730473074291247,0.7756945451909012
stationary_only,751,stationary,4,none,-8.879422251441783,0.9889353485034231
stationary_only,752,stationary,6,gaussian,-13.069879190047693,0.8615032167311888
stationary_only,753,stationary,8,correlated,-5.000321565144025,0.9396366987647162
stationary_only,754,stationary,4,none,-9.381796212715564,0.8968577475371994
stationary_only,755,stationary,6,gaussian,-5.0693842921778565,1.065997113186004
stationary_only,756,stationary,8,correlated,-7.619376753527065,0.7580406448898156
stationary_only,757,stationary,4,none,-3.4544780204002747,1.0434115268644557
stationary_only,758,stationary,6,gaussian,-8.127833007516832,0.8729901600581325
stationary_only,759,stationary,8,correlated,-12.239940757616354,0.45851458311531446
stationary_only,760,stationary,4,none,-10.792357424993423,0.7885046254577315
stationary_only,761,stationary,6,gaussian,-9.210019029906302,0.6338908464297417
stationary_only,762,stationary,8,correlated,-9.590660305278192,0.6852067346075017
stationary_only,763,stationary,4,none,-6.503430678828154,0.8821364203186939
stationary_only,764,stationary,6,gaussian,-9.551630450538399,0.7509282322648377
stationary_only,765,stationary,8,correlated,-8.847005233441743,0.634540573241806
stationary_only,766,stationary,4,none,-4.538334282654105,0.897865672425189
stationary_only,767,stationary,6,gaussian,-6.3894538002833725,0.8636387509463586
stationary_only,768,stationary,8,correlated,-18.085513928945623,0.7548779403164513
stationary_only,769,stationary,4,none,-5.951790531788795,0.975676377835897
stationary_only,770,stationary,6,gaussian,-9.9076433835101,0.8145592174971149
stationary_only,771,stationary,8,correlated,-7.350613978462797,0.8575569654734773
stationary_only,772,stationary,4,none,-5.477711895828943,0.8589032200574309
stationary_only,773,stationary,6,gaussian,-24.047187100703027,1.0683798377300946
stationary_only,774,stationary,8,correlated,-14.337360458789844,0.8050400351809701
stationary_only,775,stationary,4,none,-12.64151638596738,1.0324004852208695
stationary_only,776,stationary,6,gaussian,-8.405428962156167,1.111260841822701
stationary_only,777,stationary,8,correlated,-7.986171825704339,0.9787671887241695
stationary_only,778,stationary,4,none,-5.18454752379097,0.9369044004971704
stationary_only,779,stationary,6,gaussian,-11.547466096277937,0.8743415320965046
stationary_only,780,stationary,8,correlated,-6.479312611884575,1.0083654059487563
stationary_only,781,stationary,4,none,-4.851215265876381,1.0035800311510545
stationary_only,782,stationary,6,gaussian,-5.214706078674644,1.1220734596905424
stationary_only,783,stationary,8,correlated,-10.89192647228611,0.6316063192202035
stationary_only,784,stationary,4,none,-4.979245654919268,0.9304250917688119
stationary_only,785,stationary,6,gaussian,-5.668789603713502,0.9914501327387475
stationary_only,786,stationary,8,correlated,-7.6998325611978045,0.9133382644948025
stationary_only,787,stationary,4,none,-3.6865061085997146,0.9552630041369286
stationary_only,788,stationary,6,gaussian,-9.497712531886236,0.8129482464115068
stationary_only,789,stationary,8,correlated,-18.749117205765224,0.991348699395888
stationary_only,790,stationary,4,none,-4.5557972719897535,1.0555811282390515
stationary_only,791,stationary,6,gaussian,-5.910883147282292,1.0063442397441869
stationary_only,792,stationary,8,correlated,-7.130275239623095,1.0375749337431481
stationary_only,793,stationary,4,none,-7.374443525708128,0.8638786762215711
stationary_only,794,stationary,6,gaussian,-19.692307744377715,1.1177687451995708
stationary_only,795,stationary,8,correlated,-5.725388042669481,1.1016476463621456
stationary_only,796,stationary,4,none,-5.0947067994368265,0.9967312717925214
stationary_only,797,stationary,6,gaussian,-4.938991158186562,1.0574890134173713
stationary_only,798,stationary,8,correlated,-6.062762579273745,0.841268825285464
stationary_only,799,stationary,4,none,-3.072242561473977,0.9962290551994816
stationary_only,800,stationary,6,gaussian,-5.010532067126017,1.046189100415594
stationary_only,801,stationary,8,correlated,-6.193977771388311,1.007093189804549
stationary_only,802,stationary,4,none,-6.414073114528752,0.9639234544636519
stationary_only,803,stationary,6,gaussian,-6.033918072171671,1.0804143887557596
stationary_only,804,stationary,8,correlated,-7.252685639434018,0.9132197254988933
stationary_only,805,stationary,4,none,-3.2852377283003866,1.1226460767566075
stationary_only,806,stationary,6,gaussian,-4.810378150638221,1.0491489796875566
stationary_only,807,stationary,8,correlated,-9.635141051745364,0.8145666929974755
stationary_only,808,stationary,4,none,-4.093358769696792,1.0239695110364118
stationary_only,809,stationary,6,gaussian,-19.328069147669083,0.8293964845677275
stationary_only,810,stationary,8,correlated,-14.749787665557946,0.8020418976688856
stationary_only,811,stationary,4,none,-6.058190538626516,0.9793273375086233
stationary_only,812,stationary,6,gaussian,-5.520013929419996,1.047896723513379
stationary_only,813,stationary,8,correlated,-7.998579770012578,0.7666235714421121
stationary_only,814,stationary,4,none,-2.3332799271786353,0.9718607238032437
stationary_only,815,stationary,6,gaussian,-6.565117377115287,1.0015962166934638
stationary_only,816,stationary,8,correlated,-12.682379736847873,0.9742572568267185
stationary_only,817,stationary,4,none,-3.105035156065982,0.9876070454848147
stationary_only,818,stationary,6,gaussian,-19.573153204871204,0.9855558955675281
stationary_only,819,stationary,8,correlated,-6.757228409648553,1.0799169672212272
stationary_only,820,stationary,4,none,-3.004130626631814,0.9795233331954393
stationary_only,821,stationary,6,gaussian,-5.367376181046126,1.0426457733511796
stationary_only,822,stationary,8,correlated,-5.4901158505954495,0.9999166579425876
stationary_only,823,stationary,4,none,-4.7280848461389535,0.9639454534401464
stationary_only,824,stationary,6,gaussian,-8.089890858363844,0.9625405210244005
stationary_only,825,stationary,8,correlated,-5.009496813558862,1.1099183252190032
stationary_only,826,stationary,4,none,-11.37061163827954,0.8777772996574325
stationary_only,827,stationary,6,gaussian,-4.016629643618433,1.0146260821999267
stationary_only,828,stationary,8,correlated,-6.340397780395191,0.8443650466859693
stationary_only,829,stationary,4,none,-5.164964407843166,1.0615364036941304
stationary_only,830,stationary,6,gaussian,-8.155101818005116,0.9298460339192545
stationary_only,831,stationary,8,correlated,-7.146565178547693,0.8833242072190185
stationary_only,832,stationary,4,none,-5.844946002347861,1.0311581560056564
stationary_only,833,stationary,6,gaussian,-5.251816177897293,1.01613152186701
stationary_only,834,stationary,8,correlated,-6.096354202535531,0.9370700209635855
stationary_only,835,stationary,4,none,-6.1875677548821555,0.9987156840885015
stationary_only,836,stationary,6,gaussian,-5.821863603918027,1.0038818054578065
stationary_only,837,stationary,8,correlated,-4.442750170174187,0.981394799407785
stationary_only,838,stationary,4,none,-4.4229423330258575,0.923018412168209
stationary_only,839,stationary,6,gaussian,-6.4281826152815835,1.026969046232343
stationary_only,840,stationary,8,correlated,-9.197724808772852,0.876523622809153
stationary_only,841,stationary,4,none,-5.286484185508483,1.1354836432962165
stationary_only,842,stationary,6,gaussian,-25.757234127024155,1.117799981616748
stationary_only,843,stationary,8,correlated,-9.45949276341071,1.0844941529890053
stationary_only,844,stationary,4,none,-22.74614903548566,1.1028668640932426
stationary_only,845,stationary,6,gaussian,-10.102011684193544,0.9915254062954496
stationary_only,846,stationary,8,correlated,-7.5992357239667125,1.0386170228300073
stationary_only,847,stationary,4,none,-12.403880104804228,1.029623671309478
stationary_only,848,stationary,6,gaussian,-15.170121384043444,1.0396093697560038
stationary_only,849,stationary,8,correlated,-6.028058188475929,1.0096293929541342
stationary_only,850,stationary,4,none,-11.523159792787862,0.937402493081897
stationary_only,851,stationary,6,gaussian,-6.277719390451257,1.0586595759964712
stationary_only,852,stationary,8,correlated,-8.102920688213821,1.0271630138329595
stationary_only,853,stationary,4,none,-4.271211872653783,1.0390841368157164
stationary_only,854,stationary,6,gaussian,-6.374565545168654,1.0541253397354633
stationary_only,855,stationary,8,correlated,-5.482870162149975,1.0150268806544225
stationary_only,856,stationary,4,none,-10.780128667269922,0.907299122803159
stationary_only,857,stationary,6,gaussian,-12.50509714956483,0.9178590460305598
stationary_only,858,stationary,8,correlated,-6.236216071231884,1.1375258329409428
stationary_only,859,stationary,4,none,-4.229871985237734,1.0942183907717933
stationary_only,860,stationary,6,gaussian,-10.417178908266672,0.9732379444781131
stationary_only,861,stationary,8,correlated,-7.2362206659182515,0.9759078933445224
stationary_only,862,stationary,4,none,-6.172779809343629,0.9083173627136375
stationary_only,863,stationary,6,gaussian,-9.167561646530542,0.8977112726129299
stationary_only,864,stationary,8,correlated,-9.298555188542979,1.0411112306605896
stationary_only,865,stationary,4,none,-4.397300378149375,1.04413194106533
stationary_only,866,stationary,6,gaussian,-3.746980514448782,1.0351003671425967
stationary_only,867,stationary,8,correlated,-9.702219554852269,0.7221749103047566
stationary_only,868,stationary,4,none,-8.390678154823238,0.4595389426975937
stationary_only,869,stationary,6,gaussian,-4.7445132678374655,1.0478101799349369
stationary_only,870,stationary,8,correlated,-7.92298168961558,0.8185122619238248
stationary_only,871,stationary,4,none,-6.761481860852802,0.9418856781298748
stationary_only,872,stationary,6,gaussian,-8.954265244427809,0.8928027789174291
stationary_only,873,stationary,8,correlated,-8.831321344365625,0.8202120660012449
stationary_only,874,stationary,4,none,-4.00900185745685,0.9720484446024468
stationary_only,875,stationary,6,gaussian,-8.546341096595965,0.823604229528056
stationary_only,876,stationary,8,correlated,-17.736599430188733,0.5905412613560819
stationary_only,877,stationary,4,none,-7.2507039589105515,0.9979269481982523
stationary_only,878,stationary,6,gaussian,-6.8564985528987865,0.9483107034364971
stationary_only,879,stationary,8,correlated,-9.410725527209767,0.45669348506190693
stationary_only,880,stationary,4,none,-2.8207896691700443,1.024301215460246
stationary_only,881,stationary,6,gaussian,-11.793338113291293,0.8209714866267734
stationary_only,882,stationary,8,correlated,-8.2863303727569,1.0414814563427321
stationary_only,883,stationary,4,none,-8.844535273513017,0.9139844790083764
stationary_only,884,stationary,6,gaussian,-11.875584334985946,0.9464484308295626
stationary_only,885,stationary,8,correlated,-14.56357183689058,1.0879571283958263
stationary_only,886,stationary,4,none,-13.701264179794645,1.0568109898499407
stationary_only,887,stationary,6,gaussian,-12.311838981692325,0.8858265631835686
stationary_only,888,stationary,8,correlated,-13.062735401245671,0.9262859367546188
stationary_only,889,stationary,4,none,-5.662659970255904,0.9965190686364338
stationary_only,890,stationary,6,gaussian,-11.164762575347211,1.0050767875574462
stationary_only,891,stationary,8,correlated,-16.228750950998307,1.1205409633038694
stationary_only,892,stationary,4,none,-4.351744137741625,1.026951485364729
stationary_only,893,stationary,6,gaussian,-4.058005329537324,1.0587081599668298
stationary_only,894,stationary,8,correlated,-13.161766493518352,0.8295354511431972
stationary_only,895,stationary,4,none,-12.696434247463477,1.0410762170131647
stationary_only,896,stationary,6,gaussian,-7.512686526508475,0.8834338882073789
stationary_only,897,stationary,8,correlated,-13.08587260391639,0.840111909989807
stationary_only,898,stationary,4,none,-6.215393385331845,1.0888631624222893
stationary_only,899,stationary,6,gaussian,-11.268978323472012,0.7691371011229586
stationary_only,900,stationary,8,correlated,-10.960065411913948,0.8327599682948806
stationary_only,901,stationary,4,none,-5.46410392915555,1.0121778087823297
stationary_only,902,stationary,6,gaussian,-8.146957374497628,0.8856183326894161
stationary_only,903,stationary,8,correlated,-14.056405506685552,0.6915121474826391
stationary_only,904,stationary,4,none,-7.6257697114066945,0.901170910177699
stationary_only,905,stationary,6,gaussian,-6.404200648325549,0.9744129312857523
stationary_only,906,stationary,8,correlated,-7.345248230997628,0.8614518751430547
stationary_only,907,stationary,4,none,-3.3882307353406214,0.9190965560545626
stationary_only,908,stationary,6,gaussian,-6.459082655636513,1.0524937099187741
stationary_only,909,stationary,8,correlated,-8.584036851197093,0.7835957427431417
stationary_only,910,stationary,4,none,-6.2202711384230165,0.8981901867663582
stationary_only,911,stationary,6,gaussian,-7.2544151436724835,0.9648426789653716
stationary_only,912,stationary,8,correlated,-3.5329063191612917,1.0788060608646521
stationary_only,913,stationary,4,none,-4.443951149093439,1.0136303301931526
stationary_only,914,stationary,6,gaussian,-5.769770772328501,1.0046673624899711
stationary_only,915,stationary,8,correlated,-4.292583681591884,0.9749858769256535
stationary_only,916,stationary,4,none,-3.6825140677159656,1.0141958308588568
stationary_only,917,stationary,6,gaussian,-8.370549048227913,0.8211665828810517
stationary_only,918,stationary,8,correlated,-7.260071427928851,0.9938804539880438
stationary_only,919,stationary,4,none,-6.241563526350072,0.9930614659960313
stationary_only,920,stationary,6,gaussian,-7.883849399387307,0.9592423362033845
stationary_only,921,stationary,8,correlated,-9.800983745272273,0.8815278711375516
stationary_only,922,stationary,4,none,-5.155095234181062,1.0551215557465539
stationary_only,923,stationary,6,gaussian,-14.118509225890785,0.96941349152548
stationary_only,924,stationary,8,correlated,-10.917632637977881,0.810438440956814
stationary_only,925,stationary,4,none,-6.136566979767377,0.9170428500674885
stationary_only,926,stationary,6,gaussian,-5.448524031910919,0.9588510915047337
stationary_only,927,stationary,8,correlated,-6.835976945357833,0.9151217670590779
stationary_only,928,stationary,4,none,-3.7152547170956534,0.9160866136286192
stationary_only,929,stationary,6,gaussian,-13.648343060252799,0.8983928474937894
stationary_only,930,stationary,8,correlated,-6.109776550778919,1.0226355485800427
stationary_only,931,stationary,4,none,-6.087904391299235,0.9723599866488952
stationary_only,932,stationary,6,gaussian,-7.060698994313014,0.9911074466087015
stationary_only,933,stationary,8,correlated,-14.123810121256442,0.9987848403244352
stationary_only,934,stationary,4,none,-6.40536278579455,1.0331982307209078
stationary_only,935,stationary,6,gaussian,-15.571351294877049,0.7407896294008569
stationary_only,936,stationary,8,correlated,-22.899189744379804,1.0126741666808876
stationary_only,937,stationary,4,none,-5.761430653221005,1.052059963933218
stationary_only,938,stationary,6,gaussian,-5.368835549899877,1.1226415364835227
stationary_only,939,stationary,8,correlated,-5.386439297883504,1.0375762332614016
stationary_only,940,stationary,4,none,-5.376835511469515,1.0685878223975003
stationary_only,941,stationary,6,gaussian,-14.749031065984733,0.9030366715981174
stationary_only,942,stationary,8,correlated,-14.232232805362866,1.0917442992873514
stationary_only,943,stationary,4,none,-5.8678298797202295,1.0623948426034926
stationary_only,944,stationary,6,gaussian,-10.164052247217708,0.9190887897644828
stationary_only,945,stationary,8,correlated,-9.811875205528404,0.7843248882420426
stationary_only,946,stationary,4,none,-15.295988217511894,0.8886872808850805
stationary_only,947,stationary,6,gaussian,-7.5266047064886825,1.0290695898178035
stationary_only,948,stationary,8,correlated,-15.1070577230359,0.840726274198657
stationary_only,949,stationary,4,none,-5.174325851562659,0.9777044591948474
stationary_only,950,stationary,6,gaussian,-8.947410766651974,0.8660073187694101
stationary_only,951,stationary,8,correlated,-13.66367743729869,0.6644584236724518
stationary_only,952,stationary,4,none,-6.039461849740474,1.0192054826451236
stationary_only,953,stationary,6,gaussian,-5.378450926308325,1.0317362292346257
stationary_only,954,stationary,8,correlated,-23.933026386624523,0.8113791590622601
stationary_only,955,stationary,4,none,-7.77505508978793,1.0886933155323
stationary_only,956,stationary,6,gaussian,-7.873915166039189,0.9975216288866641
stationary_only,957,stationary,8,correlated,-28.500383983914563,1.2152787176475044
stationary_only,958,stationary,4,none,-19.332960427430837,1.245282466964139
stationary_only,959,stationary,6,gaussian,-16.44119296410656,1.253170928901628
stationary_only,960,stationary,8,correlated,-14.47366550666791,1.2237876981870743
stationary_only,961,stationary,4,none,-8.631333316680113,1.0242740654396922
stationary_only,962,stationary,6,gaussian,-11.439470108076929,1.1037519907742581
stationary_only,963,stationary,8,correlated,-22.560713649183853,1.0376211091924559
stationary_only,964,stationary,4,none,-3.3185601218874106,1.038765447691445
stationary_only,965,stationary,6,gaussian,-5.666528356267146,1.1093255795461867
stationary_only,966,stationary,8,correlated,-12.81209308018732,1.0442152130373308
stationary_only,967,stationary,4,none,-6.055696958251369,1.0673930116016828
stationary_only,968,stationary,6,gaussian,-7.606243309372521,1.1427291706454032
stationary_only,969,stationary,8,correlated,-16.304447589369687,1.0317724684311251
stationary_only,970,stationary,4,none,-6.354601008216385,0.9954020671441525
stationary_only,971,stationary,6,gaussian,-5.462351908249966,1.0413456060856525
stationary_only,972,stationary,8,correlated,-14.27027984770651,1.022170383528874
stationary_only,973,stationary,4,none,-7.1788597345377205,1.003880527008604
stationary_only,974,stationary,6,gaussian,-13.08520234748771,1.0015669832862628
stationary_only,975,stationary,8,correlated,-3.8477090713988,1.0279475293894145
stationary_only,976,stationary,4,none,-11.154436911383197,1.0382399023846696
stationary_only,977,stationary,6,gaussian,-10.323084338009728,1.0965814145014
stationary_only,978,stationary,8,correlated,-10.455348019202141,0.9435952326659054
stationary_only,979,stationary,4,none,-4.346879985823295,1.0271302729127845
stationary_only,980,stationary,6,gaussian,-24.70473074337449,1.0931807799186655
stationary_only,981,stationary,8,correlated,-11.617064627999573,1.1326429451262263
stationary_only,982,stationary,4,none,-3.40800918340683,1.1457043065416401
stationary_only,983,stationary,6,gaussian,-10.546765804281332,1.157976400281577
stationary_only,984,stationary,8,correlated,-8.309911847151621,1.032491177396686
stationary_only,985,stationary,4,none,-8.020675939602661,1.0136742132788732
stationary_only,986,stationary,6,gaussian,-9.420733888269869,0.9785185104523066
stationary_only,987,stationary,8,correlated,-22.367721000923105,1.1262410919348356
stationary_only,988,stationary,4,none,-6.527250934354965,1.0380516659946455
stationary_only,989,stationary,6,gaussian,-7.886319191023961,1.027960140998331
stationary_only,990,stationary,8,correlated,-7.559689196295112,0.9823572780027167
stationary_only,991,stationary,4,none,-7.340307029421675,0.9659429928072735
stationary_only,992,stationary,6,gaussian,-11.529302542485837,1.1020515826428774
stationary_only,993,stationary,8,correlated,-17.01680594469443,0.9563579025515908
stationary_only,994,stationary,4,none,-6.7596549168345526,0.9433881224419844
stationary_only,995,stationary,6,gaussian,-6.17841506589204,1.0719253965653246
stationary_only,996,stationary,8,correlated,-14.864555771102486,0.5726010631784894
stationary_only,997,stationary,4,none,-4.826940620806999,1.0681969190027705
stationary_only,998,stationary,6,gaussian,-7.857011174077309,0.9469507636079106
stationary_only,999,stationary,8,correlated,-11.516482633350591,0.8156996232014793
stationary_only,1000,stationary,4,none,-5.572913419175312,1.0051618219124034
stationary_only,1001,stationary,6,gaussian,-11.016383898547929,1.0490558899895448
stationary_only,1002,stationary,8,correlated,-9.86348647464066,0.7271243401475865
stationary_only,1003,stationary,4,none,-4.151439819193682,0.9274159338927552
stationary_only,1004,stationary,6,gaussian,-7.664494160720999,0.8598701577329557
stationary_only,1005,stationary,8,correlated,-14.04854220858839,0.9025307548903962
stationary_only,1006,stationary,4,none,-4.766621037995209,1.0453844363404179
stationary_only,1007,stationary,6,gaussian,-3.9514382734865774,0.9947049938321324
stationary_only,1008,stationary,8,correlated,-7.967625207759657,0.9443883972358378
stationary_only,1009,stationary,4,none,-5.693789708202239,1.0635119162030495
stationary_only,1010,stationary,6,gaussian,-8.192630674695195,0.8670130682118684
stationary_only,1011,stationary,8,correlated,-8.213921278040281,0.8505756614993786
stationary_only,1012,stationary,4,none,-4.442663188058593,1.0739053113884893
stationary_only,1013,stationary,6,gaussian,-4.727049707058929,1.0388528823478729
stationary_only,1014,stationary,8,correlated,-8.64683625583563,0.7628715248180631
stationary_only,1015,stationary,4,none,-16.30277209814816,1.0319219342144474
stationary_only,1016,stationary,6,gaussian,-18.961092018996133,0.9071978869397677
stationary_only,1017,stationary,8,correlated,-21.12529337923476,1.0130319343659198
stationary_only,1018,stationary,4,none,-7.507279626983218,1.0149468891328015
stationary_only,1019,stationary,6,gaussian,-7.906758871116089,1.0822449390688438
stationary_only,1020,stationary,8,correlated,-6.012155700933733,1.0680866421587591
stationary_only,1021,stationary,4,none,-6.906947216293775,0.9574185972691606
stationary_only,1022,stationary,6,gaussian,-9.879453178285674,0.9584097162345767
stationary_only,1023,stationary,8,correlated,-5.543279888665468,0.99920373463184
stationary_only,1024,stationary,4,none,-6.599450014336034,0.9952168529923735
stationary_only,1025,stationary,6,gaussian,-5.006953304481042,1.0869592060489295
stationary_only,1026,stationary,8,correlated,-12.174423226290246,0.7125306806422865
stationary_only,1027,stationary,4,none,-12.658846925162386,0.929371743604451
stationary_only,1028,stationary,6,gaussian,-4.861696151129278,1.1259058376450564
stationary_only,1029,stationary,8,correlated,-16.840609545174914,1.01114610474559
stationary_only,1030,stationary,4,none,-11.374115321216136,1.1737560278969734
stationary_only,1031,stationary,6,gaussian,-9.16225637814977,1.064050743399941
stationary_only,1032,stationary,8,correlated,-6.282233798075861,0.9773113472993371
stationary_only,1033,stationary,4,none,-4.210933046793798,1.0234241119330918
stationary_only,1034,stationary,6,gaussian,-18.98037342189687,1.0971034714551553
stationary_only,1035,stationary,8,correlated,-6.499709963567614,1.0093972854512843
stationary_only,1036,stationary,4,none,-3.4739400398633755,1.1615197150836196
stationary_only,1037,stationary,6,gaussian,-8.081132095920903,0.8316408187880178
stationary_only,1038,stationary,8,correlated,-10.318242985214939,1.0204922762379354
stationary_only,1039,stationary,4,none,-4.061200433297643,0.9966498309225326
stationary_only,1040,stationary,6,gaussian,-8.797655961403809,0.8743138856812459
stationary_only,1041,stationary,8,correlated,-19.5206015347702,0.7473842941193443
stationary_only,1042,stationary,4,none,-3.993066031394774,0.9869682692249636
stationary_only,1043,stationary,6,gaussian,-8.469571438233551,1.0555893678078003
stationary_only,1044,stationary,8,correlated,-6.483809341402122,1.0444637449166758
stationary_only,1045,stationary,4,none,-3.3008217304522045,1.1217891382339555
stationary_only,1046,stationary,6,gaussian,-16.808450459488284,0.9138627762134816
stationary_only,1047,stationary,8,correlated,-17.575080325234303,0.8168107755936379
stationary_only,1048,stationary,4,none,-3.6910413920588327,1.1376634468403999
stationary_only,1049,stationary,6,gaussian,-10.556224985881439,1.023245566352319
stationary_only,1050,stationary,8,correlated,-7.517832858667951,0.8877497143726079
stationary_only,1051,stationary,4,none,-7.864994124392903,0.8961809137588788
stationary_only,1052,stationary,6,gaussian,-8.249228632614848,0.8720051916088245
stationary_only,1053,stationary,8,correlated,-9.045235149143426,0.717381224496375
stationary_only,1054,stationary,4,none,-3.5668838990114944,1.0813910601062626
stationary_only,1055,stationary,6,gaussian,-5.67722801722784,1.0293143142583514
stationary_only,1056,stationary,8,correlated,-7.503183559042952,0.9761471924978187
stationary_only,1057,stationary,4,none,-8.985508752088904,0.95529696165307
stationary_only,1058,stationary,6,gaussian,-5.351988874180069,0.8876989001022846
stationary_only,1059,stationary,8,correlated,-12.109470836368704,0.8782941820152044
stationary_only,1060,stationary,4,none,-6.910219182310316,0.9928448148591725
stationary_only,1061,stationary,6,gaussian,-13.540884516670971,0.9378124591588957
stationary_only,1062,stationary,8,correlated,-4.933349933698892,0.9710452096464579
stationary_only,1063,stationary,4,none,-5.867537169419229,1.003889696073783
stationary_only,1064,stationary,6,gaussian,-5.418064374467601,0.9762758632332449
stationary_only,1065,stationary,8,correlated,-6.04056364293443,1.00441830500924
stationary_only,1066,stationary,4,none,-7.05968784331959,0.9577647329318385
stationary_only,1067,stationary,6,gaussian,-8.413293875332872,0.9274792658352595
stationary_only,1068,stationary,8,correlated,-14.122329661536059,0.7794255559264914
stationary_only,1069,stationary,4,none,-12.93100380511023,0.7761735821018754
stationary_only,1070,stationary,6,gaussian,-5.442653081850169,1.0902042233062148
stationary_only,1071,stationary,8,correlated,-12.455987778279212,0.9254895536323827
stationary_only,1072,stationary,4,none,-8.890024448805487,0.9282814913676185
stationary_only,1073,stationary,6,gaussian,-8.67228639966222,1.0047859771016685
stationary_only,1074,stationary,8,correlated,-12.951804061455945,1.0980131441547876
stationary_only,1075,stationary,4,none,-27.114192400168395,1.3029390561428102
stationary_only,1076,stationary,6,gaussian,-5.867462277054731,1.1597307661843064
stationary_only,1077,stationary,8,correlated,-6.972330445698636,1.085232072312316
stationary_only,1078,stationary,4,none,-5.20498427433901,1.063645344552026
stationary_only,1079,stationary,6,gaussian,-5.675155324504889,1.0314304967459222
stationary_only,1080,stationary,8,correlated,-13.876207439349628,1.1205271521422335
stationary_only,1081,stationary,4,none,-9.115613047007312,1.0787548293032834
stationary_only,1082,stationary,6,gaussian,-11.72551831645907,1.0006055032280154
stationary_only,1083,stationary,8,correlated,-6.395704696640371,1.095340319637341
stationary_only,1084,stationary,4,none,-7.135783004205976,1.1641810608171703
stationary_only,1085,stationary,6,gaussian,-5.103816666406674,1.1197553170518488
stationary_only,1086,stationary,8,correlated,-11.836040683892032,0.9285842288652247
stationary_only,1087,stationary,4,none,-11.20855707030561,0.9579179649970593
stationary_only,1088,stationary,6,gaussian,-8.204959856356172,1.0820429127004805
stationary_only,1089,stationary,8,correlated,-11.43961135948451,0.8224640692207092
stationary_only,1090,stationary,4,none,-5.880508466830166,1.0624662627384853
stationary_only,1091,stationary,6,gaussian,-6.5217641466307095,1.0485210692629774
stationary_only,1092,stationary,8,correlated,-8.607311646534548,0.9177499307634323
stationary_only,1093,stationary,4,none,-6.727209291088531,1.0070692373449177
stationary_only,1094,stationary,6,gaussian,-7.975745823421192,1.0488035063894032
stationary_only,1095,stationary,8,correlated,-7.352494149707575,0.8514788294956344
stationary_only,1096,stationary,4,none,-4.407698562312174,1.0738688063596205
stationary_only,1097,stationary,6,gaussian,-10.514571295300962,0.9154911972002872
stationary_only,1098,stationary,8,correlated,-14.999174513918266,0.8139823840089818
stationary_only,1099,stationary,4,none,-3.3036835927737402,1.1065650469893196
stationary_only,1100,stationary,6,gaussian,-10.175263426198565,1.136591950151397
stationary_only,1101,stationary,8,correlated,-6.843991940923079,1.0207992753698218
stationary_only,1102,stationary,4,none,-5.199120196263026,0.9179367713236832
stationary_only,1103,stationary,6,gaussian,-4.435826816827542,1.0982492787333746
stationary_only,1104,stationary,8,correlated,-4.8890393356873085,1.1133292261281642
stationary_only,1105,stationary,4,none,-3.837089544648843,1.0062443654192215
stationary_only,1106,stationary,6,gaussian,-15.014564909000576,0.6897447809198881
stationary_only,1107,stationary,8,correlated,-31.495957874966212,1.2003179765679564
stationary_only,1108,stationary,4,none,-4.958303225686244,1.1005480069797333
stationary_only,1109,stationary,6,gaussian,-11.23863237850553,1.1164375829867577
stationary_only,1110,stationary,8,correlated,-11.713065024386395,0.8175810477815999
stationary_only,1111,stationary,4,none,-8.950418584695054,0.8625902626232571
stationary_only,1112,stationary,6,gaussian,-13.57869898776844,1.1096579980487866
stationary_only,1113,stationary,8,correlated,-5.75218611909324,1.1657047457390648
stationary_only,1114,stationary,4,none,-7.457625469773707,1.0593934252996622
stationary_only,1115,stationary,6,gaussian,-4.5935356309257855,1.0577406144507797
stationary_only,1116,stationary,8,correlated,-6.115215060510904,1.196052302478828
stationary_only,1117,stationary,4,none,-5.204640558981337,1.0062461826975504
stationary_only,1118,stationary,6,gaussian,-6.639027763078692,1.0089405166728647
stationary_only,1119,stationary,8,correlated,-18.20412503435366,0.7530985502997559
stationary_only,1120,stationary,4,none,-9.46650832122609,0.9240717999570386
stationary_only,1121,stationary,6,gaussian,-13.910590729745245,0.8291434986436048
stationary_only,1122,stationary,8,correlated,-15.692222675121094,0.819099272882734
stationary_only,1123,stationary,4,none,-4.350431378497742,1.047890518858433
stationary_only,1124,stationary,6,gaussian,-8.096330808315471,1.1516456507772117
stationary_only,1125,stationary,8,correlated,-19.561345452357855,1.0352301479743506
stationary_only,1126,stationary,4,none,-3.5235909858042196,1.1774045526399237
stationary_only,1127,stationary,6,gaussian,-9.349102226256019,0.9124915888078574
stationary_only,1128,stationary,8,correlated,-16.0783605025869,0.732252333499066
stationary_only,1129,stationary,4,none,-6.677646904057838,0.9998159629558192
stationary_only,1130,stationary,6,gaussian,-19.306841907112705,0.8780730311129888
stationary_only,1131,stationary,8,correlated,-10.329557688819694,0.653523298382283
stationary_only,1132,stationary,4,none,-6.762990169818513,0.8964830743005056
stationary_only,1133,stationary,6,gaussian,-25.431353195074074,0.9539043555090124
stationary_only,1134,stationary,8,correlated,-9.313183416625277,0.9498662948956398
stationary_only,1135,stationary,4,none,-4.5320237767102665,1.0930073473506963
stationary_only,1136,stationary,6,gaussian,-6.565940421004595,0.9375143639975236
stationary_only,1137,stationary,8,correlated,-10.73734497601467,1.0111778900666764
stationary_only,1138,stationary,4,none,-6.661858095969074,1.0056900274590694
stationary_only,1139,stationary,6,gaussian,-6.786898480334318,1.1145715873001927
stationary_only,1140,stationary,8,correlated,-3.3240685903782596,0.9672128988439658
stationary_only,1141,stationary,4,none,-2.908638683922472,1.0187231219394857
stationary_only,1142,stationary,6,gaussian,-4.509225291979414,1.0179215354309783
stationary_only,1143,stationary,8,correlated,-19.386562880469597,0.9304659165358651
stationary_only,1144,stationary,4,none,-7.624547605796541,1.097751206449182
stationary_only,1145,stationary,6,gaussian,-5.738616117556717,1.1285600416079464
stationary_only,1146,stationary,8,correlated,-8.197331394746673,0.9754615555844802
stationary_only,1147,stationary,4,none,-7.0615197951858875,0.919410154342399
stationary_only,1148,stationary,6,gaussian,-4.991602024136416,1.0673013972133112
stationary_only,1149,stationary,8,correlated,-7.822479415079268,0.9104949022524795
stationary_only,1150,stationary,4,none,-5.811658310075599,0.9730331656064279
stationary_only,1151,stationary,6,gaussian,-9.318842365133428,0.7963712104428569
stationary_only,1152,stationary,8,correlated,-10.782721660483219,0.7474984822895355
stationary_only,1153,stationary,4,none,-2.9842684294874298,1.0329136513771389
stationary_only,1154,stationary,6,gaussian,-12.18801278370449,0.709653774403338
stationary_only,1155,stationary,8,correlated,-6.373998208778553,0.9446059065216771
stationary_only,1156,stationary,4,none,-6.3200661140162975,1.0006306767207125
stationary_only,1157,stationary,6,gaussian,-9.542123859203242,0.6286075738975901
stationary_only,1158,stationary,8,correlated,-5.434644848796003,0.8933148966640306
stationary_only,1159,stationary,4,none,-4.208207915396197,0.9891258843238727
stationary_only,1160,stationary,6,gaussian,-9.211724244538779,0.8826477419196499
stationary_only,1161,stationary,8,correlated,-12.222323311269841,0.8622969982568947
stationary_only,1162,stationary,4,none,-2.769994465731085,1.1083153748858405
stationary_only,1163,stationary,6,gaussian,-5.236977106954609,0.8334520902450476
stationary_only,1164,stationary,8,correlated,-8.156205920721028,0.7601174494335041
stationary_only,1165,stationary,4,none,-4.322522938112961,1.1216973586722467
stationary_only,1166,stationary,6,gaussian,-4.785972767793136,1.0161790856229567
stationary_only,1167,stationary,8,correlated,-5.856073707118643,0.9813617499804401
stationary_only,1168,stationary,4,none,-4.163947984439365,0.9998964887142068
stationary_only,1169,stationary,6,gaussian,-6.865978845957272,0.9011481268950149
stationary_only,1170,stationary,8,correlated,-11.021854673157794,0.8793136184659623
stationary_only,1171,stationary,4,none,-13.871967065338977,1.0371817639916323
stationary_only,1172,stationary,6,gaussian,-18.862570284738787,0.8686869769054837
stationary_only,1173,stationary,8,correlated,-23.988043510429925,0.9204678354663525
stationary_only,1174,stationary,4,none,-5.592286449815974,0.9987922640807383
stationary_only,1175,stationary,6,gaussian,-12.912458856159951,1.0184454191503012
stationary_only,1176,stationary,8,correlated,-7.148397881259992,1.0434033151392863
stationary_only,1177,stationary,4,none,-5.492037264216259,0.9894739954883451
stationary_only,1178,stationary,6,gaussian,-11.193125258266544,0.7440659342425509
stationary_only,1179,stationary,8,correlated,-6.50796612124269,0.957056426475928
stationary_only,1180,stationary,4,none,-6.099782295646191,0.9793567634697045
stationary_only,1181,stationary,6,gaussian,-6.339065475191978,1.0529485838542187
stationary_only,1182,stationary,8,correlated,-10.910017757630765,0.9061852696347964
stationary_only,1183,stationary,4,none,-5.168211316669401,1.100799495382616
stationary_only,1184,stationary,6,gaussian,-8.604773761276672,0.9739684237262484
stationary_only,1185,stationary,8,correlated,-11.124407428158943,0.7051882968928096
stationary_only,1186,stationary,4,none,-6.480129942650528,1.0043602735676147
stationary_only,1187,stationary,6,gaussian,-5.219118000867241,1.00753944818664
stationary_only,1188,stationary,8,correlated,-18.42837973325888,0.5539400427690317
stationary_only,1189,stationary,4,none,-9.15029834932158,1.090954403333241
stationary_only,1190,stationary,6,gaussian,-5.79306845851049,1.0411905372529182
stationary_only,1191,stationary,8,correlated,-7.720171609818253,0.7600566233289581
stationary_only,1192,stationary,4,none,-11.209391990418816,0.8222209804420342
stationary_only,1193,stationary,6,gaussian,-10.354948198009815,0.7950349756026421
stationary_only,1194,stationary,8,correlated,-23.739424963381573,0.5516979795922163
stationary_only,1195,stationary,4,none,-5.415299498000499,1.094265277200891
stationary_only,1196,stationary,6,gaussian,-5.108708998223786,1.1208101134415316
stationary_only,1197,stationary,8,correlated,-12.634066989522964,0.9873346742410266
stationary_only,1198,stationary,4,none,-7.28106398896281,1.0651378080452552
stationary_only,1199,stationary,6,gaussian,-6.914224745096368,1.0883234858487034
stationary_only,1200,stationary,8,correlated,-24.58922602284205,1.129336491084309
stationary_only,1201,stationary,4,none,-7.357895954781927,1.1247601153433144
stationary_only,1202,stationary,6,gaussian,-6.846698270226548,1.0785304895819945
stationary_only,1203,stationary,8,correlated,-7.265886159266763,0.9802646673254806
stationary_only,1204,stationary,4,none,-13.885423812048392,0.9940660640362745
stationary_only,1205,stationary,6,gaussian,-5.899183112012917,0.9137738204494201
stationary_only,1206,stationary,8,correlated,-12.107245667888815,0.8361499452261046
stationary_only,1207,stationary,4,none,-3.836726771579124,0.9009555829540407
stationary_only,1208,stationary,6,gaussian,-4.5252139444560635,1.0907654563635292
stationary_only,1209,stationary,8,correlated,-24.094175546259756,1.088486178419847
stationary_only,1210,stationary,4,none,-9.288629488863517,1.0741425195008605
stationary_only,1211,stationary,6,gaussian,-24.090900989931257,0.9895540118827043
stationary_only,1212,stationary,8,correlated,-16.798435057046802,0.8324762720531129
stationary_only,1213,stationary,4,none,-9.632456724101212,0.9442272813639644
stationary_only,1214,stationary,6,gaussian,-9.249232103600985,1.059369562219834
stationary_only,1215,stationary,8,correlated,-6.075602334960288,1.0147027389417367
stationary_only,1216,stationary,4,none,-4.990431913370868,1.0801260632310175
stationary_only,1217,stationary,6,gaussian,-28.1493518501806,1.103563898387379
stationary_only,1218,stationary,8,correlated,-7.821200343317412,1.0621279752952402
stationary_only,1219,stationary,4,none,-4.864359430814102,1.1385314714985864
stationary_only,1220,stationary,6,gaussian,-3.932597189907382,1.1163076188295704
stationary_only,1221,stationary,8,correlated,-5.031245987050873,1.1153359200618471
stationary_only,1222,stationary,4,none,-3.779947126645745,1.0432995259061153
stationary_only,1223,stationary,6,gaussian,-6.244172013169546,1.025472758858286
stationary_only,1224,stationary,8,correlated,-20.807747776800994,0.9454101024359612
stationary_only,1225,stationary,4,none,-4.316519543527412,1.0365863146466867
stationary_only,1226,stationary,6,gaussian,-4.857026473905232,1.1024995630346406
stationary_only,1227,stationary,8,correlated,-4.7748055603107495,1.0854503531655852
stationary_only,1228,stationary,4,none,-2.437161625668523,1.12670586727636
stationary_only,1229,stationary,6,gaussian,-10.219066729544785,0.8144629574208734
stationary_only,1230,stationary,8,correlated,-12.657401915293015,0.810962741736045
stationary_only,1231,stationary,4,none,-3.1024139412859224,1.0342445457657323
stationary_only,1232,stationary,6,gaussian,-9.660944213763141,1.0346120724969317
stationary_only,1233,stationary,8,correlated,-8.12114554045555,0.8735270890678931
stationary_only,1234,stationary,4,none,-4.335964000226903,1.0251276593975622
stationary_only,1235,stationary,6,gaussian,-9.23833836960144,0.8942520105671221
stationary_only,1236,stationary,8,correlated,-12.867195370650677,0.6869199728150935
stationary_only,1237,stationary,4,none,-3.9957890078454508,1.0066691360521713
stationary_only,1238,stationary,6,gaussian,-13.895146017939268,0.9401732414425155
stationary_only,1239,stationary,8,correlated,-4.880986599555249,1.052144722711753
stationary_only,1240,stationary,4,none,-6.525207607168705,1.068077258258427
stationary_only,1241,stationary,6,gaussian,-14.181606469617176,0.7436193768757067
stationary_only,1242,stationary,8,correlated,-7.187297789493337,0.9098259584996636
stationary_only,1243,stationary,4,none,-8.073525280758705,1.0802121143971455
stationary_only,1244,stationary,6,gaussian,-8.613857528899139,0.8794195914284005
stationary_only,1245,stationary,8,correlated,-12.710857270264018,0.6047493554004213
stationary_only,1246,stationary,4,none,-9.884016267368867,0.8687431191504114
stationary_only,1247,stationary,6,gaussian,-15.163470616887157,0.9243578192654166
stationary_only,1248,stationary,8,correlated,-13.205532361833837,0.6961719022961106
stationary_only,1249,stationary,4,none,-5.201937463604844,1.079082333592391
stationary_only,1250,stationary,6,gaussian,-6.251593878956163,0.930025867888235
stationary_only,1251,stationary,8,correlated,-18.907995887486546,0.6904985937003163
stationary_only,1252,stationary,4,none,-6.0900350520226905,1.170255451261214
stationary_only,1253,stationary,6,gaussian,-9.703458115128722,0.8134401223832656
stationary_only,1254,stationary,8,correlated,-6.45216688980672,1.0305650978321033
stationary_only,1255,stationary,4,none,-7.658263618219643,0.904355895686777
stationary_only,1256,stationary,6,gaussian,-7.043051621678636,1.085624444782113
stationary_only,1257,stationary,8,correlated,-4.905912362720054,1.1165463240295697
stationary_only,1258,stationary,4,none,-4.052762720691971,1.0656528124006823
stationary_only,1259,stationary,6,gaussian,-9.077307787047413,1.0001592645034285
stationary_only,1260,stationary,8,correlated,-13.644997619913568,0.7896408581899147
stationary_only,1261,stationary,4,none,-4.103107047961929,1.0922445475621032
stationary_only,1262,stationary,6,gaussian,-8.909181575972102,1.0171105630571333
stationary_only,1263,stationary,8,correlated,-8.459094905736599,0.800104311463876
stationary_only,1264,stationary,4,none,-4.41710818638443,1.061208452592831
stationary_only,1265,stationary,6,gaussian,-9.311503720002756,0.9957459163362797
stationary_only,1266,stationary,8,correlated,-6.952324313920534,0.801437908678819
stationary_only,1267,stationary,4,none,-4.3861383260093865,0.996905736504498
stationary_only,1268,stationary,6,gaussian,-7.161835495508626,1.00667371336016
stationary_only,1269,stationary,8,correlated,-8.887890029908785,0.9228842828189874
stationary_only,1270,stationary,4,none,-6.4803701218495835,0.8722013043945835
stationary_only,1271,stationary,6,gaussian,-6.0064747375592535,1.0429774751979206
stationary_only,1272,stationary,8,correlated,-7.64264332457798,0.8271376642151711
stationary_only,1273,stationary,4,none,-6.035904004673271,0.9694821074608881
stationary_only,1274,stationary,6,gaussian,-5.354968718961265,1.0278817444589747
stationary_only,1275,stationary,8,correlated,-9.738021331253163,0.6368193278104147
stationary_only,1276,stationary,4,none,-4.198427732192213,1.0569606758531496
stationary_only,1277,stationary,6,gaussian,-8.036807325357811,0.8872381923200809
stationary_only,1278,stationary,8,correlated,-5.865352824456058,0.9674929873883118
stationary_only,1279,stationary,4,none,-6.424432229728995,0.915614111771809
stationary_only,1280,stationary,6,gaussian,-8.300699228012832,0.9533375581753758
stationary_only,1281,stationary,8,correlated,-10.221785188507308,0.42560698448448375
stationary_only,1282,stationary,4,none,-3.7300752997586972,1.0474712045316807
stationary_only,1283,stationary,6,gaussian,-7.92269643582579,0.8754800557200643
stationary_only,1284,stationary,8,correlated,-8.450929407113641,0.9537180386743938
stationary_only,1285,stationary,4,none,-6.318557824564632,0.8858371823500123
stationary_only,1286,stationary,6,gaussian,-6.533334463742703,0.9943116983599068
stationary_only,1287,stationary,8,correlated,-9.924135744094679,0.8416097113997761
stationary_only,1288,stationary,4,none,-4.13050405093003,1.1125036702415554
stationary_only,1289,stationary,6,gaussian,-11.5991019410407,0.6550484224293265
stationary_only,1290,stationary,8,correlated,-4.600363360919757,1.1356506064992598
stationary_only,1291,stationary,4,none,-4.366353076943196,1.0056936330615218
stationary_only,1292,stationary,6,gaussian,-8.177962899548039,0.9755753719549343
stationary_only,1293,stationary,8,correlated,-9.447092321710285,0.746083757146932
stationary_only,1294,stationary,4,none,-7.2056894440335615,0.9365741599375464
stationary_only,1295,stationary,6,gaussian,-13.338384831358537,0.9082999451482262
stationary_only,1296,stationary,8,correlated,-6.834111776705721,0.8153726935762954
stationary_only,1297,stationary,4,none,-7.591928307089304,1.0533797188318803
stationary_only,1298,stationary,6,gaussian,-13.198951251429694,0.8011242823669811
stationary_only,1299,stationary,8,correlated,-7.114489411015439,0.7787787188227586
stationary_only,1300,stationary,4,none,-5.080751669841019,1.0597493084329088
stationary_only,1301,stationary,6,gaussian,-6.665792343913196,1.0689736075780683
stationary_only,1302,stationary,8,correlated,-9.083916127096796,0.8199625849142785
stationary_only,1303,stationary,4,none,-8.176244913942986,0.9969512246765444
stationary_only,1304,stationary,6,gaussian,-7.924008434359477,1.0551744764586926
stationary_only,1305,stationary,8,correlated,-10.052064362837822,0.9156798391592911
stationary_only,1306,stationary,4,none,-6.119482948037356,1.0953305898399956
stationary_only,1307,stationary,6,gaussian,-7.353246604690764,0.9785415175674302
stationary_only,1308,stationary,8,correlated,-8.253589787250057,0.7350844112507606
stationary_only,1309,stationary,4,none,-3.6909715736992075,1.119049995578613
stationary_only,1310,stationary,6,gaussian,-10.602914411504386,0.8801810308736447
stationary_only,1311,stationary,8,correlated,-6.3065807418716675,0.9446768484016536
stationary_only,1312,stationary,4,none,-6.873410188788549,0.8753095578053987
stationary_only,1313,stationary,6,gaussian,-7.3712765629775685,0.7833150651958413
stationary_only,1314,stationary,8,correlated,-9.463955345217837,0.47018001419507627
stationary_only,1315,stationary,4,none,-6.4174453718145115,1.0062364782945106
stationary_only,1316,stationary,6,gaussian,-12.118014173431417,0.7238299504462684
stationary_only,1317,stationary,8,correlated,-18.78830692140303,0.9308406143494757
stationary_only,1318,stationary,4,none,-8.096106167173481,0.8913226123355216
stationary_only,1319,stationary,6,gaussian,-9.400891409108146,1.026302243962712
stationary_only,1320,stationary,8,correlated,-9.34582641407603,0.609931726108458
stationary_only,1321,stationary,4,none,-6.155536225000895,1.0486287719368845
stationary_only,1322,stationary,6,gaussian,-12.577394640390608,0.8524638339738289
stationary_only,1323,stationary,8,correlated,-13.239725467689052,0.7048841478892942
stationary_only,1324,stationary,4,none,-3.597735564899631,1.0895786691441582
stationary_only,1325,stationary,6,gaussian,-9.791373894724213,0.967665460595035
stationary_only,1326,stationary,8,correlated,-9.185072365076891,0.6853966906159096
stationary_only,1327,stationary,4,none,-5.315954736071251,1.1146559055883731
stationary_only,1328,stationary,6,gaussian,-10.539671641238755,0.8256352353044498
stationary_only,1329,stationary,8,correlated,-8.30388597285073,0.897315858670385
stationary_only,1330,stationary,4,none,-10.473251468911766,0.9141955539564476
stationary_only,1331,stationary,6,gaussian,-4.343625261182558,1.1479748613452352
stationary_only,1332,stationary,8,correlated,-12.504849451808688,0.7355979479126795
stationary_only,1333,stationary,4,none,-5.539386642444879,1.1070965730622682
stationary_only,1334,stationary,6,gaussian,-6.590225534684073,0.919827310796142
stationary_only,1335,stationary,8,correlated,-7.1767763899881345,0.8762234378169651
stationary_only,1336,stationary,4,none,-7.248855171932609,0.7496849398777998
stationary_only,1337,stationary,6,gaussian,-17.567957418356922,0.8950561692528709
stationary_only,1338,stationary,8,correlated,-8.398806519941603,0.6529196064028167
stationary_only,1339,stationary,4,none,-6.832148687713779,0.9849373526084338
stationary_only,1340,stationary,6,gaussian,-5.756293704521739,0.8954886576709127
stationary_only,1341,stationary,8,correlated,-8.591025741757083,1.0382110683939487
stationary_only,1342,stationary,4,none,-3.6461113229498174,1.085605711153495
stationary_only,1343,stationary,6,gaussian,-4.811156955521607,1.082180332131219
stationary_only,1344,stationary,8,correlated,-10.008743660567113,0.9049477228269328
stationary_only,1345,stationary,4,none,-6.389214801248876,1.06068427804636
stationary_only,1346,stationary,6,gaussian,-8.225865707975661,0.838752573190807
stationary_only,1347,stationary,8,correlated,-17.278568527816496,0.7001583558881234
stationary_only,1348,stationary,4,none,-12.459417264703053,1.0271712777337485
stationary_only,1349,stationary,6,gaussian,-6.714695676382304,1.0588419207812554
stationary_only,1350,stationary,8,correlated,-7.39350293249079,1.0025355948920893
stationary_only,1351,stationary,4,none,-6.899104513869507,1.0194953899178507
stationary_only,1352,stationary,6,gaussian,-7.094650360720983,1.149430494280347
stationary_only,1353,stationary,8,correlated,-10.210655829246985,0.9428781212319113
stationary_only,1354,stationary,4,none,-5.854698361624033,1.0510275856330897
stationary_only,1355,stationary,6,gaussian,-4.283538331597767,1.176510175243419
stationary_only,1356,stationary,8,correlated,-4.928409505002183,1.0866894271629672
stationary_only,1357,stationary,4,none,-6.521346114492574,0.9666930504716295
stationary_only,1358,stationary,6,gaussian,-9.647843202865069,0.8156455821422348
stationary_only,1359,stationary,8,correlated,-4.774184396000462,1.0564233592058891
stationary_only,1360,stationary,4,none,-7.5325815422075095,0.9002643425082386
stationary_only,1361,stationary,6,gaussian,-14.077034302451523,0.8036047405832354
stationary_only,1362,stationary,8,correlated,-6.69573194879302,1.0263753761415417
stationary_only,1363,stationary,4,none,-4.33613697354812,1.1145695267774358
stationary_only,1364,stationary,6,gaussian,-12.183003482305583,1.0142743712198343
stationary_only,1365,stationary,8,correlated,-11.630075289210248,0.9407887337659281
stationary_only,1366,stationary,4,none,-5.791970812961518,1.0121021895820115
stationary_only,1367,stationary,6,gaussian,-13.793379451790527,0.9884948972200928
stationary_only,1368,stationary,8,correlated,-5.456399314811093,1.1447988943933267
stationary_only,1369,stationary,4,none,-5.04611141047411,1.1378306550805513
stationary_only,1370,stationary,6,gaussian,-4.769908129728806,1.0881177059563147
stationary_only,1371,stationary,8,correlated,-12.949031403216736,0.7121503122693404
stationary_only,1372,stationary,4,none,-9.047578583962748,0.9157456459823333
stationary_only,1373,stationary,6,gaussian,-5.90595390332977,0.9932492567596013
stationary_only,1374,stationary,8,correlated,-6.4910696070531815,1.0470697572227454
stationary_only,1375,stationary,4,none,-3.9830950170895085,1.0648077665588183
stationary_only,1376,stationary,6,gaussian,-22.371203745075984,0.8504081459561549
stationary_only,1377,stationary,8,correlated,-15.202729279175632,0.8987337933903634
stationary_only,1378,stationary,4,none,-5.77644602236462,1.030262751604384
stationary_only,1379,stationary,6,gaussian,-9.542321464276302,0.9991415319956776
stationary_only,1380,stationary,8,correlated,-6.517662784513726,0.9838820445216175
stationary_only,1381,stationary,4,none,-3.0068409328348937,1.2002252846263157
stationary_only,1382,stationary,6,gaussian,-8.596603822782516,0.9934026214688881
stationary_only,1383,stationary,8,correlated,-7.280133988730342,0.9458975195458394
stationary_only,1384,stationary,4,none,-6.941450842281962,0.9755646335934408
stationary_only,1385,stationary,6,gaussian,-11.194539016118402,0.7857199757960134
stationary_only,1386,stationary,8,correlated,-6.248272852968778,0.8926388561965893
stationary_only,1387,stationary,4,none,-10.642939143539826,1.0055226068856773
stationary_only,1388,stationary,6,gaussian,-17.550712317245154,0.9280032048491231
stationary_only,1389,stationary,8,correlated,-14.499030089369672,1.0284753871017114
stationary_only,1390,stationary,4,none,-5.584414845374219,1.0304818879546875
stationary_only,1391,stationary,6,gaussian,-7.881173139994461,1.1249104124601392
stationary_only,1392,stationary,8,correlated,-8.159112107068328,1.056496389476795
stationary_only,1393,stationary,4,none,-5.468112460326536,1.0770419105518392
stationary_only,1394,stationary,6,gaussian,-15.426501916160099,1.1208471102609423
stationary_only,1395,stationary,8,correlated,-14.307113660878807,1.0611691156672338
stationary_only,1396,stationary,4,none,-6.120799285501242,1.1146848582349347
stationary_only,1397,stationary,6,gaussian,-7.328716844304539,1.0379922551532634
stationary_only,1398,stationary,8,correlated,-17.3998825782081,1.0596886894456603
stationary_only,1399,stationary,4,none,-4.976245703319873,1.1351519840872584
stationary_only,1400,stationary,6,gaussian,-7.696320193585843,1.1840731492234813
stationary_only,1401,stationary,8,correlated,-11.521258573192512,0.7913088777877563
stationary_only,1402,stationary,4,none,-7.475270835533738,0.923524531591249
stationary_only,1403,stationary,6,gaussian,-7.2987998824354925,1.1487956448381698
stationary_only,1404,stationary,8,correlated,-12.613204298590492,0.7063743044529284
stationary_only,1405,stationary,4,none,-5.227924700920309,1.1672558791427978
stationary_only,1406,stationary,6,gaussian,-13.324358980215077,0.9229861822873253
stationary_only,1407,stationary,8,correlated,-6.133821666049835,0.9741835786337752
stationary_only,1408,stationary,4,none,-6.668559169882157,1.0415437748427112
stationary_only,1409,stationary,6,gaussian,-16.304923189272724,1.033201750155618
stationary_only,1410,stationary,8,correlated,-8.044472778224677,0.89793637240871
stationary_only,1411,stationary,4,none,-8.103502155702431,1.1128289602616426
stationary_only,1412,stationary,6,gaussian,-6.180328441446465,1.0862073632276041
stationary_only,1413,stationary,8,correlated,-9.232339167958806,0.8498846703162665
stationary_only,1414,stationary,4,none,-4.797086292604799,1.0938147682686008
stationary_only,1415,stationary,6,gaussian,-7.992029708360431,1.036875603066732
stationary_only,1416,stationary,8,correlated,-10.085875275839602,0.7856497645175823
stationary_only,1417,stationary,4,none,-5.7602550456442625,1.169270976139037
stationary_only,1418,stationary,6,gaussian,-8.216419810368562,0.9374553189037323
stationary_only,1419,stationary,8,correlated,-7.00082040546639,0.8525498484996964
stationary_only,1420,stationary,4,none,-8.52705848150392,1.038415777146421
stationary_only,1421,stationary,6,gaussian,-7.442542624131948,1.0178846189009156
stationary_only,1422,stationary,8,correlated,-13.201391577722493,0.7293302010197604
stationary_only,1423,stationary,4,none,-7.501399466994747,1.0184663030323953
stationary_only,1424,stationary,6,gaussian,-6.615916478074382,0.88472574582974
stationary_only,1425,stationary,8,correlated,-6.687734937593407,1.0511496875162443
stationary_only,1426,stationary,4,none,-6.059526924239472,0.9725739139839442
stationary_only,1427,stationary,6,gaussian,-9.127026198293155,1.065836519511005
stationary_only,1428,stationary,8,correlated,-6.793664818795291,0.8782499797811714
stationary_only,1429,stationary,4,none,-15.34059547380941,0.9397137320227053
stationary_only,1430,stationary,6,gaussian,-5.273035683844767,1.096906783012978
stationary_only,1431,stationary,8,correlated,-8.0755852674177,0.9096384537913729
stationary_only,1432,stationary,4,none,-3.8660626129459703,0.9768491697107944
stationary_only,1433,stationary,6,gaussian,-7.397171613363607,0.9878338939591732
stationary_only,1434,stationary,8,correlated,-8.384699637263118,0.9336980488274758
stationary_only,1435,stationary,4,none,-4.6476111691910775,1.1072238520455462
stationary_only,1436,stationary,6,gaussian,-8.904219500101313,0.884950469910869
stationary_only,1437,stationary,8,correlated,-16.266199536339446,0.7219305855193003
stationary_only,1438,stationary,4,none,-4.321941935506183,1.1633030306073506
stationary_only,1439,stationary,6,gaussian,-6.587360615245364,1.0365054857738625
stationary_only,1440,stationary,8,correlated,-5.535352709544458,0.9953705008128841
stationary_only,1441,stationary,4,none,-4.562408120598042,1.0701722888208978
stationary_only,1442,stationary,6,gaussian,-7.427381518525522,1.095854591639377
stationary_only,1443,stationary,8,correlated,-6.092929122250381,1.0325943929817867
stationary_only,1444,stationary,4,none,-3.960407189192014,1.0520807731490276
stationary_only,1445,stationary,6,gaussian,-2.2831160782047433,1.0900439101359107
stationary_only,1446,stationary,8,correlated,-11.137177263718256,0.9272864879069903
stationary_only,1447,stationary,4,none,-3.982006643270142,1.092954210590968
stationary_only,1448,stationary,6,gaussian,-11.963599068940352,0.8957758644698478
stationary_only,1449,stationary,8,correlated,-11.343796972376738,0.8283642033853615
stationary_only,1450,stationary,4,none,-6.09005730464651,1.1670721168634774
stationary_only,1451,stationary,6,gaussian,-5.7485159213007595,1.1327192290334618
stationary_only,1452,stationary,8,correlated,-6.35077661737705,1.0553432522017587
stationary_only,1453,stationary,4,none,-3.0831427568453362,1.0775911926917963
stationary_only,1454,stationary,6,gaussian,-5.392973547988871,1.1236285240557107
stationary_only,1455,stationary,8,correlated,-16.693132433396308,0.7053206086301872
stationary_only,1456,stationary,4,none,-9.784127239830473,0.9282208244109592
stationary_only,1457,stationary,6,gaussian,-4.115751408871729,1.1514685461716123
stationary_only,1458,stationary,8,correlated,-8.885111411393186,0.8714524592601579
stationary_only,1459,stationary,4,none,-8.787882648876518,0.9379093457426231
stationary_only,1460,stationary,6,gaussian,-7.218357026606226,1.0096092736599054
stationary_only,1461,stationary,8,correlated,-6.577536604891137,0.9691947914928909
stationary_only,1462,stationary,4,none,-7.296797533465207,1.1160631005731148
stationary_only,1463,stationary,6,gaussian,-6.180529017802019,1.0365660022632395
stationary_only,1464,stationary,8,correlated,-5.388089509073157,1.1388398361821763
stationary_only,1465,stationary,4,none,-5.112034268010758,1.094085315766383
stationary_only,1466,stationary,6,gaussian,-8.766627004896414,0.8793568196155306
stationary_only,1467,stationary,8,correlated,-5.599376440806538,0.922100215343826
stationary_only,1468,stationary,4,none,-3.4603657761623614,1.2147741095165316
stationary_only,1469,stationary,6,gaussian,-23.18298369136739,1.0069918746093687
stationary_only,1470,stationary,8,correlated,-6.516661191437219,1.108187847712959
stationary_only,1471,stationary,4,none,-4.622918655811465,1.073467075499538
stationary_only,1472,stationary,6,gaussian,-7.7164033141226325,1.0205104897233748
stationary_only,1473,stationary,8,correlated,-9.79765175602727,1.1262259454385997
stationary_only,1474,stationary,4,none,-6.781225779025819,1.1172316594282004
stationary_only,1475,stationary,6,gaussian,-9.715948951269535,1.109249530912615
stationary_only,1476,stationary,8,correlated,-6.648938325270073,0.9949101499971261
stationary_only,1477,stationary,4,none,-7.65195618071959,0.9119099949517203
stationary_only,1478,stationary,6,gaussian,-5.462621119534703,1.0945949016701835
stationary_only,1479,stationary,8,correlated,-6.44530842425521,0.9386982643279179
stationary_only,1480,stationary,4,none,-6.838949269908163,0.9121685566932982
stationary_only,1481,stationary,6,gaussian,-13.565253125904913,1.0888012181908953
stationary_only,1482,stationary,8,correlated,-6.53287106921095,1.0265273072362153
stationary_only,1483,stationary,4,none,-11.430960475911153,1.03926113664253
stationary_only,1484,stationary,6,gaussian,-6.482830968555941,1.0705490012299106
stationary_only,1485,stationary,8,correlated,-11.4938765594286,0.867798004778783
stationary_only,1486,stationary,4,none,-10.86372567813145,1.1436747120329644
stationary_only,1487,stationary,6,gaussian,-22.726052091622197,0.959900757150925
stationary_only,1488,stationary,8,correlated,-9.681968523895378,0.9718534527603312
stationary_only,1489,stationary,4,none,-5.456410184732276,1.0718160161249226
stationary_only,1490,stationary,6,gaussian,-6.382174619093126,1.1375635804927497
stationary_only,1491,stationary,8,correlated,-12.431923772475553,0.9195034477879848
stationary_only,1492,stationary,4,none,-3.5901170650322745,1.1199939082803394
stationary_only,1493,stationary,6,gaussian,-49.99688304040648,1.1886526425997714
stationary_only,1494,stationary,8,correlated,-4.766581799579156,1.119513747088896
stationary_only,1495,stationary,4,none,-6.720590139077977,0.9767149531104483
stationary_only,1496,stationary,6,gaussian,-4.2596491541077075,1.0752391025444878
stationary_only,1497,stationary,8,correlated,-10.517184486824542,0.8064442461283076
stationary_only,1498,stationary,4,none,-6.0136231636150095,0.9763520628498255
stationary_only,1499,stationary,6,gaussian,-15.594032842540129,0.8681168237460366
stationary_only,1500,stationary,8,correlated,-8.153416061804968,0.988674482583258
stationary_only,1501,stationary,4,none,-11.025617920996353,1.0143198291127433
stationary_only,1502,stationary,6,gaussian,-16.06036943487915,0.9183839829768379
stationary_only,1503,stationary,8,correlated,-9.510287378633752,0.9215242521095461
stationary_only,1504,stationary,4,none,-4.452502703033387,1.1390647249692345
stationary_only,1505,stationary,6,gaussian,-14.599173022206445,0.9639227527339582
stationary_only,1506,stationary,8,correlated,-4.235974407385552,1.0930379088272022
stationary_only,1507,stationary,4,none,-5.897053832672537,0.9668575246054928
stationary_only,1508,stationary,6,gaussian,-8.582125305994046,0.977299427019158
stationary_only,1509,stationary,8,correlated,-7.088204028856388,1.0555870242925554
stationary_only,1510,stationary,4,none,-16.117186461482195,0.9900009133173462
stationary_only,1511,stationary,6,gaussian,-5.915606048529346,1.145652734900715
stationary_only,1512,stationary,8,correlated,-12.01343047016805,0.716743158146506
stationary_only,1513,stationary,4,none,-11.24687171139242,0.7879326075938426
stationary_only,1514,stationary,6,gaussian,-8.662480275905747,0.8970320852865882
stationary_only,1515,stationary,8,correlated,-4.496075703350089,1.1325930752010642
stationary_only,1516,stationary,4,none,-4.788749398561866,0.9798999919870337
stationary_only,1517,stationary,6,gaussian,-6.727660831406915,0.9505540737317555
stationary_only,1518,stationary,8,correlated,-4.771446271368486,1.0541327156649507
stationary_only,1519,stationary,4,none,-3.525689426257399,1.1097961073095877
stationary_only,1520,stationary,6,gaussian,-6.49519874711625,0.94696740475383
stationary_only,1521,stationary,8,correlated,-7.704078228098805,0.7030366062711282
stationary_only,1522,stationary,4,none,-9.493693943540837,0.7843514510487661
stationary_only,1523,stationary,6,gaussian,-5.947268454948876,0.9426899048008035
stationary_only,1524,stationary,8,correlated,-14.433941492743841,0.6532473505580592
stationary_only,1525,stationary,4,none,-9.77365995763801,0.9091022466371449
stationary_only,1526,stationary,6,gaussian,-8.645570364343612,1.0187311112142157
stationary_only,1527,stationary,8,correlated,-10.642932119356473,1.0608553641858585
stationary_only,1528,stationary,4,none,-3.74065782534431,1.1553294734482216
stationary_only,1529,stationary,6,gaussian,-9.79295127881592,0.8276931903021054
stationary_only,1530,stationary,8,correlated,-10.746551786138443,0.736436602780971
stationary_only,1531,stationary,4,none,-20.761248118253715,0.7292145254549632
stationary_only,1532,stationary,6,gaussian,-5.807901643723782,1.1320541114912925
stationary_only,1533,stationary,8,correlated,-4.8993808964469885,1.14880808813751
stationary_only,1534,stationary,4,none,-3.121585031382274,1.1248006456087247
stationary_only,1535,stationary,6,gaussian,-5.943755983148731,1.0445357008556315
stationary_only,1536,stationary,8,correlated,-8.33606474739085,0.746525468562419
stationary_only,1537,stationary,4,none,-18.410616403591682,1.0355800488070326
stationary_only,1538,stationary,6,gaussian,-14.786080070232005,1.0210465933298143
stationary_only,1539,stationary,8,correlated,-11.855589973709527,0.8029327265055182
stationary_only,1540,stationary,4,none,-4.075561293256895,0.9403693186166514
stationary_only,1541,stationary,6,gaussian,-8.685858561046729,0.9486587097503536
stationary_only,1542,stationary,8,correlated,-5.956464427339081,1.0647388677977772
stationary_only,1543,stationary,4,none,-12.319468256913389,0.7647926719698975
stationary_only,1544,stationary,6,gaussian,-15.616927223781495,0.790953213692319
stationary_only,1545,stationary,8,correlated,-7.520651078515355,0.9059227404708062
stationary_only,1546,stationary,4,none,-5.449958741108421,1.0153035633055318
stationary_only,1547,stationary,6,gaussian,-9.22590953908519,0.8586380883540358
stationary_only,1548,stationary,8,correlated,-13.385023389419096,0.4980438615085337
stationary_only,1549,stationary,4,none,-4.523434949428775,1.0158763964901716
stationary_only,1550,stationary,6,gaussian,-5.485195758429107,1.0683141328471433
stationary_only,1551,stationary,8,correlated,-4.662040508913146,1.1220776080806676
stationary_only,1552,stationary,4,none,-4.826464815699262,0.9646037390034831
stationary_only,1553,stationary,6,gaussian,-14.08005828686624,0.552846770643369
stationary_only,1554,stationary,8,correlated,-6.937831446861012,1.1004739496751212
stationary_only,1555,stationary,4,none,-3.364151493090542,1.0046310863164565
stationary_only,1556,stationary,6,gaussian,-5.56476310787095,1.1302913698377668
stationary_only,1557,stationary,8,correlated,-5.850433121199583,1.101587121771465
stationary_only,1558,stationary,4,none,-5.459345017797314,1.0602390286560461
stationary_only,1559,stationary,6,gaussian,-12.268011879994184,0.635188274022328
stationary_only,1560,stationary,8,correlated,-7.642100268181645,1.0607154536307857
stationary_only,1561,stationary,4,none,-10.411346494690342,0.9139912030659051
stationary_only,1562,stationary,6,gaussian,-5.1213018817356275,1.1985669260863872
stationary_only,1563,stationary,8,correlated,-12.895179889784044,0.8439094655660391
stationary_only,1564,stationary,4,none,-5.676232884041965,0.9474789992874921
stationary_only,1565,stationary,6,gaussian,-15.801965734745897,0.8200054072095491
stationary_only,1566,stationary,8,correlated,-5.795872432140067,1.0128708048237909
stationary_only,1567,stationary,4,none,-4.8829246806260205,0.9512354169232351
stationary_only,1568,stationary,6,gaussian,-5.070201930775344,1.168277442501821
stationary_only,1569,stationary,8,correlated,-8.78686992043719,0.7060758628351829
stationary_only,1570,stationary,4,none,-11.845420097176072,0.9578920396546895
stationary_only,1571,stationary,6,gaussian,-5.729053187528395,1.0587686048760738
stationary_only,1572,stationary,8,correlated,-13.851089230428604,0.793038846066875
stationary_only,1573,stationary,4,none,-4.908984217679032,1.100413951584643
stationary_only,1574,stationary,6,gaussian,-12.489015028850067,0.44782452014754226
stationary_only,1575,stationary,8,correlated,-14.591917452030414,0.9675527537474709
stationary_only,1576,stationary,4,none,-22.594971222667372,1.0226383453721284
stationary_only,1577,stationary,6,gaussian,-7.345916465424934,1.067943555074827
stationary_only,1578,stationary,8,correlated,-8.347705323926432,0.9129202392865425
stationary_only,1579,stationary,4,none,-5.510432936664715,1.0365738914379339
stationary_only,1580,stationary,6,gaussian,-8.151826497519773,0.9043618443178414
stationary_only,1581,stationary,8,correlated,-6.161553831638676,0.9461019962642603
stationary_only,1582,stationary,4,none,-4.9833290868822955,1.0292844554129021
stationary_only,1583,stationary,6,gaussian,-6.057315291035975,1.0407998726840417
stationary_only,1584,stationary,8,correlated,-10.934503548192806,0.5355928945796995
stationary_only,1585,stationary,4,none,-4.3695423812632885,1.010693895273085
stationary_only,1586,stationary,6,gaussian,-10.795894801390382,0.821629103124498
stationary_only,1587,stationary,8,correlated,-7.277851333854034,0.8777664309947376
stationary_only,1588,stationary,4,none,-2.718413166180349,1.1319308312219645
stationary_only,1589,stationary,6,gaussian,-5.931755016760048,1.027754692657279
stationary_only,1590,stationary,8,correlated,-6.678444643654641,1.020418595079931
stationary_only,1591,stationary,4,none,-8.69625003956354,0.9421698817321753
stationary_only,1592,stationary,6,gaussian,-17.06845613692699,0.5975959158762614
stationary_only,1593,stationary,8,correlated,-7.495289964372779,0.8856096665161491
stationary_only,1594,stationary,4,none,-7.146662755239326,0.9700895068792221
stationary_only,1595,stationary,6,gaussian,-12.439856436365904,0.7173718756905785
stationary_only,1596,stationary,8,correlated,-7.835940077417154,0.7703095307829437
stationary_only,1597,stationary,4,none,-7.466535207759836,1.028302226284622
stationary_only,1598,stationary,6,gaussian,-9.069619498047102,0.9240490026633144
stationary_only,1599,stationary,8,correlated,-9.361431928573662,1.0191174059578492
stationary_only,1600,stationary,4,none,-10.58603864109007,0.8233730078745053
stationary_only,1601,stationary,6,gaussian,-3.2563471613089283,1.1258357103034473
stationary_only,1602,stationary,8,correlated,-9.956298933316585,0.8078422724629446
stationary_only,1603,stationary,4,none,-9.689082589290802,0.9680356748749823
stationary_only,1604,stationary,6,gaussian,-5.700762223715417,1.2112622641670368
stationary_only,1605,stationary,8,correlated,-4.405661239012657,1.179634195444842
stationary_only,1606,stationary,4,none,-6.448188639909645,1.0099240968355143
stationary_only,1607,stationary,6,gaussian,-9.10357543091229,0.8466193233610874
stationary_only,1608,stationary,8,correlated,-7.152994419649443,1.029823255799343
stationary_only,1609,stationary,4,none,-9.711973922224587,0.8664082921163658
stationary_only,1610,stationary,6,gaussian,-9.191887371286326,0.7812256622286393
stationary_only,1611,stationary,8,correlated,-9.908161659251128,0.5968698826375236
stationary_only,1612,stationary,4,none,-4.620585832195066,1.1014880775851548
stationary_only,1613,stationary,6,gaussian,-30.36771770827591,0.9935083436022734
stationary_only,1614,stationary,8,correlated,-6.87649824147637,0.968799896078784
stationary_only,1615,stationary,4,none,-4.129827948346292,1.1721269010406972
stationary_only,1616,stationary,6,gaussian,-12.97734090179646,0.9866489182364248
stationary_only,1617,stationary,8,correlated,-10.272795173156323,0.8203626460885494
stationary_only,1618,stationary,4,none,-7.014934138025798,1.1440602218622344
stationary_only,1619,stationary,6,gaussian,-8.271437763902972,1.1135553904809714
stationary_only,1620,stationary,8,correlated,-6.59464807070458,1.1349678288079528
stationary_only,1621,stationary,4,none,-8.067382668995567,1.051756338295443
stationary_only,1622,stationary,6,gaussian,-10.031179272123179,0.8675491388188219
stationary_only,1623,stationary,8,correlated,-7.832026057447138,1.021063625416581
stationary_only,1624,stationary,4,none,-10.663703902093735,0.8506770620410217
stationary_only,1625,stationary,6,gaussian,-15.778520165127764,0.8226382918195254
stationary_only,1626,stationary,8,correlated,-8.516040841177619,1.0286013412615491
stationary_only,1627,stationary,4,none,-13.772319384743017,0.9294565420691562
stationary_only,1628,stationary,6,gaussian,-11.340564453455258,0.8658560067836442
stationary_only,1629,stationary,8,correlated,-14.19526607852702,0.8333818350005024
stationary_only,1630,stationary,4,none,-9.338297891113674,1.015818104070819
stationary_only,1631,stationary,6,gaussian,-13.068850949541032,0.9919444763604648
stationary_only,1632,stationary,8,correlated,-6.917901630558029,1.1083849992589079
stationary_only,1633,stationary,4,none,-6.344146855914577,1.111393789114636
stationary_only,1634,stationary,6,gaussian,-8.538759540563037,0.9766057811432317
stationary_only,1635,stationary,8,correlated,-12.39589256171697,0.8352499324048785
stationary_only,1636,stationary,4,none,-3.1557172132981943,1.0518191143087912
stationary_only,1637,stationary,6,gaussian,-10.705262441074204,0.8874793171543089
stationary_only,1638,stationary,8,correlated,-7.316800880201884,0.9383195563680582
stationary_only,1639,stationary,4,none,-15.179809532165526,1.1201955516613278
stationary_only,1640,stationary,6,gaussian,-8.055690518522892,1.0217866502888957
stationary_only,1641,stationary,8,correlated,-7.044286313045923,1.1223728843019924
stationary_only,1642,stationary,4,none,-10.086621738355607,1.0022565784798483
stationary_only,1643,stationary,6,gaussian,-8.929580638794151,1.138599891098585
stationary_only,1644,stationary,8,correlated,-8.041036782118265,0.8591536499215117
stationary_only,1645,stationary,4,none,-7.515459541562013,1.020149187079539
stationary_only,1646,stationary,6,gaussian,-16.308061091356677,0.8346759660065404
stationary_only,1647,stationary,8,correlated,-5.522046929494458,1.0385910978304635
stationary_only,1648,stationary,4,none,-4.474881097020115,1.1342551164326473
stationary_only,1649,stationary,6,gaussian,-10.724769985631468,0.9985125324563784
stationary_only,1650,stationary,8,correlated,-14.591360448886057,0.648731704921437
stationary_only,1651,stationary,4,none,-11.687696776644929,0.8302581303715637
stationary_only,1652,stationary,6,gaussian,-7.18559811562292,0.9986015324551551
stationary_only,1653,stationary,8,correlated,-6.844667291234741,1.1381131593553415
stationary_only,1654,stationary,4,none,-5.1920601647945865,1.028838361603355
stationary_only,1655,stationary,6,gaussian,-5.8217276423554605,1.0845165677615296
stationary_only,1656,stationary,8,correlated,-9.055921934526026,0.7329843288928107
stationary_only,1657,stationary,4,none,-5.466232216105215,0.9999167364364092
stationary_only,1658,stationary,6,gaussian,-6.568665606157918,0.9715603622833864
stationary_only,1659,stationary,8,correlated,-15.079647599581625,0.7830128635509632
stationary_only,1660,stationary,4,none,-9.309338761734647,0.8187175564761631
stationary_only,1661,stationary,6,gaussian,-4.3599507567213704,1.133924053406848
stationary_only,1662,stationary,8,correlated,-18.568422463556352,0.6143824095417537
stationary_only,1663,stationary,4,none,-8.431979324471069,1.0514645026904308
stationary_only,1664,stationary,6,gaussian,-6.923614717805521,1.0439363176099583
stationary_only,1665,stationary,8,correlated,-7.312301937844903,0.9492791265553144
stationary_only,1666,stationary,4,none,-3.330252176377689,1.102827550008357
stationary_only,1667,stationary,6,gaussian,-15.700658286544563,0.8642976701688079
stationary_only,1668,stationary,8,correlated,-5.798898840528299,0.9229135046275039
stationary_only,1669,stationary,4,none,-8.505652811354981,0.9449329290468247
stationary_only,1670,stationary,6,gaussian,-12.119528588100927,0.8342224897199394
stationary_only,1671,stationary,8,correlated,-3.9249059940117874,1.076333887577754
stationary_only,1672,stationary,4,none,-5.437520184040004,0.9999232927047916
stationary_only,1673,stationary,6,gaussian,-11.810702131462179,0.8039271256261511
stationary_only,1674,stationary,8,correlated,-5.66001030797476,1.026292765177565
stationary_only,1675,stationary,4,none,-7.997581097952721,0.9354955256763035
stationary_only,1676,stationary,6,gaussian,-11.560647947918044,0.9135771214573811
stationary_only,1677,stationary,8,correlated,-6.263211509258822,1.0399725645198898
stationary_only,1678,stationary,4,none,-4.709051488102413,1.0704941495819358
stationary_only,1679,stationary,6,gaussian,-28.74986824278782,1.1457644575985315
stationary_only,1680,stationary,8,correlated,-12.061777801460623,0.9012604518303725
stationary_only,1681,stationary,4,none,-4.769819161448718,1.0807667090689597
stationary_only,1682,stationary,6,gaussian,-5.280321615756124,1.1243686591502104
stationary_only,1683,stationary,8,correlated,-22.70737164444011,1.0333699806379524
stationary_only,1684,stationary,4,none,-6.068650110689882,1.1601525112125057
stationary_only,1685,stationary,6,gaussian,-5.565190207542866,1.1948737769393099
stationary_only,1686,stationary,8,correlated,-12.628284791118205,0.9118379916025553
stationary_only,1687,stationary,4,none,-3.2583880740910653,1.197675937492889
stationary_only,1688,stationary,6,gaussian,-6.318307851645528,1.1797638087846427
stationary_only,1689,stationary,8,correlated,-7.220905670800487,0.9584767413673374
stationary_only,1690,stationary,4,none,-4.219707630486228,1.1704837993290151
stationary_only,1691,stationary,6,gaussian,-5.595285442410345,1.0145396763566623
stationary_only,1692,stationary,8,correlated,-5.455527377335425,1.0743881554860715
stationary_only,1693,stationary,4,none,-7.937333389955251,1.0349306432747076
stationary_only,1694,stationary,6,gaussian,-6.159315301191528,0.9742104134633347
stationary_only,1695,stationary,8,correlated,-5.638020252464986,1.0257244044062364
stationary_only,1696,stationary,4,none,-4.78243615675022,1.0487215722206837
stationary_only,1697,stationary,6,gaussian,-4.882258630118723,1.1728791989223875
stationary_only,1698,stationary,8,correlated,-8.101423065515913,1.042562219971342
stationary_only,1699,stationary,4,none,-3.7606642874971277,1.0630952354585501
stationary_only,1700,stationary,6,gaussian,-4.011088368753054,1.1543342472038531
stationary_only,1701,stationary,8,correlated,-4.7782783848405845,1.0879659089746725
stationary_only,1702,stationary,4,none,-7.651427099796907,0.9769493574663054
stationary_only,1703,stationary,6,gaussian,-9.751272834457556,1.0340761365886035
stationary_only,1704,stationary,8,correlated,-4.609418247793306,1.1506227223827878
stationary_only,1705,stationary,4,none,-4.751457060547546,1.0614504099513162
stationary_only,1706,stationary,6,gaussian,-10.684506730671231,0.9323242606230087
stationary_only,1707,stationary,8,correlated,-5.645409897406994,1.0737590531369325
stationary_only,1708,stationary,4,none,-11.53060252896968,1.0704625553449376
stationary_only,1709,stationary,6,gaussian,-8.272246023033652,1.0338443929620684
stationary_only,1710,stationary,8,correlated,-12.104248125998577,0.9270290302040799
stationary_only,1711,stationary,4,none,-8.697076856276253,0.8945189863748133
stationary_only,1712,stationary,6,gaussian,-15.952728020483155,0.8882687892489148
stationary_only,1713,stationary,8,correlated,-6.979037717284066,0.9796423381485934
stationary_only,1714,stationary,4,none,-7.542718553126045,1.0468035735692178
stationary_only,1715,stationary,6,gaussian,-5.266677155634631,1.1600043381176106
stationary_only,1716,stationary,8,correlated,-12.574909828559921,0.9722407470071743
stationary_only,1717,stationary,4,none,-5.2192838423361305,1.1009309082854366
stationary_only,1718,stationary,6,gaussian,-9.10967017031394,1.0214397618631246
stationary_only,1719,stationary,8,correlated,-6.478109287545667,0.9826410637084955
stationary_only,1720,stationary,4,none,-10.32636362525939,0.9600410348839574
stationary_only,1721,stationary,6,gaussian,-6.859274226296477,0.9049944113748504
stationary_only,1722,stationary,8,correlated,-11.86620922514647,0.6228496440502638
stationary_only,1723,stationary,4,none,-8.009973659552884,0.9586083297737309
stationary_only,1724,stationary,6,gaussian,-13.455307539981725,0.7692530082770619
stationary_only,1725,stationary,8,correlated,-16.77498869070054,1.1186200747426212
stationary_only,1726,stationary,4,none,-4.321689107313286,1.1282419304313138
stationary_only,1727,stationary,6,gaussian,-8.646537392550783,0.9593221568946992
stationary_only,1728,stationary,8,correlated,-6.602961357850725,1.0693088621201954
stationary_only,1729,stationary,4,none,-3.7902050486347143,1.0623760352897047
stationary_only,1730,stationary,6,gaussian,-10.517266211736679,0.630849639572189
stationary_only,1731,stationary,8,correlated,-3.4633322914876046,1.0608125854527395
stationary_only,1732,stationary,4,none,-13.987677335729387,0.8792882772131818
stationary_only,1733,stationary,6,gaussian,-10.053183394071727,0.9507308201239006
stationary_only,1734,stationary,8,correlated,-6.465782879491515,1.1013667499258237
stationary_only,1735,stationary,4,none,-5.54640836245846,1.0408848444856382
stationary_only,1736,stationary,6,gaussian,-7.501571132181689,0.9584652606140243
stationary_only,1737,stationary,8,correlated,-10.21106501361283,0.7540277386004381
stationary_only,1738,stationary,4,none,-9.202717237471667,0.8220418543639813
stationary_only,1739,stationary,6,gaussian,-12.844643477856454,0.6541162585523075
stationary_only,1740,stationary,8,correlated,-8.272423318295758,0.759739461455964
stationary_only,1741,stationary,4,none,-6.042648319981158,0.9916246862335516
stationary_only,1742,stationary,6,gaussian,-5.6275091337814445,1.0323533699971637
stationary_only,1743,stationary,8,correlated,-11.829095994130151,0.4577455510571853
stationary_only,1744,stationary,4,none,-6.561082799089016,1.0867343199420811
stationary_only,1745,stationary,6,gaussian,-4.705000861354638,1.0958332140146472
stationary_only,1746,stationary,8,correlated,-7.627538062700182,0.7815924593226017
stationary_only,1747,stationary,4,none,-6.6400810018796985,0.9657386708127944
stationary_only,1748,stationary,6,gaussian,-9.812391985827372,0.7555816666487463
stationary_only,1749,stationary,8,correlated,-30.386938893115225,1.088639434894965
stationary_only,1750,stationary,4,none,-3.7368010413867396,1.0866847919645823
stationary_only,1751,stationary,6,gaussian,-6.355170683651346,1.0236866010815544
stationary_only,1752,stationary,8,correlated,-9.114702072935874,1.0457447257545613
stationary_only,1753,stationary,4,none,-7.604636100969743,0.9750016916092203
stationary_only,1754,stationary,6,gaussian,-13.433634864492248,1.100984313920915
stationary_only,1755,stationary,8,correlated,-9.40490245067992,0.8061473605421128
stationary_only,1756,stationary,4,none,-12.662549493603766,1.0553243599710012
stationary_only,1757,stationary,6,gaussian,-11.115308319471326,1.1310395847705015
stationary_only,1758,stationary,8,correlated,-12.574394076468003,0.8697301063881848
stationary_only,1759,stationary,4,none,-6.701858181064692,1.0489453175794758
stationary_only,1760,stationary,6,gaussian,-6.41194459686448,1.0906878048879907
stationary_only,1761,stationary,8,correlated,-8.149014522226897,0.9983725513974392
stationary_only,1762,stationary,4,none,-3.1808927520673027,1.1030499130994469
stationary_only,1763,stationary,6,gaussian,-3.517712185779289,1.0243610213983676
stationary_only,1764,stationary,8,correlated,-9.604822699900573,0.9871112640658414
stationary_only,1765,stationary,4,none,-49.117199658996064,1.0869862493347953
stationary_only,1766,stationary,6,gaussian,-12.48124241068729,1.1629295050127255
stationary_only,1767,stationary,8,correlated,-8.46019162227357,1.043604197320509
stationary_only,1768,stationary,4,none,-5.178083823883725,1.111698680795373
stationary_only,1769,stationary,6,gaussian,-8.79156793655384,1.1762908478198486
stationary_only,1770,stationary,8,correlated,-7.352500056857959,1.0250874287102048
stationary_only,1771,stationary,4,none,-6.361795834382064,1.1235721876905256
stationary_only,1772,stationary,6,gaussian,-6.558356172099581,1.0840766592224598
stationary_only,1773,stationary,8,correlated,-15.440702442205174,0.6784790908112743
stationary_only,1774,stationary,4,none,-4.376368222706368,1.1442858304785455
stationary_only,1775,stationary,6,gaussian,-6.128438635318774,1.0458664792438992
stationary_only,1776,stationary,8,correlated,-18.9981975618246,1.0096055881306736
stationary_only,1777,stationary,4,none,-7.701611691686002,1.064063716811409
stationary_only,1778,stationary,6,gaussian,-8.090165855886704,1.045705667712669
stationary_only,1779,stationary,8,correlated,-4.44420098530553,1.1498956202280404
stationary_only,1780,stationary,4,none,-6.204445522343739,1.0173160733960085
stationary_only,1781,stationary,6,gaussian,-7.186120676273719,1.16320672888253
stationary_only,1782,stationary,8,correlated,-12.877368707460837,1.002858958709145
stationary_only,1783,stationary,4,none,-5.902501611588824,1.0419203601142288
stationary_only,1784,stationary,6,gaussian,-15.356440486838965,0.9290028905279522
stationary_only,1785,stationary,8,correlated,-10.383049467995022,0.9067288585204393
stationary_only,1786,stationary,4,none,-6.57455051261466,0.9882352803905616
stationary_only,1787,stationary,6,gaussian,-5.044405580079183,1.0746404118156825
stationary_only,1788,stationary,8,correlated,-3.514825177106225,1.1598627259592378
stationary_only,1789,stationary,4,none,-8.165451795912347,1.009247645467606
stationary_only,1790,stationary,6,gaussian,-7.952170983029609,1.0605713136610497
stationary_only,1791,stationary,8,correlated,-7.173501581152811,1.0082720236117404
stationary_only,1792,stationary,4,none,-10.99502311718609,0.8455201553200757
stationary_only,1793,stationary,6,gaussian,-9.178864441484231,1.0300246215041287
stationary_only,1794,stationary,8,correlated,-6.7404269181991445,1.1656245707869952
stationary_only,1795,stationary,4,none,-7.068103311224986,1.0804205542862484
stationary_only,1796,stationary,6,gaussian,-6.968433211300968,1.1050924266359528
stationary_only,1797,stationary,8,correlated,-13.42813612178097,0.8347015274247986
stationary_only,1798,stationary,4,none,-7.285181717865695,0.9830072676402073
stationary_only,1799,stationary,6,gaussian,-27.77082956284893,1.1214247864326097
stationary_only,1800,stationary,8,correlated,-6.728884487016453,1.1432296725170894
stationary_only,1801,stationary,4,none,-12.316172351129584,0.9638248853845152
stationary_only,1802,stationary,6,gaussian,-23.406682615888972,0.9007548094669859
stationary_only,1803,stationary,8,correlated,-19.504365900323414,1.072344632483119
stationary_only,1804,stationary,4,none,-5.97164400164911,1.1481284180826652
stationary_only,1805,stationary,6,gaussian,-24.03410797206814,1.0512595174643689
stationary_only,1806,stationary,8,correlated,-12.564546106175403,0.844349899781848
stationary_only,1807,stationary,4,none,-7.595310819607604,1.0622591625787283
stationary_only,1808,stationary,6,gaussian,-14.81084925027266,0.7784700398281622
stationary_only,1809,stationary,8,correlated,-6.656095469516678,1.1044609016826996
stationary_only,1810,stationary,4,none,-5.0817013708835495,1.1583425020757512
stationary_only,1811,stationary,6,gaussian,-8.380397718018155,0.8940772883630359
stationary_only,1812,stationary,8,correlated,-7.867005796242429,0.8985627072510948
stationary_only,1813,stationary,4,none,-6.120219490637844,1.1296789967754757
stationary_only,1814,stationary,6,gaussian,-15.626137539738913,0.8294384051586083
stationary_only,1815,stationary,8,correlated,-21.854924423579746,0.8480351466863493
stationary_only,1816,stationary,4,none,-6.637424243585069,1.103604491530799
stationary_only,1817,stationary,6,gaussian,-8.20520061921136,1.0147729488526647
stationary_only,1818,stationary,8,correlated,-9.764584155260932,1.0331928407369362
stationary_only,1819,stationary,4,none,-5.9901661479014,1.0703177677404399
stationary_only,1820,stationary,6,gaussian,-5.75540523677858,1.075663771163431
stationary_only,1821,stationary,8,correlated,-5.566806567865519,1.1559800997358416
stationary_only,1822,stationary,4,none,-11.463521933467128,0.9706455318294326
stationary_only,1823,stationary,6,gaussian,-7.621853860625997,0.8997898916432933
stationary_only,1824,stationary,8,correlated,-5.549318517698703,1.1506820616853044
stationary_only,1825,stationary,4,none,-8.927244207181282,0.8263331730474259
stationary_only,1826,stationary,6,gaussian,-3.5571906102270843,1.1490872302073427
stationary_only,1827,stationary,8,correlated,-14.255338293287839,0.8036868355997022
stationary_only,1828,stationary,4,none,-5.15621451160611,1.004583844701616
stationary_only,1829,stationary,6,gaussian,-10.610135747978243,1.174081589623682
stationary_only,1830,stationary,8,correlated,-20.618925039217388,1.1098120662336977
stationary_only,1831,stationary,4,none,-8.782200697111922,1.0704078318580688
stationary_only,1832,stationary,6,gaussian,-5.042154278979158,1.1263460014584585
stationary_only,1833,stationary,8,correlated,-5.712614969783795,1.035480270546196
stationary_only,1834,stationary,4,none,-5.771365984087275,1.1480491345472092
stationary_only,1835,stationary,6,gaussian,-8.422057898462876,0.7309142784273663
stationary_only,1836,stationary,8,correlated,-10.228673660349958,0.8592257907443119
stationary_only,1837,stationary,4,none,-6.423776835165917,1.0976515519741932
stationary_only,1838,stationary,6,gaussian,-5.463812244007402,1.031052562336496
stationary_only,1839,stationary,8,correlated,-6.249339819937353,0.9771073335009716
stationary_only,1840,stationary,4,none,-4.725581108497852,1.2088084566953372
stationary_only,1841,stationary,6,gaussian,-9.37686204632696,0.8979437203766276
stationary_only,1842,stationary,8,correlated,-11.440995405315782,0.8634865887668621
stationary_only,1843,stationary,4,none,-5.774025732919169,1.0452297653823819
stationary_only,1844,stationary,6,gaussian,-6.968274584132902,1.0797825324959274
stationary_only,1845,stationary,8,correlated,-5.190524765491195,1.1598648269170282
stationary_only,1846,stationary,4,none,-6.913257577288897,1.0662553367793772
stationary_only,1847,stationary,6,gaussian,-4.845036441613712,1.0696301841229778
stationary_only,1848,stationary,8,correlated,-4.872711711604601,0.955008585581745
stationary_only,1849,stationary,4,none,-9.063357785415448,1.0232159561361014
stationary_only,1850,stationary,6,gaussian,-4.113464276914652,1.0856531353239407
stationary_only,1851,stationary,8,correlated,-6.408560577267419,0.9910879766477316
stationary_only,1852,stationary,4,none,-8.31344835858516,1.0023317900405626
stationary_only,1853,stationary,6,gaussian,-12.07059902858422,1.0330145833356306
stationary_only,1854,stationary,8,correlated,-8.659588387131334,1.0099241041513665
stationary_only,1855,stationary,4,none,-9.72046325799565,1.0645604550362109
stationary_only,1856,stationary,6,gaussian,-9.520477437065578,1.0287976045218568
stationary_only,1857,stationary,8,correlated,-12.883917434374357,0.8585048297533344
stationary_only,1858,stationary,4,none,-11.044990703570015,1.01532824475943
stationary_only,1859,stationary,6,gaussian,-8.710893077134532,0.9693130259920675
stationary_only,1860,stationary,8,correlated,-8.333912066488,0.9789763662223974
stationary_only,1861,stationary,4,none,-4.8955341823098575,1.2092119551059342
stationary_only,1862,stationary,6,gaussian,-4.759786416607676,1.1236447455331624
stationary_only,1863,stationary,8,correlated,-7.89865088402796,0.9590700624025275
stationary_only,1864,stationary,4,none,-5.530653749075718,1.0329729191157757
stationary_only,1865,stationary,6,gaussian,-13.33284452875993,0.7338318702517943
stationary_only,1866,stationary,8,correlated,-9.855868589201014,0.8907557019257094
stationary_only,1867,stationary,4,none,-3.7741517893549776,1.1799579503144433
stationary_only,1868,stationary,6,gaussian,-5.748704864269308,1.0984809647999572
stationary_only,1869,stationary,8,correlated,-5.4309410906640725,1.0722614891512474
stationary_only,1870,stationary,4,none,-11.693199094775252,0.7528252591117998
stationary_only,1871,stationary,6,gaussian,-5.353321702437525,1.097187394410221
stationary_only,1872,stationary,8,correlated,-9.781874811526148,0.891709879451693
stationary_only,1873,stationary,4,none,-7.305367847935155,0.963712400648638
stationary_only,1874,stationary,6,gaussian,-3.3521308517775825,1.173463074489753
stationary_only,1875,stationary,8,correlated,-8.551705318872832,0.8741630711841941
stationary_only,1876,stationary,4,none,-4.938972373098556,1.1935899189675723
stationary_only,1877,stationary,6,gaussian,-6.648317270996737,0.9654067297991501
stationary_only,1878,stationary,8,correlated,-12.447560367150501,0.8298296777420123
stationary_only,1879,stationary,4,none,-6.334065750863519,0.9457617351216978
stationary_only,1880,stationary,6,gaussian,-13.64125385185505,0.655096163840453
stationary_only,1881,stationary,8,correlated,-10.378286129012817,0.7073237845679582
stationary_only,1882,stationary,4,none,-3.252412594581486,1.1403962056142622
stationary_only,1883,stationary,6,gaussian,-9.95435241004469,0.8088383661319096
stationary_only,1884,stationary,8,correlated,-9.80405412268743,0.9318431278033728
stationary_only,1885,stationary,4,none,-7.870384568725177,1.017494657489292
stationary_only,1886,stationary,6,gaussian,-11.929739910442489,0.682182195730208
stationary_only,1887,stationary,8,correlated,-4.267102023833926,1.1707531063502568
stationary_only,1888,stationary,4,none,-8.17441353177361,1.0718509120133528
stationary_only,1889,stationary,6,gaussian,-17.724349378785377,0.793684097794797
stationary_only,1890,stationary,8,correlated,-11.958332061361192,1.087022106898024
stationary_only,1891,stationary,4,none,-6.223427685124804,1.148722021030797
stationary_only,1892,stationary,6,gaussian,-7.144641569024824,1.072017664953819
stationary_only,1893,stationary,8,correlated,-10.165597375073414,0.8123390148449812
stationary_only,1894,stationary,4,none,-4.595678685487131,1.0739286478334271
stationary_only,1895,stationary,6,gaussian,-5.31730438776156,1.1089446834858538
stationary_only,1896,stationary,8,correlated,-6.705923805573637,0.8893499874593814
stationary_only,1897,stationary,4,none,-5.203898211806473,1.0913727014369026
stationary_only,1898,stationary,6,gaussian,-6.856603478346176,0.9741045915399926
stationary_only,1899,stationary,8,correlated,-7.125806180155006,0.997051823733646
stationary_only,1900,stationary,4,none,-4.2135287963412695,1.1563608459743062
stationary_only,1901,stationary,6,gaussian,-5.005173455918397,0.9699200548677933
stationary_only,1902,stationary,8,correlated,-15.320754042927675,0.5209731187247082
stationary_only,1903,stationary,4,none,-5.564729590929378,1.0970130817475334
stationary_only,1904,stationary,6,gaussian,-6.956524606601645,1.0672853610285318
stationary_only,1905,stationary,8,correlated,-3.584084567525439,1.141050964667934
stationary_only,1906,stationary,4,none,-3.8423852882298526,1.169028554915494
stationary_only,1907,stationary,6,gaussian,-6.0026460802560315,1.01260913707346
stationary_only,1908,stationary,8,correlated,-9.10153962960175,0.7514897344305931
stationary_only,1909,stationary,4,none,-9.159469670108958,1.037744214096549
stationary_only,1910,stationary,6,gaussian,-7.454842315296068,1.0654112895260055
stationary_only,1911,stationary,8,correlated,-10.07553988296636,0.722351620970934
stationary_only,1912,stationary,4,none,-4.169331817211932,1.1830198666091478
stationary_only,1913,stationary,6,gaussian,-6.8666388201975455,1.0016332942928046
stationary_only,1914,stationary,8,correlated,-4.7474928655654445,1.0696238183692177
stationary_only,1915,stationary,4,none,-3.716295165903905,1.2019468762401477
stationary_only,1916,stationary,6,gaussian,-10.365727290633483,0.8365713673095769
stationary_only,1917,stationary,8,correlated,-7.298803821060787,0.8785482466389775
stationary_only,1918,stationary,4,none,-9.191754860347135,0.993287397766051
stationary_only,1919,stationary,6,gaussian,-4.459781638213608,1.07429051995303
stationary_only,1920,stationary,8,correlated,-7.778288590831721,0.8208290311651876
stationary_only,1921,stationary,4,none,-2.441376564169815,1.1613003513041442
stationary_only,1922,stationary,6,gaussian,-4.259624085324836,1.17894104110663
stationary_only,1923,stationary,8,correlated,-4.769250156959476,1.036620913077632
stationary_only,1924,stationary,4,none,-5.454723704784701,0.9860329914797508
stationary_only,1925,stationary,6,gaussian,-7.435542809664788,0.8027851552348426
stationary_only,1926,stationary,8,correlated,-10.052086195624227,0.8599568253423019
stationary_only,1927,stationary,4,none,-4.201395614216725,1.0740581846448767
stationary_only,1928,stationary,6,gaussian,-9.475692076238218,0.8085271053904759
stationary_only,1929,stationary,8,correlated,-3.8256046398939363,1.1680105507400438
stationary_only,1930,stationary,4,none,-2.790113468481577,1.094798561291994
stationary_only,1931,stationary,6,gaussian,-5.684448173488542,1.0961420648039628
stationary_only,1932,stationary,8,correlated,-12.573796984958273,0.8993718785994428
stationary_only,1933,stationary,4,none,-6.234484337668401,1.032224471064636
stationary_only,1934,stationary,6,gaussian,-9.283645909926546,0.9318142902808495
stationary_only,1935,stationary,8,correlated,-9.38779843712572,0.9158052638050058
stationary_only,1936,stationary,4,none,-5.182217711782242,1.0283019683553434
stationary_only,1937,stationary,6,gaussian,-8.408715537407065,0.9240132020126623
stationary_only,1938,stationary,8,correlated,-7.479606156258126,1.0361112132431582
stationary_only,1939,stationary,4,none,-12.753368029890273,0.9257403736995624
stationary_only,1940,stationary,6,gaussian,-7.62859162873268,1.0683985964151728
stationary_only,1941,stationary,8,correlated,-10.53277564923738,0.8567512444399036
stationary_only,1942,stationary,4,none,-4.6940412783731595,1.0976337357596624
stationary_only,1943,stationary,6,gaussian,-8.524463320938539,0.8163686291826362
stationary_only,1944,stationary,8,correlated,-16.276765838701998,0.7737266246062544
stationary_only,1945,stationary,4,none,-17.944187867785956,0.911748010950981
stationary_only,1946,stationary,6,gaussian,-10.523516850862126,1.0132360362500112
stationary_only,1947,stationary,8,correlated,-6.02803724768987,1.1007489662884586
stationary_only,1948,stationary,4,none,-6.263022003808311,0.987497984763535
stationary_only,1949,stationary,6,gaussian,-5.866022643962687,1.0661806691271507
stationary_only,1950,stationary,8,correlated,-7.045351428308875,0.9945511902819846
stationary_only,1951,stationary,4,none,-3.3532745079594006,1.1129470879260754
stationary_only,1952,stationary,6,gaussian,-11.613692612201163,0.9029219518496214
stationary_only,1953,stationary,8,correlated,-6.6754345108114785,0.9940929221330403
stationary_only,1954,stationary,4,none,-6.373292729410112,0.8965489734579266
stationary_only,1955,stationary,6,gaussian,-7.2557192938174975,0.9917167139636136
stationary_only,1956,stationary,8,correlated,-8.609325575469775,0.8847662439408204
stationary_only,1957,stationary,4,none,-6.0894779924795515,1.0958562191671377
stationary_only,1958,stationary,6,gaussian,-6.600908084461693,0.9561272881409616
stationary_only,1959,stationary,8,correlated,-5.030473971673617,1.128554313956817
stationary_only,1960,stationary,4,none,-4.277494872577721,1.1188274386406143
stationary_only,1961,stationary,6,gaussian,-10.527703815163788,1.0998830760351395
stationary_only,1962,stationary,8,correlated,-6.363889297115878,1.127711854494151
stationary_only,1963,stationary,4,none,-3.550010021559019,1.1366356031872031
stationary_only,1964,stationary,6,gaussian,-11.751188627815331,0.8476673759898284
stationary_only,1965,stationary,8,correlated,-9.7144636810371,0.9556417188276389
stationary_only,1966,stationary,4,none,-9.822948557191996,1.0159598468410995
stationary_only,1967,stationary,6,gaussian,-7.159939975398268,1.0867062128846228
stationary_only,1968,stationary,8,correlated,-4.990261019503935,1.0591465458689366
stationary_only,1969,stationary,4,none,-8.390827932036327,1.0827439740609126
stationary_only,1970,stationary,6,gaussian,-10.200722585490016,0.986285278943716
stationary_only,1971,stationary,8,correlated,-6.150862852085845,1.0788651121551378
stationary_only,1972,stationary,4,none,-6.9975616369271645,0.9627199304054173
stationary_only,1973,stationary,6,gaussian,-8.782317301710382,0.8915771928068082
stationary_only,1974,stationary,8,correlated,-8.413905109681906,0.8924428996325903
stationary_only,1975,stationary,4,none,-4.7118710119383325,0.996114198263584
stationary_only,1976,stationary,6,gaussian,-4.521033390033839,1.1777780287257198
stationary_only,1977,stationary,8,correlated,-13.953286901585216,0.4402742669184979
stationary_only,1978,stationary,4,none,-14.111464086778712,0.8794650914143617
stationary_only,1979,stationary,6,gaussian,-5.906124102735462,1.140883282254715
stationary_only,1980,stationary,8,correlated,-10.2458187718719,0.7865802032520813
stationary_only,1981,stationary,4,none,-8.636817094301037,1.020829745732168
stationary_only,1982,stationary,6,gaussian,-12.815791323095453,1.0328144254520621
stationary_only,1983,stationary,8,correlated,-14.00682682707986,1.011492814181484
stationary_only,1984,stationary,4,none,-4.610803406634369,1.1732176822132128
stationary_only,1985,stationary,6,gaussian,-15.272974785328273,0.8208951176700705
stationary_only,1986,stationary,8,correlated,-10.935501566149842,1.0312947346483956
stationary_only,1987,stationary,4,none,-5.822284681623206,1.0640880430408048
stationary_only,1988,stationary,6,gaussian,-14.267770424904212,1.1746984418972293
stationary_only,1989,stationary,8,correlated,-5.675145701092437,1.1404804576135643
stationary_only,1990,stationary,4,none,-6.737138240221835,1.0958512462000722
stationary_only,1991,stationary,6,gaussian,-7.054367215840148,1.0469788693417403
stationary_only,1992,stationary,8,correlated,-14.004181632664892,1.0209516169056219
stationary_only,1993,stationary,4,none,-3.661241247926519,1.1657183545391916
stationary_only,1994,stationary,6,gaussian,-7.725808528480738,1.0266249519033803
stationary_only,1995,stationary,8,correlated,-5.425453458597963,1.12415835688062
stationary_only,1996,stationary,4,none,-4.450353356431122,1.0825713715608145
stationary_only,1997,stationary,6,gaussian,-7.5634598920555645,1.06678313259651
stationary_only,1998,stationary,8,correlated,-9.766230541871991,1.004390761386413
stationary_only,1999,stationary,4,none,-7.37077468331065,1.0761188638925643
stationary_only,2000,stationary,6,gaussian,-8.783543579520643,1.04867982062537
