name,kind,gradient_noise,drift_per_step,amplitude,period,jump_interval,method,seed,dim,condition_number,tail_mse,tail_regret,tail_p90_error,phase_lag_steps,time_to_recovery
stationary_noisy,stationary,0.05,0.0,0.0,0,0,SGD,1001,20,5.0,0.0004729228224066597,0.0006175406925866739,0.02555498428952954,,
stationary_noisy,stationary,0.05,0.0,0.0,0,0,HeavyBall,1001,20,5.0,0.005061242244700354,0.0060800554327578,0.08451210614923145,,
stationary_noisy,stationary,0.05,0.0,0.0,0,0,Nesterov,1001,20,5.0,0.0030438032103647815,0.003429136592284401,0.06643559765719742,,
stationary_noisy,stationary,0.05,0.0,0.0,0,0,Adam,1001,20,5.0,0.003096213497884579,0.003771961743004265,0.06662775635294971,,
stationary_noisy,stationary,0.05,0.0,0.0,0,0,AMSGrad,1001,20,5.0,0.0019121236764686228,0.0024693300629991476,0.05235984681371414,,
stationary_noisy,stationary,0.05,0.0,0.0,0,0,SGD,1002,20,5.0,0.0005138438934147251,0.0006398683589079293,0.027263684315239435,,
stationary_noisy,stationary,0.05,0.0,0.0,0,0,HeavyBall,1002,20,5.0,0.005034629010701586,0.006275240705650642,0.08574775184003361,,
stationary_noisy,stationary,0.05,0.0,0.0,0,0,Nesterov,1002,20,5.0,0.0031056019995340657,0.0035757192241132165,0.06758575548154348,,
stationary_noisy,stationary,0.05,0.0,0.0,0,0,Adam,1002,20,5.0,0.00324134626231676,0.004041573651899586,0.06757103376541712,,
stationary_noisy,stationary,0.05,0.0,0.0,0,0,AMSGrad,1002,20,5.0,0.0020898997068411183,0.0026946577537762363,0.05497318288088425,,
stationary_noisy,stationary,0.05,0.0,0.0,0,0,SGD,1003,20,5.0,0.0005654637882214517,0.0006612912127828769,0.029195066731888843,,
stationary_noisy,stationary,0.05,0.0,0.0,0,0,HeavyBall,1003,20,5.0,0.005815968710853391,0.006990050131727772,0.09083373896674445,,
stationary_noisy,stationary,0.05,0.0,0.0,0,0,Nesterov,1003,20,5.0,0.003482083527167995,0.0038545683532168777,0.07208349950917838,,
stationary_noisy,stationary,0.05,0.0,0.0,0,0,Adam,1003,20,5.0,0.003656634151488395,0.004335028264888682,0.0764412475078962,,
stationary_noisy,stationary,0.05,0.0,0.0,0,0,AMSGrad,1003,20,5.0,0.0018575363495498694,0.002319466046193376,0.05341802234170073,,
stationary_noisy,stationary,0.05,0.0,0.0,0,0,SGD,1004,20,5.0,0.000537961552864872,0.0006706398119115273,0.02780936555243838,,
stationary_noisy,stationary,0.05,0.0,0.0,0,0,HeavyBall,1004,20,5.0,0.005306691210415263,0.0065433289359117545,0.08769560372024374,,
stationary_noisy,stationary,0.05,0.0,0.0,0,0,Nesterov,1004,20,5.0,0.0032253297906809173,0.0037059083273073856,0.06977004082621953,,
stationary_noisy,stationary,0.05,0.0,0.0,0,0,Adam,1004,20,5.0,0.003422184227612427,0.004149517309111253,0.07056848830159097,,
stationary_noisy,stationary,0.05,0.0,0.0,0,0,AMSGrad,1004,20,5.0,0.002312602578918907,0.0029439718672122405,0.057575149021929596,,
stationary_noisy,stationary,0.05,0.0,0.0,0,0,SGD,1005,20,5.0,0.0005565161923765285,0.0006724608182682722,0.028678864714695225,,
stationary_noisy,stationary,0.05,0.0,0.0,0,0,HeavyBall,1005,20,5.0,0.0051716287564790185,0.006167075394369785,0.08908711216661308,,
stationary_noisy,stationary,0.05,0.0,0.0,0,0,Nesterov,1005,20,5.0,0.003254701261857723,0.0036678160130038644,0.07137978885692493,,
stationary_noisy,stationary,0.05,0.0,0.0,0,0,Adam,1005,20,5.0,0.003486257868594061,0.004238065491163201,0.07175156786652837,,
stationary_noisy,stationary,0.05,0.0,0.0,0,0,AMSGrad,1005,20,5.0,0.002243294508349864,0.0027749458668671787,0.05857761598765395,,
stationary_noisy,stationary,0.05,0.0,0.0,0,0,SGD,1006,20,5.0,0.0005325735144945964,0.0006608404505600543,0.02810378044574955,,
stationary_noisy,stationary,0.05,0.0,0.0,0,0,HeavyBall,1006,20,5.0,0.005014337159039322,0.006137503082647491,0.08636433214770574,,
stationary_noisy,stationary,0.05,0.0,0.0,0,0,Nesterov,1006,20,5.0,0.0031414208976920143,0.0035922700807220513,0.06912925156802863,,
stationary_noisy,stationary,0.05,0.0,0.0,0,0,Adam,1006,20,5.0,0.00335206497014049,0.00398041156790965,0.07036896574295984,,
stationary_noisy,stationary,0.05,0.0,0.0,0,0,AMSGrad,1006,20,5.0,0.0023583790077156127,0.00292524809665777,0.061559905220318005,,
stationary_noisy,stationary,0.05,0.0,0.0,0,0,SGD,1007,20,5.0,0.0005635070119485197,0.000690479314237093,0.029979683649878408,,
stationary_noisy,stationary,0.05,0.0,0.0,0,0,HeavyBall,1007,20,5.0,0.00574572780744954,0.006941020310904562,0.09138893965746504,,
stationary_noisy,stationary,0.05,0.0,0.0,0,0,Nesterov,1007,20,5.0,0.003494019683670051,0.003900248363504657,0.0723672971193067,,
stationary_noisy,stationary,0.05,0.0,0.0,0,0,Adam,1007,20,5.0,0.003410719286206678,0.00411164571551598,0.07051036155160674,,
stationary_noisy,stationary,0.05,0.0,0.0,0,0,AMSGrad,1007,20,5.0,0.0025494566444735573,0.003172249092770517,0.06154801045632945,,
stationary_noisy,stationary,0.05,0.0,0.0,0,0,SGD,1008,20,5.0,0.000562282702838097,0.0006953382836227558,0.028466582849145723,,
stationary_noisy,stationary,0.05,0.0,0.0,0,0,HeavyBall,1008,20,5.0,0.005409361365367797,0.006496469522276771,0.0887915168521885,,
stationary_noisy,stationary,0.05,0.0,0.0,0,0,Nesterov,1008,20,5.0,0.0032748518112852123,0.0036894863119351917,0.06959531946004467,,
stationary_noisy,stationary,0.05,0.0,0.0,0,0,Adam,1008,20,5.0,0.0034210938962928737,0.004134134185452098,0.07131241845250866,,
stationary_noisy,stationary,0.05,0.0,0.0,0,0,AMSGrad,1008,20,5.0,0.0026735223799284323,0.003239003954565253,0.06335126142082814,,
stationary_noisy,stationary,0.05,0.0,0.0,0,0,SGD,1009,20,5.0,0.000587032022157897,0.0007153375004717427,0.029617240337325827,,
stationary_noisy,stationary,0.05,0.0,0.0,0,0,HeavyBall,1009,20,5.0,0.005400250168222615,0.0064055724176955405,0.08921773255554116,,
stationary_noisy,stationary,0.05,0.0,0.0,0,0,Nesterov,1009,20,5.0,0.0034353173610135205,0.0038455847753087603,0.0716670134631721,,
stationary_noisy,stationary,0.05,0.0,0.0,0,0,Adam,1009,20,5.0,0.003905713141329434,0.004605564286691319,0.0746019592427238,,
stationary_noisy,stationary,0.05,0.0,0.0,0,0,AMSGrad,1009,20,5.0,0.0020437353265623298,0.0024779744452682662,0.05425114676468098,,
stationary_noisy,stationary,0.05,0.0,0.0,0,0,SGD,1010,20,5.0,0.0006100092528761766,0.000696011605473241,0.031161175107918875,,
stationary_noisy,stationary,0.05,0.0,0.0,0,0,HeavyBall,1010,20,5.0,0.0053392763945341,0.006477901394415988,0.08923502268791433,,
stationary_noisy,stationary,0.05,0.0,0.0,0,0,Nesterov,1010,20,5.0,0.0033065697981228773,0.003682169150627479,0.07200167428193921,,
stationary_noisy,stationary,0.05,0.0,0.0,0,0,Adam,1010,20,5.0,0.003524592682105711,0.004286447113021057,0.0731306662071639,,
stationary_noisy,stationary,0.05,0.0,0.0,0,0,AMSGrad,1010,20,5.0,0.002134985136411306,0.002573936844335458,0.05955130366148001,,
stationary_noisy,stationary,0.05,0.0,0.0,0,0,SGD,1011,20,5.0,0.0005292398847846866,0.0006739982569606249,0.02797165084798374,,
stationary_noisy,stationary,0.05,0.0,0.0,0,0,HeavyBall,1011,20,5.0,0.005178400923272735,0.006555577119143987,0.0861597805479937,,
stationary_noisy,stationary,0.05,0.0,0.0,0,0,Nesterov,1011,20,5.0,0.0031547026548279056,0.0037876003232026768,0.06779663087132053,,
stationary_noisy,stationary,0.05,0.0,0.0,0,0,Adam,1011,20,5.0,0.0033927536227219934,0.004361945494233433,0.06998134761759729,,
stationary_noisy,stationary,0.05,0.0,0.0,0,0,AMSGrad,1011,20,5.0,0.0021635099695072055,0.0028537858262219886,0.05689574918564044,,
stationary_noisy,stationary,0.05,0.0,0.0,0,0,SGD,1012,20,5.0,0.0005531668886828052,0.0006816920156936315,0.02896474673760714,,
stationary_noisy,stationary,0.05,0.0,0.0,0,0,HeavyBall,1012,20,5.0,0.005036366569080364,0.006397221592531497,0.08488123930061585,,
stationary_noisy,stationary,0.05,0.0,0.0,0,0,Nesterov,1012,20,5.0,0.0031169708914737192,0.0036461245750408046,0.06595107240577427,,
stationary_noisy,stationary,0.05,0.0,0.0,0,0,Adam,1012,20,5.0,0.0032071419533440783,0.00419160973433483,0.06786534513687377,,
stationary_noisy,stationary,0.05,0.0,0.0,0,0,AMSGrad,1012,20,5.0,0.0021962599004462513,0.002927522818240539,0.057810432492023334,,
stationary_noisy,stationary,0.05,0.0,0.0,0,0,SGD,1013,20,5.0,0.000565555748504904,0.000678848198071428,0.02920453026498899,,
stationary_noisy,stationary,0.05,0.0,0.0,0,0,HeavyBall,1013,20,5.0,0.005211685895764365,0.0064588981631575225,0.08547115163859147,,
stationary_noisy,stationary,0.05,0.0,0.0,0,0,Nesterov,1013,20,5.0,0.003226429491559193,0.0036796266432336635,0.06924953875746524,,
stationary_noisy,stationary,0.05,0.0,0.0,0,0,Adam,1013,20,5.0,0.003401313064529252,0.004209697513520842,0.06956102279764458,,
stationary_noisy,stationary,0.05,0.0,0.0,0,0,AMSGrad,1013,20,5.0,0.0027293361815900474,0.0034294820277575994,0.06249768777372381,,
stationary_noisy,stationary,0.05,0.0,0.0,0,0,SGD,1014,20,5.0,0.0005838142193279423,0.0007045234613786696,0.02849848204072764,,
stationary_noisy,stationary,0.05,0.0,0.0,0,0,HeavyBall,1014,20,5.0,0.005843436895482125,0.0068915480758222,0.09246494940353876,,
stationary_noisy,stationary,0.05,0.0,0.0,0,0,Nesterov,1014,20,5.0,0.0035451642168568853,0.003991541552353931,0.07176853887952854,,
stationary_noisy,stationary,0.05,0.0,0.0,0,0,Adam,1014,20,5.0,0.003605195069567313,0.004303122157256237,0.07265004748143439,,
stationary_noisy,stationary,0.05,0.0,0.0,0,0,AMSGrad,1014,20,5.0,0.0026451643249621793,0.0032787965907587102,0.060385669568910484,,
stationary_noisy,stationary,0.05,0.0,0.0,0,0,SGD,1015,20,5.0,0.0005404581217911468,0.000678301215269425,0.028014330081499596,,
stationary_noisy,stationary,0.05,0.0,0.0,0,0,HeavyBall,1015,20,5.0,0.005485060122116074,0.006793328787047605,0.08955138371519707,,
stationary_noisy,stationary,0.05,0.0,0.0,0,0,Nesterov,1015,20,5.0,0.003214339129228859,0.003709697571083026,0.06726206638254145,,
stationary_noisy,stationary,0.05,0.0,0.0,0,0,Adam,1015,20,5.0,0.003139169095386618,0.003880743598464772,0.06696975411279113,,
stationary_noisy,stationary,0.05,0.0,0.0,0,0,AMSGrad,1015,20,5.0,0.0023152912692893154,0.0030835173540013487,0.0574015091281208,,
stationary_noisy,stationary,0.05,0.0,0.0,0,0,SGD,1016,20,5.0,0.0005784769463481628,0.0006891834488322487,0.028683614794374753,,
stationary_noisy,stationary,0.05,0.0,0.0,0,0,HeavyBall,1016,20,5.0,0.0056898227709474836,0.0066781134560182955,0.088664835589595,,
stationary_noisy,stationary,0.05,0.0,0.0,0,0,Nesterov,1016,20,5.0,0.0035114618375801316,0.0038387252188546938,0.07082379842698928,,
stationary_noisy,stationary,0.05,0.0,0.0,0,0,Adam,1016,20,5.0,0.003562531107866586,0.004154747918325993,0.0703426205780295,,
stationary_noisy,stationary,0.05,0.0,0.0,0,0,AMSGrad,1016,20,5.0,0.0019346632946557968,0.002346737893020671,0.052700531767573784,,
stationary_noisy,stationary,0.05,0.0,0.0,0,0,SGD,1017,20,5.0,0.0005605581850715459,0.0007015038781460465,0.02813930065333416,,
stationary_noisy,stationary,0.05,0.0,0.0,0,0,HeavyBall,1017,20,5.0,0.005395777282827403,0.006597257564105146,0.08733325462021992,,
stationary_noisy,stationary,0.05,0.0,0.0,0,0,Nesterov,1017,20,5.0,0.003302928051823033,0.003746262797754499,0.0708478309749311,,
stationary_noisy,stationary,0.05,0.0,0.0,0,0,Adam,1017,20,5.0,0.0034846240515653943,0.004278259630888867,0.07222084442496063,,
stationary_noisy,stationary,0.05,0.0,0.0,0,0,AMSGrad,1017,20,5.0,0.0026876108348944557,0.0033427789085114135,0.06331354225846327,,
stationary_noisy,stationary,0.05,0.0,0.0,0,0,SGD,1018,20,5.0,0.0005583174451890044,0.0006947168821173019,0.027743142912514434,,
stationary_noisy,stationary,0.05,0.0,0.0,0,0,HeavyBall,1018,20,5.0,0.005062964341320187,0.006464455495843842,0.08619494093304873,,
stationary_noisy,stationary,0.05,0.0,0.0,0,0,Nesterov,1018,20,5.0,0.0031015775462153376,0.003639162131548672,0.06737454459059962,,
stationary_noisy,stationary,0.05,0.0,0.0,0,0,Adam,1018,20,5.0,0.003349802287215822,0.004148149721744864,0.06758152670889372,,
stationary_noisy,stationary,0.05,0.0,0.0,0,0,AMSGrad,1018,20,5.0,0.002116609139101133,0.002671904906798131,0.05412391987457855,,
stationary_noisy,stationary,0.05,0.0,0.0,0,0,SGD,1019,20,5.0,0.0005595971404546868,0.0007000753111400032,0.0285286857715222,,
stationary_noisy,stationary,0.05,0.0,0.0,0,0,HeavyBall,1019,20,5.0,0.005125207503623695,0.0064663168402436565,0.08584774773135553,,
stationary_noisy,stationary,0.05,0.0,0.0,0,0,Nesterov,1019,20,5.0,0.00313196582553287,0.0036725535907198214,0.06662074909035597,,
stationary_noisy,stationary,0.05,0.0,0.0,0,0,Adam,1019,20,5.0,0.0032517759912215967,0.004205146459516714,0.06804686303295512,,
stationary_noisy,stationary,0.05,0.0,0.0,0,0,AMSGrad,1019,20,5.0,0.001833250853435703,0.0023321140151253052,0.05158325487739428,,
stationary_noisy,stationary,0.05,0.0,0.0,0,0,SGD,1020,20,5.0,0.0005293052400171056,0.0006419898759507571,0.02745211784370461,,
stationary_noisy,stationary,0.05,0.0,0.0,0,0,HeavyBall,1020,20,5.0,0.005375433504305344,0.0065457930406703745,0.08560828383877725,,
stationary_noisy,stationary,0.05,0.0,0.0,0,0,Nesterov,1020,20,5.0,0.0032460596004840483,0.0036784070309692453,0.06806320181751763,,
stationary_noisy,stationary,0.05,0.0,0.0,0,0,Adam,1020,20,5.0,0.0033553632429863616,0.004071746353612198,0.0677066209941256,,
stationary_noisy,stationary,0.05,0.0,0.0,0,0,AMSGrad,1020,20,5.0,0.0021218272549595072,0.002557739700747196,0.05498829700705265,,
stationary_noisy,stationary,0.05,0.0,0.0,0,0,SGD,1021,20,5.0,0.0005369833016650743,0.0006810299716581043,0.02812388100975024,,
stationary_noisy,stationary,0.05,0.0,0.0,0,0,HeavyBall,1021,20,5.0,0.005141009744984089,0.006262708309232493,0.08504006030106734,,
stationary_noisy,stationary,0.05,0.0,0.0,0,0,Nesterov,1021,20,5.0,0.003183349861903727,0.003617837352598108,0.06831912672561141,,
stationary_noisy,stationary,0.05,0.0,0.0,0,0,Adam,1021,20,5.0,0.003230403089359729,0.003912459728267457,0.06779412709128685,,
stationary_noisy,stationary,0.05,0.0,0.0,0,0,AMSGrad,1021,20,5.0,0.002135803146544639,0.0026757019412949044,0.055902596625259975,,
stationary_noisy,stationary,0.05,0.0,0.0,0,0,SGD,1022,20,5.0,0.0006060578738929785,0.0007163966312496096,0.030445417830150808,,
stationary_noisy,stationary,0.05,0.0,0.0,0,0,HeavyBall,1022,20,5.0,0.005515533240225312,0.006762248393540091,0.09024388087854848,,
stationary_noisy,stationary,0.05,0.0,0.0,0,0,Nesterov,1022,20,5.0,0.003382608246652793,0.003759812821131342,0.07276787231013071,,
stationary_noisy,stationary,0.05,0.0,0.0,0,0,Adam,1022,20,5.0,0.003656736846287673,0.00437122521354124,0.0756187333261541,,
stationary_noisy,stationary,0.05,0.0,0.0,0,0,AMSGrad,1022,20,5.0,0.0018460654994482536,0.0022827502080406924,0.05197462213283739,,
stationary_noisy,stationary,0.05,0.0,0.0,0,0,SGD,1023,20,5.0,0.0005782061262467753,0.000722981072487053,0.0294943115726842,,
stationary_noisy,stationary,0.05,0.0,0.0,0,0,HeavyBall,1023,20,5.0,0.005141554590817876,0.006553700356396559,0.0864254826785046,,
stationary_noisy,stationary,0.05,0.0,0.0,0,0,Nesterov,1023,20,5.0,0.003230067751525385,0.0037895013172824384,0.07026459452388009,,
stationary_noisy,stationary,0.05,0.0,0.0,0,0,Adam,1023,20,5.0,0.003607699586295833,0.0045283574229318954,0.07274158122125475,,
stationary_noisy,stationary,0.05,0.0,0.0,0,0,AMSGrad,1023,20,5.0,0.0024660758481263112,0.0031439643755737,0.06231626307318765,,
stationary_noisy,stationary,0.05,0.0,0.0,0,0,SGD,1024,20,5.0,0.0005493045427592085,0.0006585012568241281,0.028871529593147885,,
stationary_noisy,stationary,0.05,0.0,0.0,0,0,HeavyBall,1024,20,5.0,0.004641156018700274,0.005749992317037052,0.08178235215963575,,
stationary_noisy,stationary,0.05,0.0,0.0,0,0,Nesterov,1024,20,5.0,0.002934467452808212,0.003353787005930574,0.06655240045921755,,
stationary_noisy,stationary,0.05,0.0,0.0,0,0,Adam,1024,20,5.0,0.0030238212731032855,0.0036898593932888648,0.06563724211426951,,
stationary_noisy,stationary,0.05,0.0,0.0,0,0,AMSGrad,1024,20,5.0,0.0017882855808795482,0.0022504223738036046,0.050914409082654495,,
stationary_noisy,stationary,0.05,0.0,0.0,0,0,SGD,1025,20,5.0,0.000637230156495672,0.0007399641356961285,0.029899423004282923,,
stationary_noisy,stationary,0.05,0.0,0.0,0,0,HeavyBall,1025,20,5.0,0.005603027543213297,0.006654203041328676,0.09269355890243573,,
stationary_noisy,stationary,0.05,0.0,0.0,0,0,Nesterov,1025,20,5.0,0.003392027672033909,0.003778786542327927,0.0719396485530458,,
stationary_noisy,stationary,0.05,0.0,0.0,0,0,Adam,1025,20,5.0,0.00357664650030578,0.004279875947553342,0.07390953024546412,,
stationary_noisy,stationary,0.05,0.0,0.0,0,0,AMSGrad,1025,20,5.0,0.002554844944907353,0.0030348715480192877,0.06076325663631947,,
stationary_noisy,stationary,0.05,0.0,0.0,0,0,SGD,1026,20,5.0,0.0005870176164691987,0.0007107656491728714,0.028833618008105563,,
stationary_noisy,stationary,0.05,0.0,0.0,0,0,HeavyBall,1026,20,5.0,0.00524514214673627,0.006403215382275961,0.08678114536022555,,
stationary_noisy,stationary,0.05,0.0,0.0,0,0,Nesterov,1026,20,5.0,0.0032458054794155472,0.0037117653049775394,0.06908860191568032,,
stationary_noisy,stationary,0.05,0.0,0.0,0,0,Adam,1026,20,5.0,0.003199875868619778,0.003998121442846566,0.0685874429788775,,
stationary_noisy,stationary,0.05,0.0,0.0,0,0,AMSGrad,1026,20,5.0,0.0019998800178203063,0.0025346915004387195,0.05485688510167424,,
stationary_noisy,stationary,0.05,0.0,0.0,0,0,SGD,1027,20,5.0,0.0005155510191136015,0.0006348523309786969,0.02728003685475314,,
stationary_noisy,stationary,0.05,0.0,0.0,0,0,HeavyBall,1027,20,5.0,0.005245005039429524,0.006298952247818967,0.08693914155625529,,
stationary_noisy,stationary,0.05,0.0,0.0,0,0,Nesterov,1027,20,5.0,0.0032101239994411024,0.003632129887964057,0.06899146411689427,,
stationary_noisy,stationary,0.05,0.0,0.0,0,0,Adam,1027,20,5.0,0.0034700892708339703,0.0041815273621488265,0.07086168500643318,,
stationary_noisy,stationary,0.05,0.0,0.0,0,0,AMSGrad,1027,20,5.0,0.0019587225418226527,0.002431463146717556,0.05450529493615516,,
stationary_noisy,stationary,0.05,0.0,0.0,0,0,SGD,1028,20,5.0,0.0006449889834070938,0.0007354952140051237,0.030747272629145807,,
stationary_noisy,stationary,0.05,0.0,0.0,0,0,HeavyBall,1028,20,5.0,0.00566188174044846,0.006590677710611934,0.09169873922672277,,
stationary_noisy,stationary,0.05,0.0,0.0,0,0,Nesterov,1028,20,5.0,0.0036211835043349085,0.003910468836471037,0.07289900413035982,,
stationary_noisy,stationary,0.05,0.0,0.0,0,0,Adam,1028,20,5.0,0.0038288265546888704,0.004377288076669083,0.07516528170550986,,
stationary_noisy,stationary,0.05,0.0,0.0,0,0,AMSGrad,1028,20,5.0,0.002340055079659134,0.002684034975698789,0.058931971372941414,,
stationary_noisy,stationary,0.05,0.0,0.0,0,0,SGD,1029,20,5.0,0.0005307925051247314,0.0006774814597400496,0.027231289624077056,,
stationary_noisy,stationary,0.05,0.0,0.0,0,0,HeavyBall,1029,20,5.0,0.005038673293939363,0.006305940438971074,0.08501062021063964,,
stationary_noisy,stationary,0.05,0.0,0.0,0,0,Nesterov,1029,20,5.0,0.0030868613723523046,0.003629633163687378,0.06844958420631865,,
stationary_noisy,stationary,0.05,0.0,0.0,0,0,Adam,1029,20,5.0,0.003172505876418975,0.003962730634420121,0.06835129108781952,,
stationary_noisy,stationary,0.05,0.0,0.0,0,0,AMSGrad,1029,20,5.0,0.0021983213489988936,0.0028606458070060048,0.05684667490426077,,
stationary_noisy,stationary,0.05,0.0,0.0,0,0,SGD,1030,20,5.0,0.0005532621633498113,0.0006899316886062264,0.02850686329499515,,
stationary_noisy,stationary,0.05,0.0,0.0,0,0,HeavyBall,1030,20,5.0,0.005424132886327112,0.0066281622658099955,0.08962084911007626,,
stationary_noisy,stationary,0.05,0.0,0.0,0,0,Nesterov,1030,20,5.0,0.0033458414406128145,0.0037710608571646016,0.07240846477770257,,
stationary_noisy,stationary,0.05,0.0,0.0,0,0,Adam,1030,20,5.0,0.0035983780051310234,0.0043305152473591775,0.07355940764177701,,
stationary_noisy,stationary,0.05,0.0,0.0,0,0,AMSGrad,1030,20,5.0,0.0022942986575365232,0.0027412265220252067,0.058205831815716855,,
linear_slow,linear,0.02,0.002,0.0,0,0,SGD,1001,20,5.0,0.00041114459774603746,0.0004342022165921361,0.02290970989420781,,
linear_slow,linear,0.02,0.002,0.0,0,0,HeavyBall,1001,20,5.0,0.0009058565714347244,0.0011011327148095953,0.03629678613443555,,
linear_slow,linear,0.02,0.002,0.0,0,0,Nesterov,1001,20,5.0,0.0005578974624947468,0.0006279216812184276,0.029082851977717088,,
linear_slow,linear,0.02,0.002,0.0,0,0,Adam,1001,20,5.0,0.0013239823532666573,0.0015217551392053678,0.0441592834144959,,
linear_slow,linear,0.02,0.002,0.0,0,0,AMSGrad,1001,20,5.0,0.000486468268120617,0.0006011997900799171,0.02691588457447611,,
linear_slow,linear,0.02,0.002,0.0,0,0,SGD,1002,20,5.0,0.00037545209083268444,0.00040044099837451745,0.022084542519519,,
linear_slow,linear,0.02,0.002,0.0,0,0,HeavyBall,1002,20,5.0,0.0008411000363353227,0.0009963550647695183,0.0344808510975631,,
linear_slow,linear,0.02,0.002,0.0,0,0,Nesterov,1002,20,5.0,0.0005237632225575052,0.0005835631424922692,0.027624423991677086,,
linear_slow,linear,0.02,0.002,0.0,0,0,Adam,1002,20,5.0,0.0012029378520749562,0.0014146649374650116,0.04126922565985506,,
linear_slow,linear,0.02,0.002,0.0,0,0,AMSGrad,1002,20,5.0,0.00048800745442904685,0.000619157657616111,0.026598671012272836,,
linear_slow,linear,0.02,0.002,0.0,0,0,SGD,1003,20,5.0,0.00043146939551377356,0.0004271470215510706,0.023441442589163638,,
linear_slow,linear,0.02,0.002,0.0,0,0,HeavyBall,1003,20,5.0,0.0008935952038757516,0.0010739195617806342,0.0372615330471367,,
linear_slow,linear,0.02,0.002,0.0,0,0,Nesterov,1003,20,5.0,0.0005457883317270391,0.000604984502501412,0.028959432062931195,,
linear_slow,linear,0.02,0.002,0.0,0,0,Adam,1003,20,5.0,0.001212877668371994,0.0014683735836613179,0.042247259848252595,,
linear_slow,linear,0.02,0.002,0.0,0,0,AMSGrad,1003,20,5.0,0.0004577179109799552,0.000542169428619319,0.026340092843658167,,
linear_slow,linear,0.02,0.002,0.0,0,0,SGD,1004,20,5.0,0.0004058841533075171,0.0004337466483283838,0.023451237959717392,,
linear_slow,linear,0.02,0.002,0.0,0,0,HeavyBall,1004,20,5.0,0.0008788749335649613,0.001009579449079811,0.035492741678081675,,
linear_slow,linear,0.02,0.002,0.0,0,0,Nesterov,1004,20,5.0,0.0005648963198301798,0.000607338020221211,0.028853687225356677,,
linear_slow,linear,0.02,0.002,0.0,0,0,Adam,1004,20,5.0,0.0011552311249732744,0.0013644097446343152,0.040775898068729687,,
linear_slow,linear,0.02,0.002,0.0,0,0,AMSGrad,1004,20,5.0,0.0004452714453346406,0.0005405565851850191,0.026163328265842046,,
linear_slow,linear,0.02,0.002,0.0,0,0,SGD,1005,20,5.0,0.00036985137701622453,0.00041546599594901906,0.022129454690400587,,
linear_slow,linear,0.02,0.002,0.0,0,0,HeavyBall,1005,20,5.0,0.0008379287226741567,0.0010327073536846659,0.03510352247217365,,
linear_slow,linear,0.02,0.002,0.0,0,0,Nesterov,1005,20,5.0,0.000516212591483084,0.0005965586478980136,0.028097912427506862,,
linear_slow,linear,0.02,0.002,0.0,0,0,Adam,1005,20,5.0,0.0011616399246041362,0.0014217433530828816,0.04057991076044524,,
linear_slow,linear,0.02,0.002,0.0,0,0,AMSGrad,1005,20,5.0,0.0003935790154008102,0.0004980303344730563,0.023413064032145735,,
linear_slow,linear,0.02,0.002,0.0,0,0,SGD,1006,20,5.0,0.0004096119163243847,0.00041479323968811695,0.022812390705628818,,
linear_slow,linear,0.02,0.002,0.0,0,0,HeavyBall,1006,20,5.0,0.0008248215011052871,0.0009823338889757697,0.03484408402837847,,
linear_slow,linear,0.02,0.002,0.0,0,0,Nesterov,1006,20,5.0,0.0005123142784703155,0.0005683097509335377,0.02826395477967967,,
linear_slow,linear,0.02,0.002,0.0,0,0,Adam,1006,20,5.0,0.0011798294501332437,0.0014684601109160899,0.04222757403786091,,
linear_slow,linear,0.02,0.002,0.0,0,0,AMSGrad,1006,20,5.0,0.0005056722386611572,0.0006216274021976606,0.02786743804815807,,
linear_slow,linear,0.02,0.002,0.0,0,0,SGD,1007,20,5.0,0.00039391141233026264,0.0004245102934535194,0.022736138799523603,,
linear_slow,linear,0.02,0.002,0.0,0,0,HeavyBall,1007,20,5.0,0.0007851751047957486,0.0009697288701782781,0.03311661564383475,,
linear_slow,linear,0.02,0.002,0.0,0,0,Nesterov,1007,20,5.0,0.0004978499162894964,0.000573066120654815,0.026451143043235804,,
linear_slow,linear,0.02,0.002,0.0,0,0,Adam,1007,20,5.0,0.0011269887244380037,0.0013663295669565096,0.040056197596952454,,
linear_slow,linear,0.02,0.002,0.0,0,0,AMSGrad,1007,20,5.0,0.00043222457881364365,0.0005575141284056163,0.025671850353947603,,
linear_slow,linear,0.02,0.002,0.0,0,0,SGD,1008,20,5.0,0.00042054612573655793,0.0004333006449097452,0.023923385979082452,,
linear_slow,linear,0.02,0.002,0.0,0,0,HeavyBall,1008,20,5.0,0.0008851525549155486,0.001062749826648063,0.03622702639948987,,
linear_slow,linear,0.02,0.002,0.0,0,0,Nesterov,1008,20,5.0,0.000530034115813932,0.0005915745594273175,0.028597531631749017,,
linear_slow,linear,0.02,0.002,0.0,0,0,Adam,1008,20,5.0,0.0011771431840928955,0.0014169593905741767,0.04176001044270064,,
linear_slow,linear,0.02,0.002,0.0,0,0,AMSGrad,1008,20,5.0,0.0003464474655233614,0.0004178495250466739,0.023731507139530334,,
linear_slow,linear,0.02,0.002,0.0,0,0,SGD,1009,20,5.0,0.00043112428663114705,0.0004456676767443419,0.02402145243960141,,
linear_slow,linear,0.02,0.002,0.0,0,0,HeavyBall,1009,20,5.0,0.0008835841483694852,0.001066327525756967,0.03561715796899779,,
linear_slow,linear,0.02,0.002,0.0,0,0,Nesterov,1009,20,5.0,0.0005447937334641964,0.0006088693222250314,0.027981962540705143,,
linear_slow,linear,0.02,0.002,0.0,0,0,Adam,1009,20,5.0,0.0012409486332386071,0.0015335778245884673,0.04203911962951599,,
linear_slow,linear,0.02,0.002,0.0,0,0,AMSGrad,1009,20,5.0,0.0005080072315437261,0.0006043273398817979,0.02761905682276344,,
linear_slow,linear,0.02,0.002,0.0,0,0,SGD,1010,20,5.0,0.00042599319612593147,0.0004392755983675167,0.022920535292329076,,
linear_slow,linear,0.02,0.002,0.0,0,0,HeavyBall,1010,20,5.0,0.0008650463632386839,0.0010515993776333713,0.03556714705683722,,
linear_slow,linear,0.02,0.002,0.0,0,0,Nesterov,1010,20,5.0,0.0005410030649261351,0.0006131364834220153,0.028544983983744582,,
linear_slow,linear,0.02,0.002,0.0,0,0,Adam,1010,20,5.0,0.0012474419742074007,0.0015362182779358486,0.04160749476207605,,
linear_slow,linear,0.02,0.002,0.0,0,0,AMSGrad,1010,20,5.0,0.0004044217249297552,0.0004944145358017689,0.02364332341634971,,
linear_slow,linear,0.02,0.002,0.0,0,0,SGD,1011,20,5.0,0.00039115805018216133,0.00042083663521652967,0.022307758632744874,,
linear_slow,linear,0.02,0.002,0.0,0,0,HeavyBall,1011,20,5.0,0.0008662717754200322,0.0010550333479568152,0.035759280617466846,,
linear_slow,linear,0.02,0.002,0.0,0,0,Nesterov,1011,20,5.0,0.0005205992393686818,0.0005998068058335306,0.02757956088713035,,
linear_slow,linear,0.02,0.002,0.0,0,0,Adam,1011,20,5.0,0.0011347912421931546,0.0013999911350771313,0.03978965281837942,,
linear_slow,linear,0.02,0.002,0.0,0,0,AMSGrad,1011,20,5.0,0.0003362941228467155,0.00042884010986526,0.02201028126086126,,
linear_slow,linear,0.02,0.002,0.0,0,0,SGD,1012,20,5.0,0.00040323252679573616,0.00042667735116211857,0.022821953219214885,,
linear_slow,linear,0.02,0.002,0.0,0,0,HeavyBall,1012,20,5.0,0.0008357558971398254,0.0010130937305315839,0.034413222531099935,,
linear_slow,linear,0.02,0.002,0.0,0,0,Nesterov,1012,20,5.0,0.0005136097288534236,0.0005910763369872587,0.027478695748874918,,
linear_slow,linear,0.02,0.002,0.0,0,0,Adam,1012,20,5.0,0.0012065129428220922,0.0014750744271525412,0.04102427475442501,,
linear_slow,linear,0.02,0.002,0.0,0,0,AMSGrad,1012,20,5.0,0.0005562400003492319,0.000741272781288706,0.02817851791537009,,
linear_slow,linear,0.02,0.002,0.0,0,0,SGD,1013,20,5.0,0.000402734933286108,0.0004247347125454425,0.022831921247934265,,
linear_slow,linear,0.02,0.002,0.0,0,0,HeavyBall,1013,20,5.0,0.0008536270428849196,0.001033112642015373,0.03485737880716509,,
linear_slow,linear,0.02,0.002,0.0,0,0,Nesterov,1013,20,5.0,0.0005206862965446143,0.0005951227008424333,0.02782863545932601,,
linear_slow,linear,0.02,0.002,0.0,0,0,Adam,1013,20,5.0,0.0012507756239886556,0.0014991738090090001,0.0426508636332695,,
linear_slow,linear,0.02,0.002,0.0,0,0,AMSGrad,1013,20,5.0,0.00037686917978559597,0.0004936016630973144,0.02312775556791989,,
linear_slow,linear,0.02,0.002,0.0,0,0,SGD,1014,20,5.0,0.00035606771921931226,0.0004042892173219051,0.022479702406100626,,
linear_slow,linear,0.02,0.002,0.0,0,0,HeavyBall,1014,20,5.0,0.0009220583049093671,0.0011048343095686614,0.0368823283744354,,
linear_slow,linear,0.02,0.002,0.0,0,0,Nesterov,1014,20,5.0,0.0005513111851165549,0.0006145552856166254,0.02882238820045673,,
linear_slow,linear,0.02,0.002,0.0,0,0,Adam,1014,20,5.0,0.0012301967305652704,0.0014473110246815684,0.04269605317061248,,
linear_slow,linear,0.02,0.002,0.0,0,0,AMSGrad,1014,20,5.0,0.0004282225202852749,0.0005433335741435114,0.02573468192537927,,
linear_slow,linear,0.02,0.002,0.0,0,0,SGD,1015,20,5.0,0.0003835960486129977,0.000404079680764678,0.022408550254550574,,
linear_slow,linear,0.02,0.002,0.0,0,0,HeavyBall,1015,20,5.0,0.0008968785609752886,0.0010974353449428988,0.0367797690105329,,
linear_slow,linear,0.02,0.002,0.0,0,0,Nesterov,1015,20,5.0,0.0005431840642488641,0.0006143497710686158,0.028812733617619657,,
linear_slow,linear,0.02,0.002,0.0,0,0,Adam,1015,20,5.0,0.0012825236655071475,0.0015601770289517087,0.04362544177383932,,
linear_slow,linear,0.02,0.002,0.0,0,0,AMSGrad,1015,20,5.0,0.00039978605578943184,0.0004954047384836416,0.024375794838546346,,
linear_slow,linear,0.02,0.002,0.0,0,0,SGD,1016,20,5.0,0.0004082211575519422,0.00042525133649017765,0.022853218036817502,,
linear_slow,linear,0.02,0.002,0.0,0,0,HeavyBall,1016,20,5.0,0.0007837468754487856,0.0009837356675332183,0.03470015584558073,,
linear_slow,linear,0.02,0.002,0.0,0,0,Nesterov,1016,20,5.0,0.0004859312376839333,0.0005615004948174582,0.02747621608707309,,
linear_slow,linear,0.02,0.002,0.0,0,0,Adam,1016,20,5.0,0.0010966722983046936,0.0013743675365026544,0.041312004023331086,,
linear_slow,linear,0.02,0.002,0.0,0,0,AMSGrad,1016,20,5.0,0.00031466547241921757,0.00037386522944470214,0.02115873023477678,,
linear_slow,linear,0.02,0.002,0.0,0,0,SGD,1017,20,5.0,0.0003809069115252501,0.0004032380999172884,0.02232830082587515,,
linear_slow,linear,0.02,0.002,0.0,0,0,HeavyBall,1017,20,5.0,0.000886140775434007,0.0010871043682142722,0.035488851470893784,,
linear_slow,linear,0.02,0.002,0.0,0,0,Nesterov,1017,20,5.0,0.0005439459777001252,0.0006127208188893859,0.027909792855902935,,
linear_slow,linear,0.02,0.002,0.0,0,0,Adam,1017,20,5.0,0.0011797156431559929,0.0014362527009659728,0.04105559452398386,,
linear_slow,linear,0.02,0.002,0.0,0,0,AMSGrad,1017,20,5.0,0.0005276266110829427,0.0006505198016569535,0.02824628925195578,,
linear_slow,linear,0.02,0.002,0.0,0,0,SGD,1018,20,5.0,0.00039558363895193376,0.00041907150444027826,0.02279143657559516,,
linear_slow,linear,0.02,0.002,0.0,0,0,HeavyBall,1018,20,5.0,0.0008277529417522461,0.0010212508532292082,0.03422795543621241,,
linear_slow,linear,0.02,0.002,0.0,0,0,Nesterov,1018,20,5.0,0.0005119944768333935,0.0005913333888157473,0.02787234791488625,,
linear_slow,linear,0.02,0.002,0.0,0,0,Adam,1018,20,5.0,0.0012045500421477833,0.0014429044009832343,0.04152589872713113,,
linear_slow,linear,0.02,0.002,0.0,0,0,AMSGrad,1018,20,5.0,0.00047615658014943553,0.0006399943795366833,0.02614696530216758,,
linear_slow,linear,0.02,0.002,0.0,0,0,SGD,1019,20,5.0,0.00040110195196617354,0.00041753091881622254,0.022833366764950198,,
linear_slow,linear,0.02,0.002,0.0,0,0,HeavyBall,1019,20,5.0,0.0008195427877401641,0.0010048148459316734,0.035311564820279334,,
linear_slow,linear,0.02,0.002,0.0,0,0,Nesterov,1019,20,5.0,0.0005224283346411348,0.0005932289131262272,0.028841516108558226,,
linear_slow,linear,0.02,0.002,0.0,0,0,Adam,1019,20,5.0,0.0011723891517961035,0.0014342692446118735,0.04151722405664772,,
linear_slow,linear,0.02,0.002,0.0,0,0,AMSGrad,1019,20,5.0,0.0003449277009343879,0.00042184343159628495,0.02255887757612175,,
linear_slow,linear,0.02,0.002,0.0,0,0,SGD,1020,20,5.0,0.0003989641091818901,0.0004217968911515443,0.022525097958005905,,
linear_slow,linear,0.02,0.002,0.0,0,0,HeavyBall,1020,20,5.0,0.000873277046654219,0.0010052087620273115,0.0360522062962964,,
linear_slow,linear,0.02,0.002,0.0,0,0,Nesterov,1020,20,5.0,0.000538231874012815,0.0005890719044199914,0.02832661492244018,,
linear_slow,linear,0.02,0.002,0.0,0,0,Adam,1020,20,5.0,0.0012451322164221885,0.0014724836604548543,0.04305447563947302,,
linear_slow,linear,0.02,0.002,0.0,0,0,AMSGrad,1020,20,5.0,0.0004248465236770363,0.0005476719681717548,0.025113613891880635,,
linear_slow,linear,0.02,0.002,0.0,0,0,SGD,1021,20,5.0,0.0003623686229995107,0.00040038595839466144,0.021520233725192,,
linear_slow,linear,0.02,0.002,0.0,0,0,HeavyBall,1021,20,5.0,0.0007987316232907153,0.0009814545186310692,0.033848903319632334,,
linear_slow,linear,0.02,0.002,0.0,0,0,Nesterov,1021,20,5.0,0.0005071099468784747,0.000581128830616504,0.02806129837795487,,
linear_slow,linear,0.02,0.002,0.0,0,0,Adam,1021,20,5.0,0.0011886965930451993,0.0014577188254547469,0.042005244981527474,,
linear_slow,linear,0.02,0.002,0.0,0,0,AMSGrad,1021,20,5.0,0.00041231755783306873,0.0005294421897853204,0.02494674427486788,,
linear_slow,linear,0.02,0.002,0.0,0,0,SGD,1022,20,5.0,0.00039175064960149874,0.000417819472969403,0.022263498209048358,,
linear_slow,linear,0.02,0.002,0.0,0,0,HeavyBall,1022,20,5.0,0.0008415988600424618,0.0010288219838498743,0.034954849898445765,,
linear_slow,linear,0.02,0.002,0.0,0,0,Nesterov,1022,20,5.0,0.0005169289572635185,0.0005915680270205906,0.027423754871505092,,
linear_slow,linear,0.02,0.002,0.0,0,0,Adam,1022,20,5.0,0.0011755187496169332,0.0014660736559962695,0.040804390362116257,,
linear_slow,linear,0.02,0.002,0.0,0,0,AMSGrad,1022,20,5.0,0.0004413616853474292,0.0005565330852603356,0.024821351521716748,,
linear_slow,linear,0.02,0.002,0.0,0,0,SGD,1023,20,5.0,0.0004265064636568152,0.0004452761617652505,0.023261520224011765,,
linear_slow,linear,0.02,0.002,0.0,0,0,HeavyBall,1023,20,5.0,0.0007669781454029894,0.0009590511610549055,0.03244623686887586,,
linear_slow,linear,0.02,0.002,0.0,0,0,Nesterov,1023,20,5.0,0.00046932959463072703,0.0005500351558050752,0.025974790890665237,,
linear_slow,linear,0.02,0.002,0.0,0,0,Adam,1023,20,5.0,0.0010431065375424843,0.0013040324541022871,0.0383504236507494,,
linear_slow,linear,0.02,0.002,0.0,0,0,AMSGrad,1023,20,5.0,0.0004308700962158503,0.0005640610477808346,0.025177195919433668,,
linear_slow,linear,0.02,0.002,0.0,0,0,SGD,1024,20,5.0,0.0003894547103714309,0.000414298284924174,0.022381288383613574,,
linear_slow,linear,0.02,0.002,0.0,0,0,HeavyBall,1024,20,5.0,0.000807970982860261,0.0010184709656484933,0.03440238792871516,,
linear_slow,linear,0.02,0.002,0.0,0,0,Nesterov,1024,20,5.0,0.0004964249226067914,0.0005813431620118461,0.027482482448793727,,
linear_slow,linear,0.02,0.002,0.0,0,0,Adam,1024,20,5.0,0.0011583582135030056,0.0014349459527316527,0.042630460615972254,,
linear_slow,linear,0.02,0.002,0.0,0,0,AMSGrad,1024,20,5.0,0.0003538217221409725,0.0004625504598163427,0.022722573903733737,,
linear_slow,linear,0.02,0.002,0.0,0,0,SGD,1025,20,5.0,0.0003751130221878529,0.00040751193768555723,0.021783455048537306,,
linear_slow,linear,0.02,0.002,0.0,0,0,HeavyBall,1025,20,5.0,0.0008789581742709921,0.001063837262996879,0.0359780535050924,,
linear_slow,linear,0.02,0.002,0.0,0,0,Nesterov,1025,20,5.0,0.000537934258296394,0.0006060359986886252,0.028381460166468992,,
linear_slow,linear,0.02,0.002,0.0,0,0,Adam,1025,20,5.0,0.0012350682330401477,0.0014794541835976966,0.042782721870469186,,
linear_slow,linear,0.02,0.002,0.0,0,0,AMSGrad,1025,20,5.0,0.00043303971893563485,0.0005499590741556389,0.025235850326533676,,
linear_slow,linear,0.02,0.002,0.0,0,0,SGD,1026,20,5.0,0.000378961653427238,0.00041637649883897684,0.022131041977070637,,
linear_slow,linear,0.02,0.002,0.0,0,0,HeavyBall,1026,20,5.0,0.0009028757609634549,0.0011339830889609704,0.03635118958483755,,
linear_slow,linear,0.02,0.002,0.0,0,0,Nesterov,1026,20,5.0,0.0005192884430486038,0.0006019733664121299,0.027880566072962052,,
linear_slow,linear,0.02,0.002,0.0,0,0,Adam,1026,20,5.0,0.001181906671055342,0.0014777471264825301,0.041602666148745075,,
linear_slow,linear,0.02,0.002,0.0,0,0,AMSGrad,1026,20,5.0,0.00036083584130351275,0.00046467760534667614,0.023219395008708812,,
linear_slow,linear,0.02,0.002,0.0,0,0,SGD,1027,20,5.0,0.00039426959184521025,0.00042907017590970654,0.022715630598587635,,
linear_slow,linear,0.02,0.002,0.0,0,0,HeavyBall,1027,20,5.0,0.0008581556830172119,0.001037708229838032,0.03529872307050975,,
linear_slow,linear,0.02,0.002,0.0,0,0,Nesterov,1027,20,5.0,0.0005247104547414078,0.0005948319243398042,0.027885962546915357,,
linear_slow,linear,0.02,0.002,0.0,0,0,Adam,1027,20,5.0,0.0012114077496357995,0.0014525203186482236,0.04242519029799493,,
linear_slow,linear,0.02,0.002,0.0,0,0,AMSGrad,1027,20,5.0,0.0003929248263276361,0.0004997141019420017,0.023299630542833932,,
linear_slow,linear,0.02,0.002,0.0,0,0,SGD,1028,20,5.0,0.0004296997893303435,0.00044493130878226107,0.024031786050998483,,
linear_slow,linear,0.02,0.002,0.0,0,0,HeavyBall,1028,20,5.0,0.0008298496504237044,0.0010236246980414873,0.036090011617272655,,
linear_slow,linear,0.02,0.002,0.0,0,0,Nesterov,1028,20,5.0,0.000511850305106795,0.000593271219263628,0.028941989740563306,,
linear_slow,linear,0.02,0.002,0.0,0,0,Adam,1028,20,5.0,0.0010727039216971458,0.001341309136212419,0.04078074413728545,,
linear_slow,linear,0.02,0.002,0.0,0,0,AMSGrad,1028,20,5.0,0.00042808464298343756,0.0005431374917665334,0.025496360744844897,,
linear_slow,linear,0.02,0.002,0.0,0,0,SGD,1029,20,5.0,0.0003611013325949725,0.0004035846818640338,0.021450912168093507,,
linear_slow,linear,0.02,0.002,0.0,0,0,HeavyBall,1029,20,5.0,0.0009218801851247061,0.0011343888724061667,0.03626662426713348,,
linear_slow,linear,0.02,0.002,0.0,0,0,Nesterov,1029,20,5.0,0.0005412987262175382,0.0006199228174330868,0.02798827977024631,,
linear_slow,linear,0.02,0.002,0.0,0,0,Adam,1029,20,5.0,0.0012516914720743658,0.0015091156295185442,0.04310449672796341,,
linear_slow,linear,0.02,0.002,0.0,0,0,AMSGrad,1029,20,5.0,0.0004390637444271402,0.0005614150100728501,0.02549923406273322,,
linear_slow,linear,0.02,0.002,0.0,0,0,SGD,1030,20,5.0,0.00038302779749993765,0.00041921479471246635,0.022665732131877257,,
linear_slow,linear,0.02,0.002,0.0,0,0,HeavyBall,1030,20,5.0,0.0008763874010887212,0.0010223919536039168,0.03623082501525321,,
linear_slow,linear,0.02,0.002,0.0,0,0,Nesterov,1030,20,5.0,0.0005540838564184579,0.0006138862033414239,0.029491863048361475,,
linear_slow,linear,0.02,0.002,0.0,0,0,Adam,1030,20,5.0,0.0011951905375627565,0.0014046083946221343,0.04255323417379685,,
linear_slow,linear,0.02,0.002,0.0,0,0,AMSGrad,1030,20,5.0,0.00045575322147521093,0.0005737602768417743,0.025332592355880618,,
linear_fast,linear,0.02,0.02,0.0,0,0,SGD,1001,20,5.0,0.030464184638288358,0.03126546887599371,0.17868649521640134,,
linear_fast,linear,0.02,0.02,0.0,0,0,HeavyBall,1001,20,5.0,0.0012133072667952238,0.0014438819698441535,0.04215759747560782,,
linear_fast,linear,0.02,0.02,0.0,0,0,Nesterov,1001,20,5.0,0.0008527504128307084,0.0009351870807365647,0.03574367490695947,,
linear_fast,linear,0.02,0.02,0.0,0,0,Adam,1001,20,5.0,0.0014468704253639453,0.0016845669256757905,0.0471241867618952,,
linear_fast,linear,0.02,0.02,0.0,0,0,AMSGrad,1001,20,5.0,0.0026099106298988167,0.002757322850275025,0.0562290412913991,,
linear_fast,linear,0.02,0.02,0.0,0,0,SGD,1002,20,5.0,0.030844056284858038,0.031395059610624984,0.17825423616980987,,
linear_fast,linear,0.02,0.02,0.0,0,0,HeavyBall,1002,20,5.0,0.001163628377452317,0.0013233467751943043,0.04247726122025024,,
linear_fast,linear,0.02,0.02,0.0,0,0,Nesterov,1002,20,5.0,0.0008345602812838412,0.0008886773237915328,0.03588003120694496,,
linear_fast,linear,0.02,0.02,0.0,0,0,Adam,1002,20,5.0,0.0012414512853566398,0.0014828803625339592,0.04381305684112579,,
linear_fast,linear,0.02,0.02,0.0,0,0,AMSGrad,1002,20,5.0,0.0030331629041276177,0.003075363235597251,0.06040606478829434,,
linear_fast,linear,0.02,0.02,0.0,0,0,SGD,1003,20,5.0,0.03072935934200574,0.03130138026750171,0.1780108520488329,,
linear_fast,linear,0.02,0.02,0.0,0,0,HeavyBall,1003,20,5.0,0.001225150284640372,0.001394904064225682,0.04252297668751759,,
linear_fast,linear,0.02,0.02,0.0,0,0,Nesterov,1003,20,5.0,0.0008662087292556847,0.0009273593080236772,0.035755490145327876,,
linear_fast,linear,0.02,0.02,0.0,0,0,Adam,1003,20,5.0,0.0014410252140063767,0.0016788606304330455,0.04609237580853253,,
linear_fast,linear,0.02,0.02,0.0,0,0,AMSGrad,1003,20,5.0,0.0024295580029418122,0.0025881375539342456,0.054414246878903755,,
linear_fast,linear,0.02,0.02,0.0,0,0,SGD,1004,20,5.0,0.030394187366463092,0.031008636124859112,0.17769266849136375,,
linear_fast,linear,0.02,0.02,0.0,0,0,HeavyBall,1004,20,5.0,0.001145276894653114,0.0013380206063369415,0.04073332432191273,,
linear_fast,linear,0.02,0.02,0.0,0,0,Nesterov,1004,20,5.0,0.0008178973196899987,0.0008963345221725882,0.034955636550141396,,
linear_fast,linear,0.02,0.02,0.0,0,0,Adam,1004,20,5.0,0.0013465272460248018,0.0016040360993141562,0.04551405387618419,,
linear_fast,linear,0.02,0.02,0.0,0,0,AMSGrad,1004,20,5.0,0.0017879159126035302,0.002029096508832417,0.047946600728030996,,
linear_fast,linear,0.02,0.02,0.0,0,0,SGD,1005,20,5.0,0.030516781961946085,0.03136588161622873,0.1772686425636852,,
linear_fast,linear,0.02,0.02,0.0,0,0,HeavyBall,1005,20,5.0,0.0011356344490678683,0.0013063200179352463,0.0394709924238595,,
linear_fast,linear,0.02,0.02,0.0,0,0,Nesterov,1005,20,5.0,0.0008230602505771934,0.0009029875204297011,0.03404970495362743,,
linear_fast,linear,0.02,0.02,0.0,0,0,Adam,1005,20,5.0,0.0012837992540145585,0.001520268362470899,0.04287634834401772,,
linear_fast,linear,0.02,0.02,0.0,0,0,AMSGrad,1005,20,5.0,0.0023488689228194025,0.002691340749560307,0.05283342303694527,,
linear_fast,linear,0.02,0.02,0.0,0,0,SGD,1006,20,5.0,0.030681698546157214,0.0312864718591183,0.17786885660143784,,
linear_fast,linear,0.02,0.02,0.0,0,0,HeavyBall,1006,20,5.0,0.0012305311293684309,0.0014140300228933029,0.04076843544507777,,
linear_fast,linear,0.02,0.02,0.0,0,0,Nesterov,1006,20,5.0,0.0008618485153205693,0.0009266416190280354,0.03463107523817177,,
linear_fast,linear,0.02,0.02,0.0,0,0,Adam,1006,20,5.0,0.0014184256593887735,0.001659338620118852,0.0446860085067322,,
linear_fast,linear,0.02,0.02,0.0,0,0,AMSGrad,1006,20,5.0,0.0016391951642271416,0.0017710559994102426,0.04621758548946095,,
linear_fast,linear,0.02,0.02,0.0,0,0,SGD,1007,20,5.0,0.030471340500451687,0.031163860836637535,0.17800454073568273,,
linear_fast,linear,0.02,0.02,0.0,0,0,HeavyBall,1007,20,5.0,0.0011502979041259139,0.0013759050666002479,0.04153470448341681,,
linear_fast,linear,0.02,0.02,0.0,0,0,Nesterov,1007,20,5.0,0.0008183506976979002,0.0009001309959158221,0.034856595857954434,,
linear_fast,linear,0.02,0.02,0.0,0,0,Adam,1007,20,5.0,0.0013303142011818355,0.0016044694545803986,0.04467451307754663,,
linear_fast,linear,0.02,0.02,0.0,0,0,AMSGrad,1007,20,5.0,0.0026006817328029373,0.002600598703135879,0.05716189750927649,,
linear_fast,linear,0.02,0.02,0.0,0,0,SGD,1008,20,5.0,0.03046427395728011,0.03125721560187082,0.1781126983221708,,
linear_fast,linear,0.02,0.02,0.0,0,0,HeavyBall,1008,20,5.0,0.0011800646579713176,0.001390230087728196,0.04149206301195361,,
linear_fast,linear,0.02,0.02,0.0,0,0,Nesterov,1008,20,5.0,0.0008338805069103658,0.0009217819420423508,0.03543745703242918,,
linear_fast,linear,0.02,0.02,0.0,0,0,Adam,1008,20,5.0,0.0013552596678765693,0.0016323203989472258,0.044405120594549104,,
linear_fast,linear,0.02,0.02,0.0,0,0,AMSGrad,1008,20,5.0,0.003092619880809153,0.003240311580971398,0.06081913622514012,,
linear_fast,linear,0.02,0.02,0.0,0,0,SGD,1009,20,5.0,0.0302822424888771,0.031025753883813866,0.17670785987620585,,
linear_fast,linear,0.02,0.02,0.0,0,0,HeavyBall,1009,20,5.0,0.0010985625961116802,0.0013352157626648326,0.0392795630896852,,
linear_fast,linear,0.02,0.02,0.0,0,0,Nesterov,1009,20,5.0,0.000771692046016942,0.0008730592472806642,0.03316368661778809,,
linear_fast,linear,0.02,0.02,0.0,0,0,Adam,1009,20,5.0,0.001267517722181625,0.0015769095806192517,0.04219740083742191,,
linear_fast,linear,0.02,0.02,0.0,0,0,AMSGrad,1009,20,5.0,0.0030224068025317572,0.0032980571968853666,0.059825768813180455,,
linear_fast,linear,0.02,0.02,0.0,0,0,SGD,1010,20,5.0,0.03050899636356439,0.03129237288353015,0.17734739275684627,,
linear_fast,linear,0.02,0.02,0.0,0,0,HeavyBall,1010,20,5.0,0.0012401308839067914,0.0014625987217863085,0.04293142041363724,,
linear_fast,linear,0.02,0.02,0.0,0,0,Nesterov,1010,20,5.0,0.0008618397539521376,0.0009380769703839626,0.03558984857846442,,
linear_fast,linear,0.02,0.02,0.0,0,0,Adam,1010,20,5.0,0.001462961527301461,0.0017395289436063649,0.046471188124204275,,
linear_fast,linear,0.02,0.02,0.0,0,0,AMSGrad,1010,20,5.0,0.0014619916715318173,0.001769913716430605,0.043350327728079556,,
linear_fast,linear,0.02,0.02,0.0,0,0,SGD,1011,20,5.0,0.030589074869401333,0.031300527467856436,0.17805385219777017,,
linear_fast,linear,0.02,0.02,0.0,0,0,HeavyBall,1011,20,5.0,0.001145896217720062,0.0013582799230780805,0.04089870072613251,,
linear_fast,linear,0.02,0.02,0.0,0,0,Nesterov,1011,20,5.0,0.0008215145201085161,0.0008962641355821177,0.035126313779660356,,
linear_fast,linear,0.02,0.02,0.0,0,0,Adam,1011,20,5.0,0.0013336682627580932,0.001569117441247182,0.04331800706988312,,
linear_fast,linear,0.02,0.02,0.0,0,0,AMSGrad,1011,20,5.0,0.0020985995264520122,0.0023385728516322,0.05138687450730397,,
linear_fast,linear,0.02,0.02,0.0,0,0,SGD,1012,20,5.0,0.030201779225311573,0.03113483033113212,0.17715626190050313,,
linear_fast,linear,0.02,0.02,0.0,0,0,HeavyBall,1012,20,5.0,0.0012037120660409696,0.0014012322921565568,0.041346251824035965,,
linear_fast,linear,0.02,0.02,0.0,0,0,Nesterov,1012,20,5.0,0.0008461878715208238,0.0009270583460730145,0.0357778182936769,,
linear_fast,linear,0.02,0.02,0.0,0,0,Adam,1012,20,5.0,0.0013906099896131585,0.0016251673019840895,0.04562879031818674,,
linear_fast,linear,0.02,0.02,0.0,0,0,AMSGrad,1012,20,5.0,0.0024812135252999428,0.002455449659520833,0.05816874817806463,,
linear_fast,linear,0.02,0.02,0.0,0,0,SGD,1013,20,5.0,0.03040913914930128,0.031129745844507263,0.1771096251294824,,
linear_fast,linear,0.02,0.02,0.0,0,0,HeavyBall,1013,20,5.0,0.0011164734129233671,0.0013130675869526614,0.040200634828129515,,
linear_fast,linear,0.02,0.02,0.0,0,0,Nesterov,1013,20,5.0,0.0008086442854918987,0.0008848907133755634,0.03435639060129032,,
linear_fast,linear,0.02,0.02,0.0,0,0,Adam,1013,20,5.0,0.0013396011889683806,0.0016265200248294504,0.043878229020615965,,
linear_fast,linear,0.02,0.02,0.0,0,0,AMSGrad,1013,20,5.0,0.0020912092239619277,0.002422913967386509,0.050091589350678326,,
linear_fast,linear,0.02,0.02,0.0,0,0,SGD,1014,20,5.0,0.030299965035733133,0.03096724415427291,0.17707076536839636,,
linear_fast,linear,0.02,0.02,0.0,0,0,HeavyBall,1014,20,5.0,0.0011830031675891459,0.0013906123145307275,0.04178085917807311,,
linear_fast,linear,0.02,0.02,0.0,0,0,Nesterov,1014,20,5.0,0.0008231469624436068,0.000893980036959465,0.03521663778601453,,
linear_fast,linear,0.02,0.02,0.0,0,0,Adam,1014,20,5.0,0.0014234967814981813,0.001672890912393058,0.044904915268261104,,
linear_fast,linear,0.02,0.02,0.0,0,0,AMSGrad,1014,20,5.0,0.0021196115005983865,0.002292738907972437,0.0529194385894137,,
linear_fast,linear,0.02,0.02,0.0,0,0,SGD,1015,20,5.0,0.03062012162383445,0.03134741568059871,0.17760349571833606,,
linear_fast,linear,0.02,0.02,0.0,0,0,HeavyBall,1015,20,5.0,0.0011478658112294155,0.001344806474655278,0.04123560427756654,,
linear_fast,linear,0.02,0.02,0.0,0,0,Nesterov,1015,20,5.0,0.0008273484295870631,0.0009004307402207001,0.03531580125881288,,
linear_fast,linear,0.02,0.02,0.0,0,0,Adam,1015,20,5.0,0.0012968359444793542,0.0015481563715955046,0.04539270128016274,,
linear_fast,linear,0.02,0.02,0.0,0,0,AMSGrad,1015,20,5.0,0.0016947914566154839,0.0019883714339998227,0.04556996884540763,,
linear_fast,linear,0.02,0.02,0.0,0,0,SGD,1016,20,5.0,0.03105058237766948,0.03165270828712695,0.17999662653397994,,
linear_fast,linear,0.02,0.02,0.0,0,0,HeavyBall,1016,20,5.0,0.0012601885755410141,0.0014285111717601317,0.043578262116836866,,
linear_fast,linear,0.02,0.02,0.0,0,0,Nesterov,1016,20,5.0,0.0009019300613008009,0.0009600483292441596,0.03757390561329304,,
linear_fast,linear,0.02,0.02,0.0,0,0,Adam,1016,20,5.0,0.001479482885992562,0.0017245724240401062,0.04733432735109876,,
linear_fast,linear,0.02,0.02,0.0,0,0,AMSGrad,1016,20,5.0,0.0025976528488553517,0.002808819911981669,0.05783172182432145,,
linear_fast,linear,0.02,0.02,0.0,0,0,SGD,1017,20,5.0,0.02984131722058417,0.030818587275133348,0.17533575365113102,,
linear_fast,linear,0.02,0.02,0.0,0,0,HeavyBall,1017,20,5.0,0.001081980473490862,0.0012992373052596268,0.04064996550104044,,
linear_fast,linear,0.02,0.02,0.0,0,0,Nesterov,1017,20,5.0,0.0007550747487958243,0.000861805796848464,0.03365918324042347,,
linear_fast,linear,0.02,0.02,0.0,0,0,Adam,1017,20,5.0,0.0012871336105249537,0.0015549151561488912,0.043385545750123204,,
linear_fast,linear,0.02,0.02,0.0,0,0,AMSGrad,1017,20,5.0,0.0027485297377531,0.0030726898474338704,0.05734502192838476,,
linear_fast,linear,0.02,0.02,0.0,0,0,SGD,1018,20,5.0,0.030798054508912157,0.03155789528105765,0.1783024560880017,,
linear_fast,linear,0.02,0.02,0.0,0,0,HeavyBall,1018,20,5.0,0.0011092510167208653,0.001294347435195135,0.040552922731174945,,
linear_fast,linear,0.02,0.02,0.0,0,0,Nesterov,1018,20,5.0,0.0008047373606100614,0.0008868407198303223,0.03473289897751588,,
linear_fast,linear,0.02,0.02,0.0,0,0,Adam,1018,20,5.0,0.0012211406209141323,0.0014657936098759383,0.04264816649027738,,
linear_fast,linear,0.02,0.02,0.0,0,0,AMSGrad,1018,20,5.0,0.002073901956723515,0.0024401011460836457,0.050969023293015565,,
linear_fast,linear,0.02,0.02,0.0,0,0,SGD,1019,20,5.0,0.030468264247005165,0.03100203898760539,0.1776311753493312,,
linear_fast,linear,0.02,0.02,0.0,0,0,HeavyBall,1019,20,5.0,0.0010734875209139428,0.0012651436698383187,0.04025987784581182,,
linear_fast,linear,0.02,0.02,0.0,0,0,Nesterov,1019,20,5.0,0.0007896313643145699,0.0008632643987287039,0.03364162784004578,,
linear_fast,linear,0.02,0.02,0.0,0,0,Adam,1019,20,5.0,0.0012686428125396182,0.0015507139108749091,0.04321018866733954,,
linear_fast,linear,0.02,0.02,0.0,0,0,AMSGrad,1019,20,5.0,0.0025668622235231913,0.0026642752150488535,0.056016588229474765,,
linear_fast,linear,0.02,0.02,0.0,0,0,SGD,1020,20,5.0,0.03037414875977405,0.031090720069721273,0.17721375502041595,,
linear_fast,linear,0.02,0.02,0.0,0,0,HeavyBall,1020,20,5.0,0.001121234034508297,0.0013379010738719486,0.04046225102692148,,
linear_fast,linear,0.02,0.02,0.0,0,0,Nesterov,1020,20,5.0,0.0007822068647013058,0.0008669086174275173,0.033955849884879735,,
linear_fast,linear,0.02,0.02,0.0,0,0,Adam,1020,20,5.0,0.0013177452810062518,0.0015791271911292295,0.044147320622343174,,
linear_fast,linear,0.02,0.02,0.0,0,0,AMSGrad,1020,20,5.0,0.0023109335965493453,0.0022692788898696736,0.053824771252258645,,
linear_fast,linear,0.02,0.02,0.0,0,0,SGD,1021,20,5.0,0.030490753606596015,0.031153630269762544,0.1783180415849571,,
linear_fast,linear,0.02,0.02,0.0,0,0,HeavyBall,1021,20,5.0,0.0011836094152265614,0.0013660732447668348,0.04073583846586694,,
linear_fast,linear,0.02,0.02,0.0,0,0,Nesterov,1021,20,5.0,0.0008297325027901498,0.0009016166494308866,0.03432834755880368,,
linear_fast,linear,0.02,0.02,0.0,0,0,Adam,1021,20,5.0,0.0013689926917984116,0.001638817131213362,0.04459643238099994,,
linear_fast,linear,0.02,0.02,0.0,0,0,AMSGrad,1021,20,5.0,0.003258763066952067,0.0033892910617408355,0.06300525104190008,,
linear_fast,linear,0.02,0.02,0.0,0,0,SGD,1022,20,5.0,0.03035798507365095,0.031151625572328506,0.1770498949340152,,
linear_fast,linear,0.02,0.02,0.0,0,0,HeavyBall,1022,20,5.0,0.0011483812033391072,0.0013340330050869295,0.042222716303757075,,
linear_fast,linear,0.02,0.02,0.0,0,0,Nesterov,1022,20,5.0,0.0008184840975091587,0.0008964709150663401,0.03470666243520851,,
linear_fast,linear,0.02,0.02,0.0,0,0,Adam,1022,20,5.0,0.0013856732529111526,0.0016568676448666408,0.04533143851707414,,
linear_fast,linear,0.02,0.02,0.0,0,0,AMSGrad,1022,20,5.0,0.0027772738379309085,0.0029414867182914624,0.05835700569948517,,
linear_fast,linear,0.02,0.02,0.0,0,0,SGD,1023,20,5.0,0.03050032992926788,0.03134345344718823,0.17709915141512472,,
linear_fast,linear,0.02,0.02,0.0,0,0,HeavyBall,1023,20,5.0,0.0012430494408663647,0.0014066940472984945,0.04187115911858025,,
linear_fast,linear,0.02,0.02,0.0,0,0,Nesterov,1023,20,5.0,0.0008779600547902419,0.0009452884469978406,0.0362235895367517,,
linear_fast,linear,0.02,0.02,0.0,0,0,Adam,1023,20,5.0,0.001468155969832099,0.0016722769921157501,0.04603254673322207,,
linear_fast,linear,0.02,0.02,0.0,0,0,AMSGrad,1023,20,5.0,0.0030657653989168802,0.003315386623923963,0.061416715746150714,,
linear_fast,linear,0.02,0.02,0.0,0,0,SGD,1024,20,5.0,0.030878173001852395,0.031606423737105496,0.17870907301581732,,
linear_fast,linear,0.02,0.02,0.0,0,0,HeavyBall,1024,20,5.0,0.001190503825535183,0.00142573591138487,0.04057795535977681,,
linear_fast,linear,0.02,0.02,0.0,0,0,Nesterov,1024,20,5.0,0.0008542557596783414,0.0009473591480204317,0.03504888883651799,,
linear_fast,linear,0.02,0.02,0.0,0,0,Adam,1024,20,5.0,0.0013238493388734735,0.0016252341239504037,0.043685372909595815,,
linear_fast,linear,0.02,0.02,0.0,0,0,AMSGrad,1024,20,5.0,0.0027071686140275396,0.002948303306756046,0.057738597571653734,,
linear_fast,linear,0.02,0.02,0.0,0,0,SGD,1025,20,5.0,0.030588157270599377,0.031337018354031396,0.17831117394460994,,
linear_fast,linear,0.02,0.02,0.0,0,0,HeavyBall,1025,20,5.0,0.0011528165445373404,0.0013346241989628832,0.04072281115694833,,
linear_fast,linear,0.02,0.02,0.0,0,0,Nesterov,1025,20,5.0,0.0008467144926419102,0.0009299145139949561,0.034877434610670784,,
linear_fast,linear,0.02,0.02,0.0,0,0,Adam,1025,20,5.0,0.0014459057764989725,0.0017099530959362272,0.04638026237127066,,
linear_fast,linear,0.02,0.02,0.0,0,0,AMSGrad,1025,20,5.0,0.003730279991936569,0.003967216204712428,0.0662793818003969,,
linear_fast,linear,0.02,0.02,0.0,0,0,SGD,1026,20,5.0,0.030675689251245468,0.03146674395346182,0.17795521851030469,,
linear_fast,linear,0.02,0.02,0.0,0,0,HeavyBall,1026,20,5.0,0.0010951374109404457,0.0012650267404919829,0.04026296808540481,,
linear_fast,linear,0.02,0.02,0.0,0,0,Nesterov,1026,20,5.0,0.0008160469721356085,0.000894197619894404,0.035244806086889076,,
linear_fast,linear,0.02,0.02,0.0,0,0,Adam,1026,20,5.0,0.0013001547061354459,0.0015153364793257863,0.044055758853438154,,
linear_fast,linear,0.02,0.02,0.0,0,0,AMSGrad,1026,20,5.0,0.0026262368489631473,0.0028944376541833183,0.05663353582660558,,
linear_fast,linear,0.02,0.02,0.0,0,0,SGD,1027,20,5.0,0.030727368100241535,0.03150105595061604,0.1781602547871092,,
linear_fast,linear,0.02,0.02,0.0,0,0,HeavyBall,1027,20,5.0,0.0012041824190806368,0.0013928988001412246,0.042249859543407146,,
linear_fast,linear,0.02,0.02,0.0,0,0,Nesterov,1027,20,5.0,0.000866212342287807,0.000943899463943122,0.036551688082181705,,
linear_fast,linear,0.02,0.02,0.0,0,0,Adam,1027,20,5.0,0.0014363245948055203,0.0017006088516533199,0.045821852074336575,,
linear_fast,linear,0.02,0.02,0.0,0,0,AMSGrad,1027,20,5.0,0.002768970000139653,0.002828501151079588,0.05928731155550753,,
linear_fast,linear,0.02,0.02,0.0,0,0,SGD,1028,20,5.0,0.03085408528598399,0.03150721851523837,0.1788759605095638,,
linear_fast,linear,0.02,0.02,0.0,0,0,HeavyBall,1028,20,5.0,0.0011405095195249706,0.0013274922121301223,0.03968559086641766,,
linear_fast,linear,0.02,0.02,0.0,0,0,Nesterov,1028,20,5.0,0.000829982474930065,0.0008937140335748035,0.034124672324512766,,
linear_fast,linear,0.02,0.02,0.0,0,0,Adam,1028,20,5.0,0.0012981638697086156,0.0015275460650618158,0.04356287866370263,,
linear_fast,linear,0.02,0.02,0.0,0,0,AMSGrad,1028,20,5.0,0.0031226608149436024,0.0030540576974043576,0.06207008299295044,,
linear_fast,linear,0.02,0.02,0.0,0,0,SGD,1029,20,5.0,0.030133845836062233,0.030961444534327448,0.17687543976075956,,
linear_fast,linear,0.02,0.02,0.0,0,0,HeavyBall,1029,20,5.0,0.0010879232826432404,0.001298022559468352,0.03841968367581837,,
linear_fast,linear,0.02,0.02,0.0,0,0,Nesterov,1029,20,5.0,0.0007806276591890268,0.0008612422161551297,0.03322681622062496,,
linear_fast,linear,0.02,0.02,0.0,0,0,Adam,1029,20,5.0,0.0012257842794408628,0.0014591199518741267,0.04175050265149012,,
linear_fast,linear,0.02,0.02,0.0,0,0,AMSGrad,1029,20,5.0,0.0024966010688190297,0.0027902055794694837,0.05547523029347404,,
linear_fast,linear,0.02,0.02,0.0,0,0,SGD,1030,20,5.0,0.030692201499197935,0.03131887806942208,0.17851982644535533,,
linear_fast,linear,0.02,0.02,0.0,0,0,HeavyBall,1030,20,5.0,0.0011739801313746165,0.0014011033819727786,0.040833274064148904,,
linear_fast,linear,0.02,0.02,0.0,0,0,Nesterov,1030,20,5.0,0.0008327524253211371,0.000922388811794092,0.03475461166248351,,
linear_fast,linear,0.02,0.02,0.0,0,0,Adam,1030,20,5.0,0.0013660590728640438,0.0016536639417963875,0.0442474158085033,,
linear_fast,linear,0.02,0.02,0.0,0,0,AMSGrad,1030,20,5.0,0.003532180814193341,0.0034589267974344784,0.06500315127463167,,
cyclic_fast,cyclic,0.02,0.0,1.0,50,0,SGD,1001,20,5.0,0.2330021224552171,0.3029159937321014,0.6578761352941134,6.0,
cyclic_fast,cyclic,0.02,0.0,1.0,50,0,HeavyBall,1001,20,5.0,0.022034990073075866,0.02116559958271326,0.2059410903208635,1.0,
cyclic_fast,cyclic,0.02,0.0,1.0,50,0,Nesterov,1001,20,5.0,0.019889164334570174,0.019242209860478518,0.19449242354610352,1.0,
cyclic_fast,cyclic,0.02,0.0,1.0,50,0,Adam,1001,20,5.0,0.8996930212105129,1.4610276506808004,1.291156528340389,16.0,
cyclic_fast,cyclic,0.02,0.0,1.0,50,0,AMSGrad,1001,20,5.0,0.9016675378376959,1.4219916392116192,1.2490691056409589,12.0,
cyclic_fast,cyclic,0.02,0.0,1.0,50,0,SGD,1002,20,5.0,0.23380546809776376,0.30407180926903177,0.6583191383378737,6.0,
cyclic_fast,cyclic,0.02,0.0,1.0,50,0,HeavyBall,1002,20,5.0,0.021894748138843748,0.021211002843342115,0.2047090729116151,1.0,
cyclic_fast,cyclic,0.02,0.0,1.0,50,0,Nesterov,1002,20,5.0,0.01983031704141317,0.019371662059647684,0.19495446346552237,1.0,
cyclic_fast,cyclic,0.02,0.0,1.0,50,0,Adam,1002,20,5.0,0.9003642790059849,1.4626222505034143,1.2913116346494922,16.0,
cyclic_fast,cyclic,0.02,0.0,1.0,50,0,AMSGrad,1002,20,5.0,0.8437292347566644,1.3060785221114093,1.2412331518303235,12.0,
cyclic_fast,cyclic,0.02,0.0,1.0,50,0,SGD,1003,20,5.0,0.23322426850679875,0.3034902886374828,0.6573570788479494,6.0,
cyclic_fast,cyclic,0.02,0.0,1.0,50,0,HeavyBall,1003,20,5.0,0.021812637247905303,0.0211796844488297,0.202364736911883,1.0,
cyclic_fast,cyclic,0.02,0.0,1.0,50,0,Nesterov,1003,20,5.0,0.019686925691090866,0.019278759549658832,0.19335381319700803,1.0,
cyclic_fast,cyclic,0.02,0.0,1.0,50,0,Adam,1003,20,5.0,0.9010946857064005,1.4635456240948264,1.291853589906433,16.0,
cyclic_fast,cyclic,0.02,0.0,1.0,50,0,AMSGrad,1003,20,5.0,0.9266047704546135,1.40173387286912,1.298919939177587,12.0,
cyclic_fast,cyclic,0.02,0.0,1.0,50,0,SGD,1004,20,5.0,0.23288017710789233,0.3026228437739639,0.6571272553025967,6.0,
cyclic_fast,cyclic,0.02,0.0,1.0,50,0,HeavyBall,1004,20,5.0,0.021728255345522664,0.02089685714315375,0.2042420969738035,1.0,
cyclic_fast,cyclic,0.02,0.0,1.0,50,0,Nesterov,1004,20,5.0,0.019696841748241444,0.019087832358667157,0.19387920836996977,1.0,
cyclic_fast,cyclic,0.02,0.0,1.0,50,0,Adam,1004,20,5.0,0.8991229910009162,1.4604014703549308,1.2886379910708887,16.0,
cyclic_fast,cyclic,0.02,0.0,1.0,50,0,AMSGrad,1004,20,5.0,0.9289836386188387,1.482061883616464,1.285798000075069,13.0,
cyclic_fast,cyclic,0.02,0.0,1.0,50,0,SGD,1005,20,5.0,0.23348467618575355,0.3035780349571238,0.6581840974531797,6.0,
cyclic_fast,cyclic,0.02,0.0,1.0,50,0,HeavyBall,1005,20,5.0,0.022099076057569052,0.021306686858337427,0.20302330182754144,1.0,
cyclic_fast,cyclic,0.02,0.0,1.0,50,0,Nesterov,1005,20,5.0,0.02001510222817606,0.019450309326200375,0.19338062826122068,1.0,
cyclic_fast,cyclic,0.02,0.0,1.0,50,0,Adam,1005,20,5.0,0.8999829895808628,1.4612379901043846,1.291937600810564,16.0,
cyclic_fast,cyclic,0.02,0.0,1.0,50,0,AMSGrad,1005,20,5.0,0.9327304882812577,1.4809544290718923,1.3012582188558548,13.0,
cyclic_fast,cyclic,0.02,0.0,1.0,50,0,SGD,1006,20,5.0,0.23319849334091267,0.3033579782529652,0.6583413411771166,6.0,
cyclic_fast,cyclic,0.02,0.0,1.0,50,0,HeavyBall,1006,20,5.0,0.02187744914953057,0.0211944395103916,0.20406352087968638,1.0,
cyclic_fast,cyclic,0.02,0.0,1.0,50,0,Nesterov,1006,20,5.0,0.019712600043735876,0.01925878433503414,0.19251978584980925,1.0,
cyclic_fast,cyclic,0.02,0.0,1.0,50,0,Adam,1006,20,5.0,0.8998863394233194,1.4615071168587341,1.2913727062644318,16.0,
cyclic_fast,cyclic,0.02,0.0,1.0,50,0,AMSGrad,1006,20,5.0,0.8996531559034139,1.435713227026301,1.2911363324416059,13.0,
cyclic_fast,cyclic,0.02,0.0,1.0,50,0,SGD,1007,20,5.0,0.23384385362707566,0.303739211011193,0.6585087968309389,6.0,
cyclic_fast,cyclic,0.02,0.0,1.0,50,0,HeavyBall,1007,20,5.0,0.022130053706029554,0.021319189271174252,0.2055515378580276,1.0,
cyclic_fast,cyclic,0.02,0.0,1.0,50,0,Nesterov,1007,20,5.0,0.020010867891851646,0.01942649872753979,0.19487150079969856,1.0,
cyclic_fast,cyclic,0.02,0.0,1.0,50,0,Adam,1007,20,5.0,0.9002531209987837,1.4614563988692029,1.2914153409188776,16.0,
cyclic_fast,cyclic,0.02,0.0,1.0,50,0,AMSGrad,1007,20,5.0,0.9120207499748063,1.4486566576867843,1.2873801560786007,13.0,
cyclic_fast,cyclic,0.02,0.0,1.0,50,0,SGD,1008,20,5.0,0.23347019896038376,0.30367725341349455,0.6575813555999597,6.0,
cyclic_fast,cyclic,0.02,0.0,1.0,50,0,HeavyBall,1008,20,5.0,0.021834864914339048,0.021090695640738247,0.20400575495465548,1.0,
cyclic_fast,cyclic,0.02,0.0,1.0,50,0,Nesterov,1008,20,5.0,0.019762225129399215,0.019252702886780573,0.19487220082859968,1.0,
cyclic_fast,cyclic,0.02,0.0,1.0,50,0,Adam,1008,20,5.0,0.9001976449721272,1.4625584811275139,1.2899797255874712,16.0,
cyclic_fast,cyclic,0.02,0.0,1.0,50,0,AMSGrad,1008,20,5.0,0.9064863063695557,1.4471177048322181,1.2859782371153368,12.0,
cyclic_fast,cyclic,0.02,0.0,1.0,50,0,SGD,1009,20,5.0,0.23317285052781372,0.30296931686662376,0.6578842514466544,6.0,
cyclic_fast,cyclic,0.02,0.0,1.0,50,0,HeavyBall,1009,20,5.0,0.022031001365586354,0.021153460799550505,0.20678161898742514,1.0,
cyclic_fast,cyclic,0.02,0.0,1.0,50,0,Nesterov,1009,20,5.0,0.019874087398415077,0.01922549294843146,0.19430370148718806,1.0,
cyclic_fast,cyclic,0.02,0.0,1.0,50,0,Adam,1009,20,5.0,0.8990653002711096,1.460233401497283,1.2899424854116688,16.0,
cyclic_fast,cyclic,0.02,0.0,1.0,50,0,AMSGrad,1009,20,5.0,0.8877970898553041,1.3612491229432842,1.2282473029378935,11.0,
cyclic_fast,cyclic,0.02,0.0,1.0,50,0,SGD,1010,20,5.0,0.23321882068056474,0.3030770044230735,0.6586215724079879,6.0,
cyclic_fast,cyclic,0.02,0.0,1.0,50,0,HeavyBall,1010,20,5.0,0.021899285524543333,0.021201619542441243,0.20466470213115776,1.0,
cyclic_fast,cyclic,0.02,0.0,1.0,50,0,Nesterov,1010,20,5.0,0.019804155779721607,0.019284836596111105,0.19278665410290882,1.0,
cyclic_fast,cyclic,0.02,0.0,1.0,50,0,Adam,1010,20,5.0,0.90081510263876,1.4626292050699743,1.2923242524477265,16.0,
cyclic_fast,cyclic,0.02,0.0,1.0,50,0,AMSGrad,1010,20,5.0,0.939715385490566,1.3597068311606477,1.3118320725908785,13.0,
cyclic_fast,cyclic,0.02,0.0,1.0,50,0,SGD,1011,20,5.0,0.23268382929588924,0.3029259302495097,0.6563768229660087,6.0,
cyclic_fast,cyclic,0.02,0.0,1.0,50,0,HeavyBall,1011,20,5.0,0.0219264371888253,0.021268411330454314,0.20274104108171426,1.0,
cyclic_fast,cyclic,0.02,0.0,1.0,50,0,Nesterov,1011,20,5.0,0.01972523892078772,0.019282530996360684,0.19341791692502913,1.0,
cyclic_fast,cyclic,0.02,0.0,1.0,50,0,Adam,1011,20,5.0,0.9000292414655656,1.4619621372554734,1.2907889992068775,16.0,
cyclic_fast,cyclic,0.02,0.0,1.0,50,0,AMSGrad,1011,20,5.0,0.8782876327741969,1.341496870116049,1.2407028517009717,12.0,
cyclic_fast,cyclic,0.02,0.0,1.0,50,0,SGD,1012,20,5.0,0.23351690324700464,0.3036856409300879,0.658302632981665,6.0,
cyclic_fast,cyclic,0.02,0.0,1.0,50,0,HeavyBall,1012,20,5.0,0.022341225420546108,0.021465111357598633,0.20807082290401654,1.0,
cyclic_fast,cyclic,0.02,0.0,1.0,50,0,Nesterov,1012,20,5.0,0.020140416936707872,0.01952134064945048,0.19765329701523565,1.0,
cyclic_fast,cyclic,0.02,0.0,1.0,50,0,Adam,1012,20,5.0,0.9000775369161641,1.4609093052613604,1.2921374363737332,16.0,
cyclic_fast,cyclic,0.02,0.0,1.0,50,0,AMSGrad,1012,20,5.0,0.9128500709530343,1.4801880028718415,1.2921313275102728,13.0,
cyclic_fast,cyclic,0.02,0.0,1.0,50,0,SGD,1013,20,5.0,0.23337580846984587,0.3034116008117683,0.6576930772843409,6.0,
cyclic_fast,cyclic,0.02,0.0,1.0,50,0,HeavyBall,1013,20,5.0,0.022002848165168568,0.021117782019553832,0.205226705006081,1.0,
cyclic_fast,cyclic,0.02,0.0,1.0,50,0,Nesterov,1013,20,5.0,0.01988243024062602,0.019243081788133217,0.1953959601146358,1.0,
cyclic_fast,cyclic,0.02,0.0,1.0,50,0,Adam,1013,20,5.0,0.9001538956721213,1.4617847034890488,1.2913825728951924,16.0,
cyclic_fast,cyclic,0.02,0.0,1.0,50,0,AMSGrad,1013,20,5.0,0.924198036948098,1.3620450738806538,1.2882792904225489,13.0,
cyclic_fast,cyclic,0.02,0.0,1.0,50,0,SGD,1014,20,5.0,0.23326681014666362,0.3032191221925399,0.6571892281507401,6.0,
cyclic_fast,cyclic,0.02,0.0,1.0,50,0,HeavyBall,1014,20,5.0,0.021941931664821137,0.021185535540266746,0.20473608991438347,1.0,
cyclic_fast,cyclic,0.02,0.0,1.0,50,0,Nesterov,1014,20,5.0,0.0198416921629149,0.01930740646127206,0.1955031251132216,1.0,
cyclic_fast,cyclic,0.02,0.0,1.0,50,0,Adam,1014,20,5.0,0.9004624860403458,1.4618333466092361,1.292325961997758,16.0,
cyclic_fast,cyclic,0.02,0.0,1.0,50,0,AMSGrad,1014,20,5.0,0.9257242184713479,1.4759998765186637,1.2776718114392778,13.0,
cyclic_fast,cyclic,0.02,0.0,1.0,50,0,SGD,1015,20,5.0,0.23342833293810564,0.30331717941501146,0.6585627335988086,6.0,
cyclic_fast,cyclic,0.02,0.0,1.0,50,0,HeavyBall,1015,20,5.0,0.022293360331423814,0.021345121119921363,0.20344097255053073,1.0,
cyclic_fast,cyclic,0.02,0.0,1.0,50,0,Nesterov,1015,20,5.0,0.02012254762939885,0.01941797102882693,0.19511938200102752,1.0,
cyclic_fast,cyclic,0.02,0.0,1.0,50,0,Adam,1015,20,5.0,0.8993674386508985,1.4600251027331945,1.2912171899339655,16.0,
cyclic_fast,cyclic,0.02,0.0,1.0,50,0,AMSGrad,1015,20,5.0,0.9157159920920667,1.4511003223487906,1.2691602469465402,12.0,
cyclic_fast,cyclic,0.02,0.0,1.0,50,0,SGD,1016,20,5.0,0.2334399797316715,0.3032316199151358,0.6587359632635583,6.0,
cyclic_fast,cyclic,0.02,0.0,1.0,50,0,HeavyBall,1016,20,5.0,0.022470777034196133,0.021429992999509234,0.2062934014685273,1.0,
cyclic_fast,cyclic,0.02,0.0,1.0,50,0,Nesterov,1016,20,5.0,0.02024791057894297,0.019462145254157646,0.19714749072007268,1.0,
cyclic_fast,cyclic,0.02,0.0,1.0,50,0,Adam,1016,20,5.0,0.9000833794966367,1.460798063744815,1.2905716395490425,16.0,
cyclic_fast,cyclic,0.02,0.0,1.0,50,0,AMSGrad,1016,20,5.0,0.9321558854509538,1.48287094267336,1.289553694880721,13.0,
cyclic_fast,cyclic,0.02,0.0,1.0,50,0,SGD,1017,20,5.0,0.23313355340339534,0.30313753893537476,0.6574473789308365,6.0,
cyclic_fast,cyclic,0.02,0.0,1.0,50,0,HeavyBall,1017,20,5.0,0.02191609599660741,0.021137061137508687,0.20186293214499015,1.0,
cyclic_fast,cyclic,0.02,0.0,1.0,50,0,Nesterov,1017,20,5.0,0.01979533049383395,0.019265472738684567,0.1931174150900808,1.0,
cyclic_fast,cyclic,0.02,0.0,1.0,50,0,Adam,1017,20,5.0,0.900212837518651,1.4614766014950322,1.292074671310629,16.0,
cyclic_fast,cyclic,0.02,0.0,1.0,50,0,AMSGrad,1017,20,5.0,0.9114378412911865,1.4523181145953925,1.2786321871953175,13.0,
cyclic_fast,cyclic,0.02,0.0,1.0,50,0,SGD,1018,20,5.0,0.23290846613233285,0.3028046081620049,0.6566482918314276,6.0,
cyclic_fast,cyclic,0.02,0.0,1.0,50,0,HeavyBall,1018,20,5.0,0.02121053285941124,0.020593692292924373,0.20058048362984662,1.0,
cyclic_fast,cyclic,0.02,0.0,1.0,50,0,Nesterov,1018,20,5.0,0.019223846293892146,0.018807621715251476,0.19143444685508318,1.0,
cyclic_fast,cyclic,0.02,0.0,1.0,50,0,Adam,1018,20,5.0,0.899040897963962,1.459657024758859,1.2909765499666184,16.0,
cyclic_fast,cyclic,0.02,0.0,1.0,50,0,AMSGrad,1018,20,5.0,0.9210516082623462,1.4681475890002098,1.2755383840646897,13.0,
cyclic_fast,cyclic,0.02,0.0,1.0,50,0,SGD,1019,20,5.0,0.23363600082681898,0.3037420548613077,0.6585661345768878,6.0,
cyclic_fast,cyclic,0.02,0.0,1.0,50,0,HeavyBall,1019,20,5.0,0.021955017650813886,0.021142457178683145,0.20480696424638822,1.0,
cyclic_fast,cyclic,0.02,0.0,1.0,50,0,Nesterov,1019,20,5.0,0.01987456740558183,0.019328910911367826,0.19542499313762884,1.0,
cyclic_fast,cyclic,0.02,0.0,1.0,50,0,Adam,1019,20,5.0,0.9005112326333061,1.4623546854360325,1.2901069657578883,16.0,
cyclic_fast,cyclic,0.02,0.0,1.0,50,0,AMSGrad,1019,20,5.0,0.9104988378080111,1.40548673875604,1.259631609926611,12.0,
cyclic_fast,cyclic,0.02,0.0,1.0,50,0,SGD,1020,20,5.0,0.23403522436432092,0.3039595116087873,0.6593930419086995,6.0,
cyclic_fast,cyclic,0.02,0.0,1.0,50,0,HeavyBall,1020,20,5.0,0.022461399226136235,0.021572154124385966,0.20376517992100415,1.0,
cyclic_fast,cyclic,0.02,0.0,1.0,50,0,Nesterov,1020,20,5.0,0.020313538079047563,0.019625915170055474,0.19400700658368306,1.0,
cyclic_fast,cyclic,0.02,0.0,1.0,50,0,Adam,1020,20,5.0,0.9005692362661758,1.4621657657802805,1.2916637905029367,16.0,
cyclic_fast,cyclic,0.02,0.0,1.0,50,0,AMSGrad,1020,20,5.0,0.9265504206421799,1.4570633549753342,1.268047136515265,13.0,
cyclic_fast,cyclic,0.02,0.0,1.0,50,0,SGD,1021,20,5.0,0.23296671693924345,0.30280975189275944,0.6574835736214321,6.0,
cyclic_fast,cyclic,0.02,0.0,1.0,50,0,HeavyBall,1021,20,5.0,0.021856708635674398,0.020954149087765876,0.2020559634260441,1.0,
cyclic_fast,cyclic,0.02,0.0,1.0,50,0,Nesterov,1021,20,5.0,0.01972952691742345,0.019048954886649472,0.19319920825738623,1.0,
cyclic_fast,cyclic,0.02,0.0,1.0,50,0,Adam,1021,20,5.0,0.8989418270370995,1.4594399532240987,1.2916070530090684,16.0,
cyclic_fast,cyclic,0.02,0.0,1.0,50,0,AMSGrad,1021,20,5.0,0.925969462423887,1.4445807143889136,1.293899209951818,13.0,
cyclic_fast,cyclic,0.02,0.0,1.0,50,0,SGD,1022,20,5.0,0.23317870397677432,0.30311345829557856,0.6571521965238774,6.0,
cyclic_fast,cyclic,0.02,0.0,1.0,50,0,HeavyBall,1022,20,5.0,0.02155684296850645,0.020906665285634753,0.199692447292306,1.0,
cyclic_fast,cyclic,0.02,0.0,1.0,50,0,Nesterov,1022,20,5.0,0.01954179758225219,0.019073536454611472,0.19098487452795435,1.0,
cyclic_fast,cyclic,0.02,0.0,1.0,50,0,Adam,1022,20,5.0,0.8991635018692188,1.4604412645728713,1.2900806249025776,16.0,
cyclic_fast,cyclic,0.02,0.0,1.0,50,0,AMSGrad,1022,20,5.0,0.9252015886497259,1.4860387976112952,1.2818549578526102,12.0,
cyclic_fast,cyclic,0.02,0.0,1.0,50,0,SGD,1023,20,5.0,0.23259045736556694,0.3020731997118983,0.656446177995393,6.0,
cyclic_fast,cyclic,0.02,0.0,1.0,50,0,HeavyBall,1023,20,5.0,0.022127388242177123,0.02111041374057471,0.20444941521771157,1.0,
cyclic_fast,cyclic,0.02,0.0,1.0,50,0,Nesterov,1023,20,5.0,0.019964139069075616,0.019171769864640396,0.19308257835602408,1.0,
cyclic_fast,cyclic,0.02,0.0,1.0,50,0,Adam,1023,20,5.0,0.8999749652978164,1.4608429309777318,1.2923436970901039,16.0,
cyclic_fast,cyclic,0.02,0.0,1.0,50,0,AMSGrad,1023,20,5.0,0.8797574462386797,1.3048605456286526,1.2333031520306168,11.0,
cyclic_fast,cyclic,0.02,0.0,1.0,50,0,SGD,1024,20,5.0,0.23301526380279153,0.3027487556521065,0.6583877103760357,6.0,
cyclic_fast,cyclic,0.02,0.0,1.0,50,0,HeavyBall,1024,20,5.0,0.021990075383764244,0.0210692939882665,0.20480688698119606,1.0,
cyclic_fast,cyclic,0.02,0.0,1.0,50,0,Nesterov,1024,20,5.0,0.019866427850463445,0.0191938410372225,0.19387943790526274,1.0,
cyclic_fast,cyclic,0.02,0.0,1.0,50,0,Adam,1024,20,5.0,0.8994881584888023,1.460539463225545,1.2902605167758772,16.0,
cyclic_fast,cyclic,0.02,0.0,1.0,50,0,AMSGrad,1024,20,5.0,0.9311210940460868,1.4932146526413184,1.2958819307721547,13.0,
cyclic_fast,cyclic,0.02,0.0,1.0,50,0,SGD,1025,20,5.0,0.23341705398664808,0.30349760644606255,0.6579137645813221,6.0,
cyclic_fast,cyclic,0.02,0.0,1.0,50,0,HeavyBall,1025,20,5.0,0.022053861434330874,0.02132059788205712,0.2034714051213543,1.0,
cyclic_fast,cyclic,0.02,0.0,1.0,50,0,Nesterov,1025,20,5.0,0.019966467255779198,0.019434746658276814,0.19497286688984072,1.0,
cyclic_fast,cyclic,0.02,0.0,1.0,50,0,Adam,1025,20,5.0,0.9003678819434521,1.4625091827822851,1.290654791083309,16.0,
cyclic_fast,cyclic,0.02,0.0,1.0,50,0,AMSGrad,1025,20,5.0,0.9525043048554559,1.4932608033799784,1.3215197553081706,14.0,
cyclic_fast,cyclic,0.02,0.0,1.0,50,0,SGD,1026,20,5.0,0.2332369447635388,0.30311556245445054,0.6572172322479016,6.0,
cyclic_fast,cyclic,0.02,0.0,1.0,50,0,HeavyBall,1026,20,5.0,0.022279989636945902,0.021359495792208163,0.204611638264472,1.0,
cyclic_fast,cyclic,0.02,0.0,1.0,50,0,Nesterov,1026,20,5.0,0.020118223440442583,0.019420613200149258,0.1942746070920092,1.0,
cyclic_fast,cyclic,0.02,0.0,1.0,50,0,Adam,1026,20,5.0,0.8999482366474748,1.4609116203185422,1.2925248406365024,16.0,
cyclic_fast,cyclic,0.02,0.0,1.0,50,0,AMSGrad,1026,20,5.0,0.944432374579904,1.456865347018255,1.2944316334934396,13.0,
cyclic_fast,cyclic,0.02,0.0,1.0,50,0,SGD,1027,20,5.0,0.23316222889077237,0.30318728648533116,0.6569546138701763,6.0,
cyclic_fast,cyclic,0.02,0.0,1.0,50,0,HeavyBall,1027,20,5.0,0.02202113777138652,0.021171247516858192,0.20605736733907629,1.0,
cyclic_fast,cyclic,0.02,0.0,1.0,50,0,Nesterov,1027,20,5.0,0.019867629451280545,0.019246885012051594,0.1953627099034739,1.0,
cyclic_fast,cyclic,0.02,0.0,1.0,50,0,Adam,1027,20,5.0,0.8987960854501221,1.4604154414206272,1.2903934694223995,16.0,
cyclic_fast,cyclic,0.02,0.0,1.0,50,0,AMSGrad,1027,20,5.0,0.8992949229489148,1.4124778273935559,1.2566228544673996,13.0,
cyclic_fast,cyclic,0.02,0.0,1.0,50,0,SGD,1028,20,5.0,0.23327664421960406,0.30336035344393375,0.6582987192512358,6.0,
cyclic_fast,cyclic,0.02,0.0,1.0,50,0,HeavyBall,1028,20,5.0,0.02188793273878374,0.021087736429132295,0.20400943552028053,1.0,
cyclic_fast,cyclic,0.02,0.0,1.0,50,0,Nesterov,1028,20,5.0,0.019807116216642152,0.019229345055082506,0.19293574499312624,1.0,
cyclic_fast,cyclic,0.02,0.0,1.0,50,0,Adam,1028,20,5.0,0.8994187936614773,1.4606440394354354,1.291051545708615,16.0,
cyclic_fast,cyclic,0.02,0.0,1.0,50,0,AMSGrad,1028,20,5.0,0.952741346672843,1.495991648634191,1.3200541016197247,14.0,
cyclic_fast,cyclic,0.02,0.0,1.0,50,0,SGD,1029,20,5.0,0.23331196114481276,0.30326155430008483,0.6582388603431166,6.0,
cyclic_fast,cyclic,0.02,0.0,1.0,50,0,HeavyBall,1029,20,5.0,0.021823894132224783,0.021168894011427127,0.2033647154599113,1.0,
cyclic_fast,cyclic,0.02,0.0,1.0,50,0,Nesterov,1029,20,5.0,0.019748479842823918,0.019311976772608173,0.1927777022188927,1.0,
cyclic_fast,cyclic,0.02,0.0,1.0,50,0,Adam,1029,20,5.0,0.9006594324727335,1.4620887080075988,1.291964302635599,16.0,
cyclic_fast,cyclic,0.02,0.0,1.0,50,0,AMSGrad,1029,20,5.0,0.9191286573420888,1.4411687315869386,1.271553947367664,13.0,
cyclic_fast,cyclic,0.02,0.0,1.0,50,0,SGD,1030,20,5.0,0.23337281522425962,0.30328101754948705,0.6586190529041587,6.0,
cyclic_fast,cyclic,0.02,0.0,1.0,50,0,HeavyBall,1030,20,5.0,0.02209844965705275,0.021307253421697262,0.20424259310829024,1.0,
cyclic_fast,cyclic,0.02,0.0,1.0,50,0,Nesterov,1030,20,5.0,0.01998324288254073,0.01940898820509988,0.19470749049244296,1.0,
cyclic_fast,cyclic,0.02,0.0,1.0,50,0,Adam,1030,20,5.0,0.8999912123339014,1.4616721501946346,1.2897382503080048,16.0,
cyclic_fast,cyclic,0.02,0.0,1.0,50,0,AMSGrad,1030,20,5.0,0.912637219312928,1.4451732864365505,1.2721321778478982,13.0,
jump_noisy,jump,0.05,0.0,1.0,0,500,SGD,1001,20,5.0,0.0005097357851375699,0.0006247854927180216,0.02756645449076154,,8.0
jump_noisy,jump,0.05,0.0,1.0,0,500,HeavyBall,1001,20,5.0,0.004910500912052698,0.005985906435372534,0.08485527881126839,,4.0
jump_noisy,jump,0.05,0.0,1.0,0,500,Nesterov,1001,20,5.0,0.0030913029259643466,0.003492769932242932,0.06741956593650092,,3.0
jump_noisy,jump,0.05,0.0,1.0,0,500,Adam,1001,20,5.0,0.001513372506871028,0.0018900248558424736,0.05041279544392916,,15.0
jump_noisy,jump,0.05,0.0,1.0,0,500,AMSGrad,1001,20,5.0,0.0013784081077536491,0.0017190189502514855,0.04775900733987978,,8.0
jump_noisy,jump,0.05,0.0,1.0,0,500,SGD,1002,20,5.0,0.0005675834448112704,0.0006915778685753513,0.029148059792866627,,8.0
jump_noisy,jump,0.05,0.0,1.0,0,500,HeavyBall,1002,20,5.0,0.005740941744646765,0.007076319592738264,0.09091645761433968,,4.0
jump_noisy,jump,0.05,0.0,1.0,0,500,Nesterov,1002,20,5.0,0.003459513597727809,0.003979082454003216,0.07175229443703215,,3.0
jump_noisy,jump,0.05,0.0,1.0,0,500,Adam,1002,20,5.0,0.0016469443267046664,0.002063187783100091,0.050082301631850484,,15.0
jump_noisy,jump,0.05,0.0,1.0,0,500,AMSGrad,1002,20,5.0,0.0014784942296063577,0.0018165902364530168,0.0481755860350642,,8.0
jump_noisy,jump,0.05,0.0,1.0,0,500,SGD,1003,20,5.0,0.0005602827041021911,0.0006805407551524518,0.02849300748559622,,8.0
jump_noisy,jump,0.05,0.0,1.0,0,500,HeavyBall,1003,20,5.0,0.0050225940823492455,0.006288899364237932,0.08570129292118164,,4.0
jump_noisy,jump,0.05,0.0,1.0,0,500,Nesterov,1003,20,5.0,0.003172516767288294,0.0036456314889147835,0.0691831455573106,,3.0
jump_noisy,jump,0.05,0.0,1.0,0,500,Adam,1003,20,5.0,0.0016975821225217785,0.0020673671146903853,0.05014783592334742,,16.0
jump_noisy,jump,0.05,0.0,1.0,0,500,AMSGrad,1003,20,5.0,0.001369092996489904,0.0016156131389456307,0.04535225083056503,,8.0
jump_noisy,jump,0.05,0.0,1.0,0,500,SGD,1004,20,5.0,0.0005037124079599153,0.0006378685191094465,0.027306157359237634,,8.0
jump_noisy,jump,0.05,0.0,1.0,0,500,HeavyBall,1004,20,5.0,0.004719007073351855,0.006013168031160061,0.08152598874388654,,4.0
jump_noisy,jump,0.05,0.0,1.0,0,500,Nesterov,1004,20,5.0,0.002984699478541831,0.003495492974274575,0.06656762791431735,,3.0
jump_noisy,jump,0.05,0.0,1.0,0,500,Adam,1004,20,5.0,0.001607457339776271,0.0019896596526474803,0.048555907465481836,,15.0
jump_noisy,jump,0.05,0.0,1.0,0,500,AMSGrad,1004,20,5.0,0.0014876715768282636,0.001843286539997659,0.04653968349289495,,8.0
jump_noisy,jump,0.05,0.0,1.0,0,500,SGD,1005,20,5.0,0.0005135931176492767,0.0006549819573840447,0.026637312151161125,,8.0
jump_noisy,jump,0.05,0.0,1.0,0,500,HeavyBall,1005,20,5.0,0.005762732368499029,0.007133533131696694,0.0915225164815934,,4.0
jump_noisy,jump,0.05,0.0,1.0,0,500,Nesterov,1005,20,5.0,0.0033330827145129148,0.003787327154175253,0.06953437303164144,,3.0
jump_noisy,jump,0.05,0.0,1.0,0,500,Adam,1005,20,5.0,0.0015946411610224236,0.001970523601327091,0.047123506501906415,,15.0
jump_noisy,jump,0.05,0.0,1.0,0,500,AMSGrad,1005,20,5.0,0.0013671060555972001,0.001675255837269279,0.043366974773774505,,9.0
jump_noisy,jump,0.05,0.0,1.0,0,500,SGD,1006,20,5.0,0.0005217180816966847,0.0006582838308231529,0.026945211878260312,,8.0
jump_noisy,jump,0.05,0.0,1.0,0,500,HeavyBall,1006,20,5.0,0.005142469920979125,0.0061810808395585904,0.08939045563780326,,4.0
jump_noisy,jump,0.05,0.0,1.0,0,500,Nesterov,1006,20,5.0,0.003155822531142723,0.0035596808267464274,0.07002604057550775,,3.0
jump_noisy,jump,0.05,0.0,1.0,0,500,Adam,1006,20,5.0,0.0015420714043739758,0.001956877865696716,0.04685136724682441,,15.0
jump_noisy,jump,0.05,0.0,1.0,0,500,AMSGrad,1006,20,5.0,0.0014026097034606935,0.0017926727736525627,0.0450178146723326,,8.0
jump_noisy,jump,0.05,0.0,1.0,0,500,SGD,1007,20,5.0,0.0005097293849202925,0.0006240270103739018,0.026608727991140876,,8.0
jump_noisy,jump,0.05,0.0,1.0,0,500,HeavyBall,1007,20,5.0,0.0053067169575095096,0.0062346218952226565,0.08737059345090407,,4.0
jump_noisy,jump,0.05,0.0,1.0,0,500,Nesterov,1007,20,5.0,0.003253701440982379,0.0035564207286728957,0.06996079764690909,,3.0
jump_noisy,jump,0.05,0.0,1.0,0,500,Adam,1007,20,5.0,0.0016692012264198932,0.0020123598397464165,0.0502157752356959,,15.0
jump_noisy,jump,0.05,0.0,1.0,0,500,AMSGrad,1007,20,5.0,0.0014290556951940337,0.0016908753701424279,0.04705395049681,,9.0
jump_noisy,jump,0.05,0.0,1.0,0,500,SGD,1008,20,5.0,0.0005771908043234461,0.000693229374671231,0.028281508308012238,,8.0
jump_noisy,jump,0.05,0.0,1.0,0,500,HeavyBall,1008,20,5.0,0.0053318849339675034,0.006628223477912555,0.08862116555449862,,4.0
jump_noisy,jump,0.05,0.0,1.0,0,500,Nesterov,1008,20,5.0,0.003190518105092477,0.0036871401979739005,0.06873813441780482,,3.0
jump_noisy,jump,0.05,0.0,1.0,0,500,Adam,1008,20,5.0,0.001688315870191911,0.0021892930811480494,0.04882239562288661,,15.0
jump_noisy,jump,0.05,0.0,1.0,0,500,AMSGrad,1008,20,5.0,0.0014212813080044962,0.0017999304307630636,0.043193485129516596,,8.0
jump_noisy,jump,0.05,0.0,1.0,0,500,SGD,1009,20,5.0,0.0005547054851966149,0.0006846594087868929,0.028817043673301724,,8.0
jump_noisy,jump,0.05,0.0,1.0,0,500,HeavyBall,1009,20,5.0,0.005306817518977647,0.006463494830304149,0.09019444203232327,,4.0
jump_noisy,jump,0.05,0.0,1.0,0,500,Nesterov,1009,20,5.0,0.0032506973463169485,0.003724346857201535,0.06999374419575224,,3.0
jump_noisy,jump,0.05,0.0,1.0,0,500,Adam,1009,20,5.0,0.0016643054972269855,0.0020849020052452674,0.04975249081380317,,15.0
jump_noisy,jump,0.05,0.0,1.0,0,500,AMSGrad,1009,20,5.0,0.0015089492406064867,0.0019041714252990508,0.046938932299062694,,8.0
jump_noisy,jump,0.05,0.0,1.0,0,500,SGD,1010,20,5.0,0.0005603312947747094,0.0006639575861512676,0.02915897055313082,,9.0
jump_noisy,jump,0.05,0.0,1.0,0,500,HeavyBall,1010,20,5.0,0.005349615022289802,0.006543539187175862,0.08928067252085246,,4.0
jump_noisy,jump,0.05,0.0,1.0,0,500,Nesterov,1010,20,5.0,0.003257535288832252,0.0036828763881825745,0.06973979055692756,,3.0
jump_noisy,jump,0.05,0.0,1.0,0,500,Adam,1010,20,5.0,0.0016386330011373598,0.0020689039164855736,0.048597682214432475,,15.0
jump_noisy,jump,0.05,0.0,1.0,0,500,AMSGrad,1010,20,5.0,0.0015445856844152372,0.0019516546393818284,0.04687753272976686,,15.0
jump_noisy,jump,0.05,0.0,1.0,0,500,SGD,1011,20,5.0,0.000546410580840332,0.0006792017285067531,0.028312360613689715,,8.0
jump_noisy,jump,0.05,0.0,1.0,0,500,HeavyBall,1011,20,5.0,0.005438786861318744,0.006738187621868601,0.08788078611846982,,4.0
jump_noisy,jump,0.05,0.0,1.0,0,500,Nesterov,1011,20,5.0,0.003333058169657229,0.003847839446412149,0.07064496187519957,,3.0
jump_noisy,jump,0.05,0.0,1.0,0,500,Adam,1011,20,5.0,0.0017553866935965446,0.0022054890571104714,0.05199122117860194,,15.0
jump_noisy,jump,0.05,0.0,1.0,0,500,AMSGrad,1011,20,5.0,0.0016189112656533528,0.0020121576651768026,0.04902210195972896,,8.0
jump_noisy,jump,0.05,0.0,1.0,0,500,SGD,1012,20,5.0,0.0005713763901797311,0.0006886751103101289,0.029084565427698477,,8.0
jump_noisy,jump,0.05,0.0,1.0,0,500,HeavyBall,1012,20,5.0,0.005326714293639781,0.006241733455392551,0.08676656553546819,,4.0
jump_noisy,jump,0.05,0.0,1.0,0,500,Nesterov,1012,20,5.0,0.003309007768249542,0.003678992455030573,0.0688827861035839,,3.0
jump_noisy,jump,0.05,0.0,1.0,0,500,Adam,1012,20,5.0,0.00170472260542284,0.002075359453179774,0.04955290745902973,,16.0
jump_noisy,jump,0.05,0.0,1.0,0,500,AMSGrad,1012,20,5.0,0.0014915836201376978,0.001784030653492437,0.04704142625949547,,7.0
jump_noisy,jump,0.05,0.0,1.0,0,500,SGD,1013,20,5.0,0.0006041370811117823,0.0007173545257176266,0.02987699970674825,,8.0
jump_noisy,jump,0.05,0.0,1.0,0,500,HeavyBall,1013,20,5.0,0.005647077635263355,0.0067514940936120515,0.08988623498741552,,4.0
jump_noisy,jump,0.05,0.0,1.0,0,500,Nesterov,1013,20,5.0,0.003498984702854022,0.0038901456543235457,0.07231427956529227,,3.0
jump_noisy,jump,0.05,0.0,1.0,0,500,Adam,1013,20,5.0,0.0018378667529714643,0.0022855355068368186,0.05255083390019408,,16.0
jump_noisy,jump,0.05,0.0,1.0,0,500,AMSGrad,1013,20,5.0,0.0014937088514833535,0.00184319218592923,0.04653464205909562,,8.0
jump_noisy,jump,0.05,0.0,1.0,0,500,SGD,1014,20,5.0,0.0005866413663703535,0.00069592510465841,0.029926313593056194,,8.0
jump_noisy,jump,0.05,0.0,1.0,0,500,HeavyBall,1014,20,5.0,0.005659381693495731,0.006729080821114225,0.08951304269275057,,4.0
jump_noisy,jump,0.05,0.0,1.0,0,500,Nesterov,1014,20,5.0,0.003548541890948681,0.0038920085035379186,0.07217545647499606,,3.0
jump_noisy,jump,0.05,0.0,1.0,0,500,Adam,1014,20,5.0,0.0018053550143818792,0.0020911350193991794,0.05064421800495566,,15.0
jump_noisy,jump,0.05,0.0,1.0,0,500,AMSGrad,1014,20,5.0,0.0016251164725559813,0.0018454191650229474,0.04855452651200098,,15.0
jump_noisy,jump,0.05,0.0,1.0,0,500,SGD,1015,20,5.0,0.0006224659360134145,0.0007436694146975628,0.031483600714990366,,9.0
jump_noisy,jump,0.05,0.0,1.0,0,500,HeavyBall,1015,20,5.0,0.00533042435303579,0.006768064861198964,0.08534674571718842,,4.0
jump_noisy,jump,0.05,0.0,1.0,0,500,Nesterov,1015,20,5.0,0.0032621551099704187,0.0038090867922964296,0.06663998365349576,,3.0
jump_noisy,jump,0.05,0.0,1.0,0,500,Adam,1015,20,5.0,0.0017042757114142527,0.002087329559382735,0.050022986937964024,,16.0
jump_noisy,jump,0.05,0.0,1.0,0,500,AMSGrad,1015,20,5.0,0.0015373074827889166,0.0018930813082374725,0.04793434297637127,,16.0
jump_noisy,jump,0.05,0.0,1.0,0,500,SGD,1016,20,5.0,0.00051350988022531,0.0006394405013138091,0.02727181164545887,,8.0
jump_noisy,jump,0.05,0.0,1.0,0,500,HeavyBall,1016,20,5.0,0.005170692293388466,0.006503721196848542,0.08772101425765866,,4.0
jump_noisy,jump,0.05,0.0,1.0,0,500,Nesterov,1016,20,5.0,0.003165510130780561,0.0036662069459508896,0.06846880221176434,,3.0
jump_noisy,jump,0.05,0.0,1.0,0,500,Adam,1016,20,5.0,0.00166753518276855,0.0021491267612628612,0.04814100099555911,,15.0
jump_noisy,jump,0.05,0.0,1.0,0,500,AMSGrad,1016,20,5.0,0.0014989767285231365,0.0018937448208215567,0.04629586118494933,,15.0
jump_noisy,jump,0.05,0.0,1.0,0,500,SGD,1017,20,5.0,0.0005061870298494533,0.000640653726527533,0.027325369407241614,,8.0
jump_noisy,jump,0.05,0.0,1.0,0,500,HeavyBall,1017,20,5.0,0.00523496560035892,0.006305929863334716,0.0871389104674493,,4.0
jump_noisy,jump,0.05,0.0,1.0,0,500,Nesterov,1017,20,5.0,0.003180133167496931,0.0035679844556813357,0.0708570389503308,,3.0
jump_noisy,jump,0.05,0.0,1.0,0,500,Adam,1017,20,5.0,0.0017045600987685744,0.002093481151355744,0.04952410191630443,,15.0
jump_noisy,jump,0.05,0.0,1.0,0,500,AMSGrad,1017,20,5.0,0.0014501039948391227,0.0017734713392046244,0.04551443750223668,,9.0
jump_noisy,jump,0.05,0.0,1.0,0,500,SGD,1018,20,5.0,0.000517500967886938,0.0006518207568482219,0.027231896721381814,,8.0
jump_noisy,jump,0.05,0.0,1.0,0,500,HeavyBall,1018,20,5.0,0.005871051096851467,0.006843455865150403,0.09349593240168055,,4.0
jump_noisy,jump,0.05,0.0,1.0,0,500,Nesterov,1018,20,5.0,0.003485850153663719,0.003810798831186338,0.07325072000374282,,3.0
jump_noisy,jump,0.05,0.0,1.0,0,500,Adam,1018,20,5.0,0.0015615334539085305,0.001994316934651575,0.048480313321795955,,16.0
jump_noisy,jump,0.05,0.0,1.0,0,500,AMSGrad,1018,20,5.0,0.001395032945353542,0.0017626307917988863,0.04623344469090394,,8.0
jump_noisy,jump,0.05,0.0,1.0,0,500,SGD,1019,20,5.0,0.000562996505536626,0.0006909981162149451,0.028077885660372424,,9.0
jump_noisy,jump,0.05,0.0,1.0,0,500,HeavyBall,1019,20,5.0,0.005388041962427656,0.006554704091954895,0.09257995896623686,,4.0
jump_noisy,jump,0.05,0.0,1.0,0,500,Nesterov,1019,20,5.0,0.0033180969724605864,0.0037542431407176667,0.07248812842354978,,3.0
jump_noisy,jump,0.05,0.0,1.0,0,500,Adam,1019,20,5.0,0.0017436524970815843,0.0021429626369095667,0.04938476802399717,,16.0
jump_noisy,jump,0.05,0.0,1.0,0,500,AMSGrad,1019,20,5.0,0.0015362414377539213,0.0018933049574977687,0.045899696459857454,,15.0
jump_noisy,jump,0.05,0.0,1.0,0,500,SGD,1020,20,5.0,0.0005665876102635136,0.0006768790437848244,0.028617368452100233,,8.0
jump_noisy,jump,0.05,0.0,1.0,0,500,HeavyBall,1020,20,5.0,0.005640935950819286,0.006718822401368978,0.09039484641907315,,4.0
jump_noisy,jump,0.05,0.0,1.0,0,500,Nesterov,1020,20,5.0,0.0034160936581294067,0.003803142926647103,0.07199231629214375,,3.0
jump_noisy,jump,0.05,0.0,1.0,0,500,Adam,1020,20,5.0,0.0016199095807697933,0.0019791724158652805,0.049503955169908825,,15.0
jump_noisy,jump,0.05,0.0,1.0,0,500,AMSGrad,1020,20,5.0,0.001422686474754923,0.0017430209048979722,0.04684833300600048,,8.0
jump_noisy,jump,0.05,0.0,1.0,0,500,SGD,1021,20,5.0,0.0005113994930139003,0.0006339156992496943,0.026764774764943947,,8.0
jump_noisy,jump,0.05,0.0,1.0,0,500,HeavyBall,1021,20,5.0,0.005165844793717877,0.006265828940798319,0.08667359558114701,,3.0
jump_noisy,jump,0.05,0.0,1.0,0,500,Nesterov,1021,20,5.0,0.003173788528705812,0.00358539960339818,0.06809176410625659,,3.0
jump_noisy,jump,0.05,0.0,1.0,0,500,Adam,1021,20,5.0,0.0017608525580951001,0.002180938744861963,0.05167163088438338,,15.0
jump_noisy,jump,0.05,0.0,1.0,0,500,AMSGrad,1021,20,5.0,0.0014930885279567457,0.0018570155544560957,0.04616387217712566,,8.0
jump_noisy,jump,0.05,0.0,1.0,0,500,SGD,1022,20,5.0,0.0005713785020189269,0.0007119223321961196,0.0289221801865187,,8.0
jump_noisy,jump,0.05,0.0,1.0,0,500,HeavyBall,1022,20,5.0,0.005281463573443532,0.006370578464418384,0.08617173532030023,,4.0
jump_noisy,jump,0.05,0.0,1.0,0,500,Nesterov,1022,20,5.0,0.003219211113493373,0.0036616009512213075,0.06917511611180385,,3.0
jump_noisy,jump,0.05,0.0,1.0,0,500,Adam,1022,20,5.0,0.0016874254098617402,0.0020999399031549153,0.05158333550712559,,16.0
jump_noisy,jump,0.05,0.0,1.0,0,500,AMSGrad,1022,20,5.0,0.0016104125087236668,0.002000395341240947,0.05037252379406239,,9.0
jump_noisy,jump,0.05,0.0,1.0,0,500,SGD,1023,20,5.0,0.0005491845957361618,0.0006658979006957968,0.028309324887234998,,8.0
jump_noisy,jump,0.05,0.0,1.0,0,500,HeavyBall,1023,20,5.0,0.0053604650800845735,0.006519255054902329,0.08732851962997175,,4.0
jump_noisy,jump,0.05,0.0,1.0,0,500,Nesterov,1023,20,5.0,0.0032247460254674785,0.0036363459186855886,0.06895174951335328,,3.0
jump_noisy,jump,0.05,0.0,1.0,0,500,Adam,1023,20,5.0,0.0016994832528604337,0.0021032897172981666,0.05254557125719596,,15.0
jump_noisy,jump,0.05,0.0,1.0,0,500,AMSGrad,1023,20,5.0,0.0015307400995373589,0.001870882879183412,0.04827047534723155,,16.0
jump_noisy,jump,0.05,0.0,1.0,0,500,SGD,1024,20,5.0,0.0005572213043422995,0.0006772854717790808,0.02889745977704636,,8.0
jump_noisy,jump,0.05,0.0,1.0,0,500,HeavyBall,1024,20,5.0,0.004767793119616038,0.006077297540509268,0.08336176136226399,,4.0
jump_noisy,jump,0.05,0.0,1.0,0,500,Nesterov,1024,20,5.0,0.0030196049297648133,0.003496705713057614,0.06924103525582338,,3.0
jump_noisy,jump,0.05,0.0,1.0,0,500,Adam,1024,20,5.0,0.001672203574657105,0.002069652855541872,0.048904660616136575,,16.0
jump_noisy,jump,0.05,0.0,1.0,0,500,AMSGrad,1024,20,5.0,0.0014818124709736987,0.0017959185463989392,0.04708478293851656,,7.0
jump_noisy,jump,0.05,0.0,1.0,0,500,SGD,1025,20,5.0,0.0005676296094341325,0.0006761859060993482,0.028582760675363323,,8.0
jump_noisy,jump,0.05,0.0,1.0,0,500,HeavyBall,1025,20,5.0,0.005292931297827823,0.006270574269234649,0.08616276036365829,,4.0
jump_noisy,jump,0.05,0.0,1.0,0,500,Nesterov,1025,20,5.0,0.00331453919888051,0.003656925069926832,0.07004697099971263,,3.0
jump_noisy,jump,0.05,0.0,1.0,0,500,Adam,1025,20,5.0,0.0017995995753463433,0.0022027354131839818,0.05138154452562508,,16.0
jump_noisy,jump,0.05,0.0,1.0,0,500,AMSGrad,1025,20,5.0,0.0015284190732944313,0.0018276348081839539,0.048756426103075956,,8.0
jump_noisy,jump,0.05,0.0,1.0,0,500,SGD,1026,20,5.0,0.0005233859647317327,0.0006657243334052703,0.02704279405196149,,8.0
jump_noisy,jump,0.05,0.0,1.0,0,500,HeavyBall,1026,20,5.0,0.0058532901080176145,0.006746683015856716,0.09340033380785268,,4.0
jump_noisy,jump,0.05,0.0,1.0,0,500,Nesterov,1026,20,5.0,0.0035514880623651757,0.00387640679771865,0.07403632310064875,,3.0
jump_noisy,jump,0.05,0.0,1.0,0,500,Adam,1026,20,5.0,0.001740071150296961,0.0021630825928496368,0.04938752851932466,,16.0
jump_noisy,jump,0.05,0.0,1.0,0,500,AMSGrad,1026,20,5.0,0.001336809460785067,0.0016629612607301635,0.04372601866462506,,8.0
jump_noisy,jump,0.05,0.0,1.0,0,500,SGD,1027,20,5.0,0.0004910648452674765,0.0006371967295906757,0.026423457501227002,,8.0
jump_noisy,jump,0.05,0.0,1.0,0,500,HeavyBall,1027,20,5.0,0.005019745544900895,0.006132129355800114,0.08449164794940181,,4.0
jump_noisy,jump,0.05,0.0,1.0,0,500,Nesterov,1027,20,5.0,0.0030701641763023037,0.0035187683136278154,0.06629868382031037,,3.0
jump_noisy,jump,0.05,0.0,1.0,0,500,Adam,1027,20,5.0,0.0015265794313958048,0.0019818348686621613,0.04617789184347645,,15.0
jump_noisy,jump,0.05,0.0,1.0,0,500,AMSGrad,1027,20,5.0,0.0012118305762645431,0.0015719464828326513,0.041654690308931326,,10.0
jump_noisy,jump,0.05,0.0,1.0,0,500,SGD,1028,20,5.0,0.0005457062068946006,0.0006986408726773396,0.028133583540266727,,8.0
jump_noisy,jump,0.05,0.0,1.0,0,500,HeavyBall,1028,20,5.0,0.005232591887158118,0.006530243643328076,0.08746283266973846,,4.0
jump_noisy,jump,0.05,0.0,1.0,0,500,Nesterov,1028,20,5.0,0.0031737809974899944,0.0036776613996196143,0.06751012711326128,,3.0
jump_noisy,jump,0.05,0.0,1.0,0,500,Adam,1028,20,5.0,0.001671224889208636,0.0020944639319368363,0.0485401107402752,,15.0
jump_noisy,jump,0.05,0.0,1.0,0,500,AMSGrad,1028,20,5.0,0.001373857730371329,0.0017112395316379193,0.04606401672545255,,16.0
jump_noisy,jump,0.05,0.0,1.0,0,500,SGD,1029,20,5.0,0.0005159628598749184,0.0006529276706342318,0.02726050827518831,,8.0
jump_noisy,jump,0.05,0.0,1.0,0,500,HeavyBall,1029,20,5.0,0.005438519514161074,0.006670844840408323,0.0891244143257499,,3.0
jump_noisy,jump,0.05,0.0,1.0,0,500,Nesterov,1029,20,5.0,0.0032186087283232524,0.003711824511111975,0.0683418047095404,,3.0
jump_noisy,jump,0.05,0.0,1.0,0,500,Adam,1029,20,5.0,0.0015393110882497719,0.001919835498395848,0.047277819748030706,,10.0
jump_noisy,jump,0.05,0.0,1.0,0,500,AMSGrad,1029,20,5.0,0.001384517252331368,0.001726841232644451,0.0446303982150342,,8.0
jump_noisy,jump,0.05,0.0,1.0,0,500,SGD,1030,20,5.0,0.0005569346515768414,0.0006766720224790426,0.02829790911410542,,9.0
jump_noisy,jump,0.05,0.0,1.0,0,500,HeavyBall,1030,20,5.0,0.005287330269752533,0.006253268732432735,0.0875516121312241,,4.0
jump_noisy,jump,0.05,0.0,1.0,0,500,Nesterov,1030,20,5.0,0.0032445176220693528,0.0036113020016706526,0.06831483079799697,,3.0
jump_noisy,jump,0.05,0.0,1.0,0,500,Adam,1030,20,5.0,0.0017581030709515162,0.002133931805785867,0.05165371963777122,,15.0
jump_noisy,jump,0.05,0.0,1.0,0,500,AMSGrad,1030,20,5.0,0.0015322898018920322,0.0018485027535006936,0.04857880703371563,,15.0
cyclic_slow,cyclic,0.02,0.0,1.0,400,0,SGD,1001,20,5.0,0.00898952336298917,0.00937228755908215,0.13225895431660079,8.0,
cyclic_slow,cyclic,0.02,0.0,1.0,400,0,HeavyBall,1001,20,5.0,0.0009349362614927112,0.001177051152600206,0.036241785152234654,1.0,
cyclic_slow,cyclic,0.02,0.0,1.0,400,0,Nesterov,1001,20,5.0,0.0005960608282251101,0.0006882604805081166,0.029501231099021523,1.0,
cyclic_slow,cyclic,0.02,0.0,1.0,400,0,Adam,1001,20,5.0,0.0012599783076472858,0.00156185228411657,0.04197935507433265,1.0,
cyclic_slow,cyclic,0.02,0.0,1.0,400,0,AMSGrad,1001,20,5.0,0.001062477167298373,0.001138647343336093,0.04367549038723217,2.0,
cyclic_slow,cyclic,0.02,0.0,1.0,400,0,SGD,1002,20,5.0,0.00902066638507419,0.009381342137932625,0.13253051151320136,8.0,
cyclic_slow,cyclic,0.02,0.0,1.0,400,0,HeavyBall,1002,20,5.0,0.0008910663010985066,0.0010798907125142648,0.03695989770470147,1.0,
cyclic_slow,cyclic,0.02,0.0,1.0,400,0,Nesterov,1002,20,5.0,0.0005940604146394021,0.0006774381295052284,0.030362319298197184,1.0,
cyclic_slow,cyclic,0.02,0.0,1.0,400,0,Adam,1002,20,5.0,0.0012209405410068765,0.0014812545452676435,0.04251069701391587,1.0,
cyclic_slow,cyclic,0.02,0.0,1.0,400,0,AMSGrad,1002,20,5.0,0.0011405640263166777,0.0012257513711564083,0.04439566203498288,2.0,
cyclic_slow,cyclic,0.02,0.0,1.0,400,0,SGD,1003,20,5.0,0.009198083386876492,0.009604267151402224,0.1322698501130509,8.0,
cyclic_slow,cyclic,0.02,0.0,1.0,400,0,HeavyBall,1003,20,5.0,0.0009084827858369338,0.001078880317453222,0.03687552862114772,1.0,
cyclic_slow,cyclic,0.02,0.0,1.0,400,0,Nesterov,1003,20,5.0,0.0006013357304502399,0.0006748462116741304,0.03088543512258709,1.0,
cyclic_slow,cyclic,0.02,0.0,1.0,400,0,Adam,1003,20,5.0,0.0011780832711329862,0.0014209017931368804,0.041424521022494325,1.0,
cyclic_slow,cyclic,0.02,0.0,1.0,400,0,AMSGrad,1003,20,5.0,0.0013427713213748776,0.0013838112655441188,0.04869511397482586,2.0,
cyclic_slow,cyclic,0.02,0.0,1.0,400,0,SGD,1004,20,5.0,0.009225851514099142,0.009536074257977324,0.13302514350023556,8.0,
cyclic_slow,cyclic,0.02,0.0,1.0,400,0,HeavyBall,1004,20,5.0,0.0009611514104977165,0.001131154582072568,0.03857410459399148,1.0,
cyclic_slow,cyclic,0.02,0.0,1.0,400,0,Nesterov,1004,20,5.0,0.00063956737192222,0.0007073871495293767,0.03216071315478077,1.0,
cyclic_slow,cyclic,0.02,0.0,1.0,400,0,Adam,1004,20,5.0,0.0012749592462127307,0.0015171735663717296,0.043878530037405744,1.0,
cyclic_slow,cyclic,0.02,0.0,1.0,400,0,AMSGrad,1004,20,5.0,0.0009932427995545797,0.0011592832157509966,0.04025991279317888,2.0,
cyclic_slow,cyclic,0.02,0.0,1.0,400,0,SGD,1005,20,5.0,0.009032979307155086,0.009439000739821145,0.1331176827977888,8.0,
cyclic_slow,cyclic,0.02,0.0,1.0,400,0,HeavyBall,1005,20,5.0,0.0009073809709898685,0.0010744050762469142,0.03699107735407605,1.0,
cyclic_slow,cyclic,0.02,0.0,1.0,400,0,Nesterov,1005,20,5.0,0.0006089113828242857,0.0006850092467811528,0.031363294967803934,1.0,
cyclic_slow,cyclic,0.02,0.0,1.0,400,0,Adam,1005,20,5.0,0.0011789262664587072,0.0014108508771960217,0.0423058095598015,1.0,
cyclic_slow,cyclic,0.02,0.0,1.0,400,0,AMSGrad,1005,20,5.0,0.000987531974959107,0.0011897937198636244,0.04143815708098177,2.0,
cyclic_slow,cyclic,0.02,0.0,1.0,400,0,SGD,1006,20,5.0,0.009217888986671008,0.009474045779758068,0.1324631801616724,8.0,
cyclic_slow,cyclic,0.02,0.0,1.0,400,0,HeavyBall,1006,20,5.0,0.0009971358188845553,0.0011589249089769549,0.03863250258140497,1.0,
cyclic_slow,cyclic,0.02,0.0,1.0,400,0,Nesterov,1006,20,5.0,0.000659675792902582,0.0007145346695416299,0.03141592242713889,1.0,
cyclic_slow,cyclic,0.02,0.0,1.0,400,0,Adam,1006,20,5.0,0.0012756327523119695,0.0015321453704177856,0.04329468991487856,1.0,
cyclic_slow,cyclic,0.02,0.0,1.0,400,0,AMSGrad,1006,20,5.0,0.00096190858299098,0.0010905512463760842,0.04030827921962885,2.0,
cyclic_slow,cyclic,0.02,0.0,1.0,400,0,SGD,1007,20,5.0,0.008891625270164197,0.00932861807243705,0.1319508588206422,8.0,
cyclic_slow,cyclic,0.02,0.0,1.0,400,0,HeavyBall,1007,20,5.0,0.0008870100088793914,0.0010997571462525925,0.035275154236715636,1.0,
cyclic_slow,cyclic,0.02,0.0,1.0,400,0,Nesterov,1007,20,5.0,0.0005717193543630901,0.0006589457633414015,0.028798501091338986,1.0,
cyclic_slow,cyclic,0.02,0.0,1.0,400,0,Adam,1007,20,5.0,0.001112438922398114,0.0013590518640830692,0.039891630620664045,1.0,
cyclic_slow,cyclic,0.02,0.0,1.0,400,0,AMSGrad,1007,20,5.0,0.0012416763237984429,0.0014079587942464771,0.04474614185737231,2.0,
cyclic_slow,cyclic,0.02,0.0,1.0,400,0,SGD,1008,20,5.0,0.009254702545987545,0.009557493268440015,0.13375319175158867,8.0,
cyclic_slow,cyclic,0.02,0.0,1.0,400,0,HeavyBall,1008,20,5.0,0.0009599285609858003,0.0011394009324577168,0.03776613612767786,1.0,
cyclic_slow,cyclic,0.02,0.0,1.0,400,0,Nesterov,1008,20,5.0,0.000639595013320644,0.0007082977903485199,0.031239304754522502,1.0,
cyclic_slow,cyclic,0.02,0.0,1.0,400,0,Adam,1008,20,5.0,0.0012114551832856546,0.001531529894301256,0.04134952604914037,1.0,
cyclic_slow,cyclic,0.02,0.0,1.0,400,0,AMSGrad,1008,20,5.0,0.0011866086923076934,0.0012720469519234045,0.04502057712373246,2.0,
cyclic_slow,cyclic,0.02,0.0,1.0,400,0,SGD,1009,20,5.0,0.009002873443311726,0.009323700150638863,0.13142524099730854,8.0,
cyclic_slow,cyclic,0.02,0.0,1.0,400,0,HeavyBall,1009,20,5.0,0.0009476254685074738,0.0011530379282234057,0.03802868784137342,1.0,
cyclic_slow,cyclic,0.02,0.0,1.0,400,0,Nesterov,1009,20,5.0,0.000595174389746158,0.0006838537236356934,0.030464204954472846,1.0,
cyclic_slow,cyclic,0.02,0.0,1.0,400,0,Adam,1009,20,5.0,0.0012960745532827926,0.0015910454346198123,0.04390888734674629,1.0,
cyclic_slow,cyclic,0.02,0.0,1.0,400,0,AMSGrad,1009,20,5.0,0.001041130971183648,0.001134708443851401,0.04241846351766463,2.0,
cyclic_slow,cyclic,0.02,0.0,1.0,400,0,SGD,1010,20,5.0,0.00892274237857827,0.009308621288312334,0.13057692045195973,8.0,
cyclic_slow,cyclic,0.02,0.0,1.0,400,0,HeavyBall,1010,20,5.0,0.0008708945500544327,0.0010552659052318438,0.03679347209657758,1.0,
cyclic_slow,cyclic,0.02,0.0,1.0,400,0,Nesterov,1010,20,5.0,0.0005857452326673698,0.0006596404831402208,0.030428213201835037,1.0,
cyclic_slow,cyclic,0.02,0.0,1.0,400,0,Adam,1010,20,5.0,0.0011606464192458112,0.001382862043477041,0.04072958910761647,1.0,
cyclic_slow,cyclic,0.02,0.0,1.0,400,0,AMSGrad,1010,20,5.0,0.0011389762475102223,0.0012548942684268676,0.0433568206695713,2.0,
cyclic_slow,cyclic,0.02,0.0,1.0,400,0,SGD,1011,20,5.0,0.008941957598830015,0.009349945303296884,0.13237479244958902,8.0,
cyclic_slow,cyclic,0.02,0.0,1.0,400,0,HeavyBall,1011,20,5.0,0.0009471200393575698,0.0011024743860304454,0.03639603288767711,1.0,
cyclic_slow,cyclic,0.02,0.0,1.0,400,0,Nesterov,1011,20,5.0,0.0006123748649029144,0.0006737927897257378,0.02983316778258556,1.0,
cyclic_slow,cyclic,0.02,0.0,1.0,400,0,Adam,1011,20,5.0,0.0012451109671129963,0.0014631987606656338,0.0420877380876228,1.0,
cyclic_slow,cyclic,0.02,0.0,1.0,400,0,AMSGrad,1011,20,5.0,0.000990996236138981,0.0010952281281664809,0.04171995936932471,2.0,
cyclic_slow,cyclic,0.02,0.0,1.0,400,0,SGD,1012,20,5.0,0.009151767981002524,0.00944414412517264,0.1309687862132721,8.0,
cyclic_slow,cyclic,0.02,0.0,1.0,400,0,HeavyBall,1012,20,5.0,0.0009956777168463999,0.0012049835557211123,0.039053659059378784,1.0,
cyclic_slow,cyclic,0.02,0.0,1.0,400,0,Nesterov,1012,20,5.0,0.0006301875011838748,0.0007075966976629755,0.031633945229255285,1.0,
cyclic_slow,cyclic,0.02,0.0,1.0,400,0,Adam,1012,20,5.0,0.0012543269145573333,0.0015135469397539428,0.04394554384975267,1.0,
cyclic_slow,cyclic,0.02,0.0,1.0,400,0,AMSGrad,1012,20,5.0,0.0010094724054000098,0.0011668118791723834,0.040366721770882234,2.0,
cyclic_slow,cyclic,0.02,0.0,1.0,400,0,SGD,1013,20,5.0,0.009108334751101354,0.009450887088555671,0.13259479080350725,8.0,
cyclic_slow,cyclic,0.02,0.0,1.0,400,0,HeavyBall,1013,20,5.0,0.00099530699213052,0.0011794095150448342,0.038556692011410675,1.0,
cyclic_slow,cyclic,0.02,0.0,1.0,400,0,Nesterov,1013,20,5.0,0.0006436685388053898,0.0007039995705403966,0.03143727616808338,1.0,
cyclic_slow,cyclic,0.02,0.0,1.0,400,0,Adam,1013,20,5.0,0.0013185864972673161,0.001563271691652957,0.04569413742937306,1.0,
cyclic_slow,cyclic,0.02,0.0,1.0,400,0,AMSGrad,1013,20,5.0,0.0010206031376846984,0.0012072191877935611,0.039917635741663,2.0,
cyclic_slow,cyclic,0.02,0.0,1.0,400,0,SGD,1014,20,5.0,0.00910471531087714,0.00946312852471372,0.13207942525710978,8.0,
cyclic_slow,cyclic,0.02,0.0,1.0,400,0,HeavyBall,1014,20,5.0,0.0009357366041550223,0.0010837757203657247,0.0364811977760991,1.0,
cyclic_slow,cyclic,0.02,0.0,1.0,400,0,Nesterov,1014,20,5.0,0.0006234470713670059,0.000677693069985525,0.030332877461902465,1.0,
cyclic_slow,cyclic,0.02,0.0,1.0,400,0,Adam,1014,20,5.0,0.001215706176310277,0.0014292641236977194,0.042954008919118776,1.0,
cyclic_slow,cyclic,0.02,0.0,1.0,400,0,AMSGrad,1014,20,5.0,0.001063382872279264,0.0012102455752057816,0.04088175494416062,2.0,
cyclic_slow,cyclic,0.02,0.0,1.0,400,0,SGD,1015,20,5.0,0.009165005545687353,0.009546869656214629,0.13301382335405484,8.0,
cyclic_slow,cyclic,0.02,0.0,1.0,400,0,HeavyBall,1015,20,5.0,0.0009437030864675055,0.0011497056433540642,0.03684324721726458,1.0,
cyclic_slow,cyclic,0.02,0.0,1.0,400,0,Nesterov,1015,20,5.0,0.0006198635819355052,0.0007066268572508505,0.029972528074711628,1.0,
cyclic_slow,cyclic,0.02,0.0,1.0,400,0,Adam,1015,20,5.0,0.0012062228351390496,0.001506848298854473,0.04197130804564457,1.0,
cyclic_slow,cyclic,0.02,0.0,1.0,400,0,AMSGrad,1015,20,5.0,0.0014329174996223892,0.0015324603444075364,0.05002310675956128,2.0,
cyclic_slow,cyclic,0.02,0.0,1.0,400,0,SGD,1016,20,5.0,0.009150354776740123,0.009497002729846372,0.13115701072531485,8.0,
cyclic_slow,cyclic,0.02,0.0,1.0,400,0,HeavyBall,1016,20,5.0,0.0009952273561923452,0.0011670786019337379,0.037839404532688595,1.0,
cyclic_slow,cyclic,0.02,0.0,1.0,400,0,Nesterov,1016,20,5.0,0.0006401106462633483,0.0007058206748864488,0.031231318397614474,1.0,
cyclic_slow,cyclic,0.02,0.0,1.0,400,0,Adam,1016,20,5.0,0.0012930358465190188,0.0015275129670942738,0.042347661164417384,1.0,
cyclic_slow,cyclic,0.02,0.0,1.0,400,0,AMSGrad,1016,20,5.0,0.001225086012692866,0.0012301488732745574,0.045435386382271035,2.0,
cyclic_slow,cyclic,0.02,0.0,1.0,400,0,SGD,1017,20,5.0,0.009145177197780002,0.009528250728823387,0.13221125935522074,8.0,
cyclic_slow,cyclic,0.02,0.0,1.0,400,0,HeavyBall,1017,20,5.0,0.0008758967920749105,0.0010977992352653057,0.035642967648860394,1.0,
cyclic_slow,cyclic,0.02,0.0,1.0,400,0,Nesterov,1017,20,5.0,0.000575299355179303,0.0006621385815953078,0.02917744507640712,1.0,
cyclic_slow,cyclic,0.02,0.0,1.0,400,0,Adam,1017,20,5.0,0.0011589891422207248,0.0014570386954802835,0.04138346141514141,1.0,
cyclic_slow,cyclic,0.02,0.0,1.0,400,0,AMSGrad,1017,20,5.0,0.0010517996714493275,0.0012621524272064223,0.04079211023932268,2.0,
cyclic_slow,cyclic,0.02,0.0,1.0,400,0,SGD,1018,20,5.0,0.008960048444961972,0.009359723275746109,0.13048982582054955,8.0,
cyclic_slow,cyclic,0.02,0.0,1.0,400,0,HeavyBall,1018,20,5.0,0.0009793424448061461,0.0011616081045165852,0.03809491301799985,1.0,
cyclic_slow,cyclic,0.02,0.0,1.0,400,0,Nesterov,1018,20,5.0,0.0006391748742762524,0.000707433402418045,0.031061787766206484,1.0,
cyclic_slow,cyclic,0.02,0.0,1.0,400,0,Adam,1018,20,5.0,0.0013376897396119233,0.001584747342973536,0.044411988694327206,1.0,
cyclic_slow,cyclic,0.02,0.0,1.0,400,0,AMSGrad,1018,20,5.0,0.000973377545892152,0.0011126223052213204,0.03986097813608681,2.0,
cyclic_slow,cyclic,0.02,0.0,1.0,400,0,SGD,1019,20,5.0,0.009049908843356429,0.009390302362577223,0.13152149725992549,8.0,
cyclic_slow,cyclic,0.02,0.0,1.0,400,0,HeavyBall,1019,20,5.0,0.0008808902657759959,0.0010524457676239067,0.037661063761326025,1.0,
cyclic_slow,cyclic,0.02,0.0,1.0,400,0,Nesterov,1019,20,5.0,0.0005767079453081821,0.0006441097221378009,0.031151512916215582,1.0,
cyclic_slow,cyclic,0.02,0.0,1.0,400,0,Adam,1019,20,5.0,0.0011380817527678689,0.0013438256807133668,0.041506140080139205,1.0,
cyclic_slow,cyclic,0.02,0.0,1.0,400,0,AMSGrad,1019,20,5.0,0.0015781855730182973,0.0015941298360160599,0.05467494915085748,3.0,
cyclic_slow,cyclic,0.02,0.0,1.0,400,0,SGD,1020,20,5.0,0.00919200513336263,0.009513934365887766,0.1329106191860241,8.0,
cyclic_slow,cyclic,0.02,0.0,1.0,400,0,HeavyBall,1020,20,5.0,0.0008912859409696039,0.0010559706865574127,0.03609655690364376,1.0,
cyclic_slow,cyclic,0.02,0.0,1.0,400,0,Nesterov,1020,20,5.0,0.0005964491867283873,0.0006708377469234635,0.030239560259994466,1.0,
cyclic_slow,cyclic,0.02,0.0,1.0,400,0,Adam,1020,20,5.0,0.00126136035254184,0.0014774841973383386,0.043606492935366836,1.0,
cyclic_slow,cyclic,0.02,0.0,1.0,400,0,AMSGrad,1020,20,5.0,0.000959302099628391,0.0010830960989131292,0.04064041492614417,2.0,
cyclic_slow,cyclic,0.02,0.0,1.0,400,0,SGD,1021,20,5.0,0.009252331042537998,0.009544620199552373,0.1323890370131276,8.0,
cyclic_slow,cyclic,0.02,0.0,1.0,400,0,HeavyBall,1021,20,5.0,0.0009393331461410878,0.0011675948469263456,0.03676461173776893,1.0,
cyclic_slow,cyclic,0.02,0.0,1.0,400,0,Nesterov,1021,20,5.0,0.0005989449346728082,0.000687249476997514,0.029643286936312994,1.0,
cyclic_slow,cyclic,0.02,0.0,1.0,400,0,Adam,1021,20,5.0,0.0011874061717348735,0.0015041869692672585,0.040785524588205245,1.0,
cyclic_slow,cyclic,0.02,0.0,1.0,400,0,AMSGrad,1021,20,5.0,0.0012571425702879691,0.0012930471955528797,0.04561844869359788,2.0,
cyclic_slow,cyclic,0.02,0.0,1.0,400,0,SGD,1022,20,5.0,0.00904425376244144,0.009454520651217196,0.1312267107087154,8.0,
cyclic_slow,cyclic,0.02,0.0,1.0,400,0,HeavyBall,1022,20,5.0,0.0009994542118667168,0.001244164048925073,0.03835629167751324,1.0,
cyclic_slow,cyclic,0.02,0.0,1.0,400,0,Nesterov,1022,20,5.0,0.0006331194065959115,0.0007228684033594897,0.031249570817260663,1.0,
cyclic_slow,cyclic,0.02,0.0,1.0,400,0,Adam,1022,20,5.0,0.0012782304534259053,0.0016207879957794184,0.04283474216312681,1.0,
cyclic_slow,cyclic,0.02,0.0,1.0,400,0,AMSGrad,1022,20,5.0,0.0010154006228964842,0.0011363877010864046,0.04041395559451048,2.0,
cyclic_slow,cyclic,0.02,0.0,1.0,400,0,SGD,1023,20,5.0,0.009190112237235504,0.009473178504228318,0.13206537805409546,8.0,
cyclic_slow,cyclic,0.02,0.0,1.0,400,0,HeavyBall,1023,20,5.0,0.0009466188035564377,0.0011310032939192115,0.036587204854425494,1.0,
cyclic_slow,cyclic,0.02,0.0,1.0,400,0,Nesterov,1023,20,5.0,0.0006310100776047368,0.0006925316739300239,0.030378559072124178,1.0,
cyclic_slow,cyclic,0.02,0.0,1.0,400,0,Adam,1023,20,5.0,0.0012407635169822565,0.0015340954482292268,0.04276316075828865,1.0,
cyclic_slow,cyclic,0.02,0.0,1.0,400,0,AMSGrad,1023,20,5.0,0.0010392408988871484,0.0011799975695847315,0.04165193469573861,2.0,
cyclic_slow,cyclic,0.02,0.0,1.0,400,0,SGD,1024,20,5.0,0.009061265134532072,0.009440307116596333,0.13220884006169273,8.0,
cyclic_slow,cyclic,0.02,0.0,1.0,400,0,HeavyBall,1024,20,5.0,0.0011151633343988747,0.0012617566439559308,0.04090061986278895,1.0,
cyclic_slow,cyclic,0.02,0.0,1.0,400,0,Nesterov,1024,20,5.0,0.0007067256928748084,0.0007570193141751029,0.03361184025584222,1.0,
cyclic_slow,cyclic,0.02,0.0,1.0,400,0,Adam,1024,20,5.0,0.0013237452981452956,0.0015694609203023872,0.04350626900630959,1.0,
cyclic_slow,cyclic,0.02,0.0,1.0,400,0,AMSGrad,1024,20,5.0,0.001237470703094273,0.0014060566527836868,0.04560844511601021,2.0,
cyclic_slow,cyclic,0.02,0.0,1.0,400,0,SGD,1025,20,5.0,0.009038495154594036,0.009412429943583465,0.13195656867769778,8.0,
cyclic_slow,cyclic,0.02,0.0,1.0,400,0,HeavyBall,1025,20,5.0,0.0009179638387366973,0.0011441228376210207,0.0366342325890909,1.0,
cyclic_slow,cyclic,0.02,0.0,1.0,400,0,Nesterov,1025,20,5.0,0.0005865484189063856,0.0006727686033194569,0.029969917605755205,1.0,
cyclic_slow,cyclic,0.02,0.0,1.0,400,0,Adam,1025,20,5.0,0.0011248502493919807,0.0014005457940477683,0.0413783910421036,1.0,
cyclic_slow,cyclic,0.02,0.0,1.0,400,0,AMSGrad,1025,20,5.0,0.0007303309833078552,0.0009274109552513196,0.032948680951023386,1.0,
cyclic_slow,cyclic,0.02,0.0,1.0,400,0,SGD,1026,20,5.0,0.008960875177282843,0.009336795257640917,0.1318653974878351,8.0,
cyclic_slow,cyclic,0.02,0.0,1.0,400,0,HeavyBall,1026,20,5.0,0.0008994365092404737,0.0011322032120322303,0.03756227171943088,1.0,
cyclic_slow,cyclic,0.02,0.0,1.0,400,0,Nesterov,1026,20,5.0,0.0005813379361607561,0.0006809174523652858,0.029730749598509958,1.0,
cyclic_slow,cyclic,0.02,0.0,1.0,400,0,Adam,1026,20,5.0,0.0011993418033510918,0.0015170987646497775,0.04125323354993169,1.0,
cyclic_slow,cyclic,0.02,0.0,1.0,400,0,AMSGrad,1026,20,5.0,0.0010325465541087383,0.0011812445604008925,0.04210660407616772,2.0,
cyclic_slow,cyclic,0.02,0.0,1.0,400,0,SGD,1027,20,5.0,0.009298385092376831,0.009626547421155818,0.1323217848757028,8.0,
cyclic_slow,cyclic,0.02,0.0,1.0,400,0,HeavyBall,1027,20,5.0,0.0009121745945569188,0.0011012855239388682,0.037662814570258954,1.0,
cyclic_slow,cyclic,0.02,0.0,1.0,400,0,Nesterov,1027,20,5.0,0.0006214556210985197,0.0006929939243321577,0.03153477513844985,1.0,
cyclic_slow,cyclic,0.02,0.0,1.0,400,0,Adam,1027,20,5.0,0.0012045351597203767,0.0014576629596330588,0.04297928349619002,1.0,
cyclic_slow,cyclic,0.02,0.0,1.0,400,0,AMSGrad,1027,20,5.0,0.001510905321473298,0.0015687431357862022,0.050325364747688214,3.0,
cyclic_slow,cyclic,0.02,0.0,1.0,400,0,SGD,1028,20,5.0,0.008889013578497583,0.009266619649908632,0.13064976096439337,8.0,
cyclic_slow,cyclic,0.02,0.0,1.0,400,0,HeavyBall,1028,20,5.0,0.0008554256914480682,0.0010731561140950433,0.0341818825195682,1.0,
cyclic_slow,cyclic,0.02,0.0,1.0,400,0,Nesterov,1028,20,5.0,0.000544843116659452,0.0006396486339720468,0.027850074173800275,1.0,
cyclic_slow,cyclic,0.02,0.0,1.0,400,0,Adam,1028,20,5.0,0.0010990435197690668,0.0013944882675156517,0.039110444070501446,1.0,
cyclic_slow,cyclic,0.02,0.0,1.0,400,0,AMSGrad,1028,20,5.0,0.0011538974348175605,0.001247693528583788,0.044631911189174235,2.0,
cyclic_slow,cyclic,0.02,0.0,1.0,400,0,SGD,1029,20,5.0,0.009264701454829202,0.009593632053598547,0.13179465957194042,8.0,
cyclic_slow,cyclic,0.02,0.0,1.0,400,0,HeavyBall,1029,20,5.0,0.0010345237000368177,0.0011578550630061142,0.03903391938604836,1.0,
cyclic_slow,cyclic,0.02,0.0,1.0,400,0,Nesterov,1029,20,5.0,0.0006826810488509574,0.0007266755983705356,0.03159333372441567,1.0,
cyclic_slow,cyclic,0.02,0.0,1.0,400,0,Adam,1029,20,5.0,0.0012555426979235008,0.0014434841059942076,0.042685009408586605,1.0,
cyclic_slow,cyclic,0.02,0.0,1.0,400,0,AMSGrad,1029,20,5.0,0.0010645786084004009,0.0012255973351608428,0.041324560515944256,2.0,
cyclic_slow,cyclic,0.02,0.0,1.0,400,0,SGD,1030,20,5.0,0.009313155147580948,0.009620755776016145,0.13440032256959691,8.0,
cyclic_slow,cyclic,0.02,0.0,1.0,400,0,HeavyBall,1030,20,5.0,0.001036477527942772,0.0012117596117550012,0.03991211347893439,1.0,
cyclic_slow,cyclic,0.02,0.0,1.0,400,0,Nesterov,1030,20,5.0,0.0006775359734819047,0.0007398827653485678,0.032616903781034615,1.0,
cyclic_slow,cyclic,0.02,0.0,1.0,400,0,Adam,1030,20,5.0,0.0013608642343316002,0.0016483488687198183,0.044467640247538305,1.0,
cyclic_slow,cyclic,0.02,0.0,1.0,400,0,AMSGrad,1030,20,5.0,0.0010559440859361931,0.0011690439315846985,0.042628362868468675,2.0,
jump_clean,jump,0.0,0.0,1.0,0,400,SGD,1001,20,5.0,0.0416604826360994,0.05425944103827465,0.06319001667107138,,14.0
jump_clean,jump,0.0,0.0,1.0,0,400,HeavyBall,1001,20,5.0,0.05342951476691282,0.08232102075122238,0.16032182228285857,,24.0
jump_clean,jump,0.0,0.0,1.0,0,400,Nesterov,1001,20,5.0,0.025295767372860677,0.035952239698284,0.018631194940899484,,11.0
jump_clean,jump,0.0,0.0,1.0,0,400,Adam,1001,20,5.0,0.06965047278235742,0.09719813514787531,0.1958997846147998,,26.5
jump_clean,jump,0.0,0.0,1.0,0,400,AMSGrad,1001,20,5.0,0.06721962421975004,0.0950217004075908,0.19262060147240712,,26.5
jump_clean,jump,0.0,0.0,1.0,0,400,SGD,1002,20,5.0,0.0416604826360994,0.05425944103827465,0.06319001667107138,,14.0
jump_clean,jump,0.0,0.0,1.0,0,400,HeavyBall,1002,20,5.0,0.05342951476691282,0.08232102075122238,0.16032182228285857,,24.0
jump_clean,jump,0.0,0.0,1.0,0,400,Nesterov,1002,20,5.0,0.025295767372860677,0.035952239698284,0.018631194940899484,,11.0
jump_clean,jump,0.0,0.0,1.0,0,400,Adam,1002,20,5.0,0.06965047278235742,0.09719813514787531,0.1958997846147998,,26.5
jump_clean,jump,0.0,0.0,1.0,0,400,AMSGrad,1002,20,5.0,0.06721962421975004,0.0950217004075908,0.19262060147240712,,26.5
jump_clean,jump,0.0,0.0,1.0,0,400,SGD,1003,20,5.0,0.0416604826360994,0.05425944103827465,0.06319001667107138,,14.0
jump_clean,jump,0.0,0.0,1.0,0,400,HeavyBall,1003,20,5.0,0.05342951476691282,0.08232102075122238,0.16032182228285857,,24.0
jump_clean,jump,0.0,0.0,1.0,0,400,Nesterov,1003,20,5.0,0.025295767372860677,0.035952239698284,0.018631194940899484,,11.0
jump_clean,jump,0.0,0.0,1.0,0,400,Adam,1003,20,5.0,0.06965047278235742,0.09719813514787531,0.1958997846147998,,26.5
jump_clean,jump,0.0,0.0,1.0,0,400,AMSGrad,1003,20,5.0,0.06721962421975004,0.0950217004075908,0.19262060147240712,,26.5
jump_clean,jump,0.0,0.0,1.0,0,400,SGD,1004,20,5.0,0.0416604826360994,0.05425944103827465,0.06319001667107138,,14.0
jump_clean,jump,0.0,0.0,1.0,0,400,HeavyBall,1004,20,5.0,0.05342951476691282,0.08232102075122238,0.16032182228285857,,24.0
jump_clean,jump,0.0,0.0,1.0,0,400,Nesterov,1004,20,5.0,0.025295767372860677,0.035952239698284,0.018631194940899484,,11.0
jump_clean,jump,0.0,0.0,1.0,0,400,Adam,1004,20,5.0,0.06965047278235742,0.09719813514787531,0.1958997846147998,,26.5
jump_clean,jump,0.0,0.0,1.0,0,400,AMSGrad,1004,20,5.0,0.06721962421975004,0.0950217004075908,0.19262060147240712,,26.5
jump_clean,jump,0.0,0.0,1.0,0,400,SGD,1005,20,5.0,0.0416604826360994,0.05425944103827465,0.06319001667107138,,14.0
jump_clean,jump,0.0,0.0,1.0,0,400,HeavyBall,1005,20,5.0,0.05342951476691282,0.08232102075122238,0.16032182228285857,,24.0
jump_clean,jump,0.0,0.0,1.0,0,400,Nesterov,1005,20,5.0,0.025295767372860677,0.035952239698284,0.018631194940899484,,11.0
jump_clean,jump,0.0,0.0,1.0,0,400,Adam,1005,20,5.0,0.06965047278235742,0.09719813514787531,0.1958997846147998,,26.5
jump_clean,jump,0.0,0.0,1.0,0,400,AMSGrad,1005,20,5.0,0.06721962421975004,0.0950217004075908,0.19262060147240712,,26.5
jump_clean,jump,0.0,0.0,1.0,0,400,SGD,1006,20,5.0,0.0416604826360994,0.05425944103827465,0.06319001667107138,,14.0
jump_clean,jump,0.0,0.0,1.0,0,400,HeavyBall,1006,20,5.0,0.05342951476691282,0.08232102075122238,0.16032182228285857,,24.0
jump_clean,jump,0.0,0.0,1.0,0,400,Nesterov,1006,20,5.0,0.025295767372860677,0.035952239698284,0.018631194940899484,,11.0
jump_clean,jump,0.0,0.0,1.0,0,400,Adam,1006,20,5.0,0.06965047278235742,0.09719813514787531,0.1958997846147998,,26.5
jump_clean,jump,0.0,0.0,1.0,0,400,AMSGrad,1006,20,5.0,0.06721962421975004,0.0950217004075908,0.19262060147240712,,26.5
jump_clean,jump,0.0,0.0,1.0,0,400,SGD,1007,20,5.0,0.0416604826360994,0.05425944103827465,0.06319001667107138,,14.0
jump_clean,jump,0.0,0.0,1.0,0,400,HeavyBall,1007,20,5.0,0.05342951476691282,0.08232102075122238,0.16032182228285857,,24.0
jump_clean,jump,0.0,0.0,1.0,0,400,Nesterov,1007,20,5.0,0.025295767372860677,0.035952239698284,0.018631194940899484,,11.0
jump_clean,jump,0.0,0.0,1.0,0,400,Adam,1007,20,5.0,0.06965047278235742,0.09719813514787531,0.1958997846147998,,26.5
jump_clean,jump,0.0,0.0,1.0,0,400,AMSGrad,1007,20,5.0,0.06721962421975004,0.0950217004075908,0.19262060147240712,,26.5
jump_clean,jump,0.0,0.0,1.0,0,400,SGD,1008,20,5.0,0.0416604826360994,0.05425944103827465,0.06319001667107138,,14.0
jump_clean,jump,0.0,0.0,1.0,0,400,HeavyBall,1008,20,5.0,0.05342951476691282,0.08232102075122238,0.16032182228285857,,24.0
jump_clean,jump,0.0,0.0,1.0,0,400,Nesterov,1008,20,5.0,0.025295767372860677,0.035952239698284,0.018631194940899484,,11.0
jump_clean,jump,0.0,0.0,1.0,0,400,Adam,1008,20,5.0,0.06965047278235742,0.09719813514787531,0.1958997846147998,,26.5
jump_clean,jump,0.0,0.0,1.0,0,400,AMSGrad,1008,20,5.0,0.06721962421975004,0.0950217004075908,0.19262060147240712,,26.5
jump_clean,jump,0.0,0.0,1.0,0,400,SGD,1009,20,5.0,0.0416604826360994,0.05425944103827465,0.06319001667107138,,14.0
jump_clean,jump,0.0,0.0,1.0,0,400,HeavyBall,1009,20,5.0,0.05342951476691282,0.08232102075122238,0.16032182228285857,,24.0
jump_clean,jump,0.0,0.0,1.0,0,400,Nesterov,1009,20,5.0,0.025295767372860677,0.035952239698284,0.018631194940899484,,11.0
jump_clean,jump,0.0,0.0,1.0,0,400,Adam,1009,20,5.0,0.06965047278235742,0.09719813514787531,0.1958997846147998,,26.5
jump_clean,jump,0.0,0.0,1.0,0,400,AMSGrad,1009,20,5.0,0.06721962421975004,0.0950217004075908,0.19262060147240712,,26.5
jump_clean,jump,0.0,0.0,1.0,0,400,SGD,1010,20,5.0,0.0416604826360994,0.05425944103827465,0.06319001667107138,,14.0
jump_clean,jump,0.0,0.0,1.0,0,400,HeavyBall,1010,20,5.0,0.05342951476691282,0.08232102075122238,0.16032182228285857,,24.0
jump_clean,jump,0.0,0.0,1.0,0,400,Nesterov,1010,20,5.0,0.025295767372860677,0.035952239698284,0.018631194940899484,,11.0
jump_clean,jump,0.0,0.0,1.0,0,400,Adam,1010,20,5.0,0.06965047278235742,0.09719813514787531,0.1958997846147998,,26.5
jump_clean,jump,0.0,0.0,1.0,0,400,AMSGrad,1010,20,5.0,0.06721962421975004,0.0950217004075908,0.19262060147240712,,26.5
jump_clean,jump,0.0,0.0,1.0,0,400,SGD,1011,20,5.0,0.0416604826360994,0.05425944103827465,0.06319001667107138,,14.0
jump_clean,jump,0.0,0.0,1.0,0,400,HeavyBall,1011,20,5.0,0.05342951476691282,0.08232102075122238,0.16032182228285857,,24.0
jump_clean,jump,0.0,0.0,1.0,0,400,Nesterov,1011,20,5.0,0.025295767372860677,0.035952239698284,0.018631194940899484,,11.0
jump_clean,jump,0.0,0.0,1.0,0,400,Adam,1011,20,5.0,0.06965047278235742,0.09719813514787531,0.1958997846147998,,26.5
jump_clean,jump,0.0,0.0,1.0,0,400,AMSGrad,1011,20,5.0,0.06721962421975004,0.0950217004075908,0.19262060147240712,,26.5
jump_clean,jump,0.0,0.0,1.0,0,400,SGD,1012,20,5.0,0.0416604826360994,0.05425944103827465,0.06319001667107138,,14.0
jump_clean,jump,0.0,0.0,1.0,0,400,HeavyBall,1012,20,5.0,0.05342951476691282,0.08232102075122238,0.16032182228285857,,24.0
jump_clean,jump,0.0,0.0,1.0,0,400,Nesterov,1012,20,5.0,0.025295767372860677,0.035952239698284,0.018631194940899484,,11.0
jump_clean,jump,0.0,0.0,1.0,0,400,Adam,1012,20,5.0,0.06965047278235742,0.09719813514787531,0.1958997846147998,,26.5
jump_clean,jump,0.0,0.0,1.0,0,400,AMSGrad,1012,20,5.0,0.06721962421975004,0.0950217004075908,0.19262060147240712,,26.5
jump_clean,jump,0.0,0.0,1.0,0,400,SGD,1013,20,5.0,0.0416604826360994,0.05425944103827465,0.06319001667107138,,14.0
jump_clean,jump,0.0,0.0,1.0,0,400,HeavyBall,1013,20,5.0,0.05342951476691282,0.08232102075122238,0.16032182228285857,,24.0
jump_clean,jump,0.0,0.0,1.0,0,400,Nesterov,1013,20,5.0,0.025295767372860677,0.035952239698284,0.018631194940899484,,11.0
jump_clean,jump,0.0,0.0,1.0,0,400,Adam,1013,20,5.0,0.06965047278235742,0.09719813514787531,0.1958997846147998,,26.5
jump_clean,jump,0.0,0.0,1.0,0,400,AMSGrad,1013,20,5.0,0.06721962421975004,0.0950217004075908,0.19262060147240712,,26.5
jump_clean,jump,0.0,0.0,1.0,0,400,SGD,1014,20,5.0,0.0416604826360994,0.05425944103827465,0.06319001667107138,,14.0
jump_clean,jump,0.0,0.0,1.0,0,400,HeavyBall,1014,20,5.0,0.05342951476691282,0.08232102075122238,0.16032182228285857,,24.0
jump_clean,jump,0.0,0.0,1.0,0,400,Nesterov,1014,20,5.0,0.025295767372860677,0.035952239698284,0.018631194940899484,,11.0
jump_clean,jump,0.0,0.0,1.0,0,400,Adam,1014,20,5.0,0.06965047278235742,0.09719813514787531,0.1958997846147998,,26.5
jump_clean,jump,0.0,0.0,1.0,0,400,AMSGrad,1014,20,5.0,0.06721962421975004,0.0950217004075908,0.19262060147240712,,26.5
jump_clean,jump,0.0,0.0,1.0,0,400,SGD,1015,20,5.0,0.0416604826360994,0.05425944103827465,0.06319001667107138,,14.0
jump_clean,jump,0.0,0.0,1.0,0,400,HeavyBall,1015,20,5.0,0.05342951476691282,0.08232102075122238,0.16032182228285857,,24.0
jump_clean,jump,0.0,0.0,1.0,0,400,Nesterov,1015,20,5.0,0.025295767372860677,0.035952239698284,0.018631194940899484,,11.0
jump_clean,jump,0.0,0.0,1.0,0,400,Adam,1015,20,5.0,0.06965047278235742,0.09719813514787531,0.1958997846147998,,26.5
jump_clean,jump,0.0,0.0,1.0,0,400,AMSGrad,1015,20,5.0,0.06721962421975004,0.0950217004075908,0.19262060147240712,,26.5
jump_clean,jump,0.0,0.0,1.0,0,400,SGD,1016,20,5.0,0.0416604826360994,0.05425944103827465,0.06319001667107138,,14.0
jump_clean,jump,0.0,0.0,1.0,0,400,HeavyBall,1016,20,5.0,0.05342951476691282,0.08232102075122238,0.16032182228285857,,24.0
jump_clean,jump,0.0,0.0,1.0,0,400,Nesterov,1016,20,5.0,0.025295767372860677,0.035952239698284,0.018631194940899484,,11.0
jump_clean,jump,0.0,0.0,1.0,0,400,Adam,1016,20,5.0,0.06965047278235742,0.09719813514787531,0.1958997846147998,,26.5
jump_clean,jump,0.0,0.0,1.0,0,400,AMSGrad,1016,20,5.0,0.06721962421975004,0.0950217004075908,0.19262060147240712,,26.5
jump_clean,jump,0.0,0.0,1.0,0,400,SGD,1017,20,5.0,0.0416604826360994,0.05425944103827465,0.06319001667107138,,14.0
jump_clean,jump,0.0,0.0,1.0,0,400,HeavyBall,1017,20,5.0,0.05342951476691282,0.08232102075122238,0.16032182228285857,,24.0
jump_clean,jump,0.0,0.0,1.0,0,400,Nesterov,1017,20,5.0,0.025295767372860677,0.035952239698284,0.018631194940899484,,11.0
jump_clean,jump,0.0,0.0,1.0,0,400,Adam,1017,20,5.0,0.06965047278235742,0.09719813514787531,0.1958997846147998,,26.5
jump_clean,jump,0.0,0.0,1.0,0,400,AMSGrad,1017,20,5.0,0.06721962421975004,0.0950217004075908,0.19262060147240712,,26.5
jump_clean,jump,0.0,0.0,1.0,0,400,SGD,1018,20,5.0,0.0416604826360994,0.05425944103827465,0.06319001667107138,,14.0
jump_clean,jump,0.0,0.0,1.0,0,400,HeavyBall,1018,20,5.0,0.05342951476691282,0.08232102075122238,0.16032182228285857,,24.0
jump_clean,jump,0.0,0.0,1.0,0,400,Nesterov,1018,20,5.0,0.025295767372860677,0.035952239698284,0.018631194940899484,,11.0
jump_clean,jump,0.0,0.0,1.0,0,400,Adam,1018,20,5.0,0.06965047278235742,0.09719813514787531,0.1958997846147998,,26.5
jump_clean,jump,0.0,0.0,1.0,0,400,AMSGrad,1018,20,5.0,0.06721962421975004,0.0950217004075908,0.19262060147240712,,26.5
jump_clean,jump,0.0,0.0,1.0,0,400,SGD,1019,20,5.0,0.0416604826360994,0.05425944103827465,0.06319001667107138,,14.0
jump_clean,jump,0.0,0.0,1.0,0,400,HeavyBall,1019,20,5.0,0.05342951476691282,0.08232102075122238,0.16032182228285857,,24.0
jump_clean,jump,0.0,0.0,1.0,0,400,Nesterov,1019,20,5.0,0.025295767372860677,0.035952239698284,0.018631194940899484,,11.0
jump_clean,jump,0.0,0.0,1.0,0,400,Adam,1019,20,5.0,0.06965047278235742,0.09719813514787531,0.1958997846147998,,26.5
jump_clean,jump,0.0,0.0,1.0,0,400,AMSGrad,1019,20,5.0,0.06721962421975004,0.0950217004075908,0.19262060147240712,,26.5
jump_clean,jump,0.0,0.0,1.0,0,400,SGD,1020,20,5.0,0.0416604826360994,0.05425944103827465,0.06319001667107138,,14.0
jump_clean,jump,0.0,0.0,1.0,0,400,HeavyBall,1020,20,5.0,0.05342951476691282,0.08232102075122238,0.16032182228285857,,24.0
jump_clean,jump,0.0,0.0,1.0,0,400,Nesterov,1020,20,5.0,0.025295767372860677,0.035952239698284,0.018631194940899484,,11.0
jump_clean,jump,0.0,0.0,1.0,0,400,Adam,1020,20,5.0,0.06965047278235742,0.09719813514787531,0.1958997846147998,,26.5
jump_clean,jump,0.0,0.0,1.0,0,400,AMSGrad,1020,20,5.0,0.06721962421975004,0.0950217004075908,0.19262060147240712,,26.5
jump_clean,jump,0.0,0.0,1.0,0,400,SGD,1021,20,5.0,0.0416604826360994,0.05425944103827465,0.06319001667107138,,14.0
jump_clean,jump,0.0,0.0,1.0,0,400,HeavyBall,1021,20,5.0,0.05342951476691282,0.08232102075122238,0.16032182228285857,,24.0
jump_clean,jump,0.0,0.0,1.0,0,400,Nesterov,1021,20,5.0,0.025295767372860677,0.035952239698284,0.018631194940899484,,11.0
jump_clean,jump,0.0,0.0,1.0,0,400,Adam,1021,20,5.0,0.06965047278235742,0.09719813514787531,0.1958997846147998,,26.5
jump_clean,jump,0.0,0.0,1.0,0,400,AMSGrad,1021,20,5.0,0.06721962421975004,0.0950217004075908,0.19262060147240712,,26.5
jump_clean,jump,0.0,0.0,1.0,0,400,SGD,1022,20,5.0,0.0416604826360994,0.05425944103827465,0.06319001667107138,,14.0
jump_clean,jump,0.0,0.0,1.0,0,400,HeavyBall,1022,20,5.0,0.05342951476691282,0.08232102075122238,0.16032182228285857,,24.0
jump_clean,jump,0.0,0.0,1.0,0,400,Nesterov,1022,20,5.0,0.025295767372860677,0.035952239698284,0.018631194940899484,,11.0
jump_clean,jump,0.0,0.0,1.0,0,400,Adam,1022,20,5.0,0.06965047278235742,0.09719813514787531,0.1958997846147998,,26.5
jump_clean,jump,0.0,0.0,1.0,0,400,AMSGrad,1022,20,5.0,0.06721962421975004,0.0950217004075908,0.19262060147240712,,26.5
jump_clean,jump,0.0,0.0,1.0,0,400,SGD,1023,20,5.0,0.0416604826360994,0.05425944103827465,0.06319001667107138,,14.0
jump_clean,jump,0.0,0.0,1.0,0,400,HeavyBall,1023,20,5.0,0.05342951476691282,0.08232102075122238,0.16032182228285857,,24.0
jump_clean,jump,0.0,0.0,1.0,0,400,Nesterov,1023,20,5.0,0.025295767372860677,0.035952239698284,0.018631194940899484,,11.0
jump_clean,jump,0.0,0.0,1.0,0,400,Adam,1023,20,5.0,0.06965047278235742,0.09719813514787531,0.1958997846147998,,26.5
jump_clean,jump,0.0,0.0,1.0,0,400,AMSGrad,1023,20,5.0,0.06721962421975004,0.0950217004075908,0.19262060147240712,,26.5
jump_clean,jump,0.0,0.0,1.0,0,400,SGD,1024,20,5.0,0.0416604826360994,0.05425944103827465,0.06319001667107138,,14.0
jump_clean,jump,0.0,0.0,1.0,0,400,HeavyBall,1024,20,5.0,0.05342951476691282,0.08232102075122238,0.16032182228285857,,24.0
jump_clean,jump,0.0,0.0,1.0,0,400,Nesterov,1024,20,5.0,0.025295767372860677,0.035952239698284,0.018631194940899484,,11.0
jump_clean,jump,0.0,0.0,1.0,0,400,Adam,1024,20,5.0,0.06965047278235742,0.09719813514787531,0.1958997846147998,,26.5
jump_clean,jump,0.0,0.0,1.0,0,400,AMSGrad,1024,20,5.0,0.06721962421975004,0.0950217004075908,0.19262060147240712,,26.5
jump_clean,jump,0.0,0.0,1.0,0,400,SGD,1025,20,5.0,0.0416604826360994,0.05425944103827465,0.06319001667107138,,14.0
jump_clean,jump,0.0,0.0,1.0,0,400,HeavyBall,1025,20,5.0,0.05342951476691282,0.08232102075122238,0.16032182228285857,,24.0
jump_clean,jump,0.0,0.0,1.0,0,400,Nesterov,1025,20,5.0,0.025295767372860677,0.035952239698284,0.018631194940899484,,11.0
jump_clean,jump,0.0,0.0,1.0,0,400,Adam,1025,20,5.0,0.06965047278235742,0.09719813514787531,0.1958997846147998,,26.5
jump_clean,jump,0.0,0.0,1.0,0,400,AMSGrad,1025,20,5.0,0.06721962421975004,0.0950217004075908,0.19262060147240712,,26.5
jump_clean,jump,0.0,0.0,1.0,0,400,SGD,1026,20,5.0,0.0416604826360994,0.05425944103827465,0.06319001667107138,,14.0
jump_clean,jump,0.0,0.0,1.0,0,400,HeavyBall,1026,20,5.0,0.05342951476691282,0.08232102075122238,0.16032182228285857,,24.0
jump_clean,jump,0.0,0.0,1.0,0,400,Nesterov,1026,20,5.0,0.025295767372860677,0.035952239698284,0.018631194940899484,,11.0
jump_clean,jump,0.0,0.0,1.0,0,400,Adam,1026,20,5.0,0.06965047278235742,0.09719813514787531,0.1958997846147998,,26.5
jump_clean,jump,0.0,0.0,1.0,0,400,AMSGrad,1026,20,5.0,0.06721962421975004,0.0950217004075908,0.19262060147240712,,26.5
jump_clean,jump,0.0,0.0,1.0,0,400,SGD,1027,20,5.0,0.0416604826360994,0.05425944103827465,0.06319001667107138,,14.0
jump_clean,jump,0.0,0.0,1.0,0,400,HeavyBall,1027,20,5.0,0.05342951476691282,0.08232102075122238,0.16032182228285857,,24.0
jump_clean,jump,0.0,0.0,1.0,0,400,Nesterov,1027,20,5.0,0.025295767372860677,0.035952239698284,0.018631194940899484,,11.0
jump_clean,jump,0.0,0.0,1.0,0,400,Adam,1027,20,5.0,0.06965047278235742,0.09719813514787531,0.1958997846147998,,26.5
jump_clean,jump,0.0,0.0,1.0,0,400,AMSGrad,1027,20,5.0,0.06721962421975004,0.0950217004075908,0.19262060147240712,,26.5
jump_clean,jump,0.0,0.0,1.0,0,400,SGD,1028,20,5.0,0.0416604826360994,0.05425944103827465,0.06319001667107138,,14.0
jump_clean,jump,0.0,0.0,1.0,0,400,HeavyBall,1028,20,5.0,0.05342951476691282,0.08232102075122238,0.16032182228285857,,24.0
jump_clean,jump,0.0,0.0,1.0,0,400,Nesterov,1028,20,5.0,0.025295767372860677,0.035952239698284,0.018631194940899484,,11.0
jump_clean,jump,0.0,0.0,1.0,0,400,Adam,1028,20,5.0,0.06965047278235742,0.09719813514787531,0.1958997846147998,,26.5
jump_clean,jump,0.0,0.0,1.0,0,400,AMSGrad,1028,20,5.0,0.06721962421975004,0.0950217004075908,0.19262060147240712,,26.5
jump_clean,jump,0.0,0.0,1.0,0,400,SGD,1029,20,5.0,0.0416604826360994,0.05425944103827465,0.06319001667107138,,14.0
jump_clean,jump,0.0,0.0,1.0,0,400,HeavyBall,1029,20,5.0,0.05342951476691282,0.08232102075122238,0.16032182228285857,,24.0
jump_clean,jump,0.0,0.0,1.0,0,400,Nesterov,1029,20,5.0,0.025295767372860677,0.035952239698284,0.018631194940899484,,11.0
jump_clean,jump,0.0,0.0,1.0,0,400,Adam,1029,20,5.0,0.06965047278235742,0.09719813514787531,0.1958997846147998,,26.5
jump_clean,jump,0.0,0.0,1.0,0,400,AMSGrad,1029,20,5.0,0.06721962421975004,0.0950217004075908,0.19262060147240712,,26.5
jump_clean,jump,0.0,0.0,1.0,0,400,SGD,1030,20,5.0,0.0416604826360994,0.05425944103827465,0.06319001667107138,,14.0
jump_clean,jump,0.0,0.0,1.0,0,400,HeavyBall,1030,20,5.0,0.05342951476691282,0.08232102075122238,0.16032182228285857,,24.0
jump_clean,jump,0.0,0.0,1.0,0,400,Nesterov,1030,20,5.0,0.025295767372860677,0.035952239698284,0.018631194940899484,,11.0
jump_clean,jump,0.0,0.0,1.0,0,400,Adam,1030,20,5.0,0.06965047278235742,0.09719813514787531,0.1958997846147998,,26.5
jump_clean,jump,0.0,0.0,1.0,0,400,AMSGrad,1030,20,5.0,0.06721962421975004,0.0950217004075908,0.19262060147240712,,26.5
