case_id,sweep,x_value,dim,condition_number,learning_rate,gradient_noise,drift_per_step,seed,tail_empirical_mse,tail_exact_mse,empirical_exact_ratio,final_empirical_mse,final_exact_mse
reference,reference,1.0,20,5.0,0.05,0.02,0.01,1001,0.007118218479348589,0.007016339595638293,1.0145202327113172,0.006826358993889249,0.007016339595638293
reference,reference,1.0,20,5.0,0.05,0.02,0.01,1002,0.007017650350116423,0.007016339595638293,1.000186814571938,0.0064609125642690465,0.007016339595638293
reference,reference,1.0,20,5.0,0.05,0.02,0.01,1003,0.007128110014898868,0.007016339595638293,1.0159300184572104,0.0071561818650750075,0.007016339595638293
reference,reference,1.0,20,5.0,0.05,0.02,0.01,1004,0.007213344150993944,0.007016339595638293,1.028077967531406,0.00688080097324376,0.007016339595638293
reference,reference,1.0,20,5.0,0.05,0.02,0.01,1005,0.006977772840611286,0.007016339595638293,0.9945032941320311,0.006457365893332493,0.007016339595638293
reference,reference,1.0,20,5.0,0.05,0.02,0.01,1006,0.007078321401912176,0.007016339595638293,1.0088339233626054,0.006644340525347585,0.007016339595638293
reference,reference,1.0,20,5.0,0.05,0.02,0.01,1007,0.006888073454519401,0.007016339595638293,0.9817189377209409,0.006939044694993338,0.007016339595638293
reference,reference,1.0,20,5.0,0.05,0.02,0.01,1008,0.0069332392517204,0.007016339595638293,0.9881561684999465,0.007132320929349133,0.007016339595638293
reference,reference,1.0,20,5.0,0.05,0.02,0.01,1009,0.006951983065597573,0.007016339595638293,0.9908276204189536,0.0074612176568617855,0.007016339595638293
reference,reference,1.0,20,5.0,0.05,0.02,0.01,1010,0.0069380209637246995,0.007016339595638293,0.9888376794130261,0.0066202957119543245,0.007016339595638293
reference,reference,1.0,20,5.0,0.05,0.02,0.01,1011,0.0071248397177463224,0.007016339595638293,1.0154639211271186,0.007440041486972727,0.007016339595638293
reference,reference,1.0,20,5.0,0.05,0.02,0.01,1012,0.007142013658354571,0.007016339595638293,1.0179116277088989,0.0075591955430302955,0.007016339595638293
reference,reference,1.0,20,5.0,0.05,0.02,0.01,1013,0.007004907655844438,0.007016339595638293,0.9983706689737536,0.0070136256183072065,0.007016339595638293
reference,reference,1.0,20,5.0,0.05,0.02,0.01,1014,0.006961021389312041,0.007016339595638293,0.9921158026101473,0.0075660709674869485,0.007016339595638293
reference,reference,1.0,20,5.0,0.05,0.02,0.01,1015,0.0071408939434128476,0.007016339595638293,1.0177520409433978,0.0068690493115370465,0.007016339595638293
reference,reference,1.0,20,5.0,0.05,0.02,0.01,1016,0.0071439071355471565,0.007016339595638293,1.0181814945200438,0.006656296155994471,0.007016339595638293
reference,reference,1.0,20,5.0,0.05,0.02,0.01,1017,0.007059265638459153,0.007016339595638293,1.0061180109992887,0.00722208746715338,0.007016339595638293
reference,reference,1.0,20,5.0,0.05,0.02,0.01,1018,0.006982928412287187,0.007016339595638293,0.9952380891922797,0.007085913295951915,0.007016339595638293
reference,reference,1.0,20,5.0,0.05,0.02,0.01,1019,0.007130152150686544,0.007016339595638293,1.01622107275409,0.006123034165932347,0.007016339595638293
reference,reference,1.0,20,5.0,0.05,0.02,0.01,1020,0.006976850246184432,0.007016339595638293,0.9943718018611286,0.00701311577959877,0.007016339595638293
reference,reference,1.0,20,5.0,0.05,0.02,0.01,1021,0.0067268354845872865,0.007016339595638293,0.9587385834016676,0.006383371785578254,0.007016339595638293
reference,reference,1.0,20,5.0,0.05,0.02,0.01,1022,0.006928359761666171,0.007016339595638293,0.9874607218232689,0.006898974612905024,0.007016339595638293
reference,reference,1.0,20,5.0,0.05,0.02,0.01,1023,0.0068901845124171735,0.007016339595638293,0.9820198151042256,0.007141107507545928,0.007016339595638293
reference,reference,1.0,20,5.0,0.05,0.02,0.01,1024,0.0070772921332968594,0.007016339595638293,1.0086872274107794,0.007086926714011546,0.007016339595638293
reference,reference,1.0,20,5.0,0.05,0.02,0.01,1025,0.006848057247965761,0.007016339595638293,0.9760156495593308,0.007135885205559329,0.007016339595638293
reference,reference,1.0,20,5.0,0.05,0.02,0.01,1026,0.0069177233510001376,0.007016339595638293,0.9859447731550137,0.00705572151594277,0.007016339595638293
reference,reference,1.0,20,5.0,0.05,0.02,0.01,1027,0.006936628578004849,0.007016339595638293,0.9886392303925831,0.0074997762675733165,0.007016339595638293
reference,reference,1.0,20,5.0,0.05,0.02,0.01,1028,0.007156932216036382,0.007016339595638293,1.0200378870608668,0.007074311373240021,0.007016339595638293
reference,reference,1.0,20,5.0,0.05,0.02,0.01,1029,0.007121231098553166,0.007016339595638293,1.0149496046314632,0.006976160205970236,0.007016339595638293
reference,reference,1.0,20,5.0,0.05,0.02,0.01,1030,0.007007861321786823,0.007016339595638293,0.9987916386121417,0.007119955118854222,0.007016339595638293
eta_noise_0p01,eta_noise,0.01,20,5.0,0.01,0.02,0.0,1001,1.3591045491379546e-05,1.672624582761812e-05,0.8125580379153713,1.311848643781348e-05,1.6726245652866066e-05
eta_noise_0p01,eta_noise,0.01,20,5.0,0.01,0.02,0.0,1002,1.7180463441116742e-05,1.672624582761812e-05,1.0271559809762345,9.460161529845512e-06,1.6726245652866066e-05
eta_noise_0p01,eta_noise,0.01,20,5.0,0.01,0.02,0.0,1003,1.830494445903648e-05,1.672624582761812e-05,1.0943845168658013,1.2930428844653109e-05,1.6726245652866066e-05
eta_noise_0p01,eta_noise,0.01,20,5.0,0.01,0.02,0.0,1004,1.6236093776022495e-05,1.672624582761812e-05,0.9706956326812862,1.9375114063546114e-05,1.6726245652866066e-05
eta_noise_0p01,eta_noise,0.01,20,5.0,0.01,0.02,0.0,1005,1.6608230509006737e-05,1.672624582761812e-05,0.9929443032329156,8.090237564186197e-06,1.6726245652866066e-05
eta_noise_0p01,eta_noise,0.01,20,5.0,0.01,0.02,0.0,1006,1.8840413728699977e-05,1.672624582761812e-05,1.1263982320283117,1.848896191248139e-05,1.6726245652866066e-05
eta_noise_0p01,eta_noise,0.01,20,5.0,0.01,0.02,0.0,1007,1.534995370121765e-05,1.672624582761812e-05,0.9177166149185756,1.030583354130417e-05,1.6726245652866066e-05
eta_noise_0p01,eta_noise,0.01,20,5.0,0.01,0.02,0.0,1008,1.4787863752530096e-05,1.672624582761812e-05,0.8841113484122421,1.9612933757942378e-05,1.6726245652866066e-05
eta_noise_0p01,eta_noise,0.01,20,5.0,0.01,0.02,0.0,1009,1.3742208340211832e-05,1.672624582761812e-05,0.8215955021730524,1.5149137777072962e-05,1.6726245652866066e-05
eta_noise_0p01,eta_noise,0.01,20,5.0,0.01,0.02,0.0,1010,1.559599779426892e-05,1.672624582761812e-05,0.9324266757168573,6.704979527836978e-06,1.6726245652866066e-05
eta_noise_0p01,eta_noise,0.01,20,5.0,0.01,0.02,0.0,1011,1.8009655823455258e-05,1.672624582761812e-05,1.0767303081076323,3.3816485311668324e-05,1.6726245652866066e-05
eta_noise_0p01,eta_noise,0.01,20,5.0,0.01,0.02,0.0,1012,1.7551900704804715e-05,1.672624582761812e-05,1.0493628328613516,1.7385845354229794e-05,1.6726245652866066e-05
eta_noise_0p01,eta_noise,0.01,20,5.0,0.01,0.02,0.0,1013,1.2289713233473952e-05,1.672624582761812e-05,0.7347562244470522,1.5754787835548307e-05,1.6726245652866066e-05
eta_noise_0p01,eta_noise,0.01,20,5.0,0.01,0.02,0.0,1014,1.420147616712112e-05,1.672624582761812e-05,0.8490534166173656,1.8115267164730316e-05,1.6726245652866066e-05
eta_noise_0p01,eta_noise,0.01,20,5.0,0.01,0.02,0.0,1015,1.815234043490712e-05,1.672624582761812e-05,1.0852608900996932,1.4574469725101285e-05,1.6726245652866066e-05
eta_noise_0p01,eta_noise,0.01,20,5.0,0.01,0.02,0.0,1016,1.32352353232202e-05,1.672624582761812e-05,0.7912854719237943,9.232001636600585e-06,1.6726245652866066e-05
eta_noise_0p01,eta_noise,0.01,20,5.0,0.01,0.02,0.0,1017,1.2898001895344427e-05,1.672624582761812e-05,0.7711235401100852,1.1932105547231613e-05,1.6726245652866066e-05
eta_noise_0p01,eta_noise,0.01,20,5.0,0.01,0.02,0.0,1018,1.6132304336021544e-05,1.672624582761812e-05,0.9644904482621037,2.014505916249844e-05,1.6726245652866066e-05
eta_noise_0p01,eta_noise,0.01,20,5.0,0.01,0.02,0.0,1019,1.582144342869506e-05,1.672624582761812e-05,0.9459052313204038,2.0844810287185536e-05,1.6726245652866066e-05
eta_noise_0p01,eta_noise,0.01,20,5.0,0.01,0.02,0.0,1020,1.9995776416356162e-05,1.672624582761812e-05,1.195473068041332,2.241758416933454e-05,1.6726245652866066e-05
eta_noise_0p01,eta_noise,0.01,20,5.0,0.01,0.02,0.0,1021,1.956476535906492e-05,1.672624582761812e-05,1.1697045207095953,2.6509460567282906e-05,1.6726245652866066e-05
eta_noise_0p01,eta_noise,0.01,20,5.0,0.01,0.02,0.0,1022,1.478086742688674e-05,1.672624582761812e-05,0.8836930641352166,2.0694014621434108e-05,1.6726245652866066e-05
eta_noise_0p01,eta_noise,0.01,20,5.0,0.01,0.02,0.0,1023,1.675675964266532e-05,1.672624582761812e-05,1.0018243074603637,1.0502142104963253e-05,1.6726245652866066e-05
eta_noise_0p01,eta_noise,0.01,20,5.0,0.01,0.02,0.0,1024,1.4852449353310205e-05,1.672624582761812e-05,0.8879726811611287,1.5522222247470263e-05,1.6726245652866066e-05
eta_noise_0p01,eta_noise,0.01,20,5.0,0.01,0.02,0.0,1025,1.809063026518896e-05,1.672624582761812e-05,1.0815714686745779,1.3727653247095939e-05,1.6726245652866066e-05
eta_noise_0p01,eta_noise,0.01,20,5.0,0.01,0.02,0.0,1026,1.4995948697965106e-05,1.672624582761812e-05,0.896551973019793,1.1470998935805014e-05,1.6726245652866066e-05
eta_noise_0p01,eta_noise,0.01,20,5.0,0.01,0.02,0.0,1027,1.5130074042941458e-05,1.672624582761812e-05,0.9045708283181461,1.2784782254752117e-05,1.6726245652866066e-05
eta_noise_0p01,eta_noise,0.01,20,5.0,0.01,0.02,0.0,1028,1.477579183110096e-05,1.672624582761812e-05,0.8833896131493774,1.770950433695841e-05,1.6726245652866066e-05
eta_noise_0p01,eta_noise,0.01,20,5.0,0.01,0.02,0.0,1029,1.915341752093862e-05,1.672624582761812e-05,1.1451115640852767,6.378054663429538e-06,1.6726245652866066e-05
eta_noise_0p01,eta_noise,0.01,20,5.0,0.01,0.02,0.0,1030,1.3056531090550264e-05,1.672624582761812e-05,0.7806014108074102,1.705804452051786e-05,1.6726245652866066e-05
eta_drift_0p01,eta_drift,0.01,20,5.0,0.01,0.0,0.01,1001,0.17320781093977614,0.17320781093978108,0.9999999999999715,0.17320781010734662,0.17320781010734285
eta_drift_0p01,eta_drift,0.01,20,5.0,0.01,0.0,0.01,1002,0.17320781093977614,0.17320781093978108,0.9999999999999715,0.17320781010734662,0.17320781010734285
eta_drift_0p01,eta_drift,0.01,20,5.0,0.01,0.0,0.01,1003,0.17320781093977614,0.17320781093978108,0.9999999999999715,0.17320781010734662,0.17320781010734285
eta_drift_0p01,eta_drift,0.01,20,5.0,0.01,0.0,0.01,1004,0.17320781093977614,0.17320781093978108,0.9999999999999715,0.17320781010734662,0.17320781010734285
eta_drift_0p01,eta_drift,0.01,20,5.0,0.01,0.0,0.01,1005,0.17320781093977614,0.17320781093978108,0.9999999999999715,0.17320781010734662,0.17320781010734285
eta_drift_0p01,eta_drift,0.01,20,5.0,0.01,0.0,0.01,1006,0.17320781093977614,0.17320781093978108,0.9999999999999715,0.17320781010734662,0.17320781010734285
eta_drift_0p01,eta_drift,0.01,20,5.0,0.01,0.0,0.01,1007,0.17320781093977614,0.17320781093978108,0.9999999999999715,0.17320781010734662,0.17320781010734285
eta_drift_0p01,eta_drift,0.01,20,5.0,0.01,0.0,0.01,1008,0.17320781093977614,0.17320781093978108,0.9999999999999715,0.17320781010734662,0.17320781010734285
eta_drift_0p01,eta_drift,0.01,20,5.0,0.01,0.0,0.01,1009,0.17320781093977614,0.17320781093978108,0.9999999999999715,0.17320781010734662,0.17320781010734285
eta_drift_0p01,eta_drift,0.01,20,5.0,0.01,0.0,0.01,1010,0.17320781093977614,0.17320781093978108,0.9999999999999715,0.17320781010734662,0.17320781010734285
eta_drift_0p01,eta_drift,0.01,20,5.0,0.01,0.0,0.01,1011,0.17320781093977614,0.17320781093978108,0.9999999999999715,0.17320781010734662,0.17320781010734285
eta_drift_0p01,eta_drift,0.01,20,5.0,0.01,0.0,0.01,1012,0.17320781093977614,0.17320781093978108,0.9999999999999715,0.17320781010734662,0.17320781010734285
eta_drift_0p01,eta_drift,0.01,20,5.0,0.01,0.0,0.01,1013,0.17320781093977614,0.17320781093978108,0.9999999999999715,0.17320781010734662,0.17320781010734285
eta_drift_0p01,eta_drift,0.01,20,5.0,0.01,0.0,0.01,1014,0.17320781093977614,0.17320781093978108,0.9999999999999715,0.17320781010734662,0.17320781010734285
eta_drift_0p01,eta_drift,0.01,20,5.0,0.01,0.0,0.01,1015,0.17320781093977614,0.17320781093978108,0.9999999999999715,0.17320781010734662,0.17320781010734285
eta_drift_0p01,eta_drift,0.01,20,5.0,0.01,0.0,0.01,1016,0.17320781093977614,0.17320781093978108,0.9999999999999715,0.17320781010734662,0.17320781010734285
eta_drift_0p01,eta_drift,0.01,20,5.0,0.01,0.0,0.01,1017,0.17320781093977614,0.17320781093978108,0.9999999999999715,0.17320781010734662,0.17320781010734285
eta_drift_0p01,eta_drift,0.01,20,5.0,0.01,0.0,0.01,1018,0.17320781093977614,0.17320781093978108,0.9999999999999715,0.17320781010734662,0.17320781010734285
eta_drift_0p01,eta_drift,0.01,20,5.0,0.01,0.0,0.01,1019,0.17320781093977614,0.17320781093978108,0.9999999999999715,0.17320781010734662,0.17320781010734285
eta_drift_0p01,eta_drift,0.01,20,5.0,0.01,0.0,0.01,1020,0.17320781093977614,0.17320781093978108,0.9999999999999715,0.17320781010734662,0.17320781010734285
eta_drift_0p01,eta_drift,0.01,20,5.0,0.01,0.0,0.01,1021,0.17320781093977614,0.17320781093978108,0.9999999999999715,0.17320781010734662,0.17320781010734285
eta_drift_0p01,eta_drift,0.01,20,5.0,0.01,0.0,0.01,1022,0.17320781093977614,0.17320781093978108,0.9999999999999715,0.17320781010734662,0.17320781010734285
eta_drift_0p01,eta_drift,0.01,20,5.0,0.01,0.0,0.01,1023,0.17320781093977614,0.17320781093978108,0.9999999999999715,0.17320781010734662,0.17320781010734285
eta_drift_0p01,eta_drift,0.01,20,5.0,0.01,0.0,0.01,1024,0.17320781093977614,0.17320781093978108,0.9999999999999715,0.17320781010734662,0.17320781010734285
eta_drift_0p01,eta_drift,0.01,20,5.0,0.01,0.0,0.01,1025,0.17320781093977614,0.17320781093978108,0.9999999999999715,0.17320781010734662,0.17320781010734285
eta_drift_0p01,eta_drift,0.01,20,5.0,0.01,0.0,0.01,1026,0.17320781093977614,0.17320781093978108,0.9999999999999715,0.17320781010734662,0.17320781010734285
eta_drift_0p01,eta_drift,0.01,20,5.0,0.01,0.0,0.01,1027,0.17320781093977614,0.17320781093978108,0.9999999999999715,0.17320781010734662,0.17320781010734285
eta_drift_0p01,eta_drift,0.01,20,5.0,0.01,0.0,0.01,1028,0.17320781093977614,0.17320781093978108,0.9999999999999715,0.17320781010734662,0.17320781010734285
eta_drift_0p01,eta_drift,0.01,20,5.0,0.01,0.0,0.01,1029,0.17320781093977614,0.17320781093978108,0.9999999999999715,0.17320781010734662,0.17320781010734285
eta_drift_0p01,eta_drift,0.01,20,5.0,0.01,0.0,0.01,1030,0.17320781093977614,0.17320781093978108,0.9999999999999715,0.17320781010734662,0.17320781010734285
eta_noise_0p025,eta_noise,0.025,20,5.0,0.025,0.02,0.0,1001,4.7384282385606766e-05,4.2607004877421926e-05,1.1121242275050502,2.650930704326905e-05,4.260700487742192e-05
eta_noise_0p025,eta_noise,0.025,20,5.0,0.025,0.02,0.0,1002,4.870726754493362e-05,4.2607004877421926e-05,1.1431751113475783,2.6133766783028696e-05,4.260700487742192e-05
eta_noise_0p025,eta_noise,0.025,20,5.0,0.025,0.02,0.0,1003,4.9037035564188616e-05,4.2607004877421926e-05,1.150914871985617,6.567875773310539e-05,4.260700487742192e-05
eta_noise_0p025,eta_noise,0.025,20,5.0,0.025,0.02,0.0,1004,4.187291991417951e-05,4.2607004877421926e-05,0.982770791672535,2.4471813801190112e-05,4.260700487742192e-05
eta_noise_0p025,eta_noise,0.025,20,5.0,0.025,0.02,0.0,1005,3.560268040270438e-05,4.2607004877421926e-05,0.8356062695589936,6.12888282151867e-05,4.260700487742192e-05
eta_noise_0p025,eta_noise,0.025,20,5.0,0.025,0.02,0.0,1006,4.2592944599819555e-05,4.2607004877421926e-05,0.9996700007981594,3.658475872002351e-05,4.260700487742192e-05
eta_noise_0p025,eta_noise,0.025,20,5.0,0.025,0.02,0.0,1007,3.830250081050292e-05,4.2607004877421926e-05,0.8989719160193768,1.6993965233943423e-05,4.260700487742192e-05
eta_noise_0p025,eta_noise,0.025,20,5.0,0.025,0.02,0.0,1008,4.993900945495196e-05,4.2607004877421926e-05,1.1720844870139036,3.682157786303924e-05,4.260700487742192e-05
eta_noise_0p025,eta_noise,0.025,20,5.0,0.025,0.02,0.0,1009,4.2760917716547893e-05,4.2607004877421926e-05,1.003612383446543,2.7581515391382545e-05,4.260700487742192e-05
eta_noise_0p025,eta_noise,0.025,20,5.0,0.025,0.02,0.0,1010,4.61994763459345e-05,4.2607004877421926e-05,1.0843164516925778,3.760196687468968e-05,4.260700487742192e-05
eta_noise_0p025,eta_noise,0.025,20,5.0,0.025,0.02,0.0,1011,4.69425545723035e-05,4.2607004877421926e-05,1.1017567347752961,2.5276970998498484e-05,4.260700487742192e-05
eta_noise_0p025,eta_noise,0.025,20,5.0,0.025,0.02,0.0,1012,4.234754583433351e-05,4.2607004877421926e-05,0.9939104134675772,4.178418615553233e-05,4.260700487742192e-05
eta_noise_0p025,eta_noise,0.025,20,5.0,0.025,0.02,0.0,1013,3.832852619103662e-05,4.2607004877421926e-05,0.8995827400049766,3.403854328557617e-05,4.260700487742192e-05
eta_noise_0p025,eta_noise,0.025,20,5.0,0.025,0.02,0.0,1014,4.5059623448573024e-05,4.2607004877421926e-05,1.0575637404742988,3.242790903438293e-05,4.260700487742192e-05
eta_noise_0p025,eta_noise,0.025,20,5.0,0.025,0.02,0.0,1015,4.380647202833217e-05,4.2607004877421926e-05,1.0281518767714617,3.195877997068904e-05,4.260700487742192e-05
eta_noise_0p025,eta_noise,0.025,20,5.0,0.025,0.02,0.0,1016,3.927489387234635e-05,4.2607004877421926e-05,0.9217942914630615,3.066596363424174e-05,4.260700487742192e-05
eta_noise_0p025,eta_noise,0.025,20,5.0,0.025,0.02,0.0,1017,5.015921861088026e-05,4.2607004877421926e-05,1.1772528661703785,4.655832279691721e-05,4.260700487742192e-05
eta_noise_0p025,eta_noise,0.025,20,5.0,0.025,0.02,0.0,1018,5.800582503489479e-05,4.2607004877421926e-05,1.3614152227262735,7.647021840342133e-05,4.260700487742192e-05
eta_noise_0p025,eta_noise,0.025,20,5.0,0.025,0.02,0.0,1019,4.055389726429534e-05,4.2607004877421926e-05,0.9518129091910292,4.53810688441852e-05,4.260700487742192e-05
eta_noise_0p025,eta_noise,0.025,20,5.0,0.025,0.02,0.0,1020,3.7802139722601925e-05,4.2607004877421926e-05,0.887228281625443,2.7953962169987183e-05,4.260700487742192e-05
eta_noise_0p025,eta_noise,0.025,20,5.0,0.025,0.02,0.0,1021,3.8342548853522974e-05,4.2607004877421926e-05,0.8999118563680417,3.8227788201077e-05,4.260700487742192e-05
eta_noise_0p025,eta_noise,0.025,20,5.0,0.025,0.02,0.0,1022,4.053337013039487e-05,4.2607004877421926e-05,0.9513311308083544,4.728001566753245e-05,4.260700487742192e-05
eta_noise_0p025,eta_noise,0.025,20,5.0,0.025,0.02,0.0,1023,3.870415386326175e-05,4.2607004877421926e-05,0.9083988413316433,3.140910471314094e-05,4.260700487742192e-05
eta_noise_0p025,eta_noise,0.025,20,5.0,0.025,0.02,0.0,1024,4.251871845728779e-05,4.2607004877421926e-05,0.9979278895480185,3.058777374594604e-05,4.260700487742192e-05
eta_noise_0p025,eta_noise,0.025,20,5.0,0.025,0.02,0.0,1025,4.1153391590353104e-05,4.2607004877421926e-05,0.9658832323170617,4.215275955664276e-05,4.260700487742192e-05
eta_noise_0p025,eta_noise,0.025,20,5.0,0.025,0.02,0.0,1026,4.1358355137656905e-05,4.2607004877421926e-05,0.9706937921743779,5.000621757700001e-05,4.260700487742192e-05
eta_noise_0p025,eta_noise,0.025,20,5.0,0.025,0.02,0.0,1027,4.318687787996652e-05,4.2607004877421926e-05,1.0136098044021835,4.138105939778386e-05,4.260700487742192e-05
eta_noise_0p025,eta_noise,0.025,20,5.0,0.025,0.02,0.0,1028,3.982674680887402e-05,4.2607004877421926e-05,0.934746455974867,6.16080069389122e-05,4.260700487742192e-05
eta_noise_0p025,eta_noise,0.025,20,5.0,0.025,0.02,0.0,1029,4.3570713388105585e-05,4.2607004877421926e-05,1.0226185462567998,6.0282172124814405e-05,4.260700487742192e-05
eta_noise_0p025,eta_noise,0.025,20,5.0,0.025,0.02,0.0,1030,4.236473524775154e-05,4.2607004877421926e-05,0.9943138544854917,7.051462182786114e-05,4.260700487742192e-05
eta_drift_0p025,eta_drift,0.025,20,5.0,0.025,0.0,0.01,1001,0.0277132495958179,0.027713249595819094,0.9999999999999569,0.027713249595818654,0.0277132495958191
eta_drift_0p025,eta_drift,0.025,20,5.0,0.025,0.0,0.01,1002,0.0277132495958179,0.027713249595819094,0.9999999999999569,0.027713249595818654,0.0277132495958191
eta_drift_0p025,eta_drift,0.025,20,5.0,0.025,0.0,0.01,1003,0.0277132495958179,0.027713249595819094,0.9999999999999569,0.027713249595818654,0.0277132495958191
eta_drift_0p025,eta_drift,0.025,20,5.0,0.025,0.0,0.01,1004,0.0277132495958179,0.027713249595819094,0.9999999999999569,0.027713249595818654,0.0277132495958191
eta_drift_0p025,eta_drift,0.025,20,5.0,0.025,0.0,0.01,1005,0.0277132495958179,0.027713249595819094,0.9999999999999569,0.027713249595818654,0.0277132495958191
eta_drift_0p025,eta_drift,0.025,20,5.0,0.025,0.0,0.01,1006,0.0277132495958179,0.027713249595819094,0.9999999999999569,0.027713249595818654,0.0277132495958191
eta_drift_0p025,eta_drift,0.025,20,5.0,0.025,0.0,0.01,1007,0.0277132495958179,0.027713249595819094,0.9999999999999569,0.027713249595818654,0.0277132495958191
eta_drift_0p025,eta_drift,0.025,20,5.0,0.025,0.0,0.01,1008,0.0277132495958179,0.027713249595819094,0.9999999999999569,0.027713249595818654,0.0277132495958191
eta_drift_0p025,eta_drift,0.025,20,5.0,0.025,0.0,0.01,1009,0.0277132495958179,0.027713249595819094,0.9999999999999569,0.027713249595818654,0.0277132495958191
eta_drift_0p025,eta_drift,0.025,20,5.0,0.025,0.0,0.01,1010,0.0277132495958179,0.027713249595819094,0.9999999999999569,0.027713249595818654,0.0277132495958191
eta_drift_0p025,eta_drift,0.025,20,5.0,0.025,0.0,0.01,1011,0.0277132495958179,0.027713249595819094,0.9999999999999569,0.027713249595818654,0.0277132495958191
eta_drift_0p025,eta_drift,0.025,20,5.0,0.025,0.0,0.01,1012,0.0277132495958179,0.027713249595819094,0.9999999999999569,0.027713249595818654,0.0277132495958191
eta_drift_0p025,eta_drift,0.025,20,5.0,0.025,0.0,0.01,1013,0.0277132495958179,0.027713249595819094,0.9999999999999569,0.027713249595818654,0.0277132495958191
eta_drift_0p025,eta_drift,0.025,20,5.0,0.025,0.0,0.01,1014,0.0277132495958179,0.027713249595819094,0.9999999999999569,0.027713249595818654,0.0277132495958191
eta_drift_0p025,eta_drift,0.025,20,5.0,0.025,0.0,0.01,1015,0.0277132495958179,0.027713249595819094,0.9999999999999569,0.027713249595818654,0.0277132495958191
eta_drift_0p025,eta_drift,0.025,20,5.0,0.025,0.0,0.01,1016,0.0277132495958179,0.027713249595819094,0.9999999999999569,0.027713249595818654,0.0277132495958191
eta_drift_0p025,eta_drift,0.025,20,5.0,0.025,0.0,0.01,1017,0.0277132495958179,0.027713249595819094,0.9999999999999569,0.027713249595818654,0.0277132495958191
eta_drift_0p025,eta_drift,0.025,20,5.0,0.025,0.0,0.01,1018,0.0277132495958179,0.027713249595819094,0.9999999999999569,0.027713249595818654,0.0277132495958191
eta_drift_0p025,eta_drift,0.025,20,5.0,0.025,0.0,0.01,1019,0.0277132495958179,0.027713249595819094,0.9999999999999569,0.027713249595818654,0.0277132495958191
eta_drift_0p025,eta_drift,0.025,20,5.0,0.025,0.0,0.01,1020,0.0277132495958179,0.027713249595819094,0.9999999999999569,0.027713249595818654,0.0277132495958191
eta_drift_0p025,eta_drift,0.025,20,5.0,0.025,0.0,0.01,1021,0.0277132495958179,0.027713249595819094,0.9999999999999569,0.027713249595818654,0.0277132495958191
eta_drift_0p025,eta_drift,0.025,20,5.0,0.025,0.0,0.01,1022,0.0277132495958179,0.027713249595819094,0.9999999999999569,0.027713249595818654,0.0277132495958191
eta_drift_0p025,eta_drift,0.025,20,5.0,0.025,0.0,0.01,1023,0.0277132495958179,0.027713249595819094,0.9999999999999569,0.027713249595818654,0.0277132495958191
eta_drift_0p025,eta_drift,0.025,20,5.0,0.025,0.0,0.01,1024,0.0277132495958179,0.027713249595819094,0.9999999999999569,0.027713249595818654,0.0277132495958191
eta_drift_0p025,eta_drift,0.025,20,5.0,0.025,0.0,0.01,1025,0.0277132495958179,0.027713249595819094,0.9999999999999569,0.027713249595818654,0.0277132495958191
eta_drift_0p025,eta_drift,0.025,20,5.0,0.025,0.0,0.01,1026,0.0277132495958179,0.027713249595819094,0.9999999999999569,0.027713249595818654,0.0277132495958191
eta_drift_0p025,eta_drift,0.025,20,5.0,0.025,0.0,0.01,1027,0.0277132495958179,0.027713249595819094,0.9999999999999569,0.027713249595818654,0.0277132495958191
eta_drift_0p025,eta_drift,0.025,20,5.0,0.025,0.0,0.01,1028,0.0277132495958179,0.027713249595819094,0.9999999999999569,0.027713249595818654,0.0277132495958191
eta_drift_0p025,eta_drift,0.025,20,5.0,0.025,0.0,0.01,1029,0.0277132495958179,0.027713249595819094,0.9999999999999569,0.027713249595818654,0.0277132495958191
eta_drift_0p025,eta_drift,0.025,20,5.0,0.025,0.0,0.01,1030,0.0277132495958179,0.027713249595819094,0.9999999999999569,0.027713249595818654,0.0277132495958191
eta_noise_0p05,eta_noise,0.05,20,5.0,0.05,0.02,0.0,1001,8.243370289415839e-05,8.802719668353056e-05,0.9364572086797047,9.747395935453466e-05,8.802719668353058e-05
eta_noise_0p05,eta_noise,0.05,20,5.0,0.05,0.02,0.0,1002,8.153491412905306e-05,8.802719668353056e-05,0.9262468555278647,0.00010736964385414283,8.802719668353058e-05
eta_noise_0p05,eta_noise,0.05,20,5.0,0.05,0.02,0.0,1003,8.852487059383042e-05,8.802719668353056e-05,1.0056536380692556,9.932093937733894e-05,8.802719668353058e-05
eta_noise_0p05,eta_noise,0.05,20,5.0,0.05,0.02,0.0,1004,8.267131018094776e-05,8.802719668353056e-05,0.939156457272655,0.00014958911711640115,8.802719668353058e-05
eta_noise_0p05,eta_noise,0.05,20,5.0,0.05,0.02,0.0,1005,8.832350174814087e-05,8.802719668353056e-05,1.003366062714408,9.787126784125049e-05,8.802719668353058e-05
eta_noise_0p05,eta_noise,0.05,20,5.0,0.05,0.02,0.0,1006,9.264216761416029e-05,8.802719668353056e-05,1.0524266488596832,6.504735366794064e-05,8.802719668353058e-05
eta_noise_0p05,eta_noise,0.05,20,5.0,0.05,0.02,0.0,1007,0.00010230507606563242,8.802719668353056e-05,1.1621985013726237,5.547297674692002e-05,8.802719668353058e-05
eta_noise_0p05,eta_noise,0.05,20,5.0,0.05,0.02,0.0,1008,7.763877568982981e-05,8.802719668353056e-05,0.8819862339698434,8.055893684329554e-05,8.802719668353058e-05
eta_noise_0p05,eta_noise,0.05,20,5.0,0.05,0.02,0.0,1009,0.00010109283106831756,8.802719668353056e-05,1.1484272460903155,0.00015051389264465783,8.802719668353058e-05
eta_noise_0p05,eta_noise,0.05,20,5.0,0.05,0.02,0.0,1010,9.342881138947598e-05,8.802719668353056e-05,1.0613630208555311,9.31704400620545e-05,8.802719668353058e-05
eta_noise_0p05,eta_noise,0.05,20,5.0,0.05,0.02,0.0,1011,9.020023508513041e-05,8.802719668353056e-05,1.0246859889155873,0.00010535039781939849,8.802719668353058e-05
eta_noise_0p05,eta_noise,0.05,20,5.0,0.05,0.02,0.0,1012,9.298510011031905e-05,8.802719668353056e-05,1.0563224050473037,6.747363049153312e-05,8.802719668353058e-05
eta_noise_0p05,eta_noise,0.05,20,5.0,0.05,0.02,0.0,1013,9.240374229011452e-05,8.802719668353056e-05,1.0497181072608528,8.006077817243605e-05,8.802719668353058e-05
eta_noise_0p05,eta_noise,0.05,20,5.0,0.05,0.02,0.0,1014,8.213340030206199e-05,8.802719668353056e-05,0.9330457335514437,5.910019299035707e-05,8.802719668353058e-05
eta_noise_0p05,eta_noise,0.05,20,5.0,0.05,0.02,0.0,1015,9.016265214594165e-05,8.802719668353056e-05,1.024259042010486,0.00011974956283573204,8.802719668353058e-05
eta_noise_0p05,eta_noise,0.05,20,5.0,0.05,0.02,0.0,1016,8.607977830533633e-05,8.802719668353056e-05,0.9778770828611587,8.209529501171127e-05,8.802719668353058e-05
eta_noise_0p05,eta_noise,0.05,20,5.0,0.05,0.02,0.0,1017,8.26543934266983e-05,8.802719668353056e-05,0.9389642808216624,0.00011029175941809078,8.802719668353058e-05
eta_noise_0p05,eta_noise,0.05,20,5.0,0.05,0.02,0.0,1018,7.568775667784837e-05,8.802719668353056e-05,0.859822413179371,6.618451972507998e-05,8.802719668353058e-05
eta_noise_0p05,eta_noise,0.05,20,5.0,0.05,0.02,0.0,1019,9.2458549004252e-05,8.802719668353056e-05,1.050340718410615,6.399413306626819e-05,8.802719668353058e-05
eta_noise_0p05,eta_noise,0.05,20,5.0,0.05,0.02,0.0,1020,8.741772174262746e-05,8.802719668353056e-05,0.9930762881942697,5.666106082076234e-05,8.802719668353058e-05
eta_noise_0p05,eta_noise,0.05,20,5.0,0.05,0.02,0.0,1021,8.073730282440128e-05,8.802719668353056e-05,0.9171858910225504,0.0001230245745208364,8.802719668353058e-05
eta_noise_0p05,eta_noise,0.05,20,5.0,0.05,0.02,0.0,1022,8.732192719655826e-05,8.802719668353056e-05,0.9919880501305995,4.693584058414593e-05,8.802719668353058e-05
eta_noise_0p05,eta_noise,0.05,20,5.0,0.05,0.02,0.0,1023,9.324698721641375e-05,8.802719668353056e-05,1.0592974754342006,3.907762963537482e-05,8.802719668353058e-05
eta_noise_0p05,eta_noise,0.05,20,5.0,0.05,0.02,0.0,1024,9.724439220759571e-05,8.802719668353056e-05,1.1047084977294255,5.3762451008928146e-05,8.802719668353058e-05
eta_noise_0p05,eta_noise,0.05,20,5.0,0.05,0.02,0.0,1025,8.570964843928888e-05,8.802719668353056e-05,0.9736723611388697,6.499724187809703e-05,8.802719668353058e-05
eta_noise_0p05,eta_noise,0.05,20,5.0,0.05,0.02,0.0,1026,8.932330994869411e-05,8.802719668353056e-05,1.014724009328881,8.753577435985755e-05,8.802719668353058e-05
eta_noise_0p05,eta_noise,0.05,20,5.0,0.05,0.02,0.0,1027,8.418094383991735e-05,8.802719668353056e-05,0.956306085067766,6.868118120189667e-05,8.802719668353058e-05
eta_noise_0p05,eta_noise,0.05,20,5.0,0.05,0.02,0.0,1028,8.002800716014752e-05,8.802719668353056e-05,0.9091282032740269,6.493509575338471e-05,8.802719668353058e-05
eta_noise_0p05,eta_noise,0.05,20,5.0,0.05,0.02,0.0,1029,7.6351471586284e-05,8.802719668353056e-05,0.8673622978223157,7.264766851138393e-05,8.802719668353058e-05
eta_noise_0p05,eta_noise,0.05,20,5.0,0.05,0.02,0.0,1030,7.770148762140913e-05,8.802719668353056e-05,0.8826986493816936,0.00011173729963538701,8.802719668353058e-05
eta_drift_0p05,eta_drift,0.05,20,5.0,0.05,0.0,0.01,1001,0.006928312398954698,0.006928312398954763,0.9999999999999906,0.006928312398954816,0.006928312398954762
eta_drift_0p05,eta_drift,0.05,20,5.0,0.05,0.0,0.01,1002,0.006928312398954698,0.006928312398954763,0.9999999999999906,0.006928312398954816,0.006928312398954762
eta_drift_0p05,eta_drift,0.05,20,5.0,0.05,0.0,0.01,1003,0.006928312398954698,0.006928312398954763,0.9999999999999906,0.006928312398954816,0.006928312398954762
eta_drift_0p05,eta_drift,0.05,20,5.0,0.05,0.0,0.01,1004,0.006928312398954698,0.006928312398954763,0.9999999999999906,0.006928312398954816,0.006928312398954762
eta_drift_0p05,eta_drift,0.05,20,5.0,0.05,0.0,0.01,1005,0.006928312398954698,0.006928312398954763,0.9999999999999906,0.006928312398954816,0.006928312398954762
eta_drift_0p05,eta_drift,0.05,20,5.0,0.05,0.0,0.01,1006,0.006928312398954698,0.006928312398954763,0.9999999999999906,0.006928312398954816,0.006928312398954762
eta_drift_0p05,eta_drift,0.05,20,5.0,0.05,0.0,0.01,1007,0.006928312398954698,0.006928312398954763,0.9999999999999906,0.006928312398954816,0.006928312398954762
eta_drift_0p05,eta_drift,0.05,20,5.0,0.05,0.0,0.01,1008,0.006928312398954698,0.006928312398954763,0.9999999999999906,0.006928312398954816,0.006928312398954762
eta_drift_0p05,eta_drift,0.05,20,5.0,0.05,0.0,0.01,1009,0.006928312398954698,0.006928312398954763,0.9999999999999906,0.006928312398954816,0.006928312398954762
eta_drift_0p05,eta_drift,0.05,20,5.0,0.05,0.0,0.01,1010,0.006928312398954698,0.006928312398954763,0.9999999999999906,0.006928312398954816,0.006928312398954762
eta_drift_0p05,eta_drift,0.05,20,5.0,0.05,0.0,0.01,1011,0.006928312398954698,0.006928312398954763,0.9999999999999906,0.006928312398954816,0.006928312398954762
eta_drift_0p05,eta_drift,0.05,20,5.0,0.05,0.0,0.01,1012,0.006928312398954698,0.006928312398954763,0.9999999999999906,0.006928312398954816,0.006928312398954762
eta_drift_0p05,eta_drift,0.05,20,5.0,0.05,0.0,0.01,1013,0.006928312398954698,0.006928312398954763,0.9999999999999906,0.006928312398954816,0.006928312398954762
eta_drift_0p05,eta_drift,0.05,20,5.0,0.05,0.0,0.01,1014,0.006928312398954698,0.006928312398954763,0.9999999999999906,0.006928312398954816,0.006928312398954762
eta_drift_0p05,eta_drift,0.05,20,5.0,0.05,0.0,0.01,1015,0.006928312398954698,0.006928312398954763,0.9999999999999906,0.006928312398954816,0.006928312398954762
eta_drift_0p05,eta_drift,0.05,20,5.0,0.05,0.0,0.01,1016,0.006928312398954698,0.006928312398954763,0.9999999999999906,0.006928312398954816,0.006928312398954762
eta_drift_0p05,eta_drift,0.05,20,5.0,0.05,0.0,0.01,1017,0.006928312398954698,0.006928312398954763,0.9999999999999906,0.006928312398954816,0.006928312398954762
eta_drift_0p05,eta_drift,0.05,20,5.0,0.05,0.0,0.01,1018,0.006928312398954698,0.006928312398954763,0.9999999999999906,0.006928312398954816,0.006928312398954762
eta_drift_0p05,eta_drift,0.05,20,5.0,0.05,0.0,0.01,1019,0.006928312398954698,0.006928312398954763,0.9999999999999906,0.006928312398954816,0.006928312398954762
eta_drift_0p05,eta_drift,0.05,20,5.0,0.05,0.0,0.01,1020,0.006928312398954698,0.006928312398954763,0.9999999999999906,0.006928312398954816,0.006928312398954762
eta_drift_0p05,eta_drift,0.05,20,5.0,0.05,0.0,0.01,1021,0.006928312398954698,0.006928312398954763,0.9999999999999906,0.006928312398954816,0.006928312398954762
eta_drift_0p05,eta_drift,0.05,20,5.0,0.05,0.0,0.01,1022,0.006928312398954698,0.006928312398954763,0.9999999999999906,0.006928312398954816,0.006928312398954762
eta_drift_0p05,eta_drift,0.05,20,5.0,0.05,0.0,0.01,1023,0.006928312398954698,0.006928312398954763,0.9999999999999906,0.006928312398954816,0.006928312398954762
eta_drift_0p05,eta_drift,0.05,20,5.0,0.05,0.0,0.01,1024,0.006928312398954698,0.006928312398954763,0.9999999999999906,0.006928312398954816,0.006928312398954762
eta_drift_0p05,eta_drift,0.05,20,5.0,0.05,0.0,0.01,1025,0.006928312398954698,0.006928312398954763,0.9999999999999906,0.006928312398954816,0.006928312398954762
eta_drift_0p05,eta_drift,0.05,20,5.0,0.05,0.0,0.01,1026,0.006928312398954698,0.006928312398954763,0.9999999999999906,0.006928312398954816,0.006928312398954762
eta_drift_0p05,eta_drift,0.05,20,5.0,0.05,0.0,0.01,1027,0.006928312398954698,0.006928312398954763,0.9999999999999906,0.006928312398954816,0.006928312398954762
eta_drift_0p05,eta_drift,0.05,20,5.0,0.05,0.0,0.01,1028,0.006928312398954698,0.006928312398954763,0.9999999999999906,0.006928312398954816,0.006928312398954762
eta_drift_0p05,eta_drift,0.05,20,5.0,0.05,0.0,0.01,1029,0.006928312398954698,0.006928312398954763,0.9999999999999906,0.006928312398954816,0.006928312398954762
eta_drift_0p05,eta_drift,0.05,20,5.0,0.05,0.0,0.01,1030,0.006928312398954698,0.006928312398954763,0.9999999999999906,0.006928312398954816,0.006928312398954762
eta_noise_0p09,eta_noise,0.09,20,5.0,0.09,0.02,0.0,1001,0.00017104387916525596,0.00016751228881789015,1.0210825747310106,0.00014097926557040866,0.00016751228881789015
eta_noise_0p09,eta_noise,0.09,20,5.0,0.09,0.02,0.0,1002,0.0001587620270474187,0.00016751228881789015,0.9477634636108146,0.0001614604817169773,0.00016751228881789015
eta_noise_0p09,eta_noise,0.09,20,5.0,0.09,0.02,0.0,1003,0.00015720702795877118,0.00016751228881789015,0.9384805680118056,0.00011923484127072634,0.00016751228881789015
eta_noise_0p09,eta_noise,0.09,20,5.0,0.09,0.02,0.0,1004,0.0001671338103472228,0.00016751228881789015,0.9977405928046341,3.556372613147177e-05,0.00016751228881789015
eta_noise_0p09,eta_noise,0.09,20,5.0,0.09,0.02,0.0,1005,0.00016823962469654494,0.00016751228881789015,1.0043419851987427,0.00010499583834485407,0.00016751228881789015
eta_noise_0p09,eta_noise,0.09,20,5.0,0.09,0.02,0.0,1006,0.00014695120699950492,0.00016751228881789015,0.877256277951416,0.00017145318902773242,0.00016751228881789015
eta_noise_0p09,eta_noise,0.09,20,5.0,0.09,0.02,0.0,1007,0.00016059829828280698,0.00016751228881789015,0.9587254727168126,9.673367773230338e-05,0.00016751228881789015
eta_noise_0p09,eta_noise,0.09,20,5.0,0.09,0.02,0.0,1008,0.0001643562247901747,0.00016751228881789015,0.9811592089751304,0.0002044688267591963,0.00016751228881789015
eta_noise_0p09,eta_noise,0.09,20,5.0,0.09,0.02,0.0,1009,0.0001625581179869597,0.00016751228881789015,0.9704250305103506,0.00013605007407364143,0.00016751228881789015
eta_noise_0p09,eta_noise,0.09,20,5.0,0.09,0.02,0.0,1010,0.00017298502439478335,0.00016751228881789015,1.0326706513027402,0.0001360709022492601,0.00016751228881789015
eta_noise_0p09,eta_noise,0.09,20,5.0,0.09,0.02,0.0,1011,0.00015343708708766187,0.00016751228881789015,0.9159751094707443,0.00018153225954604358,0.00016751228881789015
eta_noise_0p09,eta_noise,0.09,20,5.0,0.09,0.02,0.0,1012,0.00016467308460753457,0.00016751228881789015,0.9830507706008232,0.00014302334286430435,0.00016751228881789015
eta_noise_0p09,eta_noise,0.09,20,5.0,0.09,0.02,0.0,1013,0.00017477324328147483,0.00016751228881789015,1.0433458017607196,0.0001128445815104849,0.00016751228881789015
eta_noise_0p09,eta_noise,0.09,20,5.0,0.09,0.02,0.0,1014,0.000162329966924681,0.00016751228881789015,0.9690630345404505,0.00017092222019124092,0.00016751228881789015
eta_noise_0p09,eta_noise,0.09,20,5.0,0.09,0.02,0.0,1015,0.0001721753168368259,0.00016751228881789015,1.0278369309609585,0.0002447639433458883,0.00016751228881789015
eta_noise_0p09,eta_noise,0.09,20,5.0,0.09,0.02,0.0,1016,0.00017838965917044267,0.00016751228881789015,1.064934760484216,0.00014816669057844597,0.00016751228881789015
eta_noise_0p09,eta_noise,0.09,20,5.0,0.09,0.02,0.0,1017,0.00017293638741692452,0.00016751228881789015,1.0323803025874188,0.0002549983313413945,0.00016751228881789015
eta_noise_0p09,eta_noise,0.09,20,5.0,0.09,0.02,0.0,1018,0.00017393645002481878,0.00016751228881789015,1.0383503876179054,0.00011581851216287775,0.00016751228881789015
eta_noise_0p09,eta_noise,0.09,20,5.0,0.09,0.02,0.0,1019,0.00018511724489589243,0.00016751228881789015,1.105096504872794,9.703445682117943e-05,0.00016751228881789015
eta_noise_0p09,eta_noise,0.09,20,5.0,0.09,0.02,0.0,1020,0.00015955534328866507,0.00016751228881789015,0.9524993325243414,0.00017461934329634346,0.00016751228881789015
eta_noise_0p09,eta_noise,0.09,20,5.0,0.09,0.02,0.0,1021,0.00016142360113542532,0.00016751228881789015,0.9636522924650376,0.0001672533679156745,0.00016751228881789015
eta_noise_0p09,eta_noise,0.09,20,5.0,0.09,0.02,0.0,1022,0.00015469568208281056,0.00016751228881789015,0.9234885582095228,0.00019216525100430905,0.00016751228881789015
eta_noise_0p09,eta_noise,0.09,20,5.0,0.09,0.02,0.0,1023,0.00018967809876714194,0.00016751228881789015,1.1323234856718434,9.922252522603415e-05,0.00016751228881789015
eta_noise_0p09,eta_noise,0.09,20,5.0,0.09,0.02,0.0,1024,0.00019600311053884748,0.00016751228881789015,1.1700819797879483,0.0003047561890809236,0.00016751228881789015
eta_noise_0p09,eta_noise,0.09,20,5.0,0.09,0.02,0.0,1025,0.00017611002455394923,0.00016751228881789015,1.0513260000011464,0.00013264999314025055,0.00016751228881789015
eta_noise_0p09,eta_noise,0.09,20,5.0,0.09,0.02,0.0,1026,0.00017887370920311276,0.00016751228881789015,1.0678243994240573,0.00021290762379275402,0.00016751228881789015
eta_noise_0p09,eta_noise,0.09,20,5.0,0.09,0.02,0.0,1027,0.00017329000291989365,0.00016751228881789015,1.0344912850440764,0.00012753752937279278,0.00016751228881789015
eta_noise_0p09,eta_noise,0.09,20,5.0,0.09,0.02,0.0,1028,0.00016006019353758706,0.00016751228881789015,0.9555131427497562,0.0002470127952392551,0.00016751228881789015
eta_noise_0p09,eta_noise,0.09,20,5.0,0.09,0.02,0.0,1029,0.00017446599387680638,0.00016751228881789015,1.041511611524071,0.00011613002077645018,0.00016751228881789015
eta_noise_0p09,eta_noise,0.09,20,5.0,0.09,0.02,0.0,1030,0.00015584910350443913,0.00016751228881789015,0.93037415108016,0.00019165993141455104,0.00016751228881789015
eta_drift_0p09,eta_drift,0.09,20,5.0,0.09,0.0,0.01,1001,0.0021383680243687395,0.002138368024368755,0.9999999999999927,0.002138368024368796,0.002138368024368755
eta_drift_0p09,eta_drift,0.09,20,5.0,0.09,0.0,0.01,1002,0.0021383680243687395,0.002138368024368755,0.9999999999999927,0.002138368024368796,0.002138368024368755
eta_drift_0p09,eta_drift,0.09,20,5.0,0.09,0.0,0.01,1003,0.0021383680243687395,0.002138368024368755,0.9999999999999927,0.002138368024368796,0.002138368024368755
eta_drift_0p09,eta_drift,0.09,20,5.0,0.09,0.0,0.01,1004,0.0021383680243687395,0.002138368024368755,0.9999999999999927,0.002138368024368796,0.002138368024368755
eta_drift_0p09,eta_drift,0.09,20,5.0,0.09,0.0,0.01,1005,0.0021383680243687395,0.002138368024368755,0.9999999999999927,0.002138368024368796,0.002138368024368755
eta_drift_0p09,eta_drift,0.09,20,5.0,0.09,0.0,0.01,1006,0.0021383680243687395,0.002138368024368755,0.9999999999999927,0.002138368024368796,0.002138368024368755
eta_drift_0p09,eta_drift,0.09,20,5.0,0.09,0.0,0.01,1007,0.0021383680243687395,0.002138368024368755,0.9999999999999927,0.002138368024368796,0.002138368024368755
eta_drift_0p09,eta_drift,0.09,20,5.0,0.09,0.0,0.01,1008,0.0021383680243687395,0.002138368024368755,0.9999999999999927,0.002138368024368796,0.002138368024368755
eta_drift_0p09,eta_drift,0.09,20,5.0,0.09,0.0,0.01,1009,0.0021383680243687395,0.002138368024368755,0.9999999999999927,0.002138368024368796,0.002138368024368755
eta_drift_0p09,eta_drift,0.09,20,5.0,0.09,0.0,0.01,1010,0.0021383680243687395,0.002138368024368755,0.9999999999999927,0.002138368024368796,0.002138368024368755
eta_drift_0p09,eta_drift,0.09,20,5.0,0.09,0.0,0.01,1011,0.0021383680243687395,0.002138368024368755,0.9999999999999927,0.002138368024368796,0.002138368024368755
eta_drift_0p09,eta_drift,0.09,20,5.0,0.09,0.0,0.01,1012,0.0021383680243687395,0.002138368024368755,0.9999999999999927,0.002138368024368796,0.002138368024368755
eta_drift_0p09,eta_drift,0.09,20,5.0,0.09,0.0,0.01,1013,0.0021383680243687395,0.002138368024368755,0.9999999999999927,0.002138368024368796,0.002138368024368755
eta_drift_0p09,eta_drift,0.09,20,5.0,0.09,0.0,0.01,1014,0.0021383680243687395,0.002138368024368755,0.9999999999999927,0.002138368024368796,0.002138368024368755
eta_drift_0p09,eta_drift,0.09,20,5.0,0.09,0.0,0.01,1015,0.0021383680243687395,0.002138368024368755,0.9999999999999927,0.002138368024368796,0.002138368024368755
eta_drift_0p09,eta_drift,0.09,20,5.0,0.09,0.0,0.01,1016,0.0021383680243687395,0.002138368024368755,0.9999999999999927,0.002138368024368796,0.002138368024368755
eta_drift_0p09,eta_drift,0.09,20,5.0,0.09,0.0,0.01,1017,0.0021383680243687395,0.002138368024368755,0.9999999999999927,0.002138368024368796,0.002138368024368755
eta_drift_0p09,eta_drift,0.09,20,5.0,0.09,0.0,0.01,1018,0.0021383680243687395,0.002138368024368755,0.9999999999999927,0.002138368024368796,0.002138368024368755
eta_drift_0p09,eta_drift,0.09,20,5.0,0.09,0.0,0.01,1019,0.0021383680243687395,0.002138368024368755,0.9999999999999927,0.002138368024368796,0.002138368024368755
eta_drift_0p09,eta_drift,0.09,20,5.0,0.09,0.0,0.01,1020,0.0021383680243687395,0.002138368024368755,0.9999999999999927,0.002138368024368796,0.002138368024368755
eta_drift_0p09,eta_drift,0.09,20,5.0,0.09,0.0,0.01,1021,0.0021383680243687395,0.002138368024368755,0.9999999999999927,0.002138368024368796,0.002138368024368755
eta_drift_0p09,eta_drift,0.09,20,5.0,0.09,0.0,0.01,1022,0.0021383680243687395,0.002138368024368755,0.9999999999999927,0.002138368024368796,0.002138368024368755
eta_drift_0p09,eta_drift,0.09,20,5.0,0.09,0.0,0.01,1023,0.0021383680243687395,0.002138368024368755,0.9999999999999927,0.002138368024368796,0.002138368024368755
eta_drift_0p09,eta_drift,0.09,20,5.0,0.09,0.0,0.01,1024,0.0021383680243687395,0.002138368024368755,0.9999999999999927,0.002138368024368796,0.002138368024368755
eta_drift_0p09,eta_drift,0.09,20,5.0,0.09,0.0,0.01,1025,0.0021383680243687395,0.002138368024368755,0.9999999999999927,0.002138368024368796,0.002138368024368755
eta_drift_0p09,eta_drift,0.09,20,5.0,0.09,0.0,0.01,1026,0.0021383680243687395,0.002138368024368755,0.9999999999999927,0.002138368024368796,0.002138368024368755
eta_drift_0p09,eta_drift,0.09,20,5.0,0.09,0.0,0.01,1027,0.0021383680243687395,0.002138368024368755,0.9999999999999927,0.002138368024368796,0.002138368024368755
eta_drift_0p09,eta_drift,0.09,20,5.0,0.09,0.0,0.01,1028,0.0021383680243687395,0.002138368024368755,0.9999999999999927,0.002138368024368796,0.002138368024368755
eta_drift_0p09,eta_drift,0.09,20,5.0,0.09,0.0,0.01,1029,0.0021383680243687395,0.002138368024368755,0.9999999999999927,0.002138368024368796,0.002138368024368755
eta_drift_0p09,eta_drift,0.09,20,5.0,0.09,0.0,0.01,1030,0.0021383680243687395,0.002138368024368755,0.9999999999999927,0.002138368024368796,0.002138368024368755
sigma_0p005,sigma,0.005,20,5.0,0.05,0.005,0.0,1001,6.118733626875072e-06,5.50169979272066e-06,1.1121533085049122,7.4969301113807615e-06,5.501699792720661e-06
sigma_0p005,sigma,0.005,20,5.0,0.05,0.005,0.0,1002,5.3070754951647514e-06,5.50169979272066e-06,0.964624696932134,6.5450218522340895e-06,5.501699792720661e-06
sigma_0p005,sigma,0.005,20,5.0,0.05,0.005,0.0,1003,5.882823749955884e-06,5.50169979272066e-06,1.0692738556435761,4.245985911745005e-06,5.501699792720661e-06
sigma_0p005,sigma,0.005,20,5.0,0.05,0.005,0.0,1004,5.603346422059598e-06,5.50169979272066e-06,1.0184754954229651,8.502062619897194e-06,5.501699792720661e-06
sigma_0p005,sigma,0.005,20,5.0,0.05,0.005,0.0,1005,5.160944588107633e-06,5.50169979272066e-06,0.9380636498807363,3.1970510451278957e-06,5.501699792720661e-06
sigma_0p005,sigma,0.005,20,5.0,0.05,0.005,0.0,1006,5.505858987494117e-06,5.50169979272066e-06,1.0007559835923727,5.166747815235407e-06,5.501699792720661e-06
sigma_0p005,sigma,0.005,20,5.0,0.05,0.005,0.0,1007,5.462640304064361e-06,5.50169979272066e-06,0.9929004689227174,4.750965240825411e-06,5.501699792720661e-06
sigma_0p005,sigma,0.005,20,5.0,0.05,0.005,0.0,1008,5.371160005061286e-06,5.50169979272066e-06,0.9762728261123785,6.417404090920554e-06,5.501699792720661e-06
sigma_0p005,sigma,0.005,20,5.0,0.05,0.005,0.0,1009,5.6434245107495905e-06,5.50169979272066e-06,1.0257601692873988,5.506436346048477e-06,5.501699792720661e-06
sigma_0p005,sigma,0.005,20,5.0,0.05,0.005,0.0,1010,5.725329398734379e-06,5.50169979272066e-06,1.0406473661666535,5.7382294700497275e-06,5.501699792720661e-06
sigma_0p005,sigma,0.005,20,5.0,0.05,0.005,0.0,1011,5.0603069170503655e-06,5.50169979272066e-06,0.9197715447407172,4.688121841496589e-06,5.501699792720661e-06
sigma_0p005,sigma,0.005,20,5.0,0.05,0.005,0.0,1012,4.641872267451595e-06,5.50169979272066e-06,0.8437160227450596,4.703883930408645e-06,5.501699792720661e-06
sigma_0p005,sigma,0.005,20,5.0,0.05,0.005,0.0,1013,6.230713933397619e-06,5.50169979272066e-06,1.1325070738395293,5.605955515244234e-06,5.501699792720661e-06
sigma_0p005,sigma,0.005,20,5.0,0.05,0.005,0.0,1014,5.363245946884198e-06,5.50169979272066e-06,0.9748343510091825,7.984484613573675e-06,5.501699792720661e-06
sigma_0p005,sigma,0.005,20,5.0,0.05,0.005,0.0,1015,5.2421159240264045e-06,5.50169979272066e-06,0.9528175148637312,6.331310554160041e-06,5.501699792720661e-06
sigma_0p005,sigma,0.005,20,5.0,0.05,0.005,0.0,1016,4.639525216033919e-06,5.50169979272066e-06,0.8432894179672451,4.059332827755746e-06,5.501699792720661e-06
sigma_0p005,sigma,0.005,20,5.0,0.05,0.005,0.0,1017,4.82765714884076e-06,5.50169979272066e-06,0.8774846557837033,3.6303873115721384e-06,5.501699792720661e-06
sigma_0p005,sigma,0.005,20,5.0,0.05,0.005,0.0,1018,5.932789097710302e-06,5.50169979272066e-06,1.0783556575660525,6.280277187329603e-06,5.501699792720661e-06
sigma_0p005,sigma,0.005,20,5.0,0.05,0.005,0.0,1019,5.547797919767527e-06,5.50169979272066e-06,1.0083788881225144,3.320783835009095e-06,5.501699792720661e-06
sigma_0p005,sigma,0.005,20,5.0,0.05,0.005,0.0,1020,5.376042117059376e-06,5.50169979272066e-06,0.9771602085908899,5.473984293988968e-06,5.501699792720661e-06
sigma_0p005,sigma,0.005,20,5.0,0.05,0.005,0.0,1021,5.228819198753369e-06,5.50169979272066e-06,0.9504006753824806,5.3391613609489e-06,5.501699792720661e-06
sigma_0p005,sigma,0.005,20,5.0,0.05,0.005,0.0,1022,5.383749445370136e-06,5.50169979272066e-06,0.978561108058534,5.095262433833607e-06,5.501699792720661e-06
sigma_0p005,sigma,0.005,20,5.0,0.05,0.005,0.0,1023,5.30287091490481e-06,5.50169979272066e-06,0.9638604639826182,4.787334789227638e-06,5.501699792720661e-06
sigma_0p005,sigma,0.005,20,5.0,0.05,0.005,0.0,1024,4.9935242519248665e-06,5.50169979272066e-06,0.9076329934490129,4.090249355055123e-06,5.501699792720661e-06
sigma_0p005,sigma,0.005,20,5.0,0.05,0.005,0.0,1025,5.565439560573859e-06,5.50169979272066e-06,1.0115854681743148,4.599620490246888e-06,5.501699792720661e-06
sigma_0p005,sigma,0.005,20,5.0,0.05,0.005,0.0,1026,5.680508957470545e-06,5.50169979272066e-06,1.0325007127772527,6.568047693557557e-06,5.501699792720661e-06
sigma_0p005,sigma,0.005,20,5.0,0.05,0.005,0.0,1027,5.667829069973238e-06,5.50169979272066e-06,1.0301959909685339,1.1156838245539309e-05,5.501699792720661e-06
sigma_0p005,sigma,0.005,20,5.0,0.05,0.005,0.0,1028,6.1657281243439784e-06,5.50169979272066e-06,1.120695122714965,6.0087648427640865e-06,5.501699792720661e-06
sigma_0p005,sigma,0.005,20,5.0,0.05,0.005,0.0,1029,5.7971003624175154e-06,5.50169979272066e-06,1.0536926006191218,4.898835229021539e-06,5.501699792720661e-06
sigma_0p005,sigma,0.005,20,5.0,0.05,0.005,0.0,1030,5.173399882981184e-06,5.50169979272066e-06,0.9403275492832502,5.202909762108717e-06,5.501699792720661e-06
sigma_0p01,sigma,0.01,20,5.0,0.05,0.01,0.0,1001,2.0302321117875535e-05,2.200679917088264e-05,0.9225476617579937,2.1978857991949835e-05,2.2006799170882644e-05
sigma_0p01,sigma,0.01,20,5.0,0.05,0.01,0.0,1002,2.3769207798732125e-05,2.200679917088264e-05,1.0800847326394172,1.9767940577079587e-05,2.2006799170882644e-05
sigma_0p01,sigma,0.01,20,5.0,0.05,0.01,0.0,1003,2.254432123281515e-05,2.200679917088264e-05,1.0244252722878349,8.847898459116037e-06,2.2006799170882644e-05
sigma_0p01,sigma,0.01,20,5.0,0.05,0.01,0.0,1004,2.4468466687984143e-05,2.200679917088264e-05,1.111859407539764,1.88123520045178e-05,2.2006799170882644e-05
sigma_0p01,sigma,0.01,20,5.0,0.05,0.01,0.0,1005,2.0783128933882736e-05,2.200679917088264e-05,0.9443958102449105,1.7982415953153643e-05,2.2006799170882644e-05
sigma_0p01,sigma,0.01,20,5.0,0.05,0.01,0.0,1006,2.3100468886602755e-05,2.200679917088264e-05,1.0496969008181416,3.410473058332124e-05,2.2006799170882644e-05
sigma_0p01,sigma,0.01,20,5.0,0.05,0.01,0.0,1007,2.2835937391633178e-05,2.200679917088264e-05,1.037676456912806,3.0175279812832554e-05,2.2006799170882644e-05
sigma_0p01,sigma,0.01,20,5.0,0.05,0.01,0.0,1008,2.0884422961683752e-05,2.200679917088264e-05,0.9489986617097904,2.5312560818024528e-05,2.2006799170882644e-05
sigma_0p01,sigma,0.01,20,5.0,0.05,0.01,0.0,1009,2.4262664276013847e-05,2.200679917088264e-05,1.1025076426432772,3.625109789829993e-05,2.2006799170882644e-05
sigma_0p01,sigma,0.01,20,5.0,0.05,0.01,0.0,1010,2.2032717947763105e-05,2.200679917088264e-05,1.0011777622306273,2.43545628559476e-05,2.2006799170882644e-05
sigma_0p01,sigma,0.01,20,5.0,0.05,0.01,0.0,1011,2.0496325778483476e-05,2.200679917088264e-05,0.9313633309110357,1.2339801575567842e-05,2.2006799170882644e-05
sigma_0p01,sigma,0.01,20,5.0,0.05,0.01,0.0,1012,2.1284566609216192e-05,2.200679917088264e-05,0.9671813898941723,1.7581925626662872e-05,2.2006799170882644e-05
sigma_0p01,sigma,0.01,20,5.0,0.05,0.01,0.0,1013,2.2788826189496668e-05,2.200679917088264e-05,1.0355357002416206,2.279615056271622e-05,2.2006799170882644e-05
sigma_0p01,sigma,0.01,20,5.0,0.05,0.01,0.0,1014,2.0312629535513127e-05,2.200679917088264e-05,0.9230160814294573,2.603805982582051e-05,2.2006799170882644e-05
sigma_0p01,sigma,0.01,20,5.0,0.05,0.01,0.0,1015,2.1989697617450043e-05,2.200679917088264e-05,0.9992228968283936,2.6095656297819313e-05,2.2006799170882644e-05
sigma_0p01,sigma,0.01,20,5.0,0.05,0.01,0.0,1016,2.1133856675034224e-05,2.200679917088264e-05,0.9603330548404598,1.7848166202365217e-05,2.2006799170882644e-05
sigma_0p01,sigma,0.01,20,5.0,0.05,0.01,0.0,1017,2.204330643118202e-05,2.200679917088264e-05,1.001658908231765,1.2556609798363304e-05,2.2006799170882644e-05
sigma_0p01,sigma,0.01,20,5.0,0.05,0.01,0.0,1018,2.197976215351598e-05,2.200679917088264e-05,0.9987714243604116,2.969237259789616e-05,2.2006799170882644e-05
sigma_0p01,sigma,0.01,20,5.0,0.05,0.01,0.0,1019,2.1325986625598074e-05,2.200679917088264e-05,0.969063536228142,1.9610377793496333e-05,2.2006799170882644e-05
sigma_0p01,sigma,0.01,20,5.0,0.05,0.01,0.0,1020,2.205104596553143e-05,2.200679917088264e-05,1.0020105965572372,1.933533992289741e-05,2.2006799170882644e-05
sigma_0p01,sigma,0.01,20,5.0,0.05,0.01,0.0,1021,2.4235500051604305e-05,2.200679917088264e-05,1.1012732866518125,2.7252585010870966e-05,2.2006799170882644e-05
sigma_0p01,sigma,0.01,20,5.0,0.05,0.01,0.0,1022,2.3731757085904e-05,2.200679917088264e-05,1.078382953451207,2.060193096831385e-05,2.2006799170882644e-05
sigma_0p01,sigma,0.01,20,5.0,0.05,0.01,0.0,1023,2.4713803884612654e-05,2.200679917088264e-05,1.1230076528944597,1.7930598918100586e-05,2.2006799170882644e-05
sigma_0p01,sigma,0.01,20,5.0,0.05,0.01,0.0,1024,2.2570235024867155e-05,2.200679917088264e-05,1.025602808005355,1.7643636034586063e-05,2.2006799170882644e-05
sigma_0p01,sigma,0.01,20,5.0,0.05,0.01,0.0,1025,2.077068528962374e-05,2.200679917088264e-05,0.943830364804055,1.008058250378042e-05,2.2006799170882644e-05
sigma_0p01,sigma,0.01,20,5.0,0.05,0.01,0.0,1026,2.397663149825564e-05,2.200679917088264e-05,1.0895101696560807,2.6750811289741855e-05,2.2006799170882644e-05
sigma_0p01,sigma,0.01,20,5.0,0.05,0.01,0.0,1027,2.1024090236820153e-05,2.200679917088264e-05,0.9553452127939297,1.6605018733934323e-05,2.2006799170882644e-05
sigma_0p01,sigma,0.01,20,5.0,0.05,0.01,0.0,1028,1.915981734396838e-05,2.200679917088264e-05,0.8706317168249927,2.069585453466074e-05,2.2006799170882644e-05
sigma_0p01,sigma,0.01,20,5.0,0.05,0.01,0.0,1029,2.4514702503021483e-05,2.200679917088264e-05,1.1139603861817882,3.792642466610973e-05,2.2006799170882644e-05
sigma_0p01,sigma,0.01,20,5.0,0.05,0.01,0.0,1030,2.1678161111222377e-05,2.200679917088264e-05,0.9850665216186875,2.3777616893942497e-05,2.2006799170882644e-05
sigma_0p02,sigma,0.02,20,5.0,0.05,0.02,0.0,1001,9.88216908463659e-05,8.802719668353056e-05,1.1226268081856903,9.91195428062584e-05,8.802719668353058e-05
sigma_0p02,sigma,0.02,20,5.0,0.05,0.02,0.0,1002,8.56098196496382e-05,8.802719668353056e-05,0.9725382935618959,7.413314622967091e-05,8.802719668353058e-05
sigma_0p02,sigma,0.02,20,5.0,0.05,0.02,0.0,1003,9.87515446570473e-05,8.802719668353056e-05,1.1218299386730692,8.530804581675798e-05,8.802719668353058e-05
sigma_0p02,sigma,0.02,20,5.0,0.05,0.02,0.0,1004,0.00010056379254006667,8.802719668353056e-05,1.142417302025496,0.00010250167308974025,8.802719668353058e-05
sigma_0p02,sigma,0.02,20,5.0,0.05,0.02,0.0,1005,8.228120029989629e-05,8.802719668353056e-05,0.9347247600728228,8.65674841743591e-05,8.802719668353058e-05
sigma_0p02,sigma,0.02,20,5.0,0.05,0.02,0.0,1006,8.97343624665032e-05,8.802719668353056e-05,1.019393617510167,5.663574190347882e-05,8.802719668353058e-05
sigma_0p02,sigma,0.02,20,5.0,0.05,0.02,0.0,1007,8.08483512409709e-05,8.802719668353056e-05,0.918447414969165,3.0981890612185644e-05,8.802719668353058e-05
sigma_0p02,sigma,0.02,20,5.0,0.05,0.02,0.0,1008,9.143691366342359e-05,8.802719668353056e-05,1.038734812743741,0.0001288434921738915,8.802719668353058e-05
sigma_0p02,sigma,0.02,20,5.0,0.05,0.02,0.0,1009,8.497497662173032e-05,8.802719668353056e-05,0.9653263971045973,6.902029552320674e-05,8.802719668353058e-05
sigma_0p02,sigma,0.02,20,5.0,0.05,0.02,0.0,1010,8.862251638329553e-05,8.802719668353056e-05,1.0067629064901977,3.714754574686937e-05,8.802719668353058e-05
sigma_0p02,sigma,0.02,20,5.0,0.05,0.02,0.0,1011,8.730363154822611e-05,8.802719668353056e-05,0.9917802092698037,6.978393040663632e-05,8.802719668353058e-05
sigma_0p02,sigma,0.02,20,5.0,0.05,0.02,0.0,1012,9.188572782307348e-05,8.802719668353056e-05,1.043833397914679,4.8501082742820755e-05,8.802719668353058e-05
sigma_0p02,sigma,0.02,20,5.0,0.05,0.02,0.0,1013,8.86709152020293e-05,8.802719668353056e-05,1.0073127231441097,6.808177717911261e-05,8.802719668353058e-05
sigma_0p02,sigma,0.02,20,5.0,0.05,0.02,0.0,1014,9.874914472654386e-05,8.802719668353056e-05,1.1218026751614063,9.329385118754416e-05,8.802719668353058e-05
sigma_0p02,sigma,0.02,20,5.0,0.05,0.02,0.0,1015,9.282353444853542e-05,8.802719668353056e-05,1.0544869988561414,0.00013774674808394497,8.802719668353058e-05
sigma_0p02,sigma,0.02,20,5.0,0.05,0.02,0.0,1016,9.115720334213233e-05,8.802719668353056e-05,1.03555726839575,6.72725212784902e-05,8.802719668353058e-05
sigma_0p02,sigma,0.02,20,5.0,0.05,0.02,0.0,1017,8.67761093172136e-05,8.802719668353056e-05,0.9857874905318775,0.0001016815751735353,8.802719668353058e-05
sigma_0p02,sigma,0.02,20,5.0,0.05,0.02,0.0,1018,0.00010788976593372051,8.802719668353056e-05,1.2256412790424136,8.755820701028037e-05,8.802719668353058e-05
sigma_0p02,sigma,0.02,20,5.0,0.05,0.02,0.0,1019,8.56422063934166e-05,8.802719668353056e-05,0.9729062110351154,5.071608697271133e-05,8.802719668353058e-05
sigma_0p02,sigma,0.02,20,5.0,0.05,0.02,0.0,1020,8.315799377858906e-05,8.802719668353056e-05,0.944685244011042,7.265082930754582e-05,8.802719668353058e-05
sigma_0p02,sigma,0.02,20,5.0,0.05,0.02,0.0,1021,8.711838325566855e-05,8.802719668353056e-05,0.9896757654213468,5.105759280082048e-05,8.802719668353058e-05
sigma_0p02,sigma,0.02,20,5.0,0.05,0.02,0.0,1022,9.735843665763987e-05,8.802719668353056e-05,1.1060040569922538,6.113049147947962e-05,8.802719668353058e-05
sigma_0p02,sigma,0.02,20,5.0,0.05,0.02,0.0,1023,8.684178424266696e-05,8.802719668353056e-05,0.986533565925934,0.00010891993684465696,8.802719668353058e-05
sigma_0p02,sigma,0.02,20,5.0,0.05,0.02,0.0,1024,8.36276990235416e-05,8.802719668353056e-05,0.9500211545324369,9.071543363271466e-05,8.802719668353058e-05
sigma_0p02,sigma,0.02,20,5.0,0.05,0.02,0.0,1025,9.214402645688805e-05,8.802719668353056e-05,1.046767702806191,7.157011720790809e-05,8.802719668353058e-05
sigma_0p02,sigma,0.02,20,5.0,0.05,0.02,0.0,1026,8.1391363332741e-05,8.802719668353056e-05,0.9246161004689691,8.135919678814512e-05,8.802719668353058e-05
sigma_0p02,sigma,0.02,20,5.0,0.05,0.02,0.0,1027,8.980806939239285e-05,8.802719668353056e-05,1.0202309374370373,0.00011234377978594644,8.802719668353058e-05
sigma_0p02,sigma,0.02,20,5.0,0.05,0.02,0.0,1028,9.44423315177876e-05,8.802719668353056e-05,1.0728767366899152,0.00010603782381827738,8.802719668353058e-05
sigma_0p02,sigma,0.02,20,5.0,0.05,0.02,0.0,1029,8.326617972810733e-05,8.802719668353056e-05,0.9459142499727701,6.474723918563631e-05,8.802719668353058e-05
sigma_0p02,sigma,0.02,20,5.0,0.05,0.02,0.0,1030,9.737392961371491e-05,8.802719668353056e-05,1.1061800589173263,0.00010552275750221506,8.802719668353058e-05
sigma_0p05,sigma,0.05,20,5.0,0.05,0.05,0.0,1001,0.0005401516046262604,0.0005501699792720662,0.9817904011064704,0.0004956267493849846,0.0005501699792720662
sigma_0p05,sigma,0.05,20,5.0,0.05,0.05,0.0,1002,0.0005787875795512375,0.0005501699792720662,1.0520159248184269,0.0006419096811747703,0.0005501699792720662
sigma_0p05,sigma,0.05,20,5.0,0.05,0.05,0.0,1003,0.0005425335806734712,0.0005501699792720662,0.9861199285924347,0.00044778772065681726,0.0005501699792720662
sigma_0p05,sigma,0.05,20,5.0,0.05,0.05,0.0,1004,0.0005017535259619274,0.0005501699792720662,0.911997282414066,0.001019411057208989,0.0005501699792720662
sigma_0p05,sigma,0.05,20,5.0,0.05,0.05,0.0,1005,0.0005789137376427957,0.0005501699792720662,1.052245232298499,0.000581752054710799,0.0005501699792720662
sigma_0p05,sigma,0.05,20,5.0,0.05,0.05,0.0,1006,0.0006498797230535854,0.0005501699792720662,1.1812344321539425,0.0005118420521501155,0.0005501699792720662
sigma_0p05,sigma,0.05,20,5.0,0.05,0.05,0.0,1007,0.0005094229959767575,0.0005501699792720662,0.9259374650917498,0.0007828410628959771,0.0005501699792720662
sigma_0p05,sigma,0.05,20,5.0,0.05,0.05,0.0,1008,0.0006248023750034468,0.0005501699792720662,1.1356533408640859,0.0004274650935378707,0.0005501699792720662
sigma_0p05,sigma,0.05,20,5.0,0.05,0.05,0.0,1009,0.0005011326809787366,0.0005501699792720662,0.9108688221080125,0.00029457378534964134,0.0005501699792720662
sigma_0p05,sigma,0.05,20,5.0,0.05,0.05,0.0,1010,0.0005666293958698741,0.0005501699792720662,1.0299169660612626,0.000576331061745043,0.0005501699792720662
sigma_0p05,sigma,0.05,20,5.0,0.05,0.05,0.0,1011,0.0004918324064675287,0.0005501699792720662,0.8939644564363102,0.0007846249824568968,0.0005501699792720662
sigma_0p05,sigma,0.05,20,5.0,0.05,0.05,0.0,1012,0.0005955500984988734,0.0005501699792720662,1.0824838157960743,0.0004493013812249474,0.0005501699792720662
sigma_0p05,sigma,0.05,20,5.0,0.05,0.05,0.0,1013,0.0005298333757554749,0.0005501699792720662,0.9630357811534922,0.0002987581920640087,0.0005501699792720662
sigma_0p05,sigma,0.05,20,5.0,0.05,0.05,0.0,1014,0.0005635988014728327,0.0005501699792720662,1.0244084968404388,0.0005933018593488611,0.0005501699792720662
sigma_0p05,sigma,0.05,20,5.0,0.05,0.05,0.0,1015,0.000511141521672475,0.0005501699792720662,0.9290610918988527,0.0003984817130802876,0.0005501699792720662
sigma_0p05,sigma,0.05,20,5.0,0.05,0.05,0.0,1016,0.000535082862195533,0.0005501699792720662,0.9725773531000456,0.0004729915603416554,0.0005501699792720662
sigma_0p05,sigma,0.05,20,5.0,0.05,0.05,0.0,1017,0.0006053499855347491,0.0005501699792720662,1.100296287223254,0.0004978048040840811,0.0005501699792720662
sigma_0p05,sigma,0.05,20,5.0,0.05,0.05,0.0,1018,0.000504910015707529,0.0005501699792720662,0.9177345815480137,0.0005141239174378336,0.0005501699792720662
sigma_0p05,sigma,0.05,20,5.0,0.05,0.05,0.0,1019,0.0005909433977924007,0.0005501699792720662,1.0741105841039928,0.00041972372476196745,0.0005501699792720662
sigma_0p05,sigma,0.05,20,5.0,0.05,0.05,0.0,1020,0.0005813656244990381,0.0005501699792720662,1.0567018310745473,0.0007827656609719272,0.0005501699792720662
sigma_0p05,sigma,0.05,20,5.0,0.05,0.05,0.0,1021,0.0006300737718828592,0.0005501699792720662,1.1452347376651018,0.0004753790708934775,0.0005501699792720662
sigma_0p05,sigma,0.05,20,5.0,0.05,0.05,0.0,1022,0.0005213399165464412,0.0005501699792720662,0.947597899173324,0.0006265343051202614,0.0005501699792720662
sigma_0p05,sigma,0.05,20,5.0,0.05,0.05,0.0,1023,0.0005327119064120238,0.0005501699792720662,0.9682678562666374,0.0003378959197981401,0.0005501699792720662
sigma_0p05,sigma,0.05,20,5.0,0.05,0.05,0.0,1024,0.0005615439592580546,0.0005501699792720662,1.020673574376118,0.0005252154015033376,0.0005501699792720662
sigma_0p05,sigma,0.05,20,5.0,0.05,0.05,0.0,1025,0.0005618402019657186,0.0005501699792720662,1.021212031069186,0.0005392852964156121,0.0005501699792720662
sigma_0p05,sigma,0.05,20,5.0,0.05,0.05,0.0,1026,0.0005383185733119746,0.0005501699792720662,0.9784586465881466,0.0007628277219096865,0.0005501699792720662
sigma_0p05,sigma,0.05,20,5.0,0.05,0.05,0.0,1027,0.0005510128565058812,0.0005501699792720662,1.0015320305824942,0.0006557104583033533,0.0005501699792720662
sigma_0p05,sigma,0.05,20,5.0,0.05,0.05,0.0,1028,0.0006164612843821343,0.0005501699792720662,1.1204924070880395,0.0002739695338970211,0.0005501699792720662
sigma_0p05,sigma,0.05,20,5.0,0.05,0.05,0.0,1029,0.0005750485947535981,0.0005501699792720662,1.045219870983235,0.0004993561767928093,0.0005501699792720662
sigma_0p05,sigma,0.05,20,5.0,0.05,0.05,0.0,1030,0.0005520938373826809,0.0005501699792720662,1.0034968431268463,0.0007793515066280387,0.0005501699792720662
drift_0p001,drift,0.001,20,5.0,0.05,0.0,0.001,1001,6.928312398954643e-05,6.928312398954765e-05,0.9999999999999823,6.928312398954791e-05,6.928312398954767e-05
drift_0p001,drift,0.001,20,5.0,0.05,0.0,0.001,1002,6.928312398954643e-05,6.928312398954765e-05,0.9999999999999823,6.928312398954791e-05,6.928312398954767e-05
drift_0p001,drift,0.001,20,5.0,0.05,0.0,0.001,1003,6.928312398954643e-05,6.928312398954765e-05,0.9999999999999823,6.928312398954791e-05,6.928312398954767e-05
drift_0p001,drift,0.001,20,5.0,0.05,0.0,0.001,1004,6.928312398954643e-05,6.928312398954765e-05,0.9999999999999823,6.928312398954791e-05,6.928312398954767e-05
drift_0p001,drift,0.001,20,5.0,0.05,0.0,0.001,1005,6.928312398954643e-05,6.928312398954765e-05,0.9999999999999823,6.928312398954791e-05,6.928312398954767e-05
drift_0p001,drift,0.001,20,5.0,0.05,0.0,0.001,1006,6.928312398954643e-05,6.928312398954765e-05,0.9999999999999823,6.928312398954791e-05,6.928312398954767e-05
drift_0p001,drift,0.001,20,5.0,0.05,0.0,0.001,1007,6.928312398954643e-05,6.928312398954765e-05,0.9999999999999823,6.928312398954791e-05,6.928312398954767e-05
drift_0p001,drift,0.001,20,5.0,0.05,0.0,0.001,1008,6.928312398954643e-05,6.928312398954765e-05,0.9999999999999823,6.928312398954791e-05,6.928312398954767e-05
drift_0p001,drift,0.001,20,5.0,0.05,0.0,0.001,1009,6.928312398954643e-05,6.928312398954765e-05,0.9999999999999823,6.928312398954791e-05,6.928312398954767e-05
drift_0p001,drift,0.001,20,5.0,0.05,0.0,0.001,1010,6.928312398954643e-05,6.928312398954765e-05,0.9999999999999823,6.928312398954791e-05,6.928312398954767e-05
drift_0p001,drift,0.001,20,5.0,0.05,0.0,0.001,1011,6.928312398954643e-05,6.928312398954765e-05,0.9999999999999823,6.928312398954791e-05,6.928312398954767e-05
drift_0p001,drift,0.001,20,5.0,0.05,0.0,0.001,1012,6.928312398954643e-05,6.928312398954765e-05,0.9999999999999823,6.928312398954791e-05,6.928312398954767e-05
drift_0p001,drift,0.001,20,5.0,0.05,0.0,0.001,1013,6.928312398954643e-05,6.928312398954765e-05,0.9999999999999823,6.928312398954791e-05,6.928312398954767e-05
drift_0p001,drift,0.001,20,5.0,0.05,0.0,0.001,1014,6.928312398954643e-05,6.928312398954765e-05,0.9999999999999823,6.928312398954791e-05,6.928312398954767e-05
drift_0p001,drift,0.001,20,5.0,0.05,0.0,0.001,1015,6.928312398954643e-05,6.928312398954765e-05,0.9999999999999823,6.928312398954791e-05,6.928312398954767e-05
drift_0p001,drift,0.001,20,5.0,0.05,0.0,0.001,1016,6.928312398954643e-05,6.928312398954765e-05,0.9999999999999823,6.928312398954791e-05,6.928312398954767e-05
drift_0p001,drift,0.001,20,5.0,0.05,0.0,0.001,1017,6.928312398954643e-05,6.928312398954765e-05,0.9999999999999823,6.928312398954791e-05,6.928312398954767e-05
drift_0p001,drift,0.001,20,5.0,0.05,0.0,0.001,1018,6.928312398954643e-05,6.928312398954765e-05,0.9999999999999823,6.928312398954791e-05,6.928312398954767e-05
drift_0p001,drift,0.001,20,5.0,0.05,0.0,0.001,1019,6.928312398954643e-05,6.928312398954765e-05,0.9999999999999823,6.928312398954791e-05,6.928312398954767e-05
drift_0p001,drift,0.001,20,5.0,0.05,0.0,0.001,1020,6.928312398954643e-05,6.928312398954765e-05,0.9999999999999823,6.928312398954791e-05,6.928312398954767e-05
drift_0p001,drift,0.001,20,5.0,0.05,0.0,0.001,1021,6.928312398954643e-05,6.928312398954765e-05,0.9999999999999823,6.928312398954791e-05,6.928312398954767e-05
drift_0p001,drift,0.001,20,5.0,0.05,0.0,0.001,1022,6.928312398954643e-05,6.928312398954765e-05,0.9999999999999823,6.928312398954791e-05,6.928312398954767e-05
drift_0p001,drift,0.001,20,5.0,0.05,0.0,0.001,1023,6.928312398954643e-05,6.928312398954765e-05,0.9999999999999823,6.928312398954791e-05,6.928312398954767e-05
drift_0p001,drift,0.001,20,5.0,0.05,0.0,0.001,1024,6.928312398954643e-05,6.928312398954765e-05,0.9999999999999823,6.928312398954791e-05,6.928312398954767e-05
drift_0p001,drift,0.001,20,5.0,0.05,0.0,0.001,1025,6.928312398954643e-05,6.928312398954765e-05,0.9999999999999823,6.928312398954791e-05,6.928312398954767e-05
drift_0p001,drift,0.001,20,5.0,0.05,0.0,0.001,1026,6.928312398954643e-05,6.928312398954765e-05,0.9999999999999823,6.928312398954791e-05,6.928312398954767e-05
drift_0p001,drift,0.001,20,5.0,0.05,0.0,0.001,1027,6.928312398954643e-05,6.928312398954765e-05,0.9999999999999823,6.928312398954791e-05,6.928312398954767e-05
drift_0p001,drift,0.001,20,5.0,0.05,0.0,0.001,1028,6.928312398954643e-05,6.928312398954765e-05,0.9999999999999823,6.928312398954791e-05,6.928312398954767e-05
drift_0p001,drift,0.001,20,5.0,0.05,0.0,0.001,1029,6.928312398954643e-05,6.928312398954765e-05,0.9999999999999823,6.928312398954791e-05,6.928312398954767e-05
drift_0p001,drift,0.001,20,5.0,0.05,0.0,0.001,1030,6.928312398954643e-05,6.928312398954765e-05,0.9999999999999823,6.928312398954791e-05,6.928312398954767e-05
drift_0p003,drift,0.003,20,5.0,0.05,0.0,0.003,1001,0.0006235481159059583,0.0006235481159059291,1.0000000000000469,0.0006235481159059591,0.0006235481159059291
drift_0p003,drift,0.003,20,5.0,0.05,0.0,0.003,1002,0.0006235481159059583,0.0006235481159059291,1.0000000000000469,0.0006235481159059591,0.0006235481159059291
drift_0p003,drift,0.003,20,5.0,0.05,0.0,0.003,1003,0.0006235481159059583,0.0006235481159059291,1.0000000000000469,0.0006235481159059591,0.0006235481159059291
drift_0p003,drift,0.003,20,5.0,0.05,0.0,0.003,1004,0.0006235481159059583,0.0006235481159059291,1.0000000000000469,0.0006235481159059591,0.0006235481159059291
drift_0p003,drift,0.003,20,5.0,0.05,0.0,0.003,1005,0.0006235481159059583,0.0006235481159059291,1.0000000000000469,0.0006235481159059591,0.0006235481159059291
drift_0p003,drift,0.003,20,5.0,0.05,0.0,0.003,1006,0.0006235481159059583,0.0006235481159059291,1.0000000000000469,0.0006235481159059591,0.0006235481159059291
drift_0p003,drift,0.003,20,5.0,0.05,0.0,0.003,1007,0.0006235481159059583,0.0006235481159059291,1.0000000000000469,0.0006235481159059591,0.0006235481159059291
drift_0p003,drift,0.003,20,5.0,0.05,0.0,0.003,1008,0.0006235481159059583,0.0006235481159059291,1.0000000000000469,0.0006235481159059591,0.0006235481159059291
drift_0p003,drift,0.003,20,5.0,0.05,0.0,0.003,1009,0.0006235481159059583,0.0006235481159059291,1.0000000000000469,0.0006235481159059591,0.0006235481159059291
drift_0p003,drift,0.003,20,5.0,0.05,0.0,0.003,1010,0.0006235481159059583,0.0006235481159059291,1.0000000000000469,0.0006235481159059591,0.0006235481159059291
drift_0p003,drift,0.003,20,5.0,0.05,0.0,0.003,1011,0.0006235481159059583,0.0006235481159059291,1.0000000000000469,0.0006235481159059591,0.0006235481159059291
drift_0p003,drift,0.003,20,5.0,0.05,0.0,0.003,1012,0.0006235481159059583,0.0006235481159059291,1.0000000000000469,0.0006235481159059591,0.0006235481159059291
drift_0p003,drift,0.003,20,5.0,0.05,0.0,0.003,1013,0.0006235481159059583,0.0006235481159059291,1.0000000000000469,0.0006235481159059591,0.0006235481159059291
drift_0p003,drift,0.003,20,5.0,0.05,0.0,0.003,1014,0.0006235481159059583,0.0006235481159059291,1.0000000000000469,0.0006235481159059591,0.0006235481159059291
drift_0p003,drift,0.003,20,5.0,0.05,0.0,0.003,1015,0.0006235481159059583,0.0006235481159059291,1.0000000000000469,0.0006235481159059591,0.0006235481159059291
drift_0p003,drift,0.003,20,5.0,0.05,0.0,0.003,1016,0.0006235481159059583,0.0006235481159059291,1.0000000000000469,0.0006235481159059591,0.0006235481159059291
drift_0p003,drift,0.003,20,5.0,0.05,0.0,0.003,1017,0.0006235481159059583,0.0006235481159059291,1.0000000000000469,0.0006235481159059591,0.0006235481159059291
drift_0p003,drift,0.003,20,5.0,0.05,0.0,0.003,1018,0.0006235481159059583,0.0006235481159059291,1.0000000000000469,0.0006235481159059591,0.0006235481159059291
drift_0p003,drift,0.003,20,5.0,0.05,0.0,0.003,1019,0.0006235481159059583,0.0006235481159059291,1.0000000000000469,0.0006235481159059591,0.0006235481159059291
drift_0p003,drift,0.003,20,5.0,0.05,0.0,0.003,1020,0.0006235481159059583,0.0006235481159059291,1.0000000000000469,0.0006235481159059591,0.0006235481159059291
drift_0p003,drift,0.003,20,5.0,0.05,0.0,0.003,1021,0.0006235481159059583,0.0006235481159059291,1.0000000000000469,0.0006235481159059591,0.0006235481159059291
drift_0p003,drift,0.003,20,5.0,0.05,0.0,0.003,1022,0.0006235481159059583,0.0006235481159059291,1.0000000000000469,0.0006235481159059591,0.0006235481159059291
drift_0p003,drift,0.003,20,5.0,0.05,0.0,0.003,1023,0.0006235481159059583,0.0006235481159059291,1.0000000000000469,0.0006235481159059591,0.0006235481159059291
drift_0p003,drift,0.003,20,5.0,0.05,0.0,0.003,1024,0.0006235481159059583,0.0006235481159059291,1.0000000000000469,0.0006235481159059591,0.0006235481159059291
drift_0p003,drift,0.003,20,5.0,0.05,0.0,0.003,1025,0.0006235481159059583,0.0006235481159059291,1.0000000000000469,0.0006235481159059591,0.0006235481159059291
drift_0p003,drift,0.003,20,5.0,0.05,0.0,0.003,1026,0.0006235481159059583,0.0006235481159059291,1.0000000000000469,0.0006235481159059591,0.0006235481159059291
drift_0p003,drift,0.003,20,5.0,0.05,0.0,0.003,1027,0.0006235481159059583,0.0006235481159059291,1.0000000000000469,0.0006235481159059591,0.0006235481159059291
drift_0p003,drift,0.003,20,5.0,0.05,0.0,0.003,1028,0.0006235481159059583,0.0006235481159059291,1.0000000000000469,0.0006235481159059591,0.0006235481159059291
drift_0p003,drift,0.003,20,5.0,0.05,0.0,0.003,1029,0.0006235481159059583,0.0006235481159059291,1.0000000000000469,0.0006235481159059591,0.0006235481159059291
drift_0p003,drift,0.003,20,5.0,0.05,0.0,0.003,1030,0.0006235481159059583,0.0006235481159059291,1.0000000000000469,0.0006235481159059591,0.0006235481159059291
drift_0p01,drift,0.01,20,5.0,0.05,0.0,0.01,1001,0.006928312398954698,0.006928312398954763,0.9999999999999906,0.006928312398954816,0.006928312398954762
drift_0p01,drift,0.01,20,5.0,0.05,0.0,0.01,1002,0.006928312398954698,0.006928312398954763,0.9999999999999906,0.006928312398954816,0.006928312398954762
drift_0p01,drift,0.01,20,5.0,0.05,0.0,0.01,1003,0.006928312398954698,0.006928312398954763,0.9999999999999906,0.006928312398954816,0.006928312398954762
drift_0p01,drift,0.01,20,5.0,0.05,0.0,0.01,1004,0.006928312398954698,0.006928312398954763,0.9999999999999906,0.006928312398954816,0.006928312398954762
drift_0p01,drift,0.01,20,5.0,0.05,0.0,0.01,1005,0.006928312398954698,0.006928312398954763,0.9999999999999906,0.006928312398954816,0.006928312398954762
drift_0p01,drift,0.01,20,5.0,0.05,0.0,0.01,1006,0.006928312398954698,0.006928312398954763,0.9999999999999906,0.006928312398954816,0.006928312398954762
drift_0p01,drift,0.01,20,5.0,0.05,0.0,0.01,1007,0.006928312398954698,0.006928312398954763,0.9999999999999906,0.006928312398954816,0.006928312398954762
drift_0p01,drift,0.01,20,5.0,0.05,0.0,0.01,1008,0.006928312398954698,0.006928312398954763,0.9999999999999906,0.006928312398954816,0.006928312398954762
drift_0p01,drift,0.01,20,5.0,0.05,0.0,0.01,1009,0.006928312398954698,0.006928312398954763,0.9999999999999906,0.006928312398954816,0.006928312398954762
drift_0p01,drift,0.01,20,5.0,0.05,0.0,0.01,1010,0.006928312398954698,0.006928312398954763,0.9999999999999906,0.006928312398954816,0.006928312398954762
drift_0p01,drift,0.01,20,5.0,0.05,0.0,0.01,1011,0.006928312398954698,0.006928312398954763,0.9999999999999906,0.006928312398954816,0.006928312398954762
drift_0p01,drift,0.01,20,5.0,0.05,0.0,0.01,1012,0.006928312398954698,0.006928312398954763,0.9999999999999906,0.006928312398954816,0.006928312398954762
drift_0p01,drift,0.01,20,5.0,0.05,0.0,0.01,1013,0.006928312398954698,0.006928312398954763,0.9999999999999906,0.006928312398954816,0.006928312398954762
drift_0p01,drift,0.01,20,5.0,0.05,0.0,0.01,1014,0.006928312398954698,0.006928312398954763,0.9999999999999906,0.006928312398954816,0.006928312398954762
drift_0p01,drift,0.01,20,5.0,0.05,0.0,0.01,1015,0.006928312398954698,0.006928312398954763,0.9999999999999906,0.006928312398954816,0.006928312398954762
drift_0p01,drift,0.01,20,5.0,0.05,0.0,0.01,1016,0.006928312398954698,0.006928312398954763,0.9999999999999906,0.006928312398954816,0.006928312398954762
drift_0p01,drift,0.01,20,5.0,0.05,0.0,0.01,1017,0.006928312398954698,0.006928312398954763,0.9999999999999906,0.006928312398954816,0.006928312398954762
drift_0p01,drift,0.01,20,5.0,0.05,0.0,0.01,1018,0.006928312398954698,0.006928312398954763,0.9999999999999906,0.006928312398954816,0.006928312398954762
drift_0p01,drift,0.01,20,5.0,0.05,0.0,0.01,1019,0.006928312398954698,0.006928312398954763,0.9999999999999906,0.006928312398954816,0.006928312398954762
drift_0p01,drift,0.01,20,5.0,0.05,0.0,0.01,1020,0.006928312398954698,0.006928312398954763,0.9999999999999906,0.006928312398954816,0.006928312398954762
drift_0p01,drift,0.01,20,5.0,0.05,0.0,0.01,1021,0.006928312398954698,0.006928312398954763,0.9999999999999906,0.006928312398954816,0.006928312398954762
drift_0p01,drift,0.01,20,5.0,0.05,0.0,0.01,1022,0.006928312398954698,0.006928312398954763,0.9999999999999906,0.006928312398954816,0.006928312398954762
drift_0p01,drift,0.01,20,5.0,0.05,0.0,0.01,1023,0.006928312398954698,0.006928312398954763,0.9999999999999906,0.006928312398954816,0.006928312398954762
drift_0p01,drift,0.01,20,5.0,0.05,0.0,0.01,1024,0.006928312398954698,0.006928312398954763,0.9999999999999906,0.006928312398954816,0.006928312398954762
drift_0p01,drift,0.01,20,5.0,0.05,0.0,0.01,1025,0.006928312398954698,0.006928312398954763,0.9999999999999906,0.006928312398954816,0.006928312398954762
drift_0p01,drift,0.01,20,5.0,0.05,0.0,0.01,1026,0.006928312398954698,0.006928312398954763,0.9999999999999906,0.006928312398954816,0.006928312398954762
drift_0p01,drift,0.01,20,5.0,0.05,0.0,0.01,1027,0.006928312398954698,0.006928312398954763,0.9999999999999906,0.006928312398954816,0.006928312398954762
drift_0p01,drift,0.01,20,5.0,0.05,0.0,0.01,1028,0.006928312398954698,0.006928312398954763,0.9999999999999906,0.006928312398954816,0.006928312398954762
drift_0p01,drift,0.01,20,5.0,0.05,0.0,0.01,1029,0.006928312398954698,0.006928312398954763,0.9999999999999906,0.006928312398954816,0.006928312398954762
drift_0p01,drift,0.01,20,5.0,0.05,0.0,0.01,1030,0.006928312398954698,0.006928312398954763,0.9999999999999906,0.006928312398954816,0.006928312398954762
drift_0p03,drift,0.03,20,5.0,0.05,0.0,0.03,1001,0.06235481159059245,0.062354811590592904,0.9999999999999928,0.062354811590592384,0.062354811590592904
drift_0p03,drift,0.03,20,5.0,0.05,0.0,0.03,1002,0.06235481159059245,0.062354811590592904,0.9999999999999928,0.062354811590592384,0.062354811590592904
drift_0p03,drift,0.03,20,5.0,0.05,0.0,0.03,1003,0.06235481159059245,0.062354811590592904,0.9999999999999928,0.062354811590592384,0.062354811590592904
drift_0p03,drift,0.03,20,5.0,0.05,0.0,0.03,1004,0.06235481159059245,0.062354811590592904,0.9999999999999928,0.062354811590592384,0.062354811590592904
drift_0p03,drift,0.03,20,5.0,0.05,0.0,0.03,1005,0.06235481159059245,0.062354811590592904,0.9999999999999928,0.062354811590592384,0.062354811590592904
drift_0p03,drift,0.03,20,5.0,0.05,0.0,0.03,1006,0.06235481159059245,0.062354811590592904,0.9999999999999928,0.062354811590592384,0.062354811590592904
drift_0p03,drift,0.03,20,5.0,0.05,0.0,0.03,1007,0.06235481159059245,0.062354811590592904,0.9999999999999928,0.062354811590592384,0.062354811590592904
drift_0p03,drift,0.03,20,5.0,0.05,0.0,0.03,1008,0.06235481159059245,0.062354811590592904,0.9999999999999928,0.062354811590592384,0.062354811590592904
drift_0p03,drift,0.03,20,5.0,0.05,0.0,0.03,1009,0.06235481159059245,0.062354811590592904,0.9999999999999928,0.062354811590592384,0.062354811590592904
drift_0p03,drift,0.03,20,5.0,0.05,0.0,0.03,1010,0.06235481159059245,0.062354811590592904,0.9999999999999928,0.062354811590592384,0.062354811590592904
drift_0p03,drift,0.03,20,5.0,0.05,0.0,0.03,1011,0.06235481159059245,0.062354811590592904,0.9999999999999928,0.062354811590592384,0.062354811590592904
drift_0p03,drift,0.03,20,5.0,0.05,0.0,0.03,1012,0.06235481159059245,0.062354811590592904,0.9999999999999928,0.062354811590592384,0.062354811590592904
drift_0p03,drift,0.03,20,5.0,0.05,0.0,0.03,1013,0.06235481159059245,0.062354811590592904,0.9999999999999928,0.062354811590592384,0.062354811590592904
drift_0p03,drift,0.03,20,5.0,0.05,0.0,0.03,1014,0.06235481159059245,0.062354811590592904,0.9999999999999928,0.062354811590592384,0.062354811590592904
drift_0p03,drift,0.03,20,5.0,0.05,0.0,0.03,1015,0.06235481159059245,0.062354811590592904,0.9999999999999928,0.062354811590592384,0.062354811590592904
drift_0p03,drift,0.03,20,5.0,0.05,0.0,0.03,1016,0.06235481159059245,0.062354811590592904,0.9999999999999928,0.062354811590592384,0.062354811590592904
drift_0p03,drift,0.03,20,5.0,0.05,0.0,0.03,1017,0.06235481159059245,0.062354811590592904,0.9999999999999928,0.062354811590592384,0.062354811590592904
drift_0p03,drift,0.03,20,5.0,0.05,0.0,0.03,1018,0.06235481159059245,0.062354811590592904,0.9999999999999928,0.062354811590592384,0.062354811590592904
drift_0p03,drift,0.03,20,5.0,0.05,0.0,0.03,1019,0.06235481159059245,0.062354811590592904,0.9999999999999928,0.062354811590592384,0.062354811590592904
drift_0p03,drift,0.03,20,5.0,0.05,0.0,0.03,1020,0.06235481159059245,0.062354811590592904,0.9999999999999928,0.062354811590592384,0.062354811590592904
drift_0p03,drift,0.03,20,5.0,0.05,0.0,0.03,1021,0.06235481159059245,0.062354811590592904,0.9999999999999928,0.062354811590592384,0.062354811590592904
drift_0p03,drift,0.03,20,5.0,0.05,0.0,0.03,1022,0.06235481159059245,0.062354811590592904,0.9999999999999928,0.062354811590592384,0.062354811590592904
drift_0p03,drift,0.03,20,5.0,0.05,0.0,0.03,1023,0.06235481159059245,0.062354811590592904,0.9999999999999928,0.062354811590592384,0.062354811590592904
drift_0p03,drift,0.03,20,5.0,0.05,0.0,0.03,1024,0.06235481159059245,0.062354811590592904,0.9999999999999928,0.062354811590592384,0.062354811590592904
drift_0p03,drift,0.03,20,5.0,0.05,0.0,0.03,1025,0.06235481159059245,0.062354811590592904,0.9999999999999928,0.062354811590592384,0.062354811590592904
drift_0p03,drift,0.03,20,5.0,0.05,0.0,0.03,1026,0.06235481159059245,0.062354811590592904,0.9999999999999928,0.062354811590592384,0.062354811590592904
drift_0p03,drift,0.03,20,5.0,0.05,0.0,0.03,1027,0.06235481159059245,0.062354811590592904,0.9999999999999928,0.062354811590592384,0.062354811590592904
drift_0p03,drift,0.03,20,5.0,0.05,0.0,0.03,1028,0.06235481159059245,0.062354811590592904,0.9999999999999928,0.062354811590592384,0.062354811590592904
drift_0p03,drift,0.03,20,5.0,0.05,0.0,0.03,1029,0.06235481159059245,0.062354811590592904,0.9999999999999928,0.062354811590592384,0.062354811590592904
drift_0p03,drift,0.03,20,5.0,0.05,0.0,0.03,1030,0.06235481159059245,0.062354811590592904,0.9999999999999928,0.062354811590592384,0.062354811590592904
dimension_5,dimension,5.0,5,5.0,0.05,0.02,0.01,1001,0.012147249401135585,0.011669410731156274,1.0409479690952625,0.0116395120461192,0.011669410731156274
dimension_5,dimension,5.0,5,5.0,0.05,0.02,0.01,1002,0.011568994413634898,0.011669410731156274,0.9913949110340873,0.011332527765985475,0.011669410731156274
dimension_5,dimension,5.0,5,5.0,0.05,0.02,0.01,1003,0.011920412941500074,0.011669410731156274,1.021509416038776,0.012035392786706829,0.011669410731156274
dimension_5,dimension,5.0,5,5.0,0.05,0.02,0.01,1004,0.011541210577537661,0.011669410731156274,0.9890139993721937,0.011630330850148841,0.011669410731156274
dimension_5,dimension,5.0,5,5.0,0.05,0.02,0.01,1005,0.012059945944686037,0.011669410731156274,1.0334665753504646,0.012554102113119903,0.011669410731156274
dimension_5,dimension,5.0,5,5.0,0.05,0.02,0.01,1006,0.011673275353952411,0.011669410731156274,1.0003311754882205,0.011636219703763398,0.011669410731156274
dimension_5,dimension,5.0,5,5.0,0.05,0.02,0.01,1007,0.01163595766218619,0.011669410731156274,0.9971332683594067,0.011287243758772988,0.011669410731156274
dimension_5,dimension,5.0,5,5.0,0.05,0.02,0.01,1008,0.0115484360779795,0.011669410731156274,0.989633182346236,0.01036381000369991,0.011669410731156274
dimension_5,dimension,5.0,5,5.0,0.05,0.02,0.01,1009,0.011812035800675415,0.011669410731156274,1.0122221312459545,0.012005745049120109,0.011669410731156274
dimension_5,dimension,5.0,5,5.0,0.05,0.02,0.01,1010,0.011707129575419226,0.011669410731156274,1.003232283543011,0.012315907416576921,0.011669410731156274
dimension_5,dimension,5.0,5,5.0,0.05,0.02,0.01,1011,0.01145756910033594,0.011669410731156274,0.9818464157530478,0.011995096078549972,0.011669410731156274
dimension_5,dimension,5.0,5,5.0,0.05,0.02,0.01,1012,0.011874341052635948,0.011669410731156274,1.0175613256059732,0.01206684655738292,0.011669410731156274
dimension_5,dimension,5.0,5,5.0,0.05,0.02,0.01,1013,0.01200155195287181,0.011669410731156274,1.0284625530258138,0.011460715801519456,0.011669410731156274
dimension_5,dimension,5.0,5,5.0,0.05,0.02,0.01,1014,0.011858032598549792,0.011669410731156274,1.0161637868217215,0.012441048656716006,0.011669410731156274
dimension_5,dimension,5.0,5,5.0,0.05,0.02,0.01,1015,0.01202301378852668,0.011669410731156274,1.030301706360058,0.011285685972604593,0.011669410731156274
dimension_5,dimension,5.0,5,5.0,0.05,0.02,0.01,1016,0.011519069328585641,0.011669410731156274,0.9871166243065526,0.01159946851745966,0.011669410731156274
dimension_5,dimension,5.0,5,5.0,0.05,0.02,0.01,1017,0.011916168825328047,0.011669410731156274,1.0211457201958751,0.011373765529419008,0.011669410731156274
dimension_5,dimension,5.0,5,5.0,0.05,0.02,0.01,1018,0.011831902868364693,0.011669410731156274,1.0139246223268652,0.013703927099146862,0.011669410731156274
dimension_5,dimension,5.0,5,5.0,0.05,0.02,0.01,1019,0.012051090822607738,0.011669410731156274,1.0327077433680873,0.01089203077076387,0.011669410731156274
dimension_5,dimension,5.0,5,5.0,0.05,0.02,0.01,1020,0.011847546034592234,0.011669410731156274,1.0152651498468859,0.01281316194390765,0.011669410731156274
dimension_5,dimension,5.0,5,5.0,0.05,0.02,0.01,1021,0.011651128151384877,0.011669410731156274,0.9984332902326778,0.011508352476694015,0.011669410731156274
dimension_5,dimension,5.0,5,5.0,0.05,0.02,0.01,1022,0.011811452788862834,0.011669410731156274,1.0121721705559066,0.011385284863928905,0.011669410731156274
dimension_5,dimension,5.0,5,5.0,0.05,0.02,0.01,1023,0.011863160179471288,0.011669410731156274,1.0166031904076973,0.012369652457854246,0.011669410731156274
dimension_5,dimension,5.0,5,5.0,0.05,0.02,0.01,1024,0.011458399819526304,0.011669410731156274,0.9819176035113246,0.011188923361537977,0.011669410731156274
dimension_5,dimension,5.0,5,5.0,0.05,0.02,0.01,1025,0.011743736340083683,0.011669410731156274,1.006369268392359,0.012518531018222546,0.011669410731156274
dimension_5,dimension,5.0,5,5.0,0.05,0.02,0.01,1026,0.011650871349431692,0.011669410731156274,0.9984112838127222,0.012167639686892471,0.011669410731156274
dimension_5,dimension,5.0,5,5.0,0.05,0.02,0.01,1027,0.011849827427492453,0.011669410731156274,1.0154606518266156,0.010657860185896354,0.011669410731156274
dimension_5,dimension,5.0,5,5.0,0.05,0.02,0.01,1028,0.011792232709968466,0.011669410731156274,1.0105251226168832,0.01124757538868453,0.011669410731156274
dimension_5,dimension,5.0,5,5.0,0.05,0.02,0.01,1029,0.011805318678822058,0.011669410731156274,1.011646513332753,0.010938020641880599,0.011669410731156274
dimension_5,dimension,5.0,5,5.0,0.05,0.02,0.01,1030,0.011641530587391938,0.011669410731156274,0.9976108353363637,0.011032603276613656,0.011669410731156274
dimension_20,dimension,20.0,20,5.0,0.05,0.02,0.01,1001,0.007037337379038438,0.007016339595638293,1.0029926977042558,0.007100815444816965,0.007016339595638293
dimension_20,dimension,20.0,20,5.0,0.05,0.02,0.01,1002,0.007054176209048678,0.007016339595638293,1.0053926428295896,0.00674350008288998,0.007016339595638293
dimension_20,dimension,20.0,20,5.0,0.05,0.02,0.01,1003,0.006961429666395107,0.007016339595638293,0.9921739920802408,0.00669700641113663,0.007016339595638293
dimension_20,dimension,20.0,20,5.0,0.05,0.02,0.01,1004,0.007160005298734448,0.007016339595638293,1.0204758765076687,0.007298685405740778,0.007016339595638293
dimension_20,dimension,20.0,20,5.0,0.05,0.02,0.01,1005,0.007138805553993096,0.007016339595638293,1.0174543943726633,0.007014920466713898,0.007016339595638293
dimension_20,dimension,20.0,20,5.0,0.05,0.02,0.01,1006,0.007168689870422947,0.007016339595638293,1.0217136403829943,0.006306000087571225,0.007016339595638293
dimension_20,dimension,20.0,20,5.0,0.05,0.02,0.01,1007,0.00703767280783295,0.007016339595638293,1.003040504511486,0.0072688955301556165,0.007016339595638293
dimension_20,dimension,20.0,20,5.0,0.05,0.02,0.01,1008,0.0069630316779326525,0.007016339595638293,0.992402317906793,0.0069657357880134755,0.007016339595638293
dimension_20,dimension,20.0,20,5.0,0.05,0.02,0.01,1009,0.006995729759653765,0.007016339595638293,0.9970625942909975,0.0074905273757536065,0.007016339595638293
dimension_20,dimension,20.0,20,5.0,0.05,0.02,0.01,1010,0.007003759297415903,0.007016339595638293,0.9982069998108115,0.007257335206675625,0.007016339595638293
dimension_20,dimension,20.0,20,5.0,0.05,0.02,0.01,1011,0.006953983387228743,0.007016339595638293,0.9911127151758286,0.0074669176610046885,0.007016339595638293
dimension_20,dimension,20.0,20,5.0,0.05,0.02,0.01,1012,0.007096564005184144,0.007016339595638293,1.01143394051162,0.007574316695077464,0.007016339595638293
dimension_20,dimension,20.0,20,5.0,0.05,0.02,0.01,1013,0.007002480566197302,0.007016339595638293,0.9980247493365905,0.007165627089459125,0.007016339595638293
dimension_20,dimension,20.0,20,5.0,0.05,0.02,0.01,1014,0.007070442087550812,0.007016339595638293,1.0077109283516081,0.006802023652331533,0.007016339595638293
dimension_20,dimension,20.0,20,5.0,0.05,0.02,0.01,1015,0.006982788143153241,0.007016339595638293,0.9952180974099502,0.006603525648899268,0.007016339595638293
dimension_20,dimension,20.0,20,5.0,0.05,0.02,0.01,1016,0.006931002873157667,0.007016339595638293,0.9878374298567767,0.006078531705466435,0.007016339595638293
dimension_20,dimension,20.0,20,5.0,0.05,0.02,0.01,1017,0.007064964343121628,0.007016339595638293,1.0069302157942246,0.0071165948600185125,0.007016339595638293
dimension_20,dimension,20.0,20,5.0,0.05,0.02,0.01,1018,0.006940121038314454,0.007016339595638293,0.9891369914062853,0.0068039493620066505,0.007016339595638293
dimension_20,dimension,20.0,20,5.0,0.05,0.02,0.01,1019,0.0071134113471192,0.007016339595638293,1.0138350987944271,0.0070873157708180815,0.007016339595638293
dimension_20,dimension,20.0,20,5.0,0.05,0.02,0.01,1020,0.007039165877272998,0.007016339595638293,1.0032533034246083,0.0070737539201894874,0.007016339595638293
dimension_20,dimension,20.0,20,5.0,0.05,0.02,0.01,1021,0.006844478610460835,0.007016339595638293,0.9755056061875489,0.007268595373373805,0.007016339595638293
dimension_20,dimension,20.0,20,5.0,0.05,0.02,0.01,1022,0.007260556098750923,0.007016339595638293,1.0348068248099689,0.006961242196386427,0.007016339595638293
dimension_20,dimension,20.0,20,5.0,0.05,0.02,0.01,1023,0.007078257503260226,0.007016339595638293,1.0088248162418514,0.007530029649016282,0.007016339595638293
dimension_20,dimension,20.0,20,5.0,0.05,0.02,0.01,1024,0.006871748063770246,0.007016339595638293,0.9793921702481544,0.0066408584296564505,0.007016339595638293
dimension_20,dimension,20.0,20,5.0,0.05,0.02,0.01,1025,0.0069618279602380395,0.007016339595638293,0.9922307586944422,0.006974886128126396,0.007016339595638293
dimension_20,dimension,20.0,20,5.0,0.05,0.02,0.01,1026,0.006901653124183026,0.007016339595638293,0.9836543727834152,0.00761940515052792,0.007016339595638293
dimension_20,dimension,20.0,20,5.0,0.05,0.02,0.01,1027,0.007177433285538101,0.007016339595638293,1.0229597908858277,0.006829416222712933,0.007016339595638293
dimension_20,dimension,20.0,20,5.0,0.05,0.02,0.01,1028,0.007042506690344894,0.007016339595638293,1.003729450997906,0.006840476866600279,0.007016339595638293
dimension_20,dimension,20.0,20,5.0,0.05,0.02,0.01,1029,0.006837749104342878,0.007016339595638293,0.9745464869735729,0.007092023688727407,0.007016339595638293
dimension_20,dimension,20.0,20,5.0,0.05,0.02,0.01,1030,0.006918421424078002,0.007016339595638293,0.9860442656422785,0.006143846242317659,0.007016339595638293
dimension_100,dimension,100.0,100,5.0,0.05,0.02,0.01,1001,0.008511230516572984,0.008480897436180548,1.003576635682803,0.008827598354345274,0.008480897436180546
dimension_100,dimension,100.0,100,5.0,0.05,0.02,0.01,1002,0.008373152623251341,0.008480897436180548,0.9872955882629173,0.008432156684326564,0.008480897436180546
dimension_100,dimension,100.0,100,5.0,0.05,0.02,0.01,1003,0.008636108096233247,0.008480897436180548,1.0183012070621855,0.00854045170814598,0.008480897436180546
dimension_100,dimension,100.0,100,5.0,0.05,0.02,0.01,1004,0.008586331506778708,0.008480897436180548,1.0124319473724992,0.009087819303730916,0.008480897436180546
dimension_100,dimension,100.0,100,5.0,0.05,0.02,0.01,1005,0.008588347970720535,0.008480897436180548,1.0126697127690272,0.008154871418254264,0.008480897436180546
dimension_100,dimension,100.0,100,5.0,0.05,0.02,0.01,1006,0.008573790203077858,0.008480897436180548,1.0109531765472153,0.008827932875275625,0.008480897436180546
dimension_100,dimension,100.0,100,5.0,0.05,0.02,0.01,1007,0.008519124062483202,0.008480897436180548,1.004507379860482,0.008715778652075413,0.008480897436180546
dimension_100,dimension,100.0,100,5.0,0.05,0.02,0.01,1008,0.008435474288346304,0.008480897436180548,0.9946440635350142,0.008550875818766922,0.008480897436180546
dimension_100,dimension,100.0,100,5.0,0.05,0.02,0.01,1009,0.008361842851673155,0.008480897436180548,0.9859620299144887,0.007664427738561067,0.008480897436180546
dimension_100,dimension,100.0,100,5.0,0.05,0.02,0.01,1010,0.008699897402377452,0.008480897436180548,1.0258227348986233,0.008317115695450485,0.008480897436180546
dimension_100,dimension,100.0,100,5.0,0.05,0.02,0.01,1011,0.00838818466006146,0.008480897436180548,0.9890680465343723,0.00855850802518288,0.008480897436180546
dimension_100,dimension,100.0,100,5.0,0.05,0.02,0.01,1012,0.008538951731289211,0.008480897436180548,1.0068453009301819,0.008584173573831781,0.008480897436180546
dimension_100,dimension,100.0,100,5.0,0.05,0.02,0.01,1013,0.008566100981311432,0.008480897436180548,1.010046524648134,0.008367325009206646,0.008480897436180546
dimension_100,dimension,100.0,100,5.0,0.05,0.02,0.01,1014,0.00855648197513694,0.008480897436180548,1.0089123279140175,0.009568666624891968,0.008480897436180546
dimension_100,dimension,100.0,100,5.0,0.05,0.02,0.01,1015,0.008463641375009644,0.008480897436180548,0.9979653024575811,0.009240888858113321,0.008480897436180546
dimension_100,dimension,100.0,100,5.0,0.05,0.02,0.01,1016,0.00847179794117386,0.008480897436180548,0.9989270598925218,0.008636836170020984,0.008480897436180546
dimension_100,dimension,100.0,100,5.0,0.05,0.02,0.01,1017,0.008344871809385557,0.008480897436180548,0.9839609395328036,0.008004020029989093,0.008480897436180546
dimension_100,dimension,100.0,100,5.0,0.05,0.02,0.01,1018,0.008793768693929123,0.008480897436180548,1.0368912912935166,0.008665295732380646,0.008480897436180546
dimension_100,dimension,100.0,100,5.0,0.05,0.02,0.01,1019,0.008328110273463162,0.008480897436180548,0.981984552476065,0.008437608077693027,0.008480897436180546
dimension_100,dimension,100.0,100,5.0,0.05,0.02,0.01,1020,0.008420797468708404,0.008480897436180548,0.9929134896484245,0.009649584613937237,0.008480897436180546
dimension_100,dimension,100.0,100,5.0,0.05,0.02,0.01,1021,0.00873896798262576,0.008480897436180548,1.0304296270986903,0.008692824473067596,0.008480897436180546
dimension_100,dimension,100.0,100,5.0,0.05,0.02,0.01,1022,0.008603144387143801,0.008480897436180548,1.0144143885577173,0.008778948024081183,0.008480897436180546
dimension_100,dimension,100.0,100,5.0,0.05,0.02,0.01,1023,0.00847771178009758,0.008480897436180548,0.9996243727616162,0.008296768752092504,0.008480897436180546
dimension_100,dimension,100.0,100,5.0,0.05,0.02,0.01,1024,0.00852886794410829,0.008480897436180548,1.0056563009149355,0.00872216035290853,0.008480897436180546
dimension_100,dimension,100.0,100,5.0,0.05,0.02,0.01,1025,0.008450721538614729,0.008480897436180548,0.9964418980664611,0.008803717376013057,0.008480897436180546
dimension_100,dimension,100.0,100,5.0,0.05,0.02,0.01,1026,0.008573635400881836,0.008480897436180548,1.010934923502984,0.008564242659677385,0.008480897436180546
dimension_100,dimension,100.0,100,5.0,0.05,0.02,0.01,1027,0.008378101311624394,0.008480897436180548,0.9878790982523131,0.008400329214091814,0.008480897436180546
dimension_100,dimension,100.0,100,5.0,0.05,0.02,0.01,1028,0.008449690525430003,0.008480897436180548,0.9963203291885818,0.00809742158615819,0.008480897436180546
dimension_100,dimension,100.0,100,5.0,0.05,0.02,0.01,1029,0.008410342017520868,0.008480897436180548,0.9916806659683582,0.008065921357213684,0.008480897436180546
dimension_100,dimension,100.0,100,5.0,0.05,0.02,0.01,1030,0.0085282606005192,0.008480897436180548,1.0055846877874735,0.008520843068509863,0.008480897436180546
condition_1,condition_number,1.0,20,1.0,0.05,0.02,0.01,1001,0.03983695008607439,0.040205128205128164,0.9908425085184328,0.039907866036975284,0.04020512820512816
condition_1,condition_number,1.0,20,1.0,0.05,0.02,0.01,1002,0.04052413885426983,0.040205128205128164,1.0079345760947225,0.040782814975385794,0.04020512820512816
condition_1,condition_number,1.0,20,1.0,0.05,0.02,0.01,1003,0.04073044418778339,0.040205128205128164,1.0130658949767564,0.04194315226022411,0.04020512820512816
condition_1,condition_number,1.0,20,1.0,0.05,0.02,0.01,1004,0.039840136000967655,0.040205128205128164,0.9909217500240689,0.04115918561132874,0.04020512820512816
condition_1,condition_number,1.0,20,1.0,0.05,0.02,0.01,1005,0.04031221762332122,0.040205128205128164,1.002663576090261,0.04021855955556404,0.04020512820512816
condition_1,condition_number,1.0,20,1.0,0.05,0.02,0.01,1006,0.03959650679474892,0.040205128205128164,0.984862095022455,0.0395780900930649,0.04020512820512816
condition_1,condition_number,1.0,20,1.0,0.05,0.02,0.01,1007,0.04107755437031995,0.040205128205128164,1.0216993752821937,0.0385477690946311,0.04020512820512816
condition_1,condition_number,1.0,20,1.0,0.05,0.02,0.01,1008,0.04059204037237094,0.040205128205128164,1.0096234531393293,0.03868188928432448,0.04020512820512816
condition_1,condition_number,1.0,20,1.0,0.05,0.02,0.01,1009,0.04077685995635607,0.040205128205128164,1.0142203688124287,0.04278636977916818,0.04020512820512816
condition_1,condition_number,1.0,20,1.0,0.05,0.02,0.01,1010,0.040650342371272255,0.040205128205128164,1.0110735666324104,0.03910161553780128,0.04020512820512816
condition_1,condition_number,1.0,20,1.0,0.05,0.02,0.01,1011,0.040304637658733614,0.040205128205128164,1.0024750438077885,0.03813921087598207,0.04020512820512816
condition_1,condition_number,1.0,20,1.0,0.05,0.02,0.01,1012,0.040436440342848996,0.040205128205128164,1.0057532993438216,0.03953017278888362,0.04020512820512816
condition_1,condition_number,1.0,20,1.0,0.05,0.02,0.01,1013,0.0401367370508601,0.040205128205128164,0.9982989445048122,0.042953192379588334,0.04020512820512816
condition_1,condition_number,1.0,20,1.0,0.05,0.02,0.01,1014,0.04074361883573126,0.040205128205128164,1.0133935807356638,0.04081424452580771,0.04020512820512816
condition_1,condition_number,1.0,20,1.0,0.05,0.02,0.01,1015,0.040368130714450404,0.040205128205128164,1.004054271596663,0.04244375069437202,0.04020512820512816
condition_1,condition_number,1.0,20,1.0,0.05,0.02,0.01,1016,0.040182416323724525,0.040205128205128164,0.9994350998885574,0.04139163912032253,0.04020512820512816
condition_1,condition_number,1.0,20,1.0,0.05,0.02,0.01,1017,0.04028627350053185,0.040205128205128164,1.002018282219862,0.04064663416538892,0.04020512820512816
condition_1,condition_number,1.0,20,1.0,0.05,0.02,0.01,1018,0.039985856519026426,0.040205128205128164,0.9945461761747655,0.03797987808731092,0.04020512820512816
condition_1,condition_number,1.0,20,1.0,0.05,0.02,0.01,1019,0.039744241332918324,0.040205128205128164,0.9885366147855971,0.03875267690288722,0.04020512820512816
condition_1,condition_number,1.0,20,1.0,0.05,0.02,0.01,1020,0.03996258203537977,0.040205128205128164,0.9939672827677377,0.03850682936014336,0.04020512820512816
condition_1,condition_number,1.0,20,1.0,0.05,0.02,0.01,1021,0.040587431926532795,0.040205128205128164,1.0095088298053447,0.03940433745724973,0.04020512820512816
condition_1,condition_number,1.0,20,1.0,0.05,0.02,0.01,1022,0.040960314001078114,0.040205128205128164,1.0187833201798777,0.041712065533244,0.04020512820512816
condition_1,condition_number,1.0,20,1.0,0.05,0.02,0.01,1023,0.041237342208052,0.040205128205128164,1.0256736901237435,0.03985261619887578,0.04020512820512816
condition_1,condition_number,1.0,20,1.0,0.05,0.02,0.01,1024,0.039666958510445514,0.040205128205128164,0.9866144017266433,0.0400631238182209,0.04020512820512816
condition_1,condition_number,1.0,20,1.0,0.05,0.02,0.01,1025,0.0410457401399451,0.040205128205128164,1.0209080774603703,0.03981666121993332,0.04020512820512816
condition_1,condition_number,1.0,20,1.0,0.05,0.02,0.01,1026,0.04023405637509589,0.040205128205128164,1.0007195144315952,0.040059164248883915,0.04020512820512816
condition_1,condition_number,1.0,20,1.0,0.05,0.02,0.01,1027,0.040087974852616795,0.040205128205128164,0.9970861092168728,0.03950032405273912,0.04020512820512816
condition_1,condition_number,1.0,20,1.0,0.05,0.02,0.01,1028,0.04023481472729946,0.040205128205128164,1.000738376508087,0.0399517827794114,0.04020512820512816
condition_1,condition_number,1.0,20,1.0,0.05,0.02,0.01,1029,0.04036657324334879,0.040205128205128164,1.0040155334761507,0.041354229415678886,0.04020512820512816
condition_1,condition_number,1.0,20,1.0,0.05,0.02,0.01,1030,0.040563829994399184,0.040205128205128164,1.0089217919525317,0.04141710128848157,0.04020512820512816
condition_5,condition_number,5.0,20,5.0,0.05,0.02,0.01,1001,0.00693678250481715,0.007016339595638293,0.9886611687281215,0.006913879994818382,0.007016339595638293
condition_5,condition_number,5.0,20,5.0,0.05,0.02,0.01,1002,0.007113906432366606,0.007016339595638293,1.0139056605511176,0.007387662014928971,0.007016339595638293
condition_5,condition_number,5.0,20,5.0,0.05,0.02,0.01,1003,0.00708789259131778,0.007016339595638293,1.010198051947766,0.006600984521448909,0.007016339595638293
condition_5,condition_number,5.0,20,5.0,0.05,0.02,0.01,1004,0.006997415334824664,0.007016339595638293,0.9973028299791258,0.007118398032202374,0.007016339595638293
condition_5,condition_number,5.0,20,5.0,0.05,0.02,0.01,1005,0.0072837087784445856,0.007016339595638293,1.038106647941115,0.0074980317800331705,0.007016339595638293
condition_5,condition_number,5.0,20,5.0,0.05,0.02,0.01,1006,0.00711436288351611,0.007016339595638293,1.0139707160039337,0.007015318918624342,0.007016339595638293
condition_5,condition_number,5.0,20,5.0,0.05,0.02,0.01,1007,0.0070319795540869584,0.007016339595638293,1.0022290766054693,0.007603279501230758,0.007016339595638293
condition_5,condition_number,5.0,20,5.0,0.05,0.02,0.01,1008,0.006882772630042664,0.007016339595638293,0.9809634405839391,0.007104972480225157,0.007016339595638293
condition_5,condition_number,5.0,20,5.0,0.05,0.02,0.01,1009,0.0071260675800378604,0.007016339595638293,1.0156389215350665,0.006454815443000683,0.007016339595638293
condition_5,condition_number,5.0,20,5.0,0.05,0.02,0.01,1010,0.006801619124742572,0.007016339595638293,0.9693970812032529,0.006642037227980874,0.007016339595638293
condition_5,condition_number,5.0,20,5.0,0.05,0.02,0.01,1011,0.006901370280011604,0.007016339595638293,0.9836140605711047,0.007140831074215751,0.007016339595638293
condition_5,condition_number,5.0,20,5.0,0.05,0.02,0.01,1012,0.006899471128610548,0.007016339595638293,0.9833433850464712,0.006730138888910748,0.007016339595638293
condition_5,condition_number,5.0,20,5.0,0.05,0.02,0.01,1013,0.007084307503951575,0.007016339595638293,1.0096870893129992,0.006624299399570271,0.007016339595638293
condition_5,condition_number,5.0,20,5.0,0.05,0.02,0.01,1014,0.006994892439026579,0.007016339595638293,0.9969432556221984,0.006857038136016443,0.007016339595638293
condition_5,condition_number,5.0,20,5.0,0.05,0.02,0.01,1015,0.006932502767006823,0.007016339595638293,0.98805120141511,0.006728716206583966,0.007016339595638293
condition_5,condition_number,5.0,20,5.0,0.05,0.02,0.01,1016,0.007047727649135849,0.007016339595638293,1.0044735653213064,0.006688317495669569,0.007016339595638293
condition_5,condition_number,5.0,20,5.0,0.05,0.02,0.01,1017,0.007032994180558245,0.007016339595638293,1.0023736856936494,0.0069340891758276945,0.007016339595638293
condition_5,condition_number,5.0,20,5.0,0.05,0.02,0.01,1018,0.0071457850833101764,0.007016339595638293,1.0184491480076525,0.006922536985636422,0.007016339595638293
condition_5,condition_number,5.0,20,5.0,0.05,0.02,0.01,1019,0.006984472248103096,0.007016339595638293,0.9954581235556205,0.007381499175489776,0.007016339595638293
condition_5,condition_number,5.0,20,5.0,0.05,0.02,0.01,1020,0.007109196765889882,0.007016339595638293,1.0132344178878276,0.006955582507413244,0.007016339595638293
condition_5,condition_number,5.0,20,5.0,0.05,0.02,0.01,1021,0.006960296766722154,0.007016339595638293,0.9920125261680638,0.007579553441155106,0.007016339595638293
condition_5,condition_number,5.0,20,5.0,0.05,0.02,0.01,1022,0.007059711066000672,0.007016339595638293,1.006181495318348,0.007341309624693834,0.007016339595638293
condition_5,condition_number,5.0,20,5.0,0.05,0.02,0.01,1023,0.0069715152151945915,0.007016339595638293,0.993611429459377,0.0075564892103931825,0.007016339595638293
condition_5,condition_number,5.0,20,5.0,0.05,0.02,0.01,1024,0.0070272331096595435,0.007016339595638293,1.0015525921846802,0.00712696799449797,0.007016339595638293
condition_5,condition_number,5.0,20,5.0,0.05,0.02,0.01,1025,0.007021494772174659,0.007016339595638293,1.0007347387432004,0.0070398301549911045,0.007016339595638293
condition_5,condition_number,5.0,20,5.0,0.05,0.02,0.01,1026,0.007164429742821774,0.007016339595638293,1.0211064680044195,0.007333724836689865,0.007016339595638293
condition_5,condition_number,5.0,20,5.0,0.05,0.02,0.01,1027,0.006946718775339964,0.007016339595638293,0.9900773303017419,0.0070304399938077924,0.007016339595638293
condition_5,condition_number,5.0,20,5.0,0.05,0.02,0.01,1028,0.007065441073558702,0.007016339595638293,1.0069981615415156,0.006365156026774936,0.007016339595638293
condition_5,condition_number,5.0,20,5.0,0.05,0.02,0.01,1029,0.0070657579705063105,0.007016339595638293,1.0070433271073052,0.006942789979830724,0.007016339595638293
condition_5,condition_number,5.0,20,5.0,0.05,0.02,0.01,1030,0.007010755475759425,0.007016339595638293,0.9992041263392754,0.0071818398811691,0.007016339595638293
condition_20,condition_number,20.0,20,20.0,0.0225,0.02,0.01,1001,0.0066443473541274245,0.006591136150972751,1.0080731458030678,0.0064173551137366,0.006591136150968195
condition_20,condition_number,20.0,20,20.0,0.0225,0.02,0.01,1002,0.006612535647519816,0.006591136150972751,1.0032467083150614,0.006778364249862472,0.006591136150968195
condition_20,condition_number,20.0,20,20.0,0.0225,0.02,0.01,1003,0.0065708387476658145,0.006591136150972751,0.9969205000713055,0.006742644848735883,0.006591136150968195
condition_20,condition_number,20.0,20,20.0,0.0225,0.02,0.01,1004,0.006641568748181128,0.006591136150972751,1.007651578734409,0.0065848185529347745,0.006591136150968195
condition_20,condition_number,20.0,20,20.0,0.0225,0.02,0.01,1005,0.0065085927192939045,0.006591136150972751,0.9874766004239399,0.006347088223079577,0.006591136150968195
condition_20,condition_number,20.0,20,20.0,0.0225,0.02,0.01,1006,0.0068045757430566225,0.006591136150972751,1.032382822505096,0.006612621834843379,0.006591136150968195
condition_20,condition_number,20.0,20,20.0,0.0225,0.02,0.01,1007,0.006527479440643724,0.006591136150972751,0.9903420732221361,0.00678724633680913,0.006591136150968195
condition_20,condition_number,20.0,20,20.0,0.0225,0.02,0.01,1008,0.006473108168024389,0.006591136150972751,0.9820929229430433,0.006494355169685382,0.006591136150968195
condition_20,condition_number,20.0,20,20.0,0.0225,0.02,0.01,1009,0.0063254467664115195,0.006591136150972751,0.9596898958729566,0.006686387295202018,0.006591136150968195
condition_20,condition_number,20.0,20,20.0,0.0225,0.02,0.01,1010,0.006565669820252394,0.006591136150972751,0.9961362760323805,0.006603245401275094,0.006591136150968195
condition_20,condition_number,20.0,20,20.0,0.0225,0.02,0.01,1011,0.0063338502902979465,0.006591136150972751,0.960964869366743,0.006036871793583297,0.006591136150968195
condition_20,condition_number,20.0,20,20.0,0.0225,0.02,0.01,1012,0.006447577985545006,0.006591136150972751,0.97821951145607,0.006702968856541183,0.006591136150968195
condition_20,condition_number,20.0,20,20.0,0.0225,0.02,0.01,1013,0.006536592167983174,0.006591136150972751,0.9917246462915916,0.006556880879593887,0.006591136150968195
condition_20,condition_number,20.0,20,20.0,0.0225,0.02,0.01,1014,0.006683275161935942,0.006591136150972751,1.013979230416837,0.006530469053947023,0.006591136150968195
condition_20,condition_number,20.0,20,20.0,0.0225,0.02,0.01,1015,0.00663959850166707,0.006591136150972751,1.007352655078619,0.006253671613609576,0.006591136150968195
condition_20,condition_number,20.0,20,20.0,0.0225,0.02,0.01,1016,0.006625847569442698,0.006591136150972751,1.0052663786143796,0.006429324223079962,0.006591136150968195
condition_20,condition_number,20.0,20,20.0,0.0225,0.02,0.01,1017,0.006533230540326168,0.006591136150972751,0.9912146238038131,0.006515917477327208,0.006591136150968195
condition_20,condition_number,20.0,20,20.0,0.0225,0.02,0.01,1018,0.006478353265762044,0.006591136150972751,0.9828887034606224,0.0060618989185276355,0.006591136150968195
condition_20,condition_number,20.0,20,20.0,0.0225,0.02,0.01,1019,0.006597861992307439,0.006591136150972751,1.0010204373237983,0.006546425378040564,0.006591136150968195
condition_20,condition_number,20.0,20,20.0,0.0225,0.02,0.01,1020,0.00667173047631849,0.006591136150972751,1.0122276832855053,0.006500755039808837,0.006591136150968195
condition_20,condition_number,20.0,20,20.0,0.0225,0.02,0.01,1021,0.006517451369734587,0.006591136150972751,0.9888206252229688,0.006938221543161255,0.006591136150968195
condition_20,condition_number,20.0,20,20.0,0.0225,0.02,0.01,1022,0.006711440670266367,0.006591136150972751,1.018252470672429,0.00642505189563562,0.006591136150968195
condition_20,condition_number,20.0,20,20.0,0.0225,0.02,0.01,1023,0.00659575492874748,0.006591136150972751,1.0007007559347787,0.006347748349389057,0.006591136150968195
condition_20,condition_number,20.0,20,20.0,0.0225,0.02,0.01,1024,0.00672535384859286,0.006591136150972751,1.0203633629386188,0.006209936368114523,0.006591136150968195
condition_20,condition_number,20.0,20,20.0,0.0225,0.02,0.01,1025,0.006441253177332113,0.006591136150972751,0.9772599184408415,0.006559260907168662,0.006591136150968195
condition_20,condition_number,20.0,20,20.0,0.0225,0.02,0.01,1026,0.00655930481640359,0.006591136150972751,0.9951705845790391,0.007098854538966158,0.006591136150968195
condition_20,condition_number,20.0,20,20.0,0.0225,0.02,0.01,1027,0.006660583073547166,0.006591136150972751,1.0105364114750028,0.006555576901637628,0.006591136150968195
condition_20,condition_number,20.0,20,20.0,0.0225,0.02,0.01,1028,0.006677633288487537,0.006591136150972751,1.0131232515204562,0.006435970209782462,0.006591136150968195
condition_20,condition_number,20.0,20,20.0,0.0225,0.02,0.01,1029,0.006786937183289899,0.006591136150972751,1.0297067194232137,0.006902511449617511,0.006591136150968195
condition_20,condition_number,20.0,20,20.0,0.0225,0.02,0.01,1030,0.006841070010366301,0.006591136150972751,1.0379196930041665,0.00653141035102567,0.006591136150968195
