case_id,dim,condition_number,path_kind,observation_noise,drift_per_query,amplitude,period,protocol,method,family,seed,query_budget,total_target_displacement,final_mse,query_averaged_mse,tail_mse,queries_to_threshold,mean_gradient_cosine,updates,queries_per_update,learning_rate,smoothing,directions,maximum_gradient_norm,failed,first_order_mse,mse_ratio_to_first_order
stationary_d5,5,5.0,stationary,0.001,0.0,0.0,0,frozen,SPSA-m1,spsa,1001,10000,0.0,6.638783021836088e-07,0.0025121759313921216,1.4644499999776142e-06,50.0,0.2826223514301049,5000.0,2.0,0.08000000000000002,0.3,1.0,14.244176370724631,0.0,0.002509887250700254,1.0009118659378937
stationary_d5,5,5.0,stationary,0.001,0.0,0.0,0,frozen,SPSA-m1,spsa,1002,10000,0.0,1.3295134980951203e-06,0.002513380484647895,1.5486897717220642e-06,50.0,0.27757713153885516,5000.0,2.0,0.08000000000000002,0.3,1.0,9.14233544430892,0.0,0.002509887250700254,1.0013917891915927
stationary_d5,5,5.0,stationary,0.001,0.0,0.0,0,frozen,SPSA-m1,spsa,1003,10000,0.0,1.9486457071832147e-06,0.0025484853326064104,1.3343051297282535e-06,50.0,0.28775130176276914,5000.0,2.0,0.08000000000000002,0.3,1.0,11.623757535899381,0.0,0.002509887250700254,1.0153784126738712
stationary_d5,5,5.0,stationary,0.001,0.0,0.0,0,frozen,SPSA-m1,spsa,1004,10000,0.0,1.424203576287134e-06,0.002535201619213016,1.1068416746018596e-06,50.0,0.27719552569245115,5000.0,2.0,0.08000000000000002,0.3,1.0,10.905487643873267,0.0,0.002509887250700254,1.0100858588391566
stationary_d5,5,5.0,stationary,0.001,0.0,0.0,0,frozen,SPSA-m1,spsa,1005,10000,0.0,2.3017257982735257e-06,0.0025206895861422615,1.3147717695191953e-06,50.0,0.2768650525181017,5000.0,2.0,0.08000000000000002,0.3,1.0,7.6043653108615645,0.0,0.002509887250700254,1.004303912631531
stationary_d5,5,5.0,stationary,0.001,0.0,0.0,0,frozen,SPSA-m1,spsa,1006,10000,0.0,1.1750798663556941e-06,0.0028881171997719784,1.056540851981386e-06,100.0,0.28241765400600505,5000.0,2.0,0.08000000000000002,0.3,1.0,9.514120357196319,0.0,0.002509887250700254,1.1506959920076882
stationary_d5,5,5.0,stationary,0.001,0.0,0.0,0,frozen,SPSA-m1,spsa,1007,10000,0.0,6.69834552782045e-07,0.0025116431255975237,1.195872922093399e-06,50.0,0.2806145677431244,5000.0,2.0,0.08000000000000002,0.3,1.0,12.24806398949828,0.0,0.002509887250700254,1.0006995831772043
stationary_d5,5,5.0,stationary,0.001,0.0,0.0,0,frozen,SPSA-m1,spsa,1008,10000,0.0,7.690970073974337e-07,0.0025328206792393487,1.0653281208251112e-06,50.0,0.28588340912247123,5000.0,2.0,0.08000000000000002,0.3,1.0,13.329110744551675,0.0,0.002509887250700254,1.009137234564101
stationary_d5,5,5.0,stationary,0.001,0.0,0.0,0,frozen,SPSA-m1,spsa,1009,10000,0.0,2.403241515628347e-06,0.002841941837327407,1.193654072471464e-06,100.0,0.2905035795723363,5000.0,2.0,0.08000000000000002,0.3,1.0,8.354022477924604,0.0,0.002509887250700254,1.132298606853559
stationary_d5,5,5.0,stationary,0.001,0.0,0.0,0,frozen,SPSA-m1,spsa,1010,10000,0.0,9.30640886439996e-07,0.0025209882880199317,1.2688949330898886e-06,50.0,0.27194034975835757,5000.0,2.0,0.08000000000000002,0.3,1.0,8.918811426778431,0.0,0.002509887250700254,1.004422922709608
stationary_d5,5,5.0,stationary,0.001,0.0,0.0,0,frozen,SPSA-m1,spsa,1011,10000,0.0,1.7157722218995512e-06,0.002514945522823024,1.0980554066352693e-06,50.0,0.280698392345592,5000.0,2.0,0.08000000000000002,0.3,1.0,12.252549526298347,0.0,0.002509887250700254,1.0020153383867576
stationary_d5,5,5.0,stationary,0.001,0.0,0.0,0,frozen,SPSA-m1,spsa,1012,10000,0.0,6.561661332904835e-06,0.002666298283809276,1.2824887386771457e-06,100.0,0.27643390108765337,5000.0,2.0,0.08000000000000002,0.3,1.0,8.535534977334931,0.0,0.002509887250700254,1.0623179519579549
stationary_d5,5,5.0,stationary,0.001,0.0,0.0,0,frozen,SPSA-m1,spsa,1013,10000,0.0,8.517925232709724e-07,0.0025955164472334733,1.1650112526170315e-06,100.0,0.2841893179031484,5000.0,2.0,0.08000000000000002,0.3,1.0,12.245161559691272,0.0,0.002509887250700254,1.0341167502680961
stationary_d5,5,5.0,stationary,0.001,0.0,0.0,0,frozen,SPSA-m1,spsa,1014,10000,0.0,1.083370920881459e-06,0.002566170713047341,1.3576822301311358e-06,100.0,0.27991549840081625,5000.0,2.0,0.08000000000000002,0.3,1.0,8.15920690066936,0.0,0.002509887250700254,1.0224246974964248
stationary_d5,5,5.0,stationary,0.001,0.0,0.0,0,frozen,SPSA-m1,spsa,1015,10000,0.0,1.5513376076850015e-06,0.0025889358504455405,1.3586340719206067e-06,100.0,0.2850378641249555,5000.0,2.0,0.08000000000000002,0.3,1.0,12.25643800791058,0.0,0.002509887250700254,1.031494880785275
stationary_d5,5,5.0,stationary,0.001,0.0,0.0,0,frozen,SPSA-m1,spsa,1016,10000,0.0,7.37008545554566e-07,0.0025075440232029747,1.3495931139671103e-06,50.0,0.27414498367856,5000.0,2.0,0.08000000000000002,0.3,1.0,9.904293367231245,0.0,0.002509887250700254,0.9990664012908844
stationary_d5,5,5.0,stationary,0.001,0.0,0.0,0,frozen,SPSA-m1,spsa,1017,10000,0.0,7.796704163231067e-07,0.0025317345032859467,1.4579392940454036e-06,50.0,0.27493037959119704,5000.0,2.0,0.08000000000000002,0.3,1.0,9.294643850619002,0.0,0.002509887250700254,1.0087044757008894
stationary_d5,5,5.0,stationary,0.001,0.0,0.0,0,frozen,SPSA-m1,spsa,1018,10000,0.0,8.694746863657494e-07,0.00250904347902103,1.257575450813183e-06,50.0,0.2858310796723497,5000.0,2.0,0.08000000000000002,0.3,1.0,9.762116095147539,0.0,0.002509887250700254,0.9996638208831936
stationary_d5,5,5.0,stationary,0.001,0.0,0.0,0,frozen,SPSA-m1,spsa,1019,10000,0.0,3.8321776116597615e-07,0.002534205478228167,1.1936749750539863e-06,50.0,0.2791216030407461,5000.0,2.0,0.08000000000000002,0.3,1.0,13.025069560926648,0.0,0.002509887250700254,1.0096889720927218
stationary_d5,5,5.0,stationary,0.001,0.0,0.0,0,frozen,SPSA-m1,spsa,1020,10000,0.0,2.531021507142841e-06,0.0025049285320984135,1.4892023554109885e-06,50.0,0.2843512487477373,5000.0,2.0,0.08000000000000002,0.3,1.0,12.253910828598743,0.0,0.002509887250700254,0.9980243261523174
stationary_d5,5,5.0,stationary,0.001,0.0,0.0,0,frozen,SPSA-m1,spsa,1021,10000,0.0,6.718050440084657e-07,0.002754971272290074,1.3295164348439856e-06,100.0,0.27181648823173765,5000.0,2.0,0.08000000000000002,0.3,1.0,10.951090483752191,0.0,0.002509887250700254,1.0976474228160813
stationary_d5,5,5.0,stationary,0.001,0.0,0.0,0,frozen,SPSA-m1,spsa,1022,10000,0.0,3.4023339250288377e-07,0.002504151210430134,1.3611274110836528e-06,50.0,0.2833147104630518,5000.0,2.0,0.08000000000000002,0.3,1.0,9.247920318413632,0.0,0.002509887250700254,0.9977146223327283
stationary_d5,5,5.0,stationary,0.001,0.0,0.0,0,frozen,SPSA-m1,spsa,1023,10000,0.0,5.563201314687905e-07,0.002501670932439721,1.2294686608698711e-06,50.0,0.27577417592793124,5000.0,2.0,0.08000000000000002,0.3,1.0,10.644905513978356,0.0,0.002509887250700254,0.996726419380695
stationary_d5,5,5.0,stationary,0.001,0.0,0.0,0,frozen,SPSA-m1,spsa,1024,10000,0.0,9.698420631351183e-07,0.0027645734864533184,1.206253854297184e-06,100.0,0.2810677441367961,5000.0,2.0,0.08000000000000002,0.3,1.0,9.2346160450943,0.0,0.002509887250700254,1.1014731780011262
stationary_d5,5,5.0,stationary,0.001,0.0,0.0,0,frozen,SPSA-m1,spsa,1025,10000,0.0,1.3917680815553075e-06,0.002536329899712844,1.3923473175594236e-06,50.0,0.2776448364817009,5000.0,2.0,0.08000000000000002,0.3,1.0,11.618624572964636,0.0,0.002509887250700254,1.0105353931756147
stationary_d5,5,5.0,stationary,0.001,0.0,0.0,0,frozen,SPSA-m1,spsa,1026,10000,0.0,3.698663185149922e-06,0.0025210254819481048,1.4849507455117078e-06,50.0,0.2856121678943598,5000.0,2.0,0.08000000000000002,0.3,1.0,13.054727997065877,0.0,0.002509887250700254,1.0044377416733532
stationary_d5,5,5.0,stationary,0.001,0.0,0.0,0,frozen,SPSA-m1,spsa,1027,10000,0.0,4.428801938247704e-07,0.002507838364527714,1.3582002066421713e-06,50.0,0.2726486416508729,5000.0,2.0,0.08000000000000002,0.3,1.0,11.62688309580974,0.0,0.002509887250700254,0.9991836740188356
stationary_d5,5,5.0,stationary,0.001,0.0,0.0,0,frozen,SPSA-m1,spsa,1028,10000,0.0,6.059767046189402e-07,0.0025798282508847346,9.864443371646585e-07,100.0,0.28212970998210873,5000.0,2.0,0.08000000000000002,0.3,1.0,9.476020098225137,0.0,0.002509887250700254,1.0278661920629968
stationary_d5,5,5.0,stationary,0.001,0.0,0.0,0,frozen,SPSA-m1,spsa,1029,10000,0.0,7.919833803393454e-07,0.0025149711977674664,1.5343833976486107e-06,50.0,0.27900696364050337,5000.0,2.0,0.08000000000000002,0.3,1.0,10.650931905710236,0.0,0.002509887250700254,1.002025567907799
stationary_d5,5,5.0,stationary,0.001,0.0,0.0,0,frozen,SPSA-m1,spsa,1030,10000,0.0,2.7121330425488452e-06,0.002754084208782747,1.2997551102660825e-06,100.0,0.28304938591959233,5000.0,2.0,0.08000000000000002,0.3,1.0,8.478202740194691,0.0,0.002509887250700254,1.0972939951841911
stationary_d5,5,5.0,stationary,0.001,0.0,0.0,0,frozen,Gaussian-m1,gaussian,1001,10000,0.0,1.119404537363893e-05,0.002664692646112443,5.905244835846934e-06,100.0,0.28598205215147277,5000.0,2.0,0.08000000000000002,0.3,1.0,9.832728821210516,0.0,0.002509887250700254,1.0616782269279221
stationary_d5,5,5.0,stationary,0.001,0.0,0.0,0,frozen,Gaussian-m1,gaussian,1002,10000,0.0,3.386013667978451e-06,0.002521900503618057,6.891655093452098e-06,50.0,0.2771302538353035,5000.0,2.0,0.08000000000000002,0.3,1.0,8.397301622221073,0.0,0.002509887250700254,1.0047863715449574
stationary_d5,5,5.0,stationary,0.001,0.0,0.0,0,frozen,Gaussian-m1,gaussian,1003,10000,0.0,2.9780308300909975e-06,0.002506581719333171,5.654669464308539e-06,50.0,0.2763131489450284,5000.0,2.0,0.08000000000000002,0.3,1.0,10.542392892769588,0.0,0.002509887250700254,0.9986829960723691
stationary_d5,5,5.0,stationary,0.001,0.0,0.0,0,frozen,Gaussian-m1,gaussian,1004,10000,0.0,5.053913196042862e-06,0.0027432054222672904,6.83710641751456e-06,100.0,0.2855599975914789,5000.0,2.0,0.08000000000000002,0.3,1.0,13.690339862097925,0.0,0.002509887250700254,1.0929596225893976
stationary_d5,5,5.0,stationary,0.001,0.0,0.0,0,frozen,Gaussian-m1,gaussian,1005,10000,0.0,7.833973656336826e-06,0.0035422853575729327,7.013259134713332e-06,150.0,0.2711683918409789,5000.0,2.0,0.08000000000000002,0.3,1.0,8.911133269143914,0.0,0.002509887250700254,1.4113324638724873
stationary_d5,5,5.0,stationary,0.001,0.0,0.0,0,frozen,Gaussian-m1,gaussian,1006,10000,0.0,3.1667224852249904e-06,0.0025690461224200777,7.170200984842574e-06,100.0,0.2801355300650575,5000.0,2.0,0.08000000000000002,0.3,1.0,9.12513661596212,0.0,0.002509887250700254,1.0235703303817008
stationary_d5,5,5.0,stationary,0.001,0.0,0.0,0,frozen,Gaussian-m1,gaussian,1007,10000,0.0,6.37683878902321e-06,0.002508364508133074,7.102547132636554e-06,50.0,0.2806772593689302,5000.0,2.0,0.08000000000000002,0.3,1.0,9.124550843391356,0.0,0.002509887250700254,0.9993933024016297
stationary_d5,5,5.0,stationary,0.001,0.0,0.0,0,frozen,Gaussian-m1,gaussian,1008,10000,0.0,8.845588791074738e-06,0.002624359781306589,5.819633747029892e-06,100.0,0.28079536812459266,5000.0,2.0,0.08000000000000002,0.3,1.0,7.192024054087118,0.0,0.002509887250700254,1.0456086346406188
stationary_d5,5,5.0,stationary,0.001,0.0,0.0,0,frozen,Gaussian-m1,gaussian,1009,10000,0.0,1.288071795111065e-05,0.0025485165109724755,5.383554717082648e-06,50.0,0.28306299413164276,5000.0,2.0,0.08000000000000002,0.3,1.0,7.033848154557127,0.0,0.002509887250700254,1.0153908348916645
stationary_d5,5,5.0,stationary,0.001,0.0,0.0,0,frozen,Gaussian-m1,gaussian,1010,10000,0.0,6.0643073521153414e-06,0.0026545003909396263,5.944850887726823e-06,100.0,0.2767846777141217,5000.0,2.0,0.08000000000000002,0.3,1.0,8.044622599122095,0.0,0.002509887250700254,1.0576173850833441
stationary_d5,5,5.0,stationary,0.001,0.0,0.0,0,frozen,Gaussian-m1,gaussian,1011,10000,0.0,4.6872893385337435e-06,0.0025138511485722098,6.710021739234508e-06,50.0,0.28360448405141087,5000.0,2.0,0.08000000000000002,0.3,1.0,11.064826046687571,0.0,0.002509887250700254,1.0015793131228703
stationary_d5,5,5.0,stationary,0.001,0.0,0.0,0,frozen,Gaussian-m1,gaussian,1012,10000,0.0,2.484835256141271e-06,0.0026063428239027804,5.619285875251544e-06,100.0,0.279463309977657,5000.0,2.0,0.08000000000000002,0.3,1.0,9.288637278650976,0.0,0.002509887250700254,1.0384302415081057
stationary_d5,5,5.0,stationary,0.001,0.0,0.0,0,frozen,Gaussian-m1,gaussian,1013,10000,0.0,2.0664122555380166e-06,0.002706506191284788,7.0180112953042885e-06,100.0,0.2825159070829982,5000.0,2.0,0.08000000000000002,0.3,1.0,11.19363111269807,0.0,0.002509887250700254,1.0783377582119187
stationary_d5,5,5.0,stationary,0.001,0.0,0.0,0,frozen,Gaussian-m1,gaussian,1014,10000,0.0,7.976513016256242e-06,0.002588864339854519,6.609339920256885e-06,100.0,0.2787106145958073,5000.0,2.0,0.08000000000000002,0.3,1.0,10.049240560962494,0.0,0.002509887250700254,1.031466389230126
stationary_d5,5,5.0,stationary,0.001,0.0,0.0,0,frozen,Gaussian-m1,gaussian,1015,10000,0.0,7.2229155605417195e-06,0.0025778868796852952,7.213156334961938e-06,100.0,0.2744317251514873,5000.0,2.0,0.08000000000000002,0.3,1.0,9.443455634989641,0.0,0.002509887250700254,1.0270927026566907
stationary_d5,5,5.0,stationary,0.001,0.0,0.0,0,frozen,Gaussian-m1,gaussian,1016,10000,0.0,1.4045577107649775e-05,0.002512991581829532,6.8313467587524724e-06,50.0,0.27838743622026785,5000.0,2.0,0.08000000000000002,0.3,1.0,11.185009054054754,0.0,0.002509887250700254,1.0012368408694103
stationary_d5,5,5.0,stationary,0.001,0.0,0.0,0,frozen,Gaussian-m1,gaussian,1017,10000,0.0,7.827271278636903e-06,0.0025071344305538025,6.307475572777071e-06,50.0,0.28229561237948836,5000.0,2.0,0.08000000000000002,0.3,1.0,9.338030295128876,0.0,0.002509887250700254,0.9989032096379296
stationary_d5,5,5.0,stationary,0.001,0.0,0.0,0,frozen,Gaussian-m1,gaussian,1018,10000,0.0,8.193475849105654e-06,0.0028266252829762264,6.1915738870267035e-06,100.0,0.2773835208683912,5000.0,2.0,0.08000000000000002,0.3,1.0,10.382642278334066,0.0,0.002509887250700254,1.1261961198406834
stationary_d5,5,5.0,stationary,0.001,0.0,0.0,0,frozen,Gaussian-m1,gaussian,1019,10000,0.0,9.122551952213815e-06,0.002603765151891994,7.0007358297931405e-06,100.0,0.27962471921309523,5000.0,2.0,0.08000000000000002,0.3,1.0,7.847301249190249,0.0,0.002509887250700254,1.0374032344144335
stationary_d5,5,5.0,stationary,0.001,0.0,0.0,0,frozen,Gaussian-m1,gaussian,1020,10000,0.0,1.1723832013138042e-05,0.0025497267895858897,6.1930124542324744e-06,50.0,0.2748462984008762,5000.0,2.0,0.08000000000000002,0.3,1.0,10.570516293844122,0.0,0.002509887250700254,1.0158730392668118
stationary_d5,5,5.0,stationary,0.001,0.0,0.0,0,frozen,Gaussian-m1,gaussian,1021,10000,0.0,1.2898587150528692e-06,0.002517664466247828,4.994871397404426e-06,50.0,0.2828867897631592,5000.0,2.0,0.08000000000000002,0.3,1.0,11.800428453984795,0.0,0.002509887250700254,1.003098631440677
stationary_d5,5,5.0,stationary,0.001,0.0,0.0,0,frozen,Gaussian-m1,gaussian,1022,10000,0.0,1.0602056908059743e-05,0.002524446604624038,7.857875842753867e-06,50.0,0.2815141488970474,5000.0,2.0,0.08000000000000002,0.3,1.0,10.928167864151176,0.0,0.002509887250700254,1.005800799984032
stationary_d5,5,5.0,stationary,0.001,0.0,0.0,0,frozen,Gaussian-m1,gaussian,1023,10000,0.0,5.471358834218705e-06,0.0025140877978853393,7.780478252465989e-06,50.0,0.2791890919873539,5000.0,2.0,0.08000000000000002,0.3,1.0,14.639289054162166,0.0,0.002509887250700254,1.0016735999531108
stationary_d5,5,5.0,stationary,0.001,0.0,0.0,0,frozen,Gaussian-m1,gaussian,1024,10000,0.0,4.417214350983714e-06,0.0025873588297277983,6.8334766330936905e-06,100.0,0.279409803658599,5000.0,2.0,0.08000000000000002,0.3,1.0,12.253246189756645,0.0,0.002509887250700254,1.030866557454296
stationary_d5,5,5.0,stationary,0.001,0.0,0.0,0,frozen,Gaussian-m1,gaussian,1025,10000,0.0,3.851083211022728e-06,0.002594859408061076,6.370399621424129e-06,100.0,0.2785004334895737,5000.0,2.0,0.08000000000000002,0.3,1.0,11.433142285579654,0.0,0.002509887250700254,1.0338549699143318
stationary_d5,5,5.0,stationary,0.001,0.0,0.0,0,frozen,Gaussian-m1,gaussian,1026,10000,0.0,5.5641704226912345e-06,0.002952196175287855,6.518135831550269e-06,150.0,0.2849434452794714,5000.0,2.0,0.08000000000000002,0.3,1.0,8.461138144018648,0.0,0.002509887250700254,1.1762266111611974
stationary_d5,5,5.0,stationary,0.001,0.0,0.0,0,frozen,Gaussian-m1,gaussian,1027,10000,0.0,7.93882468418308e-06,0.0025783739843164427,6.790560978219167e-06,100.0,0.27095607853352066,5000.0,2.0,0.08000000000000002,0.3,1.0,9.427284382637259,0.0,0.002509887250700254,1.027286776964615
stationary_d5,5,5.0,stationary,0.001,0.0,0.0,0,frozen,Gaussian-m1,gaussian,1028,10000,0.0,1.0382246157151479e-05,0.0025429570334218805,6.7556365180404304e-06,50.0,0.27649385320143705,5000.0,2.0,0.08000000000000002,0.3,1.0,9.56427114620113,0.0,0.002509887250700254,1.0131758040973355
stationary_d5,5,5.0,stationary,0.001,0.0,0.0,0,frozen,Gaussian-m1,gaussian,1029,10000,0.0,1.2363458030757196e-05,0.002549708532510343,5.889099889331213e-06,50.0,0.27466451142135906,5000.0,2.0,0.08000000000000002,0.3,1.0,9.72943846178016,0.0,0.002509887250700254,1.0158657652047831
stationary_d5,5,5.0,stationary,0.001,0.0,0.0,0,frozen,Gaussian-m1,gaussian,1030,10000,0.0,2.061002606761396e-06,0.0025082341061367264,6.797515646274236e-06,50.0,0.28107360830381245,5000.0,2.0,0.08000000000000002,0.3,1.0,11.879081528801542,0.0,0.002509887250700254,0.9993413470812019
stationary_d5,5,5.0,stationary,0.001,0.0,0.0,0,frozen,Gaussian-m5,gaussian,1001,10000,0.0,8.783081945611965e-07,0.0027794529364670406,2.459316025462751e-06,100.0,0.5262262978423871,1000.0,10.0,0.2,0.3,5.0,5.126642689474845,0.0,0.002509887250700254,1.1074015120366774
stationary_d5,5,5.0,stationary,0.001,0.0,0.0,0,frozen,Gaussian-m5,gaussian,1002,10000,0.0,5.239293050687456e-06,0.002813609917011533,3.3501160402728946e-06,100.0,0.5308980441270938,1000.0,10.0,0.2,0.3,5.0,3.418370311960819,0.0,0.002509887250700254,1.1210104821348212
stationary_d5,5,5.0,stationary,0.001,0.0,0.0,0,frozen,Gaussian-m5,gaussian,1003,10000,0.0,5.5722786931529366e-06,0.0026208312584424525,2.606129153280796e-06,100.0,0.5251756136677388,1000.0,10.0,0.2,0.3,5.0,3.6082779483775256,0.0,0.002509887250700254,1.0442027854881708
stationary_d5,5,5.0,stationary,0.001,0.0,0.0,0,frozen,Gaussian-m5,gaussian,1004,10000,0.0,3.239234481231363e-06,0.0028198308879965476,2.7193644599868977e-06,100.0,0.5298436323971945,1000.0,10.0,0.2,0.3,5.0,7.128147303113004,0.0,0.002509887250700254,1.1234890679690173
stationary_d5,5,5.0,stationary,0.001,0.0,0.0,0,frozen,Gaussian-m5,gaussian,1005,10000,0.0,1.340042651335024e-06,0.0028858985931146264,2.9778680999852297e-06,100.0,0.5266468633695427,1000.0,10.0,0.2,0.3,5.0,2.6155901212088577,0.0,0.002509887250700254,1.149812045265964
stationary_d5,5,5.0,stationary,0.001,0.0,0.0,0,frozen,Gaussian-m5,gaussian,1006,10000,0.0,1.2050266088984335e-06,0.002625012858088711,2.5602908929194486e-06,100.0,0.5235252248303914,1000.0,10.0,0.2,0.3,5.0,6.245748260249264,0.0,0.002509887250700254,1.0458688362819235
stationary_d5,5,5.0,stationary,0.001,0.0,0.0,0,frozen,Gaussian-m5,gaussian,1007,10000,0.0,1.9326073249727494e-06,0.0027666446554009986,2.650136900325655e-06,100.0,0.5487887376670476,1000.0,10.0,0.2,0.3,5.0,4.821413128123661,0.0,0.002509887250700254,1.1022983819807481
stationary_d5,5,5.0,stationary,0.001,0.0,0.0,0,frozen,Gaussian-m5,gaussian,1008,10000,0.0,1.7097417643603524e-06,0.002956089690204087,2.533912352336615e-06,100.0,0.5173367326229098,1000.0,10.0,0.2,0.3,5.0,5.737151074027598,0.0,0.002509887250700254,1.177777882006191
stationary_d5,5,5.0,stationary,0.001,0.0,0.0,0,frozen,Gaussian-m5,gaussian,1009,10000,0.0,4.28400119310461e-06,0.0031259930944670116,3.064926376483794e-06,100.0,0.5216630175522615,1000.0,10.0,0.2,0.3,5.0,5.253081964730544,0.0,0.002509887250700254,1.245471522115133
stationary_d5,5,5.0,stationary,0.001,0.0,0.0,0,frozen,Gaussian-m5,gaussian,1010,10000,0.0,1.702726998062963e-06,0.002553470585569413,2.959324419461415e-06,50.0,0.5327114272454578,1000.0,10.0,0.2,0.3,5.0,2.941245217502374,0.0,0.002509887250700254,1.0173646584550757
stationary_d5,5,5.0,stationary,0.001,0.0,0.0,0,frozen,Gaussian-m5,gaussian,1011,10000,0.0,8.306530428203376e-06,0.0025174500427157928,2.1935566063072807e-06,50.0,0.5316791499970047,1000.0,10.0,0.2,0.3,5.0,4.422212538182131,0.0,0.002509887250700254,1.0030131999010827
stationary_d5,5,5.0,stationary,0.001,0.0,0.0,0,frozen,Gaussian-m5,gaussian,1012,10000,0.0,1.1653258941837568e-06,0.0025423851311119814,2.6588009309984397e-06,50.0,0.5130174641946931,1000.0,10.0,0.2,0.3,5.0,4.824202840850989,0.0,0.002509887250700254,1.0129479443360097
stationary_d5,5,5.0,stationary,0.001,0.0,0.0,0,frozen,Gaussian-m5,gaussian,1013,10000,0.0,3.286590719089769e-06,0.0032360048455290515,2.8393175082900576e-06,150.0,0.5377758012818353,1000.0,10.0,0.2,0.3,5.0,6.996435937335955,0.0,0.002509887250700254,1.2893028739144405
stationary_d5,5,5.0,stationary,0.001,0.0,0.0,0,frozen,Gaussian-m5,gaussian,1014,10000,0.0,1.971037778396606e-06,0.00277334120483328,3.048106729853916e-06,100.0,0.5376318603824586,1000.0,10.0,0.2,0.3,5.0,4.553656515846909,0.0,0.002509887250700254,1.1049664498114498
stationary_d5,5,5.0,stationary,0.001,0.0,0.0,0,frozen,Gaussian-m5,gaussian,1015,10000,0.0,2.134178493007188e-06,0.0027973972468264877,2.1203846455273383e-06,100.0,0.5276993530719329,1000.0,10.0,0.2,0.3,5.0,5.251498658721874,0.0,0.002509887250700254,1.114550960823447
stationary_d5,5,5.0,stationary,0.001,0.0,0.0,0,frozen,Gaussian-m5,gaussian,1016,10000,0.0,5.976805591825889e-06,0.0026826251879945476,2.893760624504525e-06,100.0,0.519639910706492,1000.0,10.0,0.2,0.3,5.0,3.4816765662044293,0.0,0.002509887250700254,1.068822986867677
stationary_d5,5,5.0,stationary,0.001,0.0,0.0,0,frozen,Gaussian-m5,gaussian,1017,10000,0.0,1.6339871831192378e-06,0.0026114516827180005,2.673443543348359e-06,100.0,0.5177932564234851,1000.0,10.0,0.2,0.3,5.0,2.6955265071565093,0.0,0.002509887250700254,1.0404657348609625
stationary_d5,5,5.0,stationary,0.001,0.0,0.0,0,frozen,Gaussian-m5,gaussian,1018,10000,0.0,1.3537559928115868e-06,0.0026196872693963597,2.6173663811848332e-06,100.0,0.5413973260947517,1000.0,10.0,0.2,0.3,5.0,3.617319324199036,0.0,0.002509887250700254,1.0437469924856073
stationary_d5,5,5.0,stationary,0.001,0.0,0.0,0,frozen,Gaussian-m5,gaussian,1019,10000,0.0,2.1734718800187305e-06,0.0026565864203851567,2.7803994730790483e-06,100.0,0.5332322435048461,1000.0,10.0,0.2,0.3,5.0,5.148242804506302,0.0,0.002509887250700254,1.0584485098459995
stationary_d5,5,5.0,stationary,0.001,0.0,0.0,0,frozen,Gaussian-m5,gaussian,1020,10000,0.0,1.7840546359622666e-06,0.002737195250053571,2.670876744587733e-06,100.0,0.5313024025666612,1000.0,10.0,0.2,0.3,5.0,6.598674560083531,0.0,0.002509887250700254,1.0905650241021378
stationary_d5,5,5.0,stationary,0.001,0.0,0.0,0,frozen,Gaussian-m5,gaussian,1021,10000,0.0,2.7284423255815217e-06,0.0027036727009695253,3.0433520938407515e-06,100.0,0.5224542725397274,1000.0,10.0,0.2,0.3,5.0,5.324657803796309,0.0,0.002509887250700254,1.077208826896589
stationary_d5,5,5.0,stationary,0.001,0.0,0.0,0,frozen,Gaussian-m5,gaussian,1022,10000,0.0,1.9342906662766406e-06,0.002598014174422682,2.861544837010105e-06,100.0,0.5399420884395592,1000.0,10.0,0.2,0.3,5.0,5.248120494989162,0.0,0.002509887250700254,1.0351119054044522
stationary_d5,5,5.0,stationary,0.001,0.0,0.0,0,frozen,Gaussian-m5,gaussian,1023,10000,0.0,7.417351716846538e-07,0.0025128155884457733,2.6937047757460664e-06,50.0,0.5387636250907794,1000.0,10.0,0.2,0.3,5.0,4.89710346202189,0.0,0.002509887250700254,1.0011667208336559
stationary_d5,5,5.0,stationary,0.001,0.0,0.0,0,frozen,Gaussian-m5,gaussian,1024,10000,0.0,2.6404298162749743e-06,0.002873463339121127,3.159424911403036e-06,100.0,0.5284493804458784,1000.0,10.0,0.2,0.3,5.0,3.349673904150093,0.0,0.002509887250700254,1.1448575382497506
stationary_d5,5,5.0,stationary,0.001,0.0,0.0,0,frozen,Gaussian-m5,gaussian,1025,10000,0.0,2.175634193763028e-06,0.0026299578557906485,2.7478495254624492e-06,100.0,0.5295834314737738,1000.0,10.0,0.2,0.3,5.0,7.735567619200674,0.0,0.002509887250700254,1.0478390433900546
stationary_d5,5,5.0,stationary,0.001,0.0,0.0,0,frozen,Gaussian-m5,gaussian,1026,10000,0.0,3.4296078990557218e-06,0.0031917214242183477,2.932672378967542e-06,150.0,0.5304889609874816,1000.0,10.0,0.2,0.3,5.0,2.9097986205293114,0.0,0.002509887250700254,1.27165928402874
stationary_d5,5,5.0,stationary,0.001,0.0,0.0,0,frozen,Gaussian-m5,gaussian,1027,10000,0.0,1.3822604782647747e-06,0.002538755537249255,2.9541996151799445e-06,50.0,0.5294893717055398,1000.0,10.0,0.2,0.3,5.0,5.500191868294171,0.0,0.002509887250700254,1.011501826044555
stationary_d5,5,5.0,stationary,0.001,0.0,0.0,0,frozen,Gaussian-m5,gaussian,1028,10000,0.0,1.676513161194837e-06,0.002505988999971542,3.186109214372919e-06,50.0,0.5319313779126611,1000.0,10.0,0.2,0.3,5.0,4.334611627561295,0.0,0.002509887250700254,0.9984468422923681
stationary_d5,5,5.0,stationary,0.001,0.0,0.0,0,frozen,Gaussian-m5,gaussian,1029,10000,0.0,1.1378863058511179e-06,0.002583674504946505,2.2714901859698854e-06,100.0,0.5375320660524512,1000.0,10.0,0.2,0.3,5.0,3.8894142099802367,0.0,0.002509887250700254,1.0293986330364697
stationary_d5,5,5.0,stationary,0.001,0.0,0.0,0,frozen,Gaussian-m5,gaussian,1030,10000,0.0,3.3522503323902403e-06,0.002934458228515369,2.885636995301943e-06,100.0,0.518282228548187,1000.0,10.0,0.2,0.3,5.0,6.1768002114799385,0.0,0.002509887250700254,1.1691593826362758
stationary_d5,5,5.0,stationary,0.001,0.0,0.0,0,frozen,Gaussian-m20,gaussian,1001,10000,0.0,1.9879556637068516e-06,0.004731539647071025,4.575391283850135e-06,200.0,0.5384358707582715,250.0,40.0,0.2,0.1,20.0,2.821860975053999,0.0,0.002509887250700254,1.8851602380748116
stationary_d5,5,5.0,stationary,0.001,0.0,0.0,0,frozen,Gaussian-m20,gaussian,1002,10000,0.0,5.3369762026343105e-06,0.0035620849353204336,3.6932418722528024e-06,150.0,0.5423808651906395,250.0,40.0,0.2,0.1,20.0,4.419337191996625,0.0,0.002509887250700254,1.4192210962172178
stationary_d5,5,5.0,stationary,0.001,0.0,0.0,0,frozen,Gaussian-m20,gaussian,1003,10000,0.0,2.3903348108057046e-06,0.005285919991735738,4.899958158284246e-06,200.0,0.5459089158758493,250.0,40.0,0.2,0.1,20.0,2.8971947235357374,0.0,0.002509887250700254,2.106038823162664
stationary_d5,5,5.0,stationary,0.001,0.0,0.0,0,frozen,Gaussian-m20,gaussian,1004,10000,0.0,1.5924127353974365e-06,0.005282749136250175,3.2463033391586176e-06,250.0,0.539473578234779,250.0,40.0,0.2,0.1,20.0,3.149615992396494,0.0,0.002509887250700254,2.1047754773750484
stationary_d5,5,5.0,stationary,0.001,0.0,0.0,0,frozen,Gaussian-m20,gaussian,1005,10000,0.0,6.606495550986812e-07,0.003109327598276207,3.856696461630223e-06,200.0,0.5549672244584931,250.0,40.0,0.2,0.1,20.0,5.196991690247062,0.0,0.002509887250700254,1.2388315839321906
stationary_d5,5,5.0,stationary,0.001,0.0,0.0,0,frozen,Gaussian-m20,gaussian,1006,10000,0.0,1.7741137981900174e-06,0.004394641807223033,4.9692022994458855e-06,200.0,0.5520762476784931,250.0,40.0,0.2,0.1,20.0,3.655407103500502,0.0,0.002509887250700254,1.750931961583906
stationary_d5,5,5.0,stationary,0.001,0.0,0.0,0,frozen,Gaussian-m20,gaussian,1007,10000,0.0,1.5196645165466715e-06,0.004458201096237904,5.245367670029452e-06,300.0,0.5421067927679131,250.0,40.0,0.2,0.1,20.0,3.49326925372746,0.0,0.002509887250700254,1.7762555250217211
stationary_d5,5,5.0,stationary,0.001,0.0,0.0,0,frozen,Gaussian-m20,gaussian,1008,10000,0.0,7.631368797867955e-06,0.005701310080419181,5.246742768959071e-06,400.0,0.5593000306802455,250.0,40.0,0.2,0.1,20.0,4.313965115781391,0.0,0.002509887250700254,2.271540316732764
stationary_d5,5,5.0,stationary,0.001,0.0,0.0,0,frozen,Gaussian-m20,gaussian,1009,10000,0.0,7.52872135857027e-06,0.005265186573232161,3.563097259975722e-06,350.0,0.55837907577766,250.0,40.0,0.2,0.1,20.0,4.016525852347597,0.0,0.002509887250700254,2.0977781259947768
stationary_d5,5,5.0,stationary,0.001,0.0,0.0,0,frozen,Gaussian-m20,gaussian,1010,10000,0.0,1.6933210277424794e-05,0.004438788739890907,5.260077483834006e-06,250.0,0.5283344042927761,250.0,40.0,0.2,0.1,20.0,5.078288751355223,0.0,0.002509887250700254,1.768521171081487
stationary_d5,5,5.0,stationary,0.001,0.0,0.0,0,frozen,Gaussian-m20,gaussian,1011,10000,0.0,4.864276962846406e-06,0.004934701320954337,3.546051458890108e-06,250.0,0.545835878128443,250.0,40.0,0.2,0.1,20.0,2.906565872606137,0.0,0.002509887250700254,1.9661047800364595
stationary_d5,5,5.0,stationary,0.001,0.0,0.0,0,frozen,Gaussian-m20,gaussian,1012,10000,0.0,7.421224404024365e-06,0.00736351773571342,4.02489219365504e-06,350.0,0.5349452358459997,250.0,40.0,0.2,0.1,20.0,2.186498966903434,0.0,0.002509887250700254,2.9338041912675603
stationary_d5,5,5.0,stationary,0.001,0.0,0.0,0,frozen,Gaussian-m20,gaussian,1013,10000,0.0,4.615496955052853e-06,0.003569025031710057,3.4713585197145586e-06,150.0,0.5356369897253785,250.0,40.0,0.2,0.1,20.0,3.4974288551695163,0.0,0.002509887250700254,1.421986199067032
stationary_d5,5,5.0,stationary,0.001,0.0,0.0,0,frozen,Gaussian-m20,gaussian,1014,10000,0.0,8.796906623200009e-06,0.005288330348046069,3.5822108377847934e-06,350.0,0.57622422809172,250.0,40.0,0.2,0.1,20.0,3.838184996999967,0.0,0.002509887250700254,2.1069991676202324
stationary_d5,5,5.0,stationary,0.001,0.0,0.0,0,frozen,Gaussian-m20,gaussian,1015,10000,0.0,1.924063348667545e-06,0.005993810668043158,4.243583385707419e-06,350.0,0.5594339145620228,250.0,40.0,0.2,0.1,20.0,3.232981450035066,0.0,0.002509887250700254,2.3880796503392316
stationary_d5,5,5.0,stationary,0.001,0.0,0.0,0,frozen,Gaussian-m20,gaussian,1016,10000,0.0,1.8191264877055117e-06,0.005541232486912336,3.6125598878157764e-06,250.0,0.5475742453366363,250.0,40.0,0.2,0.1,20.0,2.3048700503092894,0.0,0.002509887250700254,2.20776151811853
stationary_d5,5,5.0,stationary,0.001,0.0,0.0,0,frozen,Gaussian-m20,gaussian,1017,10000,0.0,1.3699607752628412e-06,0.004633177897563585,4.717486951638742e-06,300.0,0.5595294346847076,250.0,40.0,0.2,0.1,20.0,3.316894143584519,0.0,0.002509887250700254,1.8459705296606197
stationary_d5,5,5.0,stationary,0.001,0.0,0.0,0,frozen,Gaussian-m20,gaussian,1018,10000,0.0,5.537600074263333e-06,0.0050096157155120205,6.953055928957159e-06,350.0,0.5456307536076812,250.0,40.0,0.2,0.1,20.0,3.664276727945573,0.0,0.002509887250700254,1.9959524931306563
stationary_d5,5,5.0,stationary,0.001,0.0,0.0,0,frozen,Gaussian-m20,gaussian,1019,10000,0.0,3.2770856876766906e-06,0.004965877816423084,4.5728207297633645e-06,300.0,0.5402817632486682,250.0,40.0,0.2,0.1,20.0,3.192089693408664,0.0,0.002509887250700254,1.9785262525388791
stationary_d5,5,5.0,stationary,0.001,0.0,0.0,0,frozen,Gaussian-m20,gaussian,1020,10000,0.0,1.1374320872063505e-05,0.008954062117859686,4.484262470446971e-06,400.0,0.5629303485316894,250.0,40.0,0.2,0.1,20.0,3.2240263783277032,0.0,0.002509887250700254,3.5675156783881503
stationary_d5,5,5.0,stationary,0.001,0.0,0.0,0,frozen,Gaussian-m20,gaussian,1021,10000,0.0,5.2991640631147e-06,0.004063061747194765,4.6347036195098626e-06,300.0,0.5364848516772265,250.0,40.0,0.2,0.1,20.0,3.786582265225944,0.0,0.002509887250700254,1.6188224176449273
stationary_d5,5,5.0,stationary,0.001,0.0,0.0,0,frozen,Gaussian-m20,gaussian,1022,10000,0.0,7.031013286637044e-07,0.00434763634123348,3.631267153879849e-06,250.0,0.5592397143725063,250.0,40.0,0.2,0.1,20.0,3.9900457670352583,0.0,0.002509887250700254,1.732203843029402
stationary_d5,5,5.0,stationary,0.001,0.0,0.0,0,frozen,Gaussian-m20,gaussian,1023,10000,0.0,2.0211638341023624e-06,0.005601735633794419,3.872872856175962e-06,400.0,0.5707112021937557,250.0,40.0,0.2,0.1,20.0,2.9583575607125794,0.0,0.002509887250700254,2.2318674403527665
stationary_d5,5,5.0,stationary,0.001,0.0,0.0,0,frozen,Gaussian-m20,gaussian,1024,10000,0.0,2.8869345798517653e-06,0.0035290946740366854,6.204711474396456e-06,200.0,0.5702815089512562,250.0,40.0,0.2,0.1,20.0,4.059881144263251,0.0,0.002509887250700254,1.4060769753908564
stationary_d5,5,5.0,stationary,0.001,0.0,0.0,0,frozen,Gaussian-m20,gaussian,1025,10000,0.0,4.481722558883623e-06,0.0054221139603935434,4.149025813434103e-06,400.0,0.564006858869257,250.0,40.0,0.2,0.1,20.0,4.491640715191091,0.0,0.002509887250700254,2.160301805940001
stationary_d5,5,5.0,stationary,0.001,0.0,0.0,0,frozen,Gaussian-m20,gaussian,1026,10000,0.0,3.667505220172956e-06,0.003935813450319903,4.582547477752876e-06,200.0,0.5481554884072881,250.0,40.0,0.2,0.1,20.0,4.046100257481008,0.0,0.002509887250700254,1.5681236076328997
stationary_d5,5,5.0,stationary,0.001,0.0,0.0,0,frozen,Gaussian-m20,gaussian,1027,10000,0.0,8.336292449585396e-07,0.003612758096643708,3.5911943165690754e-06,150.0,0.5617124884791511,250.0,40.0,0.2,0.1,20.0,3.120574390433105,0.0,0.002509887250700254,1.4394105136140098
stationary_d5,5,5.0,stationary,0.001,0.0,0.0,0,frozen,Gaussian-m20,gaussian,1028,10000,0.0,3.204367225699311e-06,0.005652209088042703,4.132944110165055e-06,350.0,0.5271808685508853,250.0,40.0,0.2,0.1,20.0,2.8965125824973845,0.0,0.002509887250700254,2.251977289603645
stationary_d5,5,5.0,stationary,0.001,0.0,0.0,0,frozen,Gaussian-m20,gaussian,1029,10000,0.0,5.363135390270716e-06,0.00627872904564883,3.963783704661028e-06,350.0,0.5750200047692631,250.0,40.0,0.2,0.1,20.0,2.880539424200927,0.0,0.002509887250700254,2.501598047441006
stationary_d5,5,5.0,stationary,0.001,0.0,0.0,0,frozen,Gaussian-m20,gaussian,1030,10000,0.0,1.998448804567767e-06,0.0038041334961776293,4.110985378354263e-06,200.0,0.5321365627620557,250.0,40.0,0.2,0.1,20.0,3.4573670840813375,0.0,0.002509887250700254,1.51565911780152
stationary_d5,5,5.0,stationary,0.001,0.0,0.0,0,frozen,CoordinateCentral,coordinate,1001,10000,0.0,7.870036454098975e-07,0.005136293656904866,2.301880292607944e-06,350.0,0.28598183598093596,1000.0,10.0,0.04,0.1,1.0,3.2752826567620064,0.0,0.002509887250700254,2.04642405967513
stationary_d5,5,5.0,stationary,0.001,0.0,0.0,0,frozen,CoordinateCentral,coordinate,1002,10000,0.0,8.764331805401607e-07,0.005145486625961448,2.2787622959262973e-06,350.0,0.2806453823032192,1000.0,10.0,0.04,0.1,1.0,3.2841387777041953,0.0,0.002509887250700254,2.050086761676592
stationary_d5,5,5.0,stationary,0.001,0.0,0.0,0,frozen,CoordinateCentral,coordinate,1003,10000,0.0,2.4405566284378624e-06,0.005140495200777719,2.0332412092325505e-06,350.0,0.2938073981983721,1000.0,10.0,0.04,0.1,1.0,3.268615709335923,0.0,0.002509887250700254,2.0480980567328393
stationary_d5,5,5.0,stationary,0.001,0.0,0.0,0,frozen,CoordinateCentral,coordinate,1004,10000,0.0,9.2641870350087e-07,0.005125273040410483,1.7100999025232533e-06,350.0,0.291612737426906,1000.0,10.0,0.04,0.1,1.0,3.2768597384605163,0.0,0.002509887250700254,2.0420331785742727
stationary_d5,5,5.0,stationary,0.001,0.0,0.0,0,frozen,CoordinateCentral,coordinate,1005,10000,0.0,2.0180444424788528e-06,0.00517773202484814,2.4321998322846365e-06,350.0,0.29530307429065217,1000.0,10.0,0.04,0.1,1.0,3.266866405549962,0.0,0.002509887250700254,2.0629341112448625
stationary_d5,5,5.0,stationary,0.001,0.0,0.0,0,frozen,CoordinateCentral,coordinate,1006,10000,0.0,2.3864841588483254e-06,0.005137718714203833,1.7267560280284896e-06,350.0,0.3023014614047105,1000.0,10.0,0.04,0.1,1.0,3.267504746613076,0.0,0.002509887250700254,2.0469918370916536
stationary_d5,5,5.0,stationary,0.001,0.0,0.0,0,frozen,CoordinateCentral,coordinate,1007,10000,0.0,3.11242887859934e-06,0.005141784510438258,2.694523818979258e-06,350.0,0.29562458599361535,1000.0,10.0,0.04,0.1,1.0,3.2728101132198937,0.0,0.002509887250700254,2.048611748995382
stationary_d5,5,5.0,stationary,0.001,0.0,0.0,0,frozen,CoordinateCentral,coordinate,1008,10000,0.0,5.967784051504511e-06,0.005132054856064437,1.4247141233556039e-06,350.0,0.2850033360241738,1000.0,10.0,0.04,0.1,1.0,3.267494152968579,0.0,0.002509887250700254,2.044735218537248
stationary_d5,5,5.0,stationary,0.001,0.0,0.0,0,frozen,CoordinateCentral,coordinate,1009,10000,0.0,4.938420997567786e-06,0.005150178501215713,2.327075139815925e-06,350.0,0.28828739564718037,1000.0,10.0,0.04,0.1,1.0,3.277004336527703,0.0,0.002509887250700254,2.051956118657849
stationary_d5,5,5.0,stationary,0.001,0.0,0.0,0,frozen,CoordinateCentral,coordinate,1010,10000,0.0,2.877031671259824e-06,0.005138007539703534,2.8874675752187976e-06,350.0,0.2913669844481712,1000.0,10.0,0.04,0.1,1.0,3.2711649625195376,0.0,0.002509887250700254,2.0471069121810306
stationary_d5,5,5.0,stationary,0.001,0.0,0.0,0,frozen,CoordinateCentral,coordinate,1011,10000,0.0,3.32734556255844e-06,0.0051276045653302835,2.370991636057524e-06,350.0,0.2883785114964567,1000.0,10.0,0.04,0.1,1.0,3.2797761083826407,0.0,0.002509887250700254,2.0429621146924792
stationary_d5,5,5.0,stationary,0.001,0.0,0.0,0,frozen,CoordinateCentral,coordinate,1012,10000,0.0,3.1601386729003915e-06,0.005135815239738812,1.7239030839935207e-06,350.0,0.2802483260900923,1000.0,10.0,0.04,0.1,1.0,3.2750235429358865,0.0,0.002509887250700254,2.0462334466641594
stationary_d5,5,5.0,stationary,0.001,0.0,0.0,0,frozen,CoordinateCentral,coordinate,1013,10000,0.0,1.8223997090313453e-06,0.005126142735380154,2.291237458628666e-06,350.0,0.2981324164555586,1000.0,10.0,0.04,0.1,1.0,3.286159964628059,0.0,0.002509887250700254,2.0423796861591965
stationary_d5,5,5.0,stationary,0.001,0.0,0.0,0,frozen,CoordinateCentral,coordinate,1014,10000,0.0,3.4618420044506494e-06,0.00516706537581758,2.687723001838615e-06,350.0,0.2919277873493834,1000.0,10.0,0.04,0.1,1.0,3.2690686945717866,0.0,0.002509887250700254,2.0586842593729973
stationary_d5,5,5.0,stationary,0.001,0.0,0.0,0,frozen,CoordinateCentral,coordinate,1015,10000,0.0,1.621811351813506e-06,0.005150134466007195,3.0843988179789917e-06,350.0,0.3081972704710844,1000.0,10.0,0.04,0.1,1.0,3.2741343590328547,0.0,0.002509887250700254,2.0519385739619644
stationary_d5,5,5.0,stationary,0.001,0.0,0.0,0,frozen,CoordinateCentral,coordinate,1016,10000,0.0,6.741010409486569e-06,0.005149732306995612,3.0928880206036247e-06,350.0,0.27805444470831775,1000.0,10.0,0.04,0.1,1.0,3.2686476074144544,0.0,0.002509887250700254,2.0517783440506525
stationary_d5,5,5.0,stationary,0.001,0.0,0.0,0,frozen,CoordinateCentral,coordinate,1017,10000,0.0,1.4625716954640831e-06,0.005154387819566033,2.358023182934814e-06,350.0,0.28197359243008296,1000.0,10.0,0.04,0.1,1.0,3.2668436985381537,0.0,0.002509887250700254,2.053633213256081
stationary_d5,5,5.0,stationary,0.001,0.0,0.0,0,frozen,CoordinateCentral,coordinate,1018,10000,0.0,4.267910237630415e-06,0.005128899521934312,2.4904981384824403e-06,350.0,0.2850772466699979,1000.0,10.0,0.04,0.1,1.0,3.2791992395777236,0.0,0.002509887250700254,2.043478056834369
stationary_d5,5,5.0,stationary,0.001,0.0,0.0,0,frozen,CoordinateCentral,coordinate,1019,10000,0.0,2.8131925839915896e-06,0.005136343685999719,1.807252437850952e-06,350.0,0.29607824108768166,1000.0,10.0,0.04,0.1,1.0,3.27483561686127,0.0,0.002509887250700254,2.0464439924808127
stationary_d5,5,5.0,stationary,0.001,0.0,0.0,0,frozen,CoordinateCentral,coordinate,1020,10000,0.0,6.624918228173214e-07,0.005129615367490977,1.5183325500986461e-06,350.0,0.2796822514714572,1000.0,10.0,0.04,0.1,1.0,3.273422927723571,0.0,0.002509887250700254,2.0437632670789587
stationary_d5,5,5.0,stationary,0.001,0.0,0.0,0,frozen,CoordinateCentral,coordinate,1021,10000,0.0,2.3934565899310243e-06,0.005137876626233054,2.1431411994919003e-06,350.0,0.29214650638049144,1000.0,10.0,0.04,0.1,1.0,3.274949346037962,0.0,0.002509887250700254,2.0470547530768943
stationary_d5,5,5.0,stationary,0.001,0.0,0.0,0,frozen,CoordinateCentral,coordinate,1022,10000,0.0,4.168669435164472e-06,0.0051421222548321014,2.004567185278204e-06,350.0,0.293994299996968,1000.0,10.0,0.04,0.1,1.0,3.265988625155228,0.0,0.002509887250700254,2.0487463145595317
stationary_d5,5,5.0,stationary,0.001,0.0,0.0,0,frozen,CoordinateCentral,coordinate,1023,10000,0.0,3.275094093176164e-06,0.005136025900528132,2.108131069122436e-06,350.0,0.2841145535167826,1000.0,10.0,0.04,0.1,1.0,3.2755942581559196,0.0,0.002509887250700254,2.0463173790357274
stationary_d5,5,5.0,stationary,0.001,0.0,0.0,0,frozen,CoordinateCentral,coordinate,1024,10000,0.0,2.1486409561219405e-06,0.005147302460455531,1.896403232174395e-06,350.0,0.3049437963380057,1000.0,10.0,0.04,0.1,1.0,3.2684158872722224,0.0,0.002509887250700254,2.05081023421249
stationary_d5,5,5.0,stationary,0.001,0.0,0.0,0,frozen,CoordinateCentral,coordinate,1025,10000,0.0,2.558476011373775e-06,0.005148389006758336,2.4877800072561145e-06,350.0,0.2894684944023838,1000.0,10.0,0.04,0.1,1.0,3.270941499777875,0.0,0.002509887250700254,2.0512431406318927
stationary_d5,5,5.0,stationary,0.001,0.0,0.0,0,frozen,CoordinateCentral,coordinate,1026,10000,0.0,6.196968414586357e-06,0.005153582956725734,3.018628746781717e-06,350.0,0.2943336172278183,1000.0,10.0,0.04,0.1,1.0,3.2617404608373146,0.0,0.002509887250700254,2.053312536365087
stationary_d5,5,5.0,stationary,0.001,0.0,0.0,0,frozen,CoordinateCentral,coordinate,1027,10000,0.0,4.736312608069706e-07,0.005138580096207298,2.0511271209815387e-06,350.0,0.2984712176827598,1000.0,10.0,0.04,0.1,1.0,3.2883533449366125,0.0,0.002509887250700254,2.0473350325890705
stationary_d5,5,5.0,stationary,0.001,0.0,0.0,0,frozen,CoordinateCentral,coordinate,1028,10000,0.0,3.4791305296701826e-06,0.005144945006656188,1.9127649205594127e-06,350.0,0.302260619771349,1000.0,10.0,0.04,0.1,1.0,3.2796581951399637,0.0,0.002509887250700254,2.0498709673993356
stationary_d5,5,5.0,stationary,0.001,0.0,0.0,0,frozen,CoordinateCentral,coordinate,1029,10000,0.0,1.6323936791571738e-06,0.005129904991247902,1.4932749294499104e-06,350.0,0.27901742566515464,1000.0,10.0,0.04,0.1,1.0,3.2660550316579804,0.0,0.002509887250700254,2.043878660213389
stationary_d5,5,5.0,stationary,0.001,0.0,0.0,0,frozen,CoordinateCentral,coordinate,1030,10000,0.0,3.0667937364069262e-06,0.005145392220770544,2.463995463258285e-06,350.0,0.2838812530700257,1000.0,10.0,0.04,0.1,1.0,3.255283514574462,0.0,0.002509887250700254,2.0500491483571577
linear_d5,5,5.0,linear,0.001,0.0001,0.0,0,frozen,SPSA-m1,spsa,1001,10000,1.0,3.2709086189411193e-06,0.0025412281582411324,4.764074428147023e-06,50.0,0.32166118743051747,5000.0,2.0,0.08000000000000002,0.3,1.0,9.371629017090088,0.0,0.002512248119184052,1.0115355003495805
linear_d5,5,5.0,linear,0.001,0.0001,0.0,0,frozen,SPSA-m1,spsa,1002,10000,1.0,6.328595184139589e-06,0.0025692721128972185,5.387848236303634e-06,100.0,0.3232754423675638,5000.0,2.0,0.08000000000000002,0.3,1.0,11.671077451982336,0.0,0.002512248119184052,1.0226983924389155
linear_d5,5,5.0,linear,0.001,0.0001,0.0,0,frozen,SPSA-m1,spsa,1003,10000,1.0,3.3271787817428116e-06,0.0025380735323651564,4.113171152480048e-06,50.0,0.32932546429264925,5000.0,2.0,0.08000000000000002,0.3,1.0,13.143280466906123,0.0,0.002512248119184052,1.0102798019765231
linear_d5,5,5.0,linear,0.001,0.0001,0.0,0,frozen,SPSA-m1,spsa,1004,10000,1.0,4.718986428073758e-06,0.00251024289609785,4.302662458396378e-06,50.0,0.3246615452846276,5000.0,2.0,0.08000000000000002,0.3,1.0,10.46344282822963,0.0,0.002512248119184052,0.9992018212409478
linear_d5,5,5.0,linear,0.001,0.0001,0.0,0,frozen,SPSA-m1,spsa,1005,10000,1.0,6.351075933524205e-06,0.0025054155066141412,5.155120744516506e-06,50.0,0.3184699426958632,5000.0,2.0,0.08000000000000002,0.3,1.0,9.768287490339063,0.0,0.002512248119184052,0.9972802795560934
linear_d5,5,5.0,linear,0.001,0.0001,0.0,0,frozen,SPSA-m1,spsa,1006,10000,1.0,3.2012684774702634e-06,0.0025155144284448347,3.567591597904751e-06,50.0,0.33158884996904225,5000.0,2.0,0.08000000000000002,0.3,1.0,8.173509792469313,0.0,0.002512248119184052,1.001300153928205
linear_d5,5,5.0,linear,0.001,0.0001,0.0,0,frozen,SPSA-m1,spsa,1007,10000,1.0,5.322548255729199e-06,0.0025470626334648367,4.324753501514016e-06,50.0,0.3321874702745875,5000.0,2.0,0.08000000000000002,0.3,1.0,11.628470047347443,0.0,0.002512248119184052,1.0138579123673868
linear_d5,5,5.0,linear,0.001,0.0001,0.0,0,frozen,SPSA-m1,spsa,1008,10000,1.0,4.695660559586498e-06,0.002571954315172225,4.430747430970839e-06,100.0,0.32078248227042133,5000.0,2.0,0.08000000000000002,0.3,1.0,10.010239093698607,0.0,0.002512248119184052,1.0237660426660267
linear_d5,5,5.0,linear,0.001,0.0001,0.0,0,frozen,SPSA-m1,spsa,1009,10000,1.0,7.64324101890043e-06,0.002687813735896896,4.0026126139036346e-06,100.0,0.3238683118126616,5000.0,2.0,0.08000000000000002,0.3,1.0,7.0199986575755515,0.0,0.002512248119184052,1.0698838683059164
linear_d5,5,5.0,linear,0.001,0.0001,0.0,0,frozen,SPSA-m1,spsa,1010,10000,1.0,6.381280104798372e-06,0.002507985029286971,3.842473760572684e-06,50.0,0.32810636577380636,5000.0,2.0,0.08000000000000002,0.3,1.0,11.782538805528096,0.0,0.002512248119184052,0.9983030776838773
linear_d5,5,5.0,linear,0.001,0.0001,0.0,0,frozen,SPSA-m1,spsa,1011,10000,1.0,4.142752888677707e-06,0.002521554640184001,3.5318762952788578e-06,50.0,0.3307878855273474,5000.0,2.0,0.08000000000000002,0.3,1.0,11.91067158961163,0.0,0.002512248119184052,1.0037044593361948
linear_d5,5,5.0,linear,0.001,0.0001,0.0,0,frozen,SPSA-m1,spsa,1012,10000,1.0,4.1213047204825225e-06,0.0026838861671698196,4.3369596552451415e-06,100.0,0.32501154641298374,5000.0,2.0,0.08000000000000002,0.3,1.0,10.02286572455748,0.0,0.002512248119184052,1.0683205001429212
linear_d5,5,5.0,linear,0.001,0.0001,0.0,0,frozen,SPSA-m1,spsa,1013,10000,1.0,4.232453574225868e-06,0.0025145653306866164,4.245090395497453e-06,50.0,0.3196600434799416,5000.0,2.0,0.08000000000000002,0.3,1.0,10.382297572776437,0.0,0.002512248119184052,1.000922365703001
linear_d5,5,5.0,linear,0.001,0.0001,0.0,0,frozen,SPSA-m1,spsa,1014,10000,1.0,4.04794003683021e-06,0.0025245982978617074,3.6759566063326616e-06,50.0,0.32676252309177173,5000.0,2.0,0.08000000000000002,0.3,1.0,8.394582460679032,0.0,0.002512248119184052,1.004915986834002
linear_d5,5,5.0,linear,0.001,0.0001,0.0,0,frozen,SPSA-m1,spsa,1015,10000,1.0,4.540008714972204e-06,0.0028433637778665036,3.4850669171742025e-06,100.0,0.32519601463870573,5000.0,2.0,0.08000000000000002,0.3,1.0,10.016709138575862,0.0,0.002512248119184052,1.1318005399840818
linear_d5,5,5.0,linear,0.001,0.0001,0.0,0,frozen,SPSA-m1,spsa,1016,10000,1.0,5.568599060938814e-06,0.0025838786730044867,4.4007660051909675e-06,100.0,0.32293482890546504,5000.0,2.0,0.08000000000000002,0.3,1.0,12.787528652505143,0.0,0.002512248119184052,1.02851253157419
linear_d5,5,5.0,linear,0.001,0.0001,0.0,0,frozen,SPSA-m1,spsa,1017,10000,1.0,3.564562609697518e-06,0.0025734826604251826,4.3068450035602e-06,100.0,0.3324498312416801,5000.0,2.0,0.08000000000000002,0.3,1.0,9.75163148317386,0.0,0.002512248119184052,1.0243744002726207
linear_d5,5,5.0,linear,0.001,0.0001,0.0,0,frozen,SPSA-m1,spsa,1018,10000,1.0,9.852637659648835e-07,0.002513416050695414,3.524624584402133e-06,50.0,0.3235283723298284,5000.0,2.0,0.08000000000000002,0.3,1.0,7.974255989719895,0.0,0.002512248119184052,1.0004648949689499
linear_d5,5,5.0,linear,0.001,0.0001,0.0,0,frozen,SPSA-m1,spsa,1019,10000,1.0,1.7372164298954483e-06,0.0025222134316335394,4.436128368035403e-06,50.0,0.32375954815300284,5000.0,2.0,0.08000000000000002,0.3,1.0,8.692504732006677,0.0,0.002512248119184052,1.0039666911772729
linear_d5,5,5.0,linear,0.001,0.0001,0.0,0,frozen,SPSA-m1,spsa,1020,10000,1.0,2.2292866229298727e-06,0.003137597119980928,4.374609448665198e-06,100.0,0.33189982766978027,5000.0,2.0,0.08000000000000002,0.3,1.0,10.044039018464737,0.0,0.002512248119184052,1.2489200791998134
linear_d5,5,5.0,linear,0.001,0.0001,0.0,0,frozen,SPSA-m1,spsa,1021,10000,1.0,4.7171337714237057e-07,0.0025158052658022134,4.190875137871095e-06,50.0,0.325849352768028,5000.0,2.0,0.08000000000000002,0.3,1.0,13.163775479881942,0.0,0.002512248119184052,1.0014159216961886
linear_d5,5,5.0,linear,0.001,0.0001,0.0,0,frozen,SPSA-m1,spsa,1022,10000,1.0,5.692788570407053e-07,0.002524489267174998,4.1717465923312e-06,50.0,0.32681032467543986,5000.0,2.0,0.08000000000000002,0.3,1.0,9.465731648527743,0.0,0.002512248119184052,1.004872587184948
linear_d5,5,5.0,linear,0.001,0.0001,0.0,0,frozen,SPSA-m1,spsa,1023,10000,1.0,2.273008543427463e-06,0.0025910410911419417,4.215878626823144e-06,100.0,0.32335737183238616,5000.0,2.0,0.08000000000000002,0.3,1.0,8.477765187330714,0.0,0.002512248119184052,1.0313635310764928
linear_d5,5,5.0,linear,0.001,0.0001,0.0,0,frozen,SPSA-m1,spsa,1024,10000,1.0,2.1142072405981984e-06,0.0025127773889825683,3.1000655714134888e-06,50.0,0.3310383855944654,5000.0,2.0,0.08000000000000002,0.3,1.0,11.142261422653243,0.0,0.002512248119184052,1.000210675766647
linear_d5,5,5.0,linear,0.001,0.0001,0.0,0,frozen,SPSA-m1,spsa,1025,10000,1.0,3.899674120287211e-06,0.0026457220379254667,4.217484832542456e-06,100.0,0.3235418526208075,5000.0,2.0,0.08000000000000002,0.3,1.0,7.5201899350470915,0.0,0.002512248119184052,1.0531292740244007
linear_d5,5,5.0,linear,0.001,0.0001,0.0,0,frozen,SPSA-m1,spsa,1026,10000,1.0,2.9519857262841228e-06,0.0025723877169815078,4.23038088022398e-06,100.0,0.3129314901729955,5000.0,2.0,0.08000000000000002,0.3,1.0,9.761619958831812,0.0,0.002512248119184052,1.0239385581934433
linear_d5,5,5.0,linear,0.001,0.0001,0.0,0,frozen,SPSA-m1,spsa,1027,10000,1.0,6.14875655558336e-07,0.0028306200123480595,3.800353712391201e-06,100.0,0.32648089227165905,5000.0,2.0,0.08000000000000002,0.3,1.0,10.650015615962706,0.0,0.002512248119184052,1.1267278859651055
linear_d5,5,5.0,linear,0.001,0.0001,0.0,0,frozen,SPSA-m1,spsa,1028,10000,1.0,1.402966485139959e-05,0.002505063077925569,4.431947773870444e-06,50.0,0.32435270836940006,5000.0,2.0,0.08000000000000002,0.3,1.0,9.137293328595254,0.0,0.002512248119184052,0.9971399953676484
linear_d5,5,5.0,linear,0.001,0.0001,0.0,0,frozen,SPSA-m1,spsa,1029,10000,1.0,4.505625188814115e-06,0.002532505544098619,4.390482429246851e-06,50.0,0.3171829926407561,5000.0,2.0,0.08000000000000002,0.3,1.0,11.630368482565506,0.0,0.002512248119184052,1.0080634650534226
linear_d5,5,5.0,linear,0.001,0.0001,0.0,0,frozen,SPSA-m1,spsa,1030,10000,1.0,1.0104412408314604e-05,0.002532261078923189,5.1794775188218245e-06,50.0,0.3183803952422333,5000.0,2.0,0.08000000000000002,0.3,1.0,9.233888528282982,0.0,0.002512248119184052,1.0079661557257478
linear_d5,5,5.0,linear,0.001,0.0001,0.0,0,frozen,Gaussian-m1,gaussian,1001,10000,1.0,7.7889268606526e-06,0.0025664430552101714,8.541022884074134e-06,100.0,0.2983257074378965,5000.0,2.0,0.08000000000000002,0.3,1.0,12.01977159510132,0.0,0.002512248119184052,1.02157228643631
linear_d5,5,5.0,linear,0.001,0.0001,0.0,0,frozen,Gaussian-m1,gaussian,1002,10000,1.0,2.4267815802142647e-05,0.0025218156247273794,9.132522456834043e-06,50.0,0.2959894117078568,5000.0,2.0,0.08000000000000002,0.3,1.0,11.365868149920512,0.0,0.002512248119184052,1.003808344195889
linear_d5,5,5.0,linear,0.001,0.0001,0.0,0,frozen,Gaussian-m1,gaussian,1003,10000,1.0,2.939426661263451e-06,0.002583732503247777,6.579831039068047e-06,100.0,0.2934922771154888,5000.0,2.0,0.08000000000000002,0.3,1.0,11.420638791186004,0.0,0.002512248119184052,1.028454348723701
linear_d5,5,5.0,linear,0.001,0.0001,0.0,0,frozen,Gaussian-m1,gaussian,1004,10000,1.0,6.696866411136727e-06,0.002530728557810651,8.80368363680671e-06,50.0,0.3022220476417808,5000.0,2.0,0.08000000000000002,0.3,1.0,14.842144699250301,0.0,0.002512248119184052,1.0073561359188523
linear_d5,5,5.0,linear,0.001,0.0001,0.0,0,frozen,Gaussian-m1,gaussian,1005,10000,1.0,3.3484082043686606e-06,0.002557516322402463,8.90450256379891e-06,50.0,0.2925261033593914,5000.0,2.0,0.08000000000000002,0.3,1.0,12.783882185211008,0.0,0.002512248119184052,1.018019001735033
linear_d5,5,5.0,linear,0.001,0.0001,0.0,0,frozen,Gaussian-m1,gaussian,1006,10000,1.0,5.644490857426745e-06,0.0025118120778226164,1.0343900969122973e-05,50.0,0.30014509164231806,5000.0,2.0,0.08000000000000002,0.3,1.0,8.938532276745923,0.0,0.002512248119184052,0.9998264337992312
linear_d5,5,5.0,linear,0.001,0.0001,0.0,0,frozen,Gaussian-m1,gaussian,1007,10000,1.0,1.5552612582865777e-05,0.0025501565677063867,1.09085506359718e-05,50.0,0.29246692716387945,5000.0,2.0,0.08000000000000002,0.3,1.0,9.341938170602772,0.0,0.002512248119184052,1.0150894524441507
linear_d5,5,5.0,linear,0.001,0.0001,0.0,0,frozen,Gaussian-m1,gaussian,1008,10000,1.0,1.5845227106765443e-05,0.002525447237466449,9.605810906810435e-06,50.0,0.2974760412324501,5000.0,2.0,0.08000000000000002,0.3,1.0,7.126630121940916,0.0,0.002512248119184052,1.0052539071207203
linear_d5,5,5.0,linear,0.001,0.0001,0.0,0,frozen,Gaussian-m1,gaussian,1009,10000,1.0,3.0378843236685167e-06,0.002554803481917243,8.908507601413303e-06,50.0,0.2906390177463292,5000.0,2.0,0.08000000000000002,0.3,1.0,10.695843535240515,0.0,0.002512248119184052,1.0169391559727838
linear_d5,5,5.0,linear,0.001,0.0001,0.0,0,frozen,Gaussian-m1,gaussian,1010,10000,1.0,1.3751069446120698e-06,0.00251526309462822,1.1422471694173114e-05,50.0,0.2935297679710502,5000.0,2.0,0.08000000000000002,0.3,1.0,11.783380248012639,0.0,0.002512248119184052,1.0012001105389015
linear_d5,5,5.0,linear,0.001,0.0001,0.0,0,frozen,Gaussian-m1,gaussian,1011,10000,1.0,1.2477140317407127e-05,0.0025834903138161687,9.211333020523764e-06,100.0,0.3011387452381505,5000.0,2.0,0.08000000000000002,0.3,1.0,8.042374522964167,0.0,0.002512248119184052,1.028357945255525
linear_d5,5,5.0,linear,0.001,0.0001,0.0,0,frozen,Gaussian-m1,gaussian,1012,10000,1.0,4.5878039684927635e-06,0.0025684571987165086,8.685682100603268e-06,100.0,0.2965192649298596,5000.0,2.0,0.08000000000000002,0.3,1.0,7.0654770963746385,0.0,0.002512248119184052,1.0223740159673054
linear_d5,5,5.0,linear,0.001,0.0001,0.0,0,frozen,Gaussian-m1,gaussian,1013,10000,1.0,3.316512974100007e-06,0.002509959832052434,8.525179964618922e-06,50.0,0.29097832484892694,5000.0,2.0,0.08000000000000002,0.3,1.0,12.852948053371994,0.0,0.002512248119184052,0.9990891476386651
linear_d5,5,5.0,linear,0.001,0.0001,0.0,0,frozen,Gaussian-m1,gaussian,1014,10000,1.0,2.7510996605578396e-05,0.0026394012755080122,8.796550194423163e-06,100.0,0.29530023867541266,5000.0,2.0,0.08000000000000002,0.3,1.0,10.924711247963103,0.0,0.002512248119184052,1.0506132954595497
linear_d5,5,5.0,linear,0.001,0.0001,0.0,0,frozen,Gaussian-m1,gaussian,1015,10000,1.0,3.3010311755508128e-06,0.0026169119659469006,9.043134541637373e-06,100.0,0.2992250522577285,5000.0,2.0,0.08000000000000002,0.3,1.0,11.697784332654553,0.0,0.002512248119184052,1.041661429045807
linear_d5,5,5.0,linear,0.001,0.0001,0.0,0,frozen,Gaussian-m1,gaussian,1016,10000,1.0,1.2163615019923752e-05,0.0027746175689466906,9.966795330084102e-06,100.0,0.29616019012514444,5000.0,2.0,0.08000000000000002,0.3,1.0,11.597243082342857,0.0,0.002512248119184052,1.1044361214798533
linear_d5,5,5.0,linear,0.001,0.0001,0.0,0,frozen,Gaussian-m1,gaussian,1017,10000,1.0,2.2263275833138816e-06,0.0025285721058313547,9.480155273827698e-06,50.0,0.2947134185859454,5000.0,2.0,0.08000000000000002,0.3,1.0,12.215746356881178,0.0,0.002512248119184052,1.0064977605208059
linear_d5,5,5.0,linear,0.001,0.0001,0.0,0,frozen,Gaussian-m1,gaussian,1018,10000,1.0,3.974873455591825e-06,0.002511886153519926,8.75449372418777e-06,50.0,0.29067568353420975,5000.0,2.0,0.08000000000000002,0.3,1.0,8.074914067724002,0.0,0.002512248119184052,0.9998559196198171
linear_d5,5,5.0,linear,0.001,0.0001,0.0,0,frozen,Gaussian-m1,gaussian,1019,10000,1.0,2.115899694212377e-05,0.0027435320770201914,1.0323177802881733e-05,100.0,0.28701042228844786,5000.0,2.0,0.08000000000000002,0.3,1.0,9.383310467825648,0.0,0.002512248119184052,1.092062545920527
linear_d5,5,5.0,linear,0.001,0.0001,0.0,0,frozen,Gaussian-m1,gaussian,1020,10000,1.0,4.0885972621740345e-06,0.0025265095174915805,8.724869428110438e-06,50.0,0.3002315503842411,5000.0,2.0,0.08000000000000002,0.3,1.0,9.440823554820634,0.0,0.002512248119184052,1.005676747530877
linear_d5,5,5.0,linear,0.001,0.0001,0.0,0,frozen,Gaussian-m1,gaussian,1021,10000,1.0,1.642795623466145e-05,0.0029056432555590404,9.78514300179121e-06,100.0,0.29654632522383234,5000.0,2.0,0.08000000000000002,0.3,1.0,8.741324811572145,0.0,0.002512248119184052,1.1565908770598496
linear_d5,5,5.0,linear,0.001,0.0001,0.0,0,frozen,Gaussian-m1,gaussian,1022,10000,1.0,1.1087194008066372e-06,0.002705537240515737,6.703071906565139e-06,100.0,0.2919948425192977,5000.0,2.0,0.08000000000000002,0.3,1.0,9.335961380244708,0.0,0.002512248119184052,1.076938706752605
linear_d5,5,5.0,linear,0.001,0.0001,0.0,0,frozen,Gaussian-m1,gaussian,1023,10000,1.0,1.0920840490410692e-05,0.0025798031418099187,8.123128979383443e-06,100.0,0.298762263330283,5000.0,2.0,0.08000000000000002,0.3,1.0,10.197826286866126,0.0,0.002512248119184052,1.026890266972439
linear_d5,5,5.0,linear,0.001,0.0001,0.0,0,frozen,Gaussian-m1,gaussian,1024,10000,1.0,8.643003082080518e-06,0.0025486792258049215,8.678276743991461e-06,50.0,0.2927365589960587,5000.0,2.0,0.08000000000000002,0.3,1.0,12.948174257294168,0.0,0.002512248119184052,1.0145013967142313
linear_d5,5,5.0,linear,0.001,0.0001,0.0,0,frozen,Gaussian-m1,gaussian,1025,10000,1.0,1.610949083478159e-05,0.0025504710207151144,6.606672560281304e-06,50.0,0.29650345082744833,5000.0,2.0,0.08000000000000002,0.3,1.0,9.535147293069318,0.0,0.002512248119184052,1.0152146204187336
linear_d5,5,5.0,linear,0.001,0.0001,0.0,0,frozen,Gaussian-m1,gaussian,1026,10000,1.0,1.3095628333338382e-05,0.0025936013031819262,8.591083652394683e-06,100.0,0.2963293054239669,5000.0,2.0,0.08000000000000002,0.3,1.0,9.985980335292943,0.0,0.002512248119184052,1.0323826231082212
linear_d5,5,5.0,linear,0.001,0.0001,0.0,0,frozen,Gaussian-m1,gaussian,1027,10000,1.0,2.6696190372068925e-05,0.0025208448656737223,1.0602868556226733e-05,50.0,0.29444011855816654,5000.0,2.0,0.08000000000000002,0.3,1.0,9.72269378471043,0.0,0.002512248119184052,1.0034219336951729
linear_d5,5,5.0,linear,0.001,0.0001,0.0,0,frozen,Gaussian-m1,gaussian,1028,10000,1.0,4.099060328733303e-06,0.0027377821968943253,9.46764847076993e-06,100.0,0.29854083576003954,5000.0,2.0,0.08000000000000002,0.3,1.0,9.16502615944183,0.0,0.002512248119184052,1.0897738069691636
linear_d5,5,5.0,linear,0.001,0.0001,0.0,0,frozen,Gaussian-m1,gaussian,1029,10000,1.0,3.970222793395338e-06,0.0025124018872568193,8.047279465250628e-06,50.0,0.2957039892738429,5000.0,2.0,0.08000000000000002,0.3,1.0,9.273618862042094,0.0,0.002512248119184052,1.0000612073590953
linear_d5,5,5.0,linear,0.001,0.0001,0.0,0,frozen,Gaussian-m1,gaussian,1030,10000,1.0,2.806517677553335e-06,0.002524113510998307,8.515144075509965e-06,50.0,0.29114404275893535,5000.0,2.0,0.08000000000000002,0.3,1.0,11.532032710610698,0.0,0.002512248119184052,1.004723017493236
linear_d5,5,5.0,linear,0.001,0.0001,0.0,0,frozen,Gaussian-m5,gaussian,1001,10000,1.0,4.026127291029268e-06,0.0029392540470980968,1.1329023872867597e-05,150.0,0.6501539066313435,1000.0,10.0,0.2,0.3,5.0,4.527719162328718,0.0,0.002512248119184052,1.169969647764223
linear_d5,5,5.0,linear,0.001,0.0001,0.0,0,frozen,Gaussian-m5,gaussian,1002,10000,1.0,1.904206993064344e-05,0.0025371900912938166,1.4388037755243088e-05,50.0,0.6438495087277766,1000.0,10.0,0.2,0.3,5.0,6.246662246392631,0.0,0.002512248119184052,1.0099281483860223
linear_d5,5,5.0,linear,0.001,0.0001,0.0,0,frozen,Gaussian-m5,gaussian,1003,10000,1.0,5.7981828261670594e-06,0.002610070634374754,1.654834935691578e-05,100.0,0.6472253420655347,1000.0,10.0,0.2,0.3,5.0,5.365455044642439,0.0,0.002512248119184052,1.0389382380043233
linear_d5,5,5.0,linear,0.001,0.0001,0.0,0,frozen,Gaussian-m5,gaussian,1004,10000,1.0,5.557324974903909e-06,0.002937837258247395,1.2256214393403427e-05,100.0,0.6440152367799608,1000.0,10.0,0.2,0.3,5.0,9.246595654770664,0.0,0.002512248119184052,1.1694056951673903
linear_d5,5,5.0,linear,0.001,0.0001,0.0,0,frozen,Gaussian-m5,gaussian,1005,10000,1.0,3.9479977314759305e-06,0.002694374092568082,1.2454637202346751e-05,100.0,0.6476046293165203,1000.0,10.0,0.2,0.3,5.0,4.333836729940765,0.0,0.002512248119184052,1.0724952173287654
linear_d5,5,5.0,linear,0.001,0.0001,0.0,0,frozen,Gaussian-m5,gaussian,1006,10000,1.0,2.3788211263546828e-05,0.002793744328441573,1.3606873986130666e-05,100.0,0.6520655005332088,1000.0,10.0,0.2,0.3,5.0,7.474092194068671,0.0,0.002512248119184052,1.112049525326721
linear_d5,5,5.0,linear,0.001,0.0001,0.0,0,frozen,Gaussian-m5,gaussian,1007,10000,1.0,6.2309013074507805e-06,0.0027142564474724098,1.1043940010058317e-05,100.0,0.6452417352977315,1000.0,10.0,0.2,0.3,5.0,7.026604737729005,0.0,0.002512248119184052,1.0804093858189325
linear_d5,5,5.0,linear,0.001,0.0001,0.0,0,frozen,Gaussian-m5,gaussian,1008,10000,1.0,7.393063979845076e-06,0.0025706878849570403,1.3463358740241932e-05,50.0,0.6410931473079811,1000.0,10.0,0.2,0.3,5.0,3.4362347406409683,0.0,0.002512248119184052,1.0232619403022856
linear_d5,5,5.0,linear,0.001,0.0001,0.0,0,frozen,Gaussian-m5,gaussian,1009,10000,1.0,2.7656728890298193e-05,0.002624105192251599,1.5492557678783527e-05,100.0,0.644677144671956,1000.0,10.0,0.2,0.3,5.0,3.9307216599030483,0.0,0.002512248119184052,1.0445246917346194
linear_d5,5,5.0,linear,0.001,0.0001,0.0,0,frozen,Gaussian-m5,gaussian,1010,10000,1.0,1.8924055451057974e-05,0.0032694688288464357,1.1633315411482018e-05,100.0,0.6436469004387947,1000.0,10.0,0.2,0.3,5.0,3.2766017163005623,0.0,0.002512248119184052,1.3014115938151523
linear_d5,5,5.0,linear,0.001,0.0001,0.0,0,frozen,Gaussian-m5,gaussian,1011,10000,1.0,1.3538434795201745e-05,0.002592537811517412,1.2473284634552358e-05,100.0,0.6457893306119165,1000.0,10.0,0.2,0.3,5.0,4.633816748162685,0.0,0.002512248119184052,1.0319593004051835
linear_d5,5,5.0,linear,0.001,0.0001,0.0,0,frozen,Gaussian-m5,gaussian,1012,10000,1.0,7.38007209670461e-06,0.0025678300723233046,1.4463976765812739e-05,50.0,0.647103661852907,1000.0,10.0,0.2,0.3,5.0,6.065184513566504,0.0,0.002512248119184052,1.0221243883973152
linear_d5,5,5.0,linear,0.001,0.0001,0.0,0,frozen,Gaussian-m5,gaussian,1013,10000,1.0,1.113850202209887e-05,0.0027064751410290394,9.236177944067514e-06,100.0,0.649088640943959,1000.0,10.0,0.2,0.3,5.0,4.120040561893452,0.0,0.002512248119184052,1.0773120379160916
linear_d5,5,5.0,linear,0.001,0.0001,0.0,0,frozen,Gaussian-m5,gaussian,1014,10000,1.0,7.914369545436446e-06,0.0025937392862009434,1.2153576537686316e-05,100.0,0.6387117823542169,1000.0,10.0,0.2,0.3,5.0,3.9652222173453255,0.0,0.002512248119184052,1.0324375472289573
linear_d5,5,5.0,linear,0.001,0.0001,0.0,0,frozen,Gaussian-m5,gaussian,1015,10000,1.0,2.9222481038377635e-05,0.0026092067028063316,1.2224514785496744e-05,100.0,0.6336231590257915,1000.0,10.0,0.2,0.3,5.0,3.0483432272632793,0.0,0.002512248119184052,1.0385943501686332
linear_d5,5,5.0,linear,0.001,0.0001,0.0,0,frozen,Gaussian-m5,gaussian,1016,10000,1.0,5.875348589142872e-06,0.002692718496420504,1.291149386444142e-05,100.0,0.6393435137873601,1000.0,10.0,0.2,0.3,5.0,3.5768291818802243,0.0,0.002512248119184052,1.071836207521997
linear_d5,5,5.0,linear,0.001,0.0001,0.0,0,frozen,Gaussian-m5,gaussian,1017,10000,1.0,2.0067071544339544e-05,0.0028362158605954816,1.0554441572572179e-05,100.0,0.6378892257109127,1000.0,10.0,0.2,0.3,5.0,3.185835981768845,0.0,0.002512248119184052,1.1289553125495624
linear_d5,5,5.0,linear,0.001,0.0001,0.0,0,frozen,Gaussian-m5,gaussian,1018,10000,1.0,1.0848341123285252e-05,0.002987121662751817,1.24000322223969e-05,150.0,0.6493736591601115,1000.0,10.0,0.2,0.3,5.0,5.934549918456824,0.0,0.002512248119184052,1.189023345242666
linear_d5,5,5.0,linear,0.001,0.0001,0.0,0,frozen,Gaussian-m5,gaussian,1019,10000,1.0,1.1422196232169416e-05,0.0025231426435960826,1.1830084026667464e-05,50.0,0.6495405087973566,1000.0,10.0,0.2,0.3,5.0,3.034183266331851,0.0,0.002512248119184052,1.0043365638643882
linear_d5,5,5.0,linear,0.001,0.0001,0.0,0,frozen,Gaussian-m5,gaussian,1020,10000,1.0,1.2612048807833425e-05,0.0025899424459881752,1.3329046146663392e-05,100.0,0.6442069018303507,1000.0,10.0,0.2,0.3,5.0,5.684041638319648,0.0,0.002512248119184052,1.0309262155321495
linear_d5,5,5.0,linear,0.001,0.0001,0.0,0,frozen,Gaussian-m5,gaussian,1021,10000,1.0,1.2049641662023484e-05,0.002882870095078823,1.2771486135284372e-05,100.0,0.6370743003151362,1000.0,10.0,0.2,0.3,5.0,4.780449345068674,0.0,0.002512248119184052,1.1475260238288663
linear_d5,5,5.0,linear,0.001,0.0001,0.0,0,frozen,Gaussian-m5,gaussian,1022,10000,1.0,1.1410094975325946e-05,0.0027780611031479703,1.2790516418498797e-05,100.0,0.6500864707109862,1000.0,10.0,0.2,0.3,5.0,3.007851841617654,0.0,0.002512248119184052,1.1058068197699562
linear_d5,5,5.0,linear,0.001,0.0001,0.0,0,frozen,Gaussian-m5,gaussian,1023,10000,1.0,7.111154217885383e-06,0.005669799079934216,9.537552983074659e-06,150.0,0.6467133256521447,1000.0,10.0,0.2,0.3,5.0,8.634185700052699,0.0,0.002512248119184052,2.256862702628154
linear_d5,5,5.0,linear,0.001,0.0001,0.0,0,frozen,Gaussian-m5,gaussian,1024,10000,1.0,8.91029033018518e-06,0.0025420009770574666,1.3484318311715026e-05,50.0,0.642383884904059,1000.0,10.0,0.2,0.3,5.0,3.3084154899276825,0.0,0.002512248119184052,1.0118431207674974
linear_d5,5,5.0,linear,0.001,0.0001,0.0,0,frozen,Gaussian-m5,gaussian,1025,10000,1.0,1.0319776515873135e-05,0.0027064554588455574,1.1525674949872582e-05,100.0,0.6528279116064939,1000.0,10.0,0.2,0.3,5.0,2.710021583135528,0.0,0.002512248119184052,1.0773042034258073
linear_d5,5,5.0,linear,0.001,0.0001,0.0,0,frozen,Gaussian-m5,gaussian,1026,10000,1.0,1.942343934334188e-05,0.0026661247348041565,1.4325206931545645e-05,100.0,0.6447395007765496,1000.0,10.0,0.2,0.3,5.0,3.0142279585673166,0.0,0.002512248119184052,1.061250564562103
linear_d5,5,5.0,linear,0.001,0.0001,0.0,0,frozen,Gaussian-m5,gaussian,1027,10000,1.0,1.1313258786291563e-05,0.0028292565265639197,1.176751871363096e-05,100.0,0.6429035658014446,1000.0,10.0,0.2,0.3,5.0,2.9788757158652803,0.0,0.002512248119184052,1.1261851506461982
linear_d5,5,5.0,linear,0.001,0.0001,0.0,0,frozen,Gaussian-m5,gaussian,1028,10000,1.0,1.2410348198606815e-06,0.0027546507115385707,1.2893154294187485e-05,100.0,0.6524883605718935,1000.0,10.0,0.2,0.3,5.0,5.6998439970863615,0.0,0.002512248119184052,1.0964883167802901
linear_d5,5,5.0,linear,0.001,0.0001,0.0,0,frozen,Gaussian-m5,gaussian,1029,10000,1.0,1.2579940625844602e-05,0.0031089850633218793,1.4336778517803527e-05,150.0,0.6450440428838717,1000.0,10.0,0.2,0.3,5.0,6.269099732995413,0.0,0.002512248119184052,1.2375310541904756
linear_d5,5,5.0,linear,0.001,0.0001,0.0,0,frozen,Gaussian-m5,gaussian,1030,10000,1.0,1.2779572686180842e-05,0.0030358625687416894,1.1115205483475232e-05,100.0,0.6424286826874446,1000.0,10.0,0.2,0.3,5.0,4.826289446842554,0.0,0.002512248119184052,1.2084246558129383
linear_d5,5,5.0,linear,0.001,0.0001,0.0,0,frozen,Gaussian-m20,gaussian,1001,10000,1.0,0.00014356209726852295,0.005796594410079958,0.00015622227567307497,350.0,0.8665075887015327,250.0,40.0,0.2,0.1,20.0,3.155435505445442,0.0,0.002512248119184052,2.307333565429287
linear_d5,5,5.0,linear,0.001,0.0001,0.0,0,frozen,Gaussian-m20,gaussian,1002,10000,1.0,0.00012675893610306928,0.006390256130756325,0.0001699261985955234,400.0,0.8714985350268412,250.0,40.0,0.2,0.1,20.0,3.4695225230501925,0.0,0.002512248119184052,2.543640527366303
linear_d5,5,5.0,linear,0.001,0.0001,0.0,0,frozen,Gaussian-m20,gaussian,1003,10000,1.0,0.00013324047814556377,0.006886322320793266,0.00015157542167941958,200.0,0.8803934640200337,250.0,40.0,0.2,0.1,20.0,2.1576121995037036,0.0,0.002512248119184052,2.7410996024667584
linear_d5,5,5.0,linear,0.001,0.0001,0.0,0,frozen,Gaussian-m20,gaussian,1004,10000,1.0,0.0001996508892511732,0.004491552057715493,0.0001762954198961854,200.0,0.8805869383712084,250.0,40.0,0.2,0.1,20.0,3.1269943659827653,0.0,0.002512248119184052,1.7878616460759043
linear_d5,5,5.0,linear,0.001,0.0001,0.0,0,frozen,Gaussian-m20,gaussian,1005,10000,1.0,9.02586552899708e-05,0.004940136895450974,0.00016437569538712,300.0,0.8737596923492547,250.0,40.0,0.2,0.1,20.0,3.8864336553971954,0.0,0.002512248119184052,1.9664207757693422
linear_d5,5,5.0,linear,0.001,0.0001,0.0,0,frozen,Gaussian-m20,gaussian,1006,10000,1.0,0.00011826174298708279,0.007732605289848102,0.00017999492309321848,400.0,0.8672754952099649,250.0,40.0,0.2,0.1,20.0,4.90052371199639,0.0,0.002512248119184052,3.077962415734462
linear_d5,5,5.0,linear,0.001,0.0001,0.0,0,frozen,Gaussian-m20,gaussian,1007,10000,1.0,0.0001325527899113759,0.005481571991603376,0.00016474715644681842,350.0,0.8736156641823546,250.0,40.0,0.2,0.1,20.0,5.97673866210996,0.0,0.002512248119184052,2.181938937378417
linear_d5,5,5.0,linear,0.001,0.0001,0.0,0,frozen,Gaussian-m20,gaussian,1008,10000,1.0,0.00011575037794837382,0.004157193181228956,0.00017029644681974333,300.0,0.8779089131404338,250.0,40.0,0.2,0.1,20.0,3.9809003159687517,0.0,0.002512248119184052,1.6547701437146116
linear_d5,5,5.0,linear,0.001,0.0001,0.0,0,frozen,Gaussian-m20,gaussian,1009,10000,1.0,0.00022496758370838384,0.004575335101241906,0.00019327110163076515,200.0,0.8679287753212094,250.0,40.0,0.2,0.1,20.0,4.237193194782795,0.0,0.002512248119184052,1.821211474417551
linear_d5,5,5.0,linear,0.001,0.0001,0.0,0,frozen,Gaussian-m20,gaussian,1010,10000,1.0,0.00011520565960391919,0.004563264489095863,0.00017220551931526075,300.0,0.87277207937114,250.0,40.0,0.2,0.1,20.0,3.6053927317271746,0.0,0.002512248119184052,1.8164067690009682
linear_d5,5,5.0,linear,0.001,0.0001,0.0,0,frozen,Gaussian-m20,gaussian,1011,10000,1.0,0.00018760675485065105,0.0034391860278907556,0.00016725170194186443,150.0,0.8696821336389967,250.0,40.0,0.2,0.1,20.0,3.7846818686260413,0.0,0.002512248119184052,1.368967500315121
linear_d5,5,5.0,linear,0.001,0.0001,0.0,0,frozen,Gaussian-m20,gaussian,1012,10000,1.0,9.67248525074298e-05,0.0039814501620900455,0.0001943433251336477,200.0,0.8756231337455683,250.0,40.0,0.2,0.1,20.0,3.1413552348404123,0.0,0.002512248119184052,1.5848156603986923
linear_d5,5,5.0,linear,0.001,0.0001,0.0,0,frozen,Gaussian-m20,gaussian,1013,10000,1.0,0.00012637125700729542,0.006621579615253221,0.00016871390526374845,300.0,0.8723109727099589,250.0,40.0,0.2,0.1,20.0,2.57905251166468,0.0,0.002512248119184052,2.63571880686842
linear_d5,5,5.0,linear,0.001,0.0001,0.0,0,frozen,Gaussian-m20,gaussian,1014,10000,1.0,0.00014145270210426776,0.004863380730671451,0.0001797974198998779,250.0,0.8755107335555148,250.0,40.0,0.2,0.1,20.0,2.708578002387576,0.0,0.002512248119184052,1.9358679954952136
linear_d5,5,5.0,linear,0.001,0.0001,0.0,0,frozen,Gaussian-m20,gaussian,1015,10000,1.0,0.00010571566346175011,0.00526759169608797,0.00017117970631347871,250.0,0.871353983613323,250.0,40.0,0.2,0.1,20.0,3.2769397261749527,0.0,0.002512248119184052,2.096764111738621
linear_d5,5,5.0,linear,0.001,0.0001,0.0,0,frozen,Gaussian-m20,gaussian,1016,10000,1.0,0.00017680289597549304,0.006171947464989678,0.00015567530225749792,350.0,0.8795367593102488,250.0,40.0,0.2,0.1,20.0,4.369481498315088,0.0,0.002512248119184052,2.456742794574866
linear_d5,5,5.0,linear,0.001,0.0001,0.0,0,frozen,Gaussian-m20,gaussian,1017,10000,1.0,0.00019659824429800124,0.003872225491264715,0.00019157773654251886,200.0,0.872292632350339,250.0,40.0,0.2,0.1,20.0,3.907673886755796,0.0,0.002512248119184052,1.5413387959953444
linear_d5,5,5.0,linear,0.001,0.0001,0.0,0,frozen,Gaussian-m20,gaussian,1018,10000,1.0,7.445810568195143e-05,0.00685412850311077,0.00016389226719157711,400.0,0.8654589137962282,250.0,40.0,0.2,0.1,20.0,4.349969443581605,0.0,0.002512248119184052,2.728284858000773
linear_d5,5,5.0,linear,0.001,0.0001,0.0,0,frozen,Gaussian-m20,gaussian,1019,10000,1.0,0.00011084637304574572,0.004368420394750825,0.00016995596717293515,200.0,0.8764851066504763,250.0,40.0,0.2,0.1,20.0,3.337303864560553,0.0,0.002512248119184052,1.7388491054656003
linear_d5,5,5.0,linear,0.001,0.0001,0.0,0,frozen,Gaussian-m20,gaussian,1020,10000,1.0,0.00023760777467341865,0.00694783445095772,0.0001790577240599642,400.0,0.8794732523489449,250.0,40.0,0.2,0.1,20.0,5.769710149444197,0.0,0.002512248119184052,2.7655844969701056
linear_d5,5,5.0,linear,0.001,0.0001,0.0,0,frozen,Gaussian-m20,gaussian,1021,10000,1.0,0.00012182272286312651,0.005938361522149961,0.00018033112676647792,250.0,0.8690385527961776,250.0,40.0,0.2,0.1,20.0,2.4522148645145947,0.0,0.002512248119184052,2.363763943857054
linear_d5,5,5.0,linear,0.001,0.0001,0.0,0,frozen,Gaussian-m20,gaussian,1022,10000,1.0,0.00014994202402355026,0.004340104003911723,0.00015302537341083556,250.0,0.8697540539568297,250.0,40.0,0.2,0.1,20.0,3.1613779483704905,0.0,0.002512248119184052,1.7275777701930721
linear_d5,5,5.0,linear,0.001,0.0001,0.0,0,frozen,Gaussian-m20,gaussian,1023,10000,1.0,0.00012498006738578254,0.003656821076374388,0.00019052890977458057,150.0,0.8738709007429277,250.0,40.0,0.2,0.1,20.0,3.191170806263547,0.0,0.002512248119184052,1.4555970998446124
linear_d5,5,5.0,linear,0.001,0.0001,0.0,0,frozen,Gaussian-m20,gaussian,1024,10000,1.0,0.00016620462584612426,0.004097521101372732,0.0001941665934027526,250.0,0.8664918871919183,250.0,40.0,0.2,0.1,20.0,3.7477166592407465,0.0,0.002512248119184052,1.6310176809699664
linear_d5,5,5.0,linear,0.001,0.0001,0.0,0,frozen,Gaussian-m20,gaussian,1025,10000,1.0,9.501104763573508e-05,0.006209352197635309,0.00017752532520924215,350.0,0.8750848548567134,250.0,40.0,0.2,0.1,20.0,3.4616381522736805,0.0,0.002512248119184052,2.471631742987246
linear_d5,5,5.0,linear,0.001,0.0001,0.0,0,frozen,Gaussian-m20,gaussian,1026,10000,1.0,0.00012960245613910512,0.006664412254736864,0.00018069610045702534,350.0,0.8709443138120441,250.0,40.0,0.2,0.1,20.0,3.1545466477369555,0.0,0.002512248119184052,2.6527683328115637
linear_d5,5,5.0,linear,0.001,0.0001,0.0,0,frozen,Gaussian-m20,gaussian,1027,10000,1.0,8.418723637633345e-05,0.004906056610968075,0.00016407531056730385,200.0,0.8714212869289689,250.0,40.0,0.2,0.1,20.0,2.908278297053261,0.0,0.002512248119184052,1.9528551234666678
linear_d5,5,5.0,linear,0.001,0.0001,0.0,0,frozen,Gaussian-m20,gaussian,1028,10000,1.0,7.881669299963566e-05,0.00626635961935946,0.00015536929827559122,400.0,0.8779014387067775,250.0,40.0,0.2,0.1,20.0,3.1845183949854405,0.0,0.002512248119184052,2.494323538948334
linear_d5,5,5.0,linear,0.001,0.0001,0.0,0,frozen,Gaussian-m20,gaussian,1029,10000,1.0,0.00015125311110835302,0.005416535041459314,0.00019278079437733088,350.0,0.8711735344649248,250.0,40.0,0.2,0.1,20.0,3.0448344449980413,0.0,0.002512248119184052,2.1560509887926753
linear_d5,5,5.0,linear,0.001,0.0001,0.0,0,frozen,Gaussian-m20,gaussian,1030,10000,1.0,0.00012805091324945799,0.006150561070761771,0.00015854764987388679,250.0,0.8727658084385188,250.0,40.0,0.2,0.1,20.0,2.597396040799184,0.0,0.002512248119184052,2.4482299434497734
linear_d5,5,5.0,linear,0.001,0.0001,0.0,0,frozen,CoordinateCentral,coordinate,1001,10000,1.0,0.00018183761112495429,0.005466610179913052,0.000190303777676178,350.0,0.869527947489875,1000.0,10.0,0.04,0.1,1.0,3.2807365437694127,0.0,0.002512248119184052,2.1759833904019565
linear_d5,5,5.0,linear,0.001,0.0001,0.0,0,frozen,CoordinateCentral,coordinate,1002,10000,1.0,0.00021391741747586157,0.005444684079797428,0.00019739959322282892,350.0,0.8696787587601275,1000.0,10.0,0.04,0.1,1.0,3.2835528338233804,0.0,0.002512248119184052,2.1672557094264224
linear_d5,5,5.0,linear,0.001,0.0001,0.0,0,frozen,CoordinateCentral,coordinate,1003,10000,1.0,0.00021937633716808197,0.0054350216274880086,0.00020515451836067321,350.0,0.8697711670014351,1000.0,10.0,0.04,0.1,1.0,3.2741475704423406,0.0,0.002512248119184052,2.1634095716840416
linear_d5,5,5.0,linear,0.001,0.0001,0.0,0,frozen,CoordinateCentral,coordinate,1004,10000,1.0,0.0002166648253732507,0.0054511410969420105,0.0002042705595370321,350.0,0.8694245561926618,1000.0,10.0,0.04,0.1,1.0,3.264958994993748,0.0,0.002512248119184052,2.1698259241656737
linear_d5,5,5.0,linear,0.001,0.0001,0.0,0,frozen,CoordinateCentral,coordinate,1005,10000,1.0,0.0001820360629293486,0.005436183712572007,0.00018821537482468378,350.0,0.8691605981732634,1000.0,10.0,0.04,0.1,1.0,3.286090365838924,0.0,0.002512248119184052,2.163872139483426
linear_d5,5,5.0,linear,0.001,0.0001,0.0,0,frozen,CoordinateCentral,coordinate,1006,10000,1.0,0.00015280547667503275,0.0054378641095094845,0.0001924781877546896,350.0,0.8748699899305636,1000.0,10.0,0.04,0.1,1.0,3.2585806071757757,0.0,0.002512248119184052,2.164541021241022
linear_d5,5,5.0,linear,0.001,0.0001,0.0,0,frozen,CoordinateCentral,coordinate,1007,10000,1.0,0.0001471682956142289,0.005449993613431781,0.00019938279526103954,350.0,0.8729994822109464,1000.0,10.0,0.04,0.1,1.0,3.271938358780354,0.0,0.002512248119184052,2.169369168520613
linear_d5,5,5.0,linear,0.001,0.0001,0.0,0,frozen,CoordinateCentral,coordinate,1008,10000,1.0,0.00019436377122759488,0.0054350718368275696,0.0001872103228640019,350.0,0.8705461122814395,1000.0,10.0,0.04,0.1,1.0,3.2839605196493395,0.0,0.002512248119184052,2.163429557504382
linear_d5,5,5.0,linear,0.001,0.0001,0.0,0,frozen,CoordinateCentral,coordinate,1009,10000,1.0,0.00016135607444845834,0.005427849755287272,0.00018633750928452554,350.0,0.8677448870544682,1000.0,10.0,0.04,0.1,1.0,3.286914711577961,0.0,0.002512248119184052,2.160554808993219
linear_d5,5,5.0,linear,0.001,0.0001,0.0,0,frozen,CoordinateCentral,coordinate,1010,10000,1.0,0.00021486391153654205,0.005440334133619324,0.00019464551699917523,350.0,0.8722016214522775,1000.0,10.0,0.04,0.1,1.0,3.276362836696089,0.0,0.002512248119184052,2.1655242139802175
linear_d5,5,5.0,linear,0.001,0.0001,0.0,0,frozen,CoordinateCentral,coordinate,1011,10000,1.0,0.0002493212987460423,0.005472947927913204,0.00021144991778758945,350.0,0.8669661354276698,1000.0,10.0,0.04,0.1,1.0,3.287647655910794,0.0,0.002512248119184052,2.1785061300755406
linear_d5,5,5.0,linear,0.001,0.0001,0.0,0,frozen,CoordinateCentral,coordinate,1012,10000,1.0,0.0002033384485527968,0.005434404473692067,0.00019248513033541463,350.0,0.8689991027383409,1000.0,10.0,0.04,0.1,1.0,3.2765957976145503,0.0,0.002512248119184052,2.163163913704947
linear_d5,5,5.0,linear,0.001,0.0001,0.0,0,frozen,CoordinateCentral,coordinate,1013,10000,1.0,0.00019973176455329012,0.005436652251553875,0.00018960853409325082,350.0,0.8766905426069049,1000.0,10.0,0.04,0.1,1.0,3.288874983607962,0.0,0.002512248119184052,2.1640586413573013
linear_d5,5,5.0,linear,0.001,0.0001,0.0,0,frozen,CoordinateCentral,coordinate,1014,10000,1.0,0.00016113807103934464,0.0054528926948621175,0.0002028285954323004,350.0,0.8737723313753096,1000.0,10.0,0.04,0.1,1.0,3.266746110220294,0.0,0.002512248119184052,2.1705231474640936
linear_d5,5,5.0,linear,0.001,0.0001,0.0,0,frozen,CoordinateCentral,coordinate,1015,10000,1.0,0.00018399540050016288,0.005450090307144492,0.00019098578380489888,350.0,0.8698063287940329,1000.0,10.0,0.04,0.1,1.0,3.274873555539687,0.0,0.002512248119184052,2.169407657438954
linear_d5,5,5.0,linear,0.001,0.0001,0.0,0,frozen,CoordinateCentral,coordinate,1016,10000,1.0,0.00018839461230307414,0.005441216061279481,0.00019527343517840174,350.0,0.8745700932823931,1000.0,10.0,0.04,0.1,1.0,3.278946628036769,0.0,0.002512248119184052,2.165875265157616
linear_d5,5,5.0,linear,0.001,0.0001,0.0,0,frozen,CoordinateCentral,coordinate,1017,10000,1.0,0.0001592826615395463,0.00542902687737283,0.00020329869574814427,350.0,0.8742618521818772,1000.0,10.0,0.04,0.1,1.0,3.2738955504288514,0.0,0.002512248119184052,2.161023362268896
linear_d5,5,5.0,linear,0.001,0.0001,0.0,0,frozen,CoordinateCentral,coordinate,1018,10000,1.0,0.00019246915580536315,0.005451575224833835,0.00017460228558785192,350.0,0.8710912879352896,1000.0,10.0,0.04,0.1,1.0,3.274311092144451,0.0,0.002512248119184052,2.1699987287101408
linear_d5,5,5.0,linear,0.001,0.0001,0.0,0,frozen,CoordinateCentral,coordinate,1019,10000,1.0,0.00016744569255915158,0.005459715817349004,0.0001853574986292126,350.0,0.8681413071185554,1000.0,10.0,0.04,0.1,1.0,3.2777738351931447,0.0,0.002512248119184052,2.1732390903818266
linear_d5,5,5.0,linear,0.001,0.0001,0.0,0,frozen,CoordinateCentral,coordinate,1020,10000,1.0,0.00021950823813423763,0.005464998973733256,0.00021128087422584747,350.0,0.8744223574198812,1000.0,10.0,0.04,0.1,1.0,3.279579160507321,0.0,0.002512248119184052,2.175342050015435
linear_d5,5,5.0,linear,0.001,0.0001,0.0,0,frozen,CoordinateCentral,coordinate,1021,10000,1.0,0.00018997458769663125,0.0054568837768141166,0.0001994920619728329,350.0,0.870699860566247,1000.0,10.0,0.04,0.1,1.0,3.2652201681889617,0.0,0.002512248119184052,2.1721117970570707
linear_d5,5,5.0,linear,0.001,0.0001,0.0,0,frozen,CoordinateCentral,coordinate,1022,10000,1.0,0.0002062481443330882,0.005447737851871834,0.0001981053252003486,350.0,0.8691421002993572,1000.0,10.0,0.04,0.1,1.0,3.28134789897942,0.0,0.002512248119184052,2.1684712629583713
linear_d5,5,5.0,linear,0.001,0.0001,0.0,0,frozen,CoordinateCentral,coordinate,1023,10000,1.0,0.00017072563630316575,0.0054542043632001885,0.00018555054321770648,350.0,0.8656782637529055,1000.0,10.0,0.04,0.1,1.0,3.2618798344243936,0.0,0.002512248119184052,2.1710452568560976
linear_d5,5,5.0,linear,0.001,0.0001,0.0,0,frozen,CoordinateCentral,coordinate,1024,10000,1.0,0.00017881457876611653,0.0054339975151371294,0.00019031562949472933,350.0,0.8728330185054253,1000.0,10.0,0.04,0.1,1.0,3.2694286960291095,0.0,0.002512248119184052,2.1630019239110934
linear_d5,5,5.0,linear,0.001,0.0001,0.0,0,frozen,CoordinateCentral,coordinate,1025,10000,1.0,0.00021516700985200958,0.005437124110777112,0.00021010020733065366,350.0,0.8708829378514765,1000.0,10.0,0.04,0.1,1.0,3.276721499751245,0.0,0.002512248119184052,2.164246464852773
linear_d5,5,5.0,linear,0.001,0.0001,0.0,0,frozen,CoordinateCentral,coordinate,1026,10000,1.0,0.00018396453274869038,0.005444130084926583,0.00017841162490849375,350.0,0.8701996432671846,1000.0,10.0,0.04,0.1,1.0,3.275707350138883,0.0,0.002512248119184052,2.167035191848316
linear_d5,5,5.0,linear,0.001,0.0001,0.0,0,frozen,CoordinateCentral,coordinate,1027,10000,1.0,0.0002053217517170583,0.005440154113168447,0.0001949994688687667,350.0,0.873394369734934,1000.0,10.0,0.04,0.1,1.0,3.269245296805387,0.0,0.002512248119184052,2.1654525568658176
linear_d5,5,5.0,linear,0.001,0.0001,0.0,0,frozen,CoordinateCentral,coordinate,1028,10000,1.0,0.00021490557542823906,0.00545228149765332,0.00020928480990036578,350.0,0.8698536445452413,1000.0,10.0,0.04,0.1,1.0,3.2746049092745886,0.0,0.002512248119184052,2.1702798605036495
linear_d5,5,5.0,linear,0.001,0.0001,0.0,0,frozen,CoordinateCentral,coordinate,1029,10000,1.0,0.00019343743575836336,0.005421093727441678,0.00016799058535162765,350.0,0.866638393567965,1000.0,10.0,0.04,0.1,1.0,3.2809793534691383,0.0,0.002512248119184052,2.1578655730877347
linear_d5,5,5.0,linear,0.001,0.0001,0.0,0,frozen,CoordinateCentral,coordinate,1030,10000,1.0,0.0001795688510514553,0.0054369350861954435,0.00020091980626621967,350.0,0.869760084322347,1000.0,10.0,0.04,0.1,1.0,3.2738234835261637,0.0,0.002512248119184052,2.1641712236454156
stationary_d10,10,5.0,stationary,0.001,0.0,0.0,0,frozen,SPSA-m1,spsa,1001,10000,0.0,1.563397243591805e-06,0.0028049642536686794,1.1722245370764777e-06,100.0,0.19503755374500062,5000.0,2.0,0.04000000000000001,0.3,1.0,13.465409253831497,0.0,0.002505923596343598,1.1193335095137829
stationary_d10,10,5.0,stationary,0.001,0.0,0.0,0,frozen,SPSA-m1,spsa,1002,10000,0.0,9.220979538238118e-07,0.004752038496011487,1.084084717792357e-06,150.0,0.19705391432343786,5000.0,2.0,0.04000000000000001,0.3,1.0,17.784373864309632,0.0,0.002505923596343598,1.8963221795529615
stationary_d10,10,5.0,stationary,0.001,0.0,0.0,0,frozen,SPSA-m1,spsa,1003,10000,0.0,8.956887164345958e-07,0.00276774176917145,1.2862544697259885e-06,100.0,0.201247162741458,5000.0,2.0,0.04000000000000001,0.3,1.0,15.170733958544231,0.0,0.002505923596343598,1.1044797108778064
stationary_d10,10,5.0,stationary,0.001,0.0,0.0,0,frozen,SPSA-m1,spsa,1004,10000,0.0,1.0823920424529978e-06,0.002815085358928828,1.2119101644988632e-06,100.0,0.19858375815754054,5000.0,2.0,0.04000000000000001,0.3,1.0,15.045618759110722,0.0,0.002505923596343598,1.1233723817582981
stationary_d10,10,5.0,stationary,0.001,0.0,0.0,0,frozen,SPSA-m1,spsa,1005,10000,0.0,9.843730802677213e-07,0.0028328580482198523,1.2696500984669967e-06,100.0,0.19712026183089604,5000.0,2.0,0.04000000000000001,0.3,1.0,15.85311425335622,0.0,0.002505923596343598,1.1304646527744444
stationary_d10,10,5.0,stationary,0.001,0.0,0.0,0,frozen,SPSA-m1,spsa,1006,10000,0.0,8.502650209251939e-07,0.003378275688852967,1.1286838060839484e-06,150.0,0.19692323956700808,5000.0,2.0,0.04000000000000001,0.3,1.0,14.03496461616757,0.0,0.002505923596343598,1.3481159975436685
stationary_d10,10,5.0,stationary,0.001,0.0,0.0,0,frozen,SPSA-m1,spsa,1007,10000,0.0,8.564839860797777e-07,0.002955841052739105,1.07561533382468e-06,150.0,0.19948342089659096,5000.0,2.0,0.04000000000000001,0.3,1.0,15.402025542949005,0.0,0.002505923596343598,1.1795415698435432
stationary_d10,10,5.0,stationary,0.001,0.0,0.0,0,frozen,SPSA-m1,spsa,1008,10000,0.0,9.167054222243817e-07,0.003229771116723639,1.0765321011311995e-06,150.0,0.2024117701621798,5000.0,2.0,0.04000000000000001,0.3,1.0,18.181795813876864,0.0,0.002505923596343598,1.2888545849666804
stationary_d10,10,5.0,stationary,0.001,0.0,0.0,0,frozen,SPSA-m1,spsa,1009,10000,0.0,3.710686164310857e-07,0.0031876314108539817,1.1818744710567223e-06,150.0,0.19636818581084417,5000.0,2.0,0.04000000000000001,0.3,1.0,16.73165234686147,0.0,0.002505923596343598,1.27203854718678
stationary_d10,10,5.0,stationary,0.001,0.0,0.0,0,frozen,SPSA-m1,spsa,1010,10000,0.0,7.664407451953957e-07,0.003370289373726273,1.2813652727000653e-06,100.0,0.19481663624369133,5000.0,2.0,0.04000000000000001,0.3,1.0,12.210391185952542,0.0,0.002505923596343598,1.3449290228336865
stationary_d10,10,5.0,stationary,0.001,0.0,0.0,0,frozen,SPSA-m1,spsa,1011,10000,0.0,1.2205628866940275e-06,0.0034979404800762493,1.1719901287850061e-06,150.0,0.2006714517225494,5000.0,2.0,0.04000000000000001,0.3,1.0,12.9017422955694,0.0,0.002505923596343598,1.3958687667812804
stationary_d10,10,5.0,stationary,0.001,0.0,0.0,0,frozen,SPSA-m1,spsa,1012,10000,0.0,9.749964070140887e-07,0.004261962150879054,1.158406787811198e-06,150.0,0.1975553077434241,5000.0,2.0,0.04000000000000001,0.3,1.0,17.90047794009807,0.0,0.002505923596343598,1.7007550258506279
stationary_d10,10,5.0,stationary,0.001,0.0,0.0,0,frozen,SPSA-m1,spsa,1013,10000,0.0,1.3100458450790702e-06,0.002552580267507804,1.0647858515109366e-06,50.0,0.1970740809927865,5000.0,2.0,0.04000000000000001,0.3,1.0,14.643483750046546,0.0,0.002505923596343598,1.0186185529488143
stationary_d10,10,5.0,stationary,0.001,0.0,0.0,0,frozen,SPSA-m1,spsa,1014,10000,0.0,8.349748447971212e-07,0.00288714423550186,1.271982606526993e-06,100.0,0.1972410753803989,5000.0,2.0,0.04000000000000001,0.3,1.0,17.209793813858145,0.0,0.002505923596343598,1.1521277981956444
stationary_d10,10,5.0,stationary,0.001,0.0,0.0,0,frozen,SPSA-m1,spsa,1015,10000,0.0,2.1864159588224958e-07,0.002844140928232155,1.2010600270110914e-06,100.0,0.1970259002486005,5000.0,2.0,0.04000000000000001,0.3,1.0,13.275146348465501,0.0,0.002505923596343598,1.134967136421099
stationary_d10,10,5.0,stationary,0.001,0.0,0.0,0,frozen,SPSA-m1,spsa,1016,10000,0.0,5.389600179473197e-07,0.005086586419948951,1.2717475672481005e-06,150.0,0.19903178705420888,5000.0,2.0,0.04000000000000001,0.3,1.0,14.783852880144108,0.0,0.002505923596343598,2.029825022347372
stationary_d10,10,5.0,stationary,0.001,0.0,0.0,0,frozen,SPSA-m1,spsa,1017,10000,0.0,1.3203784653768346e-06,0.0032834856690157743,1.3351109172415e-06,150.0,0.20295302172410365,5000.0,2.0,0.04000000000000001,0.3,1.0,12.224612278920171,0.0,0.002505923596343598,1.3102896168928373
stationary_d10,10,5.0,stationary,0.001,0.0,0.0,0,frozen,SPSA-m1,spsa,1018,10000,0.0,1.653292597606457e-06,0.003449455065640416,1.1534027422134324e-06,200.0,0.192071398023427,5000.0,2.0,0.04000000000000001,0.3,1.0,13.46669299886832,0.0,0.002505923596343598,1.3765204456646356
stationary_d10,10,5.0,stationary,0.001,0.0,0.0,0,frozen,SPSA-m1,spsa,1019,10000,0.0,1.4091609794690127e-06,0.0031685288973205094,1.1659313012509903e-06,100.0,0.2020694364735128,5000.0,2.0,0.04000000000000001,0.3,1.0,10.844536647943395,0.0,0.002505923596343598,1.264415603869057
stationary_d10,10,5.0,stationary,0.001,0.0,0.0,0,frozen,SPSA-m1,spsa,1020,10000,0.0,5.613850443355679e-07,0.0030956823917494456,1.0781740783390727e-06,100.0,0.19388721748156282,5000.0,2.0,0.04000000000000001,0.3,1.0,16.27303087715163,0.0,0.002505923596343598,1.2353458805633049
stationary_d10,10,5.0,stationary,0.001,0.0,0.0,0,frozen,SPSA-m1,spsa,1021,10000,0.0,4.0669586401944e-07,0.002849982530295977,1.1030124749003372e-06,100.0,0.20018720414166682,5000.0,2.0,0.04000000000000001,0.3,1.0,15.912882150930907,0.0,0.002505923596343598,1.1372982538072576
stationary_d10,10,5.0,stationary,0.001,0.0,0.0,0,frozen,SPSA-m1,spsa,1022,10000,0.0,1.3017953986311679e-06,0.003431888940427421,1.3390439342224297e-06,100.0,0.19681807741352586,5000.0,2.0,0.04000000000000001,0.3,1.0,17.238790167304284,0.0,0.002505923596343598,1.36951060496613
stationary_d10,10,5.0,stationary,0.001,0.0,0.0,0,frozen,SPSA-m1,spsa,1023,10000,0.0,1.0733313694010122e-06,0.0031681936495837355,1.105320955938739e-06,150.0,0.19841142326214647,5000.0,2.0,0.04000000000000001,0.3,1.0,13.298656251304541,0.0,0.002505923596343598,1.2642818217628256
stationary_d10,10,5.0,stationary,0.001,0.0,0.0,0,frozen,SPSA-m1,spsa,1024,10000,0.0,1.471289947693481e-06,0.003635037663018914,1.3230299812605214e-06,150.0,0.1997447899547004,5000.0,2.0,0.04000000000000001,0.3,1.0,15.097307484487935,0.0,0.002505923596343598,1.4505780097696555
stationary_d10,10,5.0,stationary,0.001,0.0,0.0,0,frozen,SPSA-m1,spsa,1025,10000,0.0,9.632570301780367e-07,0.00407095247083304,1.4258406572449718e-06,150.0,0.19998580702207241,5000.0,2.0,0.04000000000000001,0.3,1.0,19.575464924207388,0.0,0.002505923596343598,1.6245317601753626
stationary_d10,10,5.0,stationary,0.001,0.0,0.0,0,frozen,SPSA-m1,spsa,1026,10000,0.0,7.35599693222917e-07,0.003816942933561251,1.2343426188318065e-06,150.0,0.20280255053873614,5000.0,2.0,0.04000000000000001,0.3,1.0,14.8609283582786,0.0,0.002505923596343598,1.5231681201815435
stationary_d10,10,5.0,stationary,0.001,0.0,0.0,0,frozen,SPSA-m1,spsa,1027,10000,0.0,2.092419526115172e-06,0.002789781815065096,1.1400445238091663e-06,100.0,0.2043864585203837,5000.0,2.0,0.04000000000000001,0.3,1.0,13.109460165325189,0.0,0.002505923596343598,1.1132748895998572
stationary_d10,10,5.0,stationary,0.001,0.0,0.0,0,frozen,SPSA-m1,spsa,1028,10000,0.0,2.9955607448460016e-07,0.002921507216299164,1.2747528870556077e-06,150.0,0.19901393409506318,5000.0,2.0,0.04000000000000001,0.3,1.0,20.543960786059355,0.0,0.002505923596343598,1.165840499112561
stationary_d10,10,5.0,stationary,0.001,0.0,0.0,0,frozen,SPSA-m1,spsa,1029,10000,0.0,2.0894904909298165e-06,0.004102158990702846,1.1766681351852766e-06,150.0,0.20059023068610105,5000.0,2.0,0.04000000000000001,0.3,1.0,18.806717072354253,0.0,0.002505923596343598,1.636984861265651
stationary_d10,10,5.0,stationary,0.001,0.0,0.0,0,frozen,SPSA-m1,spsa,1030,10000,0.0,7.736930230350416e-07,0.0027521213809463666,1.2506620970602077e-06,100.0,0.20017175709653648,5000.0,2.0,0.04000000000000001,0.3,1.0,13.734500817887358,0.0,0.002505923596343598,1.0982463252119885
stationary_d10,10,5.0,stationary,0.001,0.0,0.0,0,frozen,Gaussian-m1,gaussian,1001,10000,0.0,2.011536513452244e-05,0.0035208106031212752,1.158631386176423e-05,150.0,0.19923275486882014,5000.0,2.0,0.04000000000000001,0.3,1.0,19.378658646801277,0.0,0.002505923596343598,1.4049951914968606
stationary_d10,10,5.0,stationary,0.001,0.0,0.0,0,frozen,Gaussian-m1,gaussian,1002,10000,0.0,6.207171370656979e-06,0.003424659574020923,1.262987139120744e-05,150.0,0.20225441517457513,5000.0,2.0,0.04000000000000001,0.3,1.0,19.639872560536812,0.0,0.002505923596343598,1.3666256940226973
stationary_d10,10,5.0,stationary,0.001,0.0,0.0,0,frozen,Gaussian-m1,gaussian,1003,10000,0.0,7.261212051616715e-06,0.0037081938454355365,8.7234584703105e-06,150.0,0.19643789831599168,5000.0,2.0,0.04000000000000001,0.3,1.0,17.01432475428182,0.0,0.002505923596343598,1.4797713110033264
stationary_d10,10,5.0,stationary,0.001,0.0,0.0,0,frozen,Gaussian-m1,gaussian,1004,10000,0.0,3.873741928078487e-06,0.0031354510907792865,1.1441833365975489e-05,150.0,0.199775257150357,5000.0,2.0,0.04000000000000001,0.3,1.0,19.920308588272977,0.0,0.002505923596343598,1.2512157574772966
stationary_d10,10,5.0,stationary,0.001,0.0,0.0,0,frozen,Gaussian-m1,gaussian,1005,10000,0.0,1.5170420107170977e-05,0.004458615709204075,1.1862285367565337e-05,200.0,0.199121022440269,5000.0,2.0,0.04000000000000001,0.3,1.0,14.367470335069013,0.0,0.002505923596343598,1.77923050635289
stationary_d10,10,5.0,stationary,0.001,0.0,0.0,0,frozen,Gaussian-m1,gaussian,1006,10000,0.0,5.060062755227588e-05,0.003514551575568479,1.1186406333856462e-05,150.0,0.19871290666019117,5000.0,2.0,0.04000000000000001,0.3,1.0,16.140233784989846,0.0,0.002505923596343598,1.4024974986055336
stationary_d10,10,5.0,stationary,0.001,0.0,0.0,0,frozen,Gaussian-m1,gaussian,1007,10000,0.0,7.110135195534239e-06,0.002705889848340412,1.186992304375416e-05,100.0,0.202662241575743,5000.0,2.0,0.04000000000000001,0.3,1.0,17.486307014276033,0.0,0.002505923596343598,1.0797974257030765
stationary_d10,10,5.0,stationary,0.001,0.0,0.0,0,frozen,Gaussian-m1,gaussian,1008,10000,0.0,3.346425063745945e-05,0.003795822820721321,1.328393201145612e-05,150.0,0.19327462432889891,5000.0,2.0,0.04000000000000001,0.3,1.0,11.717953401747646,0.0,0.002505923596343598,1.5147400448520536
stationary_d10,10,5.0,stationary,0.001,0.0,0.0,0,frozen,Gaussian-m1,gaussian,1009,10000,0.0,9.169654714738743e-06,0.0027526950411096165,1.0814862010490638e-05,100.0,0.20242161874245682,5000.0,2.0,0.04000000000000001,0.3,1.0,23.037017117826686,0.0,0.002505923596343598,1.09847524686151
stationary_d10,10,5.0,stationary,0.001,0.0,0.0,0,frozen,Gaussian-m1,gaussian,1010,10000,0.0,3.599816645722617e-06,0.002566778712377546,9.389395811362232e-06,50.0,0.19992176077895757,5000.0,2.0,0.04000000000000001,0.3,1.0,15.310620291427828,0.0,0.002505923596343598,1.0242845057697456
stationary_d10,10,5.0,stationary,0.001,0.0,0.0,0,frozen,Gaussian-m1,gaussian,1011,10000,0.0,7.611051162983415e-06,0.0029127653675462854,1.1581308090072132e-05,150.0,0.19695729810142779,5000.0,2.0,0.04000000000000001,0.3,1.0,17.98268168457037,0.0,0.002505923596343598,1.1623520253356134
stationary_d10,10,5.0,stationary,0.001,0.0,0.0,0,frozen,Gaussian-m1,gaussian,1012,10000,0.0,5.154587038204996e-06,0.002961926016636175,1.3115835165189912e-05,100.0,0.1907691881717494,5000.0,2.0,0.04000000000000001,0.3,1.0,26.49693317617697,0.0,0.002505923596343598,1.1819698018558633
stationary_d10,10,5.0,stationary,0.001,0.0,0.0,0,frozen,Gaussian-m1,gaussian,1013,10000,0.0,1.2547673835809239e-05,0.0034424660980985704,1.0808577493459556e-05,150.0,0.19746055332180812,5000.0,2.0,0.04000000000000001,0.3,1.0,26.278272779659094,0.0,0.002505923596343598,1.3737314669615166
stationary_d10,10,5.0,stationary,0.001,0.0,0.0,0,frozen,Gaussian-m1,gaussian,1014,10000,0.0,2.0054884141946638e-05,0.003013392835424326,1.3003726953742481e-05,150.0,0.1951629083974847,5000.0,2.0,0.04000000000000001,0.3,1.0,21.596147427861798,0.0,0.002505923596343598,1.2025078656911878
stationary_d10,10,5.0,stationary,0.001,0.0,0.0,0,frozen,Gaussian-m1,gaussian,1015,10000,0.0,1.2384096458975634e-05,0.0032681557360549718,1.0638156793561626e-05,150.0,0.2015701538665741,5000.0,2.0,0.04000000000000001,0.3,1.0,13.516782610721583,0.0,0.002505923596343598,1.3041721386971052
stationary_d10,10,5.0,stationary,0.001,0.0,0.0,0,frozen,Gaussian-m1,gaussian,1016,10000,0.0,4.585488111614968e-06,0.002804252951038237,1.1398696112678029e-05,100.0,0.20012311892963264,5000.0,2.0,0.04000000000000001,0.3,1.0,17.55807459292981,0.0,0.002505923596343598,1.1190496610231584
stationary_d10,10,5.0,stationary,0.001,0.0,0.0,0,frozen,Gaussian-m1,gaussian,1017,10000,0.0,3.0422383359318615e-05,0.0031189266940355536,1.3885465361732954e-05,100.0,0.1983034293436264,5000.0,2.0,0.04000000000000001,0.3,1.0,20.04938759074584,0.0,0.002505923596343598,1.2446216231757388
stationary_d10,10,5.0,stationary,0.001,0.0,0.0,0,frozen,Gaussian-m1,gaussian,1018,10000,0.0,1.2216808510716654e-05,0.003049484439677666,1.2169302963575873e-05,100.0,0.19885240993162526,5000.0,2.0,0.04000000000000001,0.3,1.0,16.27902629358011,0.0,0.002505923596343598,1.2169103815164914
stationary_d10,10,5.0,stationary,0.001,0.0,0.0,0,frozen,Gaussian-m1,gaussian,1019,10000,0.0,4.597124515594797e-06,0.0026202818834198858,1.2047924193290373e-05,100.0,0.1965322477345514,5000.0,2.0,0.04000000000000001,0.3,1.0,21.061428242891235,0.0,0.002505923596343598,1.0456351850643604
stationary_d10,10,5.0,stationary,0.001,0.0,0.0,0,frozen,Gaussian-m1,gaussian,1020,10000,0.0,1.6646570009117336e-05,0.003246035526260298,1.197940414293745e-05,150.0,0.19603194933645304,5000.0,2.0,0.04000000000000001,0.3,1.0,21.994771767568995,0.0,0.002505923596343598,1.2953449702124198
stationary_d10,10,5.0,stationary,0.001,0.0,0.0,0,frozen,Gaussian-m1,gaussian,1021,10000,0.0,6.712534772178781e-06,0.0029609780698024784,9.604901445377157e-06,150.0,0.20100316787897196,5000.0,2.0,0.04000000000000001,0.3,1.0,17.930938693926475,0.0,0.002505923596343598,1.1815915194393205
stationary_d10,10,5.0,stationary,0.001,0.0,0.0,0,frozen,Gaussian-m1,gaussian,1022,10000,0.0,1.262210403421521e-05,0.003413395211515772,1.2676181542252048e-05,150.0,0.199297514542095,5000.0,2.0,0.04000000000000001,0.3,1.0,18.317265050241687,0.0,0.002505923596343598,1.3621305998699518
stationary_d10,10,5.0,stationary,0.001,0.0,0.0,0,frozen,Gaussian-m1,gaussian,1023,10000,0.0,1.3027859968564076e-05,0.0031004602723753516,1.2343906878550737e-05,150.0,0.20237297897226883,5000.0,2.0,0.04000000000000001,0.3,1.0,15.971108107771112,0.0,0.002505923596343598,1.2372525151601765
stationary_d10,10,5.0,stationary,0.001,0.0,0.0,0,frozen,Gaussian-m1,gaussian,1024,10000,0.0,1.3976202388997835e-05,0.0032101152569671853,1.2350774355647877e-05,150.0,0.19548936872263725,5000.0,2.0,0.04000000000000001,0.3,1.0,17.141077172155935,0.0,0.002505923596343598,1.281010826368001
stationary_d10,10,5.0,stationary,0.001,0.0,0.0,0,frozen,Gaussian-m1,gaussian,1025,10000,0.0,6.629015207567535e-06,0.0029117907450025957,1.2049452503389842e-05,100.0,0.20053205619467368,5000.0,2.0,0.04000000000000001,0.3,1.0,17.438967797138652,0.0,0.002505923596343598,1.1619630978578916
stationary_d10,10,5.0,stationary,0.001,0.0,0.0,0,frozen,Gaussian-m1,gaussian,1026,10000,0.0,1.2574628096144074e-05,0.0031549344234915334,9.413983141604058e-06,150.0,0.20101615213048596,5000.0,2.0,0.04000000000000001,0.3,1.0,15.576710794103642,0.0,0.002505923596343598,1.258990668388657
stationary_d10,10,5.0,stationary,0.001,0.0,0.0,0,frozen,Gaussian-m1,gaussian,1027,10000,0.0,5.735687391804167e-06,0.004203189028679176,1.1875394218925094e-05,200.0,0.20088383984197178,5000.0,2.0,0.04000000000000001,0.3,1.0,13.47970512890661,0.0,0.002505923596343598,1.6773013490164121
stationary_d10,10,5.0,stationary,0.001,0.0,0.0,0,frozen,Gaussian-m1,gaussian,1028,10000,0.0,1.428518734829483e-05,0.003089835142083294,1.27797434586747e-05,150.0,0.19949758209562315,5000.0,2.0,0.04000000000000001,0.3,1.0,14.86904562672883,0.0,0.002505923596343598,1.23301250947622
stationary_d10,10,5.0,stationary,0.001,0.0,0.0,0,frozen,Gaussian-m1,gaussian,1029,10000,0.0,8.39215927042645e-06,0.0028400093092756434,1.2452079874018314e-05,100.0,0.19847767675639363,5000.0,2.0,0.04000000000000001,0.3,1.0,16.785161277786006,0.0,0.002505923596343598,1.1333183954289392
stationary_d10,10,5.0,stationary,0.001,0.0,0.0,0,frozen,Gaussian-m1,gaussian,1030,10000,0.0,1.7822595847718726e-05,0.0033604162668751216,1.274015863978123e-05,100.0,0.19853121894333897,5000.0,2.0,0.04000000000000001,0.3,1.0,19.29083222275533,0.0,0.002505923596343598,1.3409891154615874
stationary_d10,10,5.0,stationary,0.001,0.0,0.0,0,frozen,Gaussian-m5,gaussian,1001,10000,0.0,4.197703056359719e-06,0.0028384186263764664,3.601631058981303e-06,150.0,0.3712892095224685,1000.0,10.0,0.1,0.3,5.0,4.646670850450276,0.0,0.002505923596343598,1.1326836263156679
stationary_d10,10,5.0,stationary,0.001,0.0,0.0,0,frozen,Gaussian-m5,gaussian,1002,10000,0.0,1.5207505917902535e-06,0.003980084935597717,4.219550745711748e-06,150.0,0.39001163649099807,1000.0,10.0,0.1,0.3,5.0,9.851582487773948,0.0,0.002505923596343598,1.5882706645186921
stationary_d10,10,5.0,stationary,0.001,0.0,0.0,0,frozen,Gaussian-m5,gaussian,1003,10000,0.0,5.683555253825918e-06,0.0032570693728675194,3.671974730211323e-06,150.0,0.396802659876913,1000.0,10.0,0.1,0.3,5.0,5.514190650235659,0.0,0.002505923596343598,1.2997480759668496
stationary_d10,10,5.0,stationary,0.001,0.0,0.0,0,frozen,Gaussian-m5,gaussian,1004,10000,0.0,6.4500062829406875e-06,0.003308506795212857,4.535674973906293e-06,150.0,0.3814722310105234,1000.0,10.0,0.1,0.3,5.0,6.782045687632248,0.0,0.002505923596343598,1.320274409020415
stationary_d10,10,5.0,stationary,0.001,0.0,0.0,0,frozen,Gaussian-m5,gaussian,1005,10000,0.0,2.065348358647794e-06,0.00393316728459677,3.818871926940851e-06,150.0,0.37566346506023807,1000.0,10.0,0.1,0.3,5.0,6.248893172890955,0.0,0.002505923596343598,1.5695479664007588
stationary_d10,10,5.0,stationary,0.001,0.0,0.0,0,frozen,Gaussian-m5,gaussian,1006,10000,0.0,2.504977841346068e-06,0.006229406499735319,3.5298638385897575e-06,200.0,0.37325110564930253,1000.0,10.0,0.1,0.3,5.0,6.530673031133523,0.0,0.002505923596343598,2.4858724778459598
stationary_d10,10,5.0,stationary,0.001,0.0,0.0,0,frozen,Gaussian-m5,gaussian,1007,10000,0.0,4.087268720492979e-06,0.003074625459736769,4.215731627645533e-06,150.0,0.37805065379412633,1000.0,10.0,0.1,0.3,5.0,4.482200162173369,0.0,0.002505923596343598,1.2269430178250311
stationary_d10,10,5.0,stationary,0.001,0.0,0.0,0,frozen,Gaussian-m5,gaussian,1008,10000,0.0,7.139610449024382e-06,0.0027543316673324936,4.787401367766949e-06,100.0,0.37447375250685716,1000.0,10.0,0.1,0.3,5.0,6.329639405034544,0.0,0.002505923596343598,1.0991283498632396
stationary_d10,10,5.0,stationary,0.001,0.0,0.0,0,frozen,Gaussian-m5,gaussian,1009,10000,0.0,5.093687460023605e-06,0.003683394379230603,3.908553371619573e-06,150.0,0.37164981059233254,1000.0,10.0,0.1,0.3,5.0,5.8118050734167115,0.0,0.002505923596343598,1.4698749732853216
stationary_d10,10,5.0,stationary,0.001,0.0,0.0,0,frozen,Gaussian-m5,gaussian,1010,10000,0.0,2.359445650174706e-06,0.002632569458896975,4.7936246247675835e-06,100.0,0.37086854606248304,1000.0,10.0,0.1,0.3,5.0,9.130316128807438,0.0,0.002505923596343598,1.0505385969221754
stationary_d10,10,5.0,stationary,0.001,0.0,0.0,0,frozen,Gaussian-m5,gaussian,1011,10000,0.0,5.079962411258057e-06,0.004872655681941808,3.8999860957184745e-06,200.0,0.3702355554641111,1000.0,10.0,0.1,0.3,5.0,6.315686498777044,0.0,0.002505923596343598,1.9444550061508328
stationary_d10,10,5.0,stationary,0.001,0.0,0.0,0,frozen,Gaussian-m5,gaussian,1012,10000,0.0,3.5774758468270822e-06,0.0031837644186110668,4.395110263639205e-06,150.0,0.37504250171645603,1000.0,10.0,0.1,0.3,5.0,4.559794649964619,0.0,0.002505923596343598,1.2704954066662322
stationary_d10,10,5.0,stationary,0.001,0.0,0.0,0,frozen,Gaussian-m5,gaussian,1013,10000,0.0,5.7253754074340075e-06,0.003028195678400207,4.000706764655549e-06,150.0,0.377361655415117,1000.0,10.0,0.1,0.3,5.0,5.394219531658483,0.0,0.002505923596343598,1.208415006274995
stationary_d10,10,5.0,stationary,0.001,0.0,0.0,0,frozen,Gaussian-m5,gaussian,1014,10000,0.0,1.4869476951374857e-06,0.0029035779611059367,3.1851394143958425e-06,150.0,0.37898852436490654,1000.0,10.0,0.1,0.3,5.0,9.754298707860698,0.0,0.002505923596343598,1.1586857497740783
stationary_d10,10,5.0,stationary,0.001,0.0,0.0,0,frozen,Gaussian-m5,gaussian,1015,10000,0.0,3.503881986086098e-06,0.003163934945843623,3.3748615469672724e-06,150.0,0.3875934439877385,1000.0,10.0,0.1,0.3,5.0,6.643056234992389,0.0,0.002505923596343598,1.26258236702034
stationary_d10,10,5.0,stationary,0.001,0.0,0.0,0,frozen,Gaussian-m5,gaussian,1016,10000,0.0,1.3673939131768896e-06,0.003410935446113214,3.5886778444258388e-06,200.0,0.37526856935208563,1000.0,10.0,0.1,0.3,5.0,4.7855983115587355,0.0,0.002505923596343598,1.361149019503277
stationary_d10,10,5.0,stationary,0.001,0.0,0.0,0,frozen,Gaussian-m5,gaussian,1017,10000,0.0,2.6010002045416094e-06,0.0034931685233521707,4.173232428755577e-06,150.0,0.37103607419608614,1000.0,10.0,0.1,0.3,5.0,5.246317312250035,0.0,0.002505923596343598,1.393964496143883
stationary_d10,10,5.0,stationary,0.001,0.0,0.0,0,frozen,Gaussian-m5,gaussian,1018,10000,0.0,4.713576238032014e-06,0.004555316128910007,3.809093379733443e-06,200.0,0.3796726172389061,1000.0,10.0,0.1,0.3,5.0,5.752850713199957,0.0,0.002505923596343598,1.817819240601224
stationary_d10,10,5.0,stationary,0.001,0.0,0.0,0,frozen,Gaussian-m5,gaussian,1019,10000,0.0,4.8824631787884e-06,0.0033338342712278804,4.491106744418239e-06,150.0,0.3794721121187059,1000.0,10.0,0.1,0.3,5.0,5.124488493411247,0.0,0.002505923596343598,1.3303814514106853
stationary_d10,10,5.0,stationary,0.001,0.0,0.0,0,frozen,Gaussian-m5,gaussian,1020,10000,0.0,8.329758037423357e-06,0.0035835445227995898,4.9184315624150395e-06,200.0,0.36567091725760065,1000.0,10.0,0.1,0.3,5.0,4.861290559915444,0.0,0.002505923596343598,1.4300294422496969
stationary_d10,10,5.0,stationary,0.001,0.0,0.0,0,frozen,Gaussian-m5,gaussian,1021,10000,0.0,2.4635202768864984e-06,0.0033066498552128416,3.607957123876733e-06,150.0,0.37606715669612256,1000.0,10.0,0.1,0.3,5.0,6.491026522044514,0.0,0.002505923596343598,1.3195333888222236
stationary_d10,10,5.0,stationary,0.001,0.0,0.0,0,frozen,Gaussian-m5,gaussian,1022,10000,0.0,2.886907034787342e-06,0.004007542733608943,4.185703405779652e-06,150.0,0.38767180805220075,1000.0,10.0,0.1,0.3,5.0,9.231208319913996,0.0,0.002505923596343598,1.5992278214133755
stationary_d10,10,5.0,stationary,0.001,0.0,0.0,0,frozen,Gaussian-m5,gaussian,1023,10000,0.0,2.889898104076421e-06,0.004482023417400655,4.058533883719089e-06,250.0,0.38804065493431417,1000.0,10.0,0.1,0.3,5.0,6.40483109553175,0.0,0.002505923596343598,1.7885714568235005
stationary_d10,10,5.0,stationary,0.001,0.0,0.0,0,frozen,Gaussian-m5,gaussian,1024,10000,0.0,2.488555577427167e-06,0.004246079371609462,4.240652224630546e-06,200.0,0.3727863413193967,1000.0,10.0,0.1,0.3,5.0,6.941870783867912,0.0,0.002505923596343598,1.6944169318669298
stationary_d10,10,5.0,stationary,0.001,0.0,0.0,0,frozen,Gaussian-m5,gaussian,1025,10000,0.0,6.045794062826609e-06,0.0039650965080861,4.373392403208564e-06,200.0,0.3711301417672963,1000.0,10.0,0.1,0.3,5.0,5.188796174016209,0.0,0.002505923596343598,1.5822894655972697
stationary_d10,10,5.0,stationary,0.001,0.0,0.0,0,frozen,Gaussian-m5,gaussian,1026,10000,0.0,4.278157221906605e-06,0.0036571003038387835,4.34455360976537e-06,200.0,0.3877749665331465,1000.0,10.0,0.1,0.3,5.0,8.379262238842403,0.0,0.002505923596343598,1.4593822050979015
stationary_d10,10,5.0,stationary,0.001,0.0,0.0,0,frozen,Gaussian-m5,gaussian,1027,10000,0.0,2.793754255957675e-06,0.0033732567683631494,3.6422800579505605e-06,150.0,0.3795901133626633,1000.0,10.0,0.1,0.3,5.0,7.434652824768604,0.0,0.002505923596343598,1.3461131749128665
stationary_d10,10,5.0,stationary,0.001,0.0,0.0,0,frozen,Gaussian-m5,gaussian,1028,10000,0.0,4.261749034701674e-06,0.0037856247723564124,3.950279106633246e-06,150.0,0.3658694358881838,1000.0,10.0,0.1,0.3,5.0,6.571162267317008,0.0,0.002505923596343598,1.5106704681180347
stationary_d10,10,5.0,stationary,0.001,0.0,0.0,0,frozen,Gaussian-m5,gaussian,1029,10000,0.0,7.241547961751305e-07,0.002889908515246103,4.455407515310023e-06,150.0,0.37157162920654546,1000.0,10.0,0.1,0.3,5.0,7.288970855222591,0.0,0.002505923596343598,1.1532308963700164
stationary_d10,10,5.0,stationary,0.001,0.0,0.0,0,frozen,Gaussian-m5,gaussian,1030,10000,0.0,1.1663726584924426e-06,0.004082553175513086,4.5842950553206255e-06,150.0,0.3728450236975805,1000.0,10.0,0.1,0.3,5.0,3.751287587936,0.0,0.002505923596343598,1.6291610731747583
stationary_d10,10,5.0,stationary,0.001,0.0,0.0,0,frozen,Gaussian-m20,gaussian,1001,10000,0.0,3.0464372405581313e-05,0.007528336489721155,1.8275051054238233e-05,350.0,0.5661234898804421,250.0,40.0,0.2,0.1,20.0,3.9162416575271903,0.0,0.002505923596343598,3.004216290036048
stationary_d10,10,5.0,stationary,0.001,0.0,0.0,0,frozen,Gaussian-m20,gaussian,1002,10000,0.0,4.396479872671418e-05,0.00546989943547745,1.9681462772157485e-05,300.0,0.5734829635995153,250.0,40.0,0.2,0.1,20.0,4.644977234338293,0.0,0.002505923596343598,2.182787792675962
stationary_d10,10,5.0,stationary,0.001,0.0,0.0,0,frozen,Gaussian-m20,gaussian,1003,10000,0.0,2.3489347243776774e-05,0.005334666342425974,1.5891294836315753e-05,300.0,0.5725718568630727,250.0,40.0,0.2,0.1,20.0,3.213107876431006,0.0,0.002505923596343598,2.128822423081775
stationary_d10,10,5.0,stationary,0.001,0.0,0.0,0,frozen,Gaussian-m20,gaussian,1004,10000,0.0,7.81058065487832e-06,0.004465204335244164,1.91797898228265e-05,200.0,0.557912353493226,250.0,40.0,0.2,0.1,20.0,4.924268799818858,0.0,0.002505923596343598,1.7818597269922196
stationary_d10,10,5.0,stationary,0.001,0.0,0.0,0,frozen,Gaussian-m20,gaussian,1005,10000,0.0,1.3833457998771481e-05,0.005632179584082022,1.956699598231522e-05,250.0,0.5469065156139389,250.0,40.0,0.2,0.1,20.0,4.514185644331339,0.0,0.002505923596343598,2.2475464105529612
stationary_d10,10,5.0,stationary,0.001,0.0,0.0,0,frozen,Gaussian-m20,gaussian,1006,10000,0.0,1.6814228522627916e-05,0.007634552890402122,2.0036171934698625e-05,300.0,0.5826016561033195,250.0,40.0,0.2,0.1,20.0,4.152758015050246,0.0,0.002505923596343598,3.0466024189810597
stationary_d10,10,5.0,stationary,0.001,0.0,0.0,0,frozen,Gaussian-m20,gaussian,1007,10000,0.0,9.65689653849173e-06,0.006764632006043989,1.6990553985258225e-05,300.0,0.5704236003531505,250.0,40.0,0.2,0.1,20.0,4.7706754059009,0.0,0.002505923596343598,2.6994566059054184
stationary_d10,10,5.0,stationary,0.001,0.0,0.0,0,frozen,Gaussian-m20,gaussian,1008,10000,0.0,2.2961477649462445e-05,0.007865990439938813,1.8274206464012517e-05,350.0,0.5724489512838769,250.0,40.0,0.2,0.1,20.0,2.985359252341328,0.0,0.002505923596343598,3.138958606485891
stationary_d10,10,5.0,stationary,0.001,0.0,0.0,0,frozen,Gaussian-m20,gaussian,1009,10000,0.0,3.113616212566316e-05,0.006524212048270533,1.822281631350693e-05,300.0,0.5719315472158475,250.0,40.0,0.2,0.1,20.0,3.9070409238090043,0.0,0.002505923596343598,2.6035159482875034
stationary_d10,10,5.0,stationary,0.001,0.0,0.0,0,frozen,Gaussian-m20,gaussian,1010,10000,0.0,3.578498224373582e-06,0.004006669907704772,1.7560325233019743e-05,200.0,0.559661219324978,250.0,40.0,0.2,0.1,20.0,4.485793263209333,0.0,0.002505923596343598,1.5988795163391725
stationary_d10,10,5.0,stationary,0.001,0.0,0.0,0,frozen,Gaussian-m20,gaussian,1011,10000,0.0,2.8884947528860105e-05,0.00619965607503621,1.760024264193255e-05,250.0,0.5669376075601603,250.0,40.0,0.2,0.1,20.0,3.865980076881,0.0,0.002505923596343598,2.4740004380349627
stationary_d10,10,5.0,stationary,0.001,0.0,0.0,0,frozen,Gaussian-m20,gaussian,1012,10000,0.0,1.7630147415998722e-05,0.007335478493387987,1.946675225377071e-05,300.0,0.5639764991603419,250.0,40.0,0.2,0.1,20.0,3.718613423192053,0.0,0.002505923596343598,2.927255445493713
stationary_d10,10,5.0,stationary,0.001,0.0,0.0,0,frozen,Gaussian-m20,gaussian,1013,10000,0.0,2.6689980548681488e-05,0.0053212786016547465,1.5818974336320755e-05,250.0,0.5662563864829365,250.0,40.0,0.2,0.1,20.0,4.131355905900971,0.0,0.002505923596343598,2.123479985351127
stationary_d10,10,5.0,stationary,0.001,0.0,0.0,0,frozen,Gaussian-m20,gaussian,1014,10000,0.0,1.3353167741275496e-05,0.0075563628609021695,2.5606933178671575e-05,300.0,0.5866781497347614,250.0,40.0,0.2,0.1,20.0,6.088834006993825,0.0,0.002505923596343598,3.0154003385927988
stationary_d10,10,5.0,stationary,0.001,0.0,0.0,0,frozen,Gaussian-m20,gaussian,1015,10000,0.0,3.641676852717694e-05,0.006063336782082252,1.709821650043278e-05,200.0,0.5693596798170393,250.0,40.0,0.2,0.1,20.0,3.430117705585908,0.0,0.002505923596343598,2.419601615519838
stationary_d10,10,5.0,stationary,0.001,0.0,0.0,0,frozen,Gaussian-m20,gaussian,1016,10000,0.0,1.0158565127382997e-05,0.006336415721943901,1.2499739481589119e-05,250.0,0.5632741128802609,250.0,40.0,0.2,0.1,20.0,3.8467994095359135,0.0,0.002505923596343598,2.5285749857614923
stationary_d10,10,5.0,stationary,0.001,0.0,0.0,0,frozen,Gaussian-m20,gaussian,1017,10000,0.0,8.08524012167997e-06,0.00554647715695575,1.9047498939948553e-05,200.0,0.556763801167582,250.0,40.0,0.2,0.1,20.0,4.444493228670831,0.0,0.002505923596343598,2.2133464743492715
stationary_d10,10,5.0,stationary,0.001,0.0,0.0,0,frozen,Gaussian-m20,gaussian,1018,10000,0.0,7.693113128547453e-06,0.006752211205431736,1.7242110976276517e-05,300.0,0.5723752193407574,250.0,40.0,0.2,0.1,20.0,3.768981014455201,0.0,0.002505923596343598,2.69450002996257
stationary_d10,10,5.0,stationary,0.001,0.0,0.0,0,frozen,Gaussian-m20,gaussian,1019,10000,0.0,1.937460031456259e-05,0.007629571185607127,1.8513920885306253e-05,250.0,0.5700598578321986,250.0,40.0,0.2,0.1,20.0,5.632066995860389,0.0,0.002505923596343598,3.0446144474394434
stationary_d10,10,5.0,stationary,0.001,0.0,0.0,0,frozen,Gaussian-m20,gaussian,1020,10000,0.0,1.6622258887432184e-05,0.006338473917171088,1.5575703426662793e-05,250.0,0.5728863479901939,250.0,40.0,0.2,0.1,20.0,5.007391415734167,0.0,0.002505923596343598,2.5293963177566856
stationary_d10,10,5.0,stationary,0.001,0.0,0.0,0,frozen,Gaussian-m20,gaussian,1021,10000,0.0,3.326552640461197e-05,0.00763138384764866,1.9570575586054863e-05,250.0,0.5681954471901729,250.0,40.0,0.2,0.1,20.0,3.3997391125050296,0.0,0.002505923596343598,3.045337798320603
stationary_d10,10,5.0,stationary,0.001,0.0,0.0,0,frozen,Gaussian-m20,gaussian,1022,10000,0.0,1.5670791070044347e-05,0.004249762896521764,2.1660093375600173e-05,200.0,0.5673032352150965,250.0,40.0,0.2,0.1,20.0,4.393560545100436,0.0,0.002505923596343598,1.69588685893002
stationary_d10,10,5.0,stationary,0.001,0.0,0.0,0,frozen,Gaussian-m20,gaussian,1023,10000,0.0,8.42496307053149e-06,0.007553089376753563,1.3639076406169834e-05,350.0,0.5706802838867716,250.0,40.0,0.2,0.1,20.0,3.396001352436503,0.0,0.002505923596343598,3.014094040127282
stationary_d10,10,5.0,stationary,0.001,0.0,0.0,0,frozen,Gaussian-m20,gaussian,1024,10000,0.0,1.3899886659509977e-05,0.009990620387621926,2.0951565001701366e-05,400.0,0.5534682499080289,250.0,40.0,0.2,0.1,20.0,3.985428154773667,0.0,0.002505923596343598,3.9868016735223994
stationary_d10,10,5.0,stationary,0.001,0.0,0.0,0,frozen,Gaussian-m20,gaussian,1025,10000,0.0,8.483849435001863e-06,0.007684433528159792,1.6239185233653294e-05,300.0,0.547699674457761,250.0,40.0,0.2,0.1,20.0,3.3710603806313655,0.0,0.002505923596343598,3.0665075101939165
stationary_d10,10,5.0,stationary,0.001,0.0,0.0,0,frozen,Gaussian-m20,gaussian,1026,10000,0.0,3.6418320824965663e-05,0.00392898304011803,1.7624085199140318e-05,200.0,0.5798733750336102,250.0,40.0,0.2,0.1,20.0,4.480080352582291,0.0,0.002505923596343598,1.5678782249589824
stationary_d10,10,5.0,stationary,0.001,0.0,0.0,0,frozen,Gaussian-m20,gaussian,1027,10000,0.0,1.6399495456169093e-05,0.005761368167453792,1.8941812755682353e-05,250.0,0.5694777973204282,250.0,40.0,0.2,0.1,20.0,4.500316396665268,0.0,0.002505923596343598,2.2990996915708943
stationary_d10,10,5.0,stationary,0.001,0.0,0.0,0,frozen,Gaussian-m20,gaussian,1028,10000,0.0,2.0992027994505546e-05,0.005779235825809596,1.546316843398313e-05,250.0,0.5570668911322785,250.0,40.0,0.2,0.1,20.0,2.6488178363277006,0.0,0.002505923596343598,2.3062298604163747
stationary_d10,10,5.0,stationary,0.001,0.0,0.0,0,frozen,Gaussian-m20,gaussian,1029,10000,0.0,8.210904710052577e-06,0.004158547108420231,1.7218317661166858e-05,200.0,0.5782032339589367,250.0,40.0,0.2,0.1,20.0,3.830589203456133,0.0,0.002505923596343598,1.6594867914121494
stationary_d10,10,5.0,stationary,0.001,0.0,0.0,0,frozen,Gaussian-m20,gaussian,1030,10000,0.0,7.813451158037937e-06,0.00913398322265464,2.2839013594179848e-05,250.0,0.5812034488747992,250.0,40.0,0.2,0.1,20.0,6.81657556228423,0.0,0.002505923596343598,3.644956787981113
stationary_d10,10,5.0,stationary,0.001,0.0,0.0,0,frozen,CoordinateCentral,coordinate,1001,10000,0.0,6.308327384121726e-06,0.010079501785946033,3.989180239703868e-06,600.0,0.3539887201004934,500.0,20.0,0.04,0.1,1.0,3.376604054995494,0.0,0.002505923596343598,4.022270192376603
stationary_d10,10,5.0,stationary,0.001,0.0,0.0,0,frozen,CoordinateCentral,coordinate,1002,10000,0.0,5.409187589953377e-06,0.010087669981518133,4.265305174738779e-06,600.0,0.33277027833203615,500.0,20.0,0.04,0.1,1.0,3.3954025080680257,0.0,0.002505923596343598,4.025529747290415
stationary_d10,10,5.0,stationary,0.001,0.0,0.0,0,frozen,CoordinateCentral,coordinate,1003,10000,0.0,2.991349204484206e-06,0.010085462826641519,3.387122334310579e-06,600.0,0.3334174333835817,500.0,20.0,0.04,0.1,1.0,3.3870130516524486,0.0,0.002505923596343598,4.024648972282018
stationary_d10,10,5.0,stationary,0.001,0.0,0.0,0,frozen,CoordinateCentral,coordinate,1004,10000,0.0,5.810424584850382e-06,0.010098093998607909,2.7082496278880627e-06,600.0,0.3454435640563502,500.0,20.0,0.04,0.1,1.0,3.371630564779476,0.0,0.002505923596343598,4.029689497853036
stationary_d10,10,5.0,stationary,0.001,0.0,0.0,0,frozen,CoordinateCentral,coordinate,1005,10000,0.0,5.3138217333246845e-06,0.010065505191173966,5.0932507174107e-06,600.0,0.34362213111725887,500.0,20.0,0.04,0.1,1.0,3.3941000483597135,0.0,0.002505923596343598,4.016684788738404
stationary_d10,10,5.0,stationary,0.001,0.0,0.0,0,frozen,CoordinateCentral,coordinate,1006,10000,0.0,2.7129586967996794e-06,0.010114689761439696,4.1083027853276e-06,600.0,0.34490727881417516,500.0,20.0,0.04,0.1,1.0,3.3762202957977085,0.0,0.002505923596343598,4.03631211111068
stationary_d10,10,5.0,stationary,0.001,0.0,0.0,0,frozen,CoordinateCentral,coordinate,1007,10000,0.0,4.999609426608345e-06,0.010124689374004146,5.026855560563201e-06,600.0,0.34886490627886735,500.0,20.0,0.04,0.1,1.0,3.376137977632704,0.0,0.002505923596343598,4.0403025011525155
stationary_d10,10,5.0,stationary,0.001,0.0,0.0,0,frozen,CoordinateCentral,coordinate,1008,10000,0.0,2.399875527976428e-06,0.010070129965385144,3.4818033372867503e-06,600.0,0.3438760109568834,500.0,20.0,0.04,0.1,1.0,3.3843332669978445,0.0,0.002505923596343598,4.0185303255368625
stationary_d10,10,5.0,stationary,0.001,0.0,0.0,0,frozen,CoordinateCentral,coordinate,1009,10000,0.0,6.473703435872247e-06,0.010069412667719031,4.6064585495875225e-06,600.0,0.34090456318882556,500.0,20.0,0.04,0.1,1.0,3.381703139989122,0.0,0.002505923596343598,4.018244084700486
stationary_d10,10,5.0,stationary,0.001,0.0,0.0,0,frozen,CoordinateCentral,coordinate,1010,10000,0.0,2.853936535792902e-06,0.010113737027544641,4.675232380440312e-06,600.0,0.34118126834029067,500.0,20.0,0.04,0.1,1.0,3.3788711073565416,0.0,0.002505923596343598,4.035931918395929
stationary_d10,10,5.0,stationary,0.001,0.0,0.0,0,frozen,CoordinateCentral,coordinate,1011,10000,0.0,6.436316473892347e-06,0.01008425071062261,3.973493810143796e-06,600.0,0.34440802105394697,500.0,20.0,0.04,0.1,1.0,3.373843616089134,0.0,0.002505923596343598,4.024165271972608
stationary_d10,10,5.0,stationary,0.001,0.0,0.0,0,frozen,CoordinateCentral,coordinate,1012,10000,0.0,6.012633764325429e-06,0.010074816432345103,4.276083315672968e-06,600.0,0.3391295624113389,500.0,20.0,0.04,0.1,1.0,3.383827265175795,0.0,0.002505923596343598,4.020400481102179
stationary_d10,10,5.0,stationary,0.001,0.0,0.0,0,frozen,CoordinateCentral,coordinate,1013,10000,0.0,7.846828760217814e-06,0.010087775694437544,4.620844879845044e-06,600.0,0.34443937538720093,500.0,20.0,0.04,0.1,1.0,3.386683988684444,0.0,0.002505923596343598,4.025571932502912
stationary_d10,10,5.0,stationary,0.001,0.0,0.0,0,frozen,CoordinateCentral,coordinate,1014,10000,0.0,1.025715629510571e-05,0.01009226743463269,6.4184170027314035e-06,600.0,0.3415645067452409,500.0,20.0,0.04,0.1,1.0,3.3818904781447574,0.0,0.002505923596343598,4.027364381483279
stationary_d10,10,5.0,stationary,0.001,0.0,0.0,0,frozen,CoordinateCentral,coordinate,1015,10000,0.0,4.4025758181497446e-06,0.010085786243368533,3.849772867527588e-06,600.0,0.3559225442181779,500.0,20.0,0.04,0.1,1.0,3.3795731921278764,0.0,0.002505923596343598,4.024778033170979
stationary_d10,10,5.0,stationary,0.001,0.0,0.0,0,frozen,CoordinateCentral,coordinate,1016,10000,0.0,5.441045997953979e-06,0.0101246513054115,4.756690272869321e-06,600.0,0.33689382934695117,500.0,20.0,0.04,0.1,1.0,3.3879744536724066,0.0,0.002505923596343598,4.040287309710645
stationary_d10,10,5.0,stationary,0.001,0.0,0.0,0,frozen,CoordinateCentral,coordinate,1017,10000,0.0,4.004004728608931e-06,0.010109802004137412,5.593434535670846e-06,600.0,0.3477791382992625,500.0,20.0,0.04,0.1,1.0,3.3875820122494056,0.0,0.002505923596343598,4.034361629735503
stationary_d10,10,5.0,stationary,0.001,0.0,0.0,0,frozen,CoordinateCentral,coordinate,1018,10000,0.0,1.3755953423541894e-06,0.010073638034890958,3.690895596312116e-06,600.0,0.34401801419769346,500.0,20.0,0.04,0.1,1.0,3.383606460131089,0.0,0.002505923596343598,4.01993023633659
stationary_d10,10,5.0,stationary,0.001,0.0,0.0,0,frozen,CoordinateCentral,coordinate,1019,10000,0.0,5.40677381012785e-06,0.010087736061209288,6.776761789110098e-06,600.0,0.3385747581042074,500.0,20.0,0.04,0.1,1.0,3.382619029156407,0.0,0.002505923596343598,4.025556116686214
stationary_d10,10,5.0,stationary,0.001,0.0,0.0,0,frozen,CoordinateCentral,coordinate,1020,10000,0.0,2.500034829984693e-06,0.010090332717882488,4.517871571294557e-06,600.0,0.3430494505189737,500.0,20.0,0.04,0.1,1.0,3.375738387860483,0.0,0.002505923596343598,4.026592324125655
stationary_d10,10,5.0,stationary,0.001,0.0,0.0,0,frozen,CoordinateCentral,coordinate,1021,10000,0.0,4.310824126395631e-06,0.010085308804037022,5.7996714030890565e-06,600.0,0.3407865324693958,500.0,20.0,0.04,0.1,1.0,3.3812319143716625,0.0,0.002505923596343598,4.024587508873987
stationary_d10,10,5.0,stationary,0.001,0.0,0.0,0,frozen,CoordinateCentral,coordinate,1022,10000,0.0,1.066486669643878e-05,0.010087478527089043,5.338423539241122e-06,600.0,0.3358527922231582,500.0,20.0,0.04,0.1,1.0,3.3688802020852875,0.0,0.002505923596343598,4.025453346545649
stationary_d10,10,5.0,stationary,0.001,0.0,0.0,0,frozen,CoordinateCentral,coordinate,1023,10000,0.0,2.8548586091082653e-06,0.010096256829348962,3.839953961434398e-06,600.0,0.33373790596059033,500.0,20.0,0.04,0.1,1.0,3.389519086969457,0.0,0.002505923596343598,4.0289563672573445
stationary_d10,10,5.0,stationary,0.001,0.0,0.0,0,frozen,CoordinateCentral,coordinate,1024,10000,0.0,3.599239735739985e-06,0.010071581398456935,4.315700265551546e-06,600.0,0.3296561714080302,500.0,20.0,0.04,0.1,1.0,3.377325366847006,0.0,0.002505923596343598,4.019109526384769
stationary_d10,10,5.0,stationary,0.001,0.0,0.0,0,frozen,CoordinateCentral,coordinate,1025,10000,0.0,2.1484738531650276e-06,0.010082144406848298,5.07089800619956e-06,600.0,0.3347353027264981,500.0,20.0,0.04,0.1,1.0,3.3859063435017505,0.0,0.002505923596343598,4.0233247420468805
stationary_d10,10,5.0,stationary,0.001,0.0,0.0,0,frozen,CoordinateCentral,coordinate,1026,10000,0.0,1.652527831510897e-06,0.010092247855789216,5.645574885614496e-06,600.0,0.3326755836129564,500.0,20.0,0.04,0.1,1.0,3.389815904949134,0.0,0.002505923596343598,4.027356568458372
stationary_d10,10,5.0,stationary,0.001,0.0,0.0,0,frozen,CoordinateCentral,coordinate,1027,10000,0.0,3.0860294402629074e-06,0.010107431317284277,5.135980592379605e-06,600.0,0.3460921106169074,500.0,20.0,0.04,0.1,1.0,3.3787272736509784,0.0,0.002505923596343598,4.033415596561709
stationary_d10,10,5.0,stationary,0.001,0.0,0.0,0,frozen,CoordinateCentral,coordinate,1028,10000,0.0,1.8364433032942755e-06,0.010082485292838792,6.285753221827166e-06,600.0,0.3393847804856212,500.0,20.0,0.04,0.1,1.0,3.388264630694683,0.0,0.002505923596343598,4.023460774123434
stationary_d10,10,5.0,stationary,0.001,0.0,0.0,0,frozen,CoordinateCentral,coordinate,1029,10000,0.0,1.062775844992845e-06,0.010097527889618724,4.057162373044278e-06,600.0,0.34538443015789927,500.0,20.0,0.04,0.1,1.0,3.3824882897069593,0.0,0.002505923596343598,4.029463589533242
stationary_d10,10,5.0,stationary,0.001,0.0,0.0,0,frozen,CoordinateCentral,coordinate,1030,10000,0.0,3.7897877045394185e-06,0.010136935273859435,3.124568907486074e-06,600.0,0.34103679678217313,500.0,20.0,0.04,0.1,1.0,3.3766090236783253,0.0,0.002505923596343598,4.045189282167371
linear_d10,10,5.0,linear,0.001,0.0001,0.0,0,frozen,SPSA-m1,spsa,1001,10000,1.0,1.180112026878811e-05,0.0028983177811005524,9.849843087047478e-06,150.0,0.24564249677986127,5000.0,2.0,0.04000000000000001,0.3,1.0,12.428971299295812,0.0,0.0025070889398571628,1.1560490475721532
linear_d10,10,5.0,linear,0.001,0.0001,0.0,0,frozen,SPSA-m1,spsa,1002,10000,1.0,3.6847773345480473e-06,0.004253721963894774,1.055279651737883e-05,200.0,0.24807104060138344,5000.0,2.0,0.04000000000000001,0.3,1.0,10.778043563939322,0.0,0.0025070889398571628,1.6966777270123983
linear_d10,10,5.0,linear,0.001,0.0001,0.0,0,frozen,SPSA-m1,spsa,1003,10000,1.0,1.2577629559254788e-05,0.0034039414057268035,1.0099377411596798e-05,150.0,0.24330475005893581,5000.0,2.0,0.04000000000000001,0.3,1.0,16.638772953484523,0.0,0.0025070889398571628,1.3577266253349343
linear_d10,10,5.0,linear,0.001,0.0001,0.0,0,frozen,SPSA-m1,spsa,1004,10000,1.0,1.149494255715787e-05,0.004520677943973932,1.2006156123965045e-05,200.0,0.24742466089023238,5000.0,2.0,0.04000000000000001,0.3,1.0,12.829792708355482,0.0,0.0025070889398571628,1.803158185617256
linear_d10,10,5.0,linear,0.001,0.0001,0.0,0,frozen,SPSA-m1,spsa,1005,10000,1.0,9.287923657246165e-06,0.0031843413147941905,1.286634185754272e-05,150.0,0.24787762222190232,5000.0,2.0,0.04000000000000001,0.3,1.0,11.15722264050487,0.0,0.0025070889398571628,1.2701349617758726
linear_d10,10,5.0,linear,0.001,0.0001,0.0,0,frozen,SPSA-m1,spsa,1006,10000,1.0,1.358532799210458e-05,0.0032476827377478697,1.3051613574123307e-05,150.0,0.24850518844030783,5000.0,2.0,0.04000000000000001,0.3,1.0,14.334991904135098,0.0,0.0025070889398571628,1.2953998903337274
linear_d10,10,5.0,linear,0.001,0.0001,0.0,0,frozen,SPSA-m1,spsa,1007,10000,1.0,9.675687246842769e-06,0.0028002659548575547,1.1977727472370054e-05,100.0,0.246383407997194,5000.0,2.0,0.04000000000000001,0.3,1.0,22.237533777922078,0.0,0.0025070889398571628,1.1169392159725675
linear_d10,10,5.0,linear,0.001,0.0001,0.0,0,frozen,SPSA-m1,spsa,1008,10000,1.0,1.1253854803559469e-05,0.0030227001943404,1.0894530205534279e-05,100.0,0.2483066357808213,5000.0,2.0,0.04000000000000001,0.3,1.0,18.873687476938887,0.0,0.0025070889398571628,1.2056613334637474
linear_d10,10,5.0,linear,0.001,0.0001,0.0,0,frozen,SPSA-m1,spsa,1009,10000,1.0,3.995570164197091e-06,0.0037348615877487445,1.0740968560122852e-05,150.0,0.2511945272595006,5000.0,2.0,0.04000000000000001,0.3,1.0,15.993537556292626,0.0,0.0025070889398571628,1.489720419715757
linear_d10,10,5.0,linear,0.001,0.0001,0.0,0,frozen,SPSA-m1,spsa,1010,10000,1.0,4.348902568626576e-06,0.0031439041053716948,1.0735290075927984e-05,100.0,0.2465777727591316,5000.0,2.0,0.04000000000000001,0.3,1.0,22.948473823387275,0.0,0.0025070889398571628,1.2540058134318974
linear_d10,10,5.0,linear,0.001,0.0001,0.0,0,frozen,SPSA-m1,spsa,1011,10000,1.0,1.7005288761981503e-05,0.002911087543118851,1.3343271021419829e-05,100.0,0.2447526074077582,5000.0,2.0,0.04000000000000001,0.3,1.0,16.340952258600876,0.0,0.0025070889398571628,1.1611425094814167
linear_d10,10,5.0,linear,0.001,0.0001,0.0,0,frozen,SPSA-m1,spsa,1012,10000,1.0,1.2297006622720761e-05,0.003190138380213324,1.166550030699469e-05,150.0,0.24682117440797002,5000.0,2.0,0.04000000000000001,0.3,1.0,14.638002989118464,0.0,0.0025070889398571628,1.2724472313276116
linear_d10,10,5.0,linear,0.001,0.0001,0.0,0,frozen,SPSA-m1,spsa,1013,10000,1.0,1.0270156278661124e-05,0.0031315460573538936,1.0450427303303308e-05,100.0,0.24741802995457196,5000.0,2.0,0.04000000000000001,0.3,1.0,16.902350788239005,0.0,0.0025070889398571628,1.2490765714647156
linear_d10,10,5.0,linear,0.001,0.0001,0.0,0,frozen,SPSA-m1,spsa,1014,10000,1.0,3.74258881612324e-06,0.0029052638706096082,9.770604441138278e-06,100.0,0.24955878935273773,5000.0,2.0,0.04000000000000001,0.3,1.0,13.570906447511776,0.0,0.0025070889398571628,1.1588196271868723
linear_d10,10,5.0,linear,0.001,0.0001,0.0,0,frozen,SPSA-m1,spsa,1015,10000,1.0,8.14228839386687e-06,0.0038417696549469037,1.0534863062620794e-05,150.0,0.24744579980160533,5000.0,2.0,0.04000000000000001,0.3,1.0,14.764106764293727,0.0,0.0025070889398571628,1.53236273108276
linear_d10,10,5.0,linear,0.001,0.0001,0.0,0,frozen,SPSA-m1,spsa,1016,10000,1.0,1.1184505516832e-05,0.004852612994734877,1.4531572067024604e-05,150.0,0.24226377322313955,5000.0,2.0,0.04000000000000001,0.3,1.0,11.017329006440551,0.0,0.0025070889398571628,1.9355567796535158
linear_d10,10,5.0,linear,0.001,0.0001,0.0,0,frozen,SPSA-m1,spsa,1017,10000,1.0,7.1245549872837e-06,0.002930092698667877,1.0466042968291036e-05,150.0,0.2488491932548286,5000.0,2.0,0.04000000000000001,0.3,1.0,22.8966125835327,0.0,0.0025070889398571628,1.168723076427761
linear_d10,10,5.0,linear,0.001,0.0001,0.0,0,frozen,SPSA-m1,spsa,1018,10000,1.0,4.97850153348972e-06,0.002838199931171128,1.1120677177923691e-05,100.0,0.24764843924454955,5000.0,2.0,0.04000000000000001,0.3,1.0,20.35251787858075,0.0,0.0025070889398571628,1.132069902287882
linear_d10,10,5.0,linear,0.001,0.0001,0.0,0,frozen,SPSA-m1,spsa,1019,10000,1.0,9.828766680335183e-06,0.0026585964631591374,9.983720393092516e-06,100.0,0.24479567854197268,5000.0,2.0,0.04000000000000001,0.3,1.0,20.01359426225452,0.0,0.0025070889398571628,1.0604316507856344
linear_d10,10,5.0,linear,0.001,0.0001,0.0,0,frozen,SPSA-m1,spsa,1020,10000,1.0,3.0895488430625844e-06,0.002963425000858746,1.0819824054774671e-05,100.0,0.24903135182850702,5000.0,2.0,0.04000000000000001,0.3,1.0,13.962120861728637,0.0,0.0025070889398571628,1.1820182976945293
linear_d10,10,5.0,linear,0.001,0.0001,0.0,0,frozen,SPSA-m1,spsa,1021,10000,1.0,3.950365408759037e-06,0.0032064744337197007,1.5228049422907047e-05,150.0,0.24391166550257348,5000.0,2.0,0.04000000000000001,0.3,1.0,22.92115425733363,0.0,0.0025070889398571628,1.278963176273429
linear_d10,10,5.0,linear,0.001,0.0001,0.0,0,frozen,SPSA-m1,spsa,1022,10000,1.0,2.2307015818557383e-05,0.004341122032040004,1.1491903213766216e-05,100.0,0.24707202376306103,5000.0,2.0,0.04000000000000001,0.3,1.0,13.407061679089315,0.0,0.0025070889398571628,1.7315389027592025
linear_d10,10,5.0,linear,0.001,0.0001,0.0,0,frozen,SPSA-m1,spsa,1023,10000,1.0,8.112079010767428e-06,0.0030056028925348867,1.1550710187153585e-05,150.0,0.24716420789573054,5000.0,2.0,0.04000000000000001,0.3,1.0,14.396221840851993,0.0,0.0025070889398571628,1.19884175018782
linear_d10,10,5.0,linear,0.001,0.0001,0.0,0,frozen,SPSA-m1,spsa,1024,10000,1.0,1.2347107547980974e-05,0.0039406239752153675,1.2187870684186234e-05,150.0,0.24382781625103708,5000.0,2.0,0.04000000000000001,0.3,1.0,16.384664148164482,0.0,0.0025070889398571628,1.5717926526531116
linear_d10,10,5.0,linear,0.001,0.0001,0.0,0,frozen,SPSA-m1,spsa,1025,10000,1.0,7.5831320653083344e-06,0.0032694924453885413,1.0201917355104788e-05,100.0,0.24486240452763264,5000.0,2.0,0.04000000000000001,0.3,1.0,16.550311858130396,0.0,0.0025070889398571628,1.304099106103039
linear_d10,10,5.0,linear,0.001,0.0001,0.0,0,frozen,SPSA-m1,spsa,1026,10000,1.0,2.0558901140229537e-05,0.0029390980676829116,1.298870301528377e-05,150.0,0.24592473624257835,5000.0,2.0,0.04000000000000001,0.3,1.0,13.359629637537102,0.0,0.0025070889398571628,1.172315038751821
linear_d10,10,5.0,linear,0.001,0.0001,0.0,0,frozen,SPSA-m1,spsa,1027,10000,1.0,1.2961145489032853e-05,0.003392139066675324,1.080691569481973e-05,150.0,0.24860206024167827,5000.0,2.0,0.04000000000000001,0.3,1.0,13.22273189650192,0.0,0.0025070889398571628,1.3530190384345062
linear_d10,10,5.0,linear,0.001,0.0001,0.0,0,frozen,SPSA-m1,spsa,1028,10000,1.0,2.2999473125068126e-05,0.002793358483915867,1.1647272094662767e-05,100.0,0.24671803484641422,5000.0,2.0,0.04000000000000001,0.3,1.0,15.070886980043555,0.0,0.0025070889398571628,1.1141840401062972
linear_d10,10,5.0,linear,0.001,0.0001,0.0,0,frozen,SPSA-m1,spsa,1029,10000,1.0,5.939395262368327e-06,0.0033296203026068204,1.1820776769256329e-05,150.0,0.25090218369796585,5000.0,2.0,0.04000000000000001,0.3,1.0,12.812624392663214,0.0,0.0025070889398571628,1.3280822429843753
linear_d10,10,5.0,linear,0.001,0.0001,0.0,0,frozen,SPSA-m1,spsa,1030,10000,1.0,8.684878112086688e-06,0.0045751520138897096,1.2768734790335126e-05,150.0,0.24853153895328786,5000.0,2.0,0.04000000000000001,0.3,1.0,13.833252299514458,0.0,0.0025070889398571628,1.8248862021426218
linear_d10,10,5.0,linear,0.001,0.0001,0.0,0,frozen,Gaussian-m1,gaussian,1001,10000,1.0,4.695316067710542e-05,0.0028320245525461692,2.2456103705258502e-05,150.0,0.21948671202056808,5000.0,2.0,0.04000000000000001,0.3,1.0,14.146542117939775,0.0,0.0025070889398571628,1.1296067353348538
linear_d10,10,5.0,linear,0.001,0.0001,0.0,0,frozen,Gaussian-m1,gaussian,1002,10000,1.0,2.0392672841356633e-05,0.003310531148961134,2.117821661992365e-05,150.0,0.22088578185254718,5000.0,2.0,0.04000000000000001,0.3,1.0,18.097180396867543,0.0,0.0025070889398571628,1.3204681718031694
linear_d10,10,5.0,linear,0.001,0.0001,0.0,0,frozen,Gaussian-m1,gaussian,1003,10000,1.0,1.8423318723578545e-05,0.004051374436816925,2.4885361908466675e-05,150.0,0.2182903939734153,5000.0,2.0,0.04000000000000001,0.3,1.0,11.812818123585407,0.0,0.0025070889398571628,1.6159675759439731
linear_d10,10,5.0,linear,0.001,0.0001,0.0,0,frozen,Gaussian-m1,gaussian,1004,10000,1.0,2.108338508220771e-05,0.00434758081054928,2.1878587508230524e-05,150.0,0.21644595399766686,5000.0,2.0,0.04000000000000001,0.3,1.0,14.936618120362413,0.0,0.0025070889398571628,1.7341151091340923
linear_d10,10,5.0,linear,0.001,0.0001,0.0,0,frozen,Gaussian-m1,gaussian,1005,10000,1.0,1.965709335020766e-05,0.0034456745067298557,2.471895688083046e-05,150.0,0.21675808200595711,5000.0,2.0,0.04000000000000001,0.3,1.0,20.06702438342573,0.0,0.0025070889398571628,1.3743726646275929
linear_d10,10,5.0,linear,0.001,0.0001,0.0,0,frozen,Gaussian-m1,gaussian,1006,10000,1.0,3.442801445163443e-05,0.0030194163108717234,2.226458137436252e-05,150.0,0.21716750530160717,5000.0,2.0,0.04000000000000001,0.3,1.0,14.437858957225782,0.0,0.0025070889398571628,1.2043514942249116
linear_d10,10,5.0,linear,0.001,0.0001,0.0,0,frozen,Gaussian-m1,gaussian,1007,10000,1.0,2.8862184763009402e-05,0.0029745999357316307,1.899008257906047e-05,100.0,0.21850624884874437,5000.0,2.0,0.04000000000000001,0.3,1.0,21.280362442336145,0.0,0.0025070889398571628,1.186475632532248
linear_d10,10,5.0,linear,0.001,0.0001,0.0,0,frozen,Gaussian-m1,gaussian,1008,10000,1.0,7.374849394949617e-06,0.00295052881133482,2.0833399794491897e-05,150.0,0.21782368989729334,5000.0,2.0,0.04000000000000001,0.3,1.0,14.691078245494307,0.0,0.0025070889398571628,1.1768744077754663
linear_d10,10,5.0,linear,0.001,0.0001,0.0,0,frozen,Gaussian-m1,gaussian,1009,10000,1.0,1.9757744270344293e-05,0.0032492352301047717,2.1361710637344513e-05,100.0,0.21629488813676584,5000.0,2.0,0.04000000000000001,0.3,1.0,14.094121334496911,0.0,0.0025070889398571628,1.2960191313714986
linear_d10,10,5.0,linear,0.001,0.0001,0.0,0,frozen,Gaussian-m1,gaussian,1010,10000,1.0,2.817940232117253e-05,0.002930079395553801,1.9591889157017914e-05,100.0,0.21693984396960958,5000.0,2.0,0.04000000000000001,0.3,1.0,16.144166969304433,0.0,0.0025070889398571628,1.1687177702282623
linear_d10,10,5.0,linear,0.001,0.0001,0.0,0,frozen,Gaussian-m1,gaussian,1011,10000,1.0,1.8773204092536014e-05,0.0028073374957734935,2.7279560133698018e-05,100.0,0.2138481010488477,5000.0,2.0,0.04000000000000001,0.3,1.0,14.000751304396777,0.0,0.0025070889398571628,1.1197598342615787
linear_d10,10,5.0,linear,0.001,0.0001,0.0,0,frozen,Gaussian-m1,gaussian,1012,10000,1.0,2.138826980213706e-05,0.0035474254966006155,2.604397670426982e-05,150.0,0.22089696010761956,5000.0,2.0,0.04000000000000001,0.3,1.0,14.22947311854217,0.0,0.0025070889398571628,1.4149579778381234
linear_d10,10,5.0,linear,0.001,0.0001,0.0,0,frozen,Gaussian-m1,gaussian,1013,10000,1.0,2.3990636355662574e-05,0.0027450618938142353,2.4641737928714346e-05,100.0,0.21486230316479624,5000.0,2.0,0.04000000000000001,0.3,1.0,12.711669577696918,0.0,0.0025070889398571628,1.0949200286331409
linear_d10,10,5.0,linear,0.001,0.0001,0.0,0,frozen,Gaussian-m1,gaussian,1014,10000,1.0,9.092815435912402e-06,0.0027333344511491463,1.8724145166375257e-05,100.0,0.21615379202014157,5000.0,2.0,0.04000000000000001,0.3,1.0,19.801697036511204,0.0,0.0025070889398571628,1.0902423155777128
linear_d10,10,5.0,linear,0.001,0.0001,0.0,0,frozen,Gaussian-m1,gaussian,1015,10000,1.0,1.4481893992449988e-05,0.0028838963585739986,2.6486316965121037e-05,100.0,0.2161823768913261,5000.0,2.0,0.04000000000000001,0.3,1.0,19.268787769774665,0.0,0.0025070889398571628,1.1502967895260643
linear_d10,10,5.0,linear,0.001,0.0001,0.0,0,frozen,Gaussian-m1,gaussian,1016,10000,1.0,1.7482835580857055e-05,0.004281749139903985,1.9851011053007197e-05,150.0,0.21570643442026968,5000.0,2.0,0.04000000000000001,0.3,1.0,15.349954631878393,0.0,0.0025070889398571628,1.7078568980276903
linear_d10,10,5.0,linear,0.001,0.0001,0.0,0,frozen,Gaussian-m1,gaussian,1017,10000,1.0,2.5686405358236524e-05,0.0031517563672992985,2.5328842247508626e-05,150.0,0.22282009506961287,5000.0,2.0,0.04000000000000001,0.3,1.0,19.502427341456556,0.0,0.0025070889398571628,1.2571378371119393
linear_d10,10,5.0,linear,0.001,0.0001,0.0,0,frozen,Gaussian-m1,gaussian,1018,10000,1.0,7.90842905511931e-06,0.0031034717613495017,2.1677929406171726e-05,150.0,0.21503893023462864,5000.0,2.0,0.04000000000000001,0.3,1.0,19.1495076407606,0.0,0.0025070889398571628,1.2378786057451623
linear_d10,10,5.0,linear,0.001,0.0001,0.0,0,frozen,Gaussian-m1,gaussian,1019,10000,1.0,8.8767670237955e-06,0.0030061975943244303,2.2275497981457055e-05,150.0,0.21377471642786805,5000.0,2.0,0.04000000000000001,0.3,1.0,19.09371323421187,0.0,0.0025070889398571628,1.1990789582820718
linear_d10,10,5.0,linear,0.001,0.0001,0.0,0,frozen,Gaussian-m1,gaussian,1020,10000,1.0,9.54898072632697e-06,0.003579806360631445,2.2905999654647548e-05,150.0,0.21476496793133965,5000.0,2.0,0.04000000000000001,0.3,1.0,15.914334039320082,0.0,0.0025070889398571628,1.4278736999395796
linear_d10,10,5.0,linear,0.001,0.0001,0.0,0,frozen,Gaussian-m1,gaussian,1021,10000,1.0,1.407072595736714e-05,0.0026186027436730496,2.0803617304633243e-05,100.0,0.21779215364533724,5000.0,2.0,0.04000000000000001,0.3,1.0,17.507878431214948,0.0,0.0025070889398571628,1.0444793968187822
linear_d10,10,5.0,linear,0.001,0.0001,0.0,0,frozen,Gaussian-m1,gaussian,1022,10000,1.0,3.7538280508986717e-06,0.002918555546701147,2.6537714530254243e-05,100.0,0.21791590015833354,5000.0,2.0,0.04000000000000001,0.3,1.0,17.395057521019933,0.0,0.0025070889398571628,1.1641212644284675
linear_d10,10,5.0,linear,0.001,0.0001,0.0,0,frozen,Gaussian-m1,gaussian,1023,10000,1.0,6.091138628435809e-05,0.0027298901506106568,2.5097628472556447e-05,100.0,0.2190674603616283,5000.0,2.0,0.04000000000000001,0.3,1.0,16.349353671332597,0.0,0.0025070889398571628,1.0888684909463913
linear_d10,10,5.0,linear,0.001,0.0001,0.0,0,frozen,Gaussian-m1,gaussian,1024,10000,1.0,2.246121178336998e-05,0.003222164654395042,2.6193059825861873e-05,150.0,0.21980288945456,5000.0,2.0,0.04000000000000001,0.3,1.0,16.408226666031936,0.0,0.0025070889398571628,1.2852215185387956
linear_d10,10,5.0,linear,0.001,0.0001,0.0,0,frozen,Gaussian-m1,gaussian,1025,10000,1.0,3.749393391351748e-05,0.0037107516638693453,2.057274577094146e-05,150.0,0.2210031945826441,5000.0,2.0,0.04000000000000001,0.3,1.0,18.798705799459313,0.0,0.0025070889398571628,1.4801037190490574
linear_d10,10,5.0,linear,0.001,0.0001,0.0,0,frozen,Gaussian-m1,gaussian,1026,10000,1.0,6.800943491201266e-06,0.0030625598691780627,2.301991192919591e-05,100.0,0.2164579709946369,5000.0,2.0,0.04000000000000001,0.3,1.0,16.531098225587428,0.0,0.0025070889398571628,1.221560121178847
linear_d10,10,5.0,linear,0.001,0.0001,0.0,0,frozen,Gaussian-m1,gaussian,1027,10000,1.0,2.5671504115362822e-05,0.0037382027898792457,2.1032919412776636e-05,200.0,0.2184372312125686,5000.0,2.0,0.04000000000000001,0.3,1.0,15.908385416418133,0.0,0.0025070889398571628,1.491053121590582
linear_d10,10,5.0,linear,0.001,0.0001,0.0,0,frozen,Gaussian-m1,gaussian,1028,10000,1.0,3.97233012366589e-05,0.003179720799423596,1.8057267199720324e-05,150.0,0.2172652110217029,5000.0,2.0,0.04000000000000001,0.3,1.0,13.72120989283367,0.0,0.0025070889398571628,1.2682919815380602
linear_d10,10,5.0,linear,0.001,0.0001,0.0,0,frozen,Gaussian-m1,gaussian,1029,10000,1.0,1.595362694962035e-05,0.0033338833236555418,2.292513817130584e-05,100.0,0.22106816276116578,5000.0,2.0,0.04000000000000001,0.3,1.0,16.85224806656391,0.0,0.0025070889398571628,1.329782629827837
linear_d10,10,5.0,linear,0.001,0.0001,0.0,0,frozen,Gaussian-m1,gaussian,1030,10000,1.0,2.2404969439186558e-05,0.0026549674462544625,2.223798924049463e-05,100.0,0.21688498570734083,5000.0,2.0,0.04000000000000001,0.3,1.0,18.916846787667865,0.0,0.0025070889398571628,1.0589841485263483
linear_d10,10,5.0,linear,0.001,0.0001,0.0,0,frozen,Gaussian-m5,gaussian,1001,10000,1.0,2.6141031223280928e-05,0.0032777737453534585,4.455438414103815e-05,150.0,0.525306535598835,1000.0,10.0,0.1,0.3,5.0,4.340271228709812,0.0,0.0025070889398571628,1.3074022597460002
linear_d10,10,5.0,linear,0.001,0.0001,0.0,0,frozen,Gaussian-m5,gaussian,1002,10000,1.0,2.2543363337490415e-05,0.0032974117587343315,3.0486835295094644e-05,200.0,0.5365352813304997,1000.0,10.0,0.1,0.3,5.0,5.337327121326634,0.0,0.0025070889398571628,1.3152352540481456
linear_d10,10,5.0,linear,0.001,0.0001,0.0,0,frozen,Gaussian-m5,gaussian,1003,10000,1.0,4.178594150184333e-05,0.003913091647201505,3.5153585588293094e-05,200.0,0.5276949750461253,1000.0,10.0,0.1,0.3,5.0,4.896604413307828,0.0,0.0025070889398571628,1.5608108611513585
linear_d10,10,5.0,linear,0.001,0.0001,0.0,0,frozen,Gaussian-m5,gaussian,1004,10000,1.0,2.3009951110485562e-05,0.00494028546815169,3.169229854945821e-05,250.0,0.5248923989022081,1000.0,10.0,0.1,0.3,5.0,4.0022692733109695,0.0,0.0025070889398571628,1.970526609412251
linear_d10,10,5.0,linear,0.001,0.0001,0.0,0,frozen,Gaussian-m5,gaussian,1005,10000,1.0,1.8013208769025954e-05,0.0038621886925502124,3.506848518507994e-05,200.0,0.523420719301075,1000.0,10.0,0.1,0.3,5.0,5.595059691072574,0.0,0.0025070889398571628,1.5405072517173062
linear_d10,10,5.0,linear,0.001,0.0001,0.0,0,frozen,Gaussian-m5,gaussian,1006,10000,1.0,4.172100579082046e-05,0.003928008598174899,3.0111563449771463e-05,200.0,0.5245743916827601,1000.0,10.0,0.1,0.3,5.0,10.214196067293116,0.0,0.0025070889398571628,1.5667607701219768
linear_d10,10,5.0,linear,0.001,0.0001,0.0,0,frozen,Gaussian-m5,gaussian,1007,10000,1.0,3.133794976133956e-05,0.004486380372591846,3.1513058818957905e-05,200.0,0.5240681630868251,1000.0,10.0,0.1,0.3,5.0,5.761245201235741,0.0,0.0025070889398571628,1.7894779484159227
linear_d10,10,5.0,linear,0.001,0.0001,0.0,0,frozen,Gaussian-m5,gaussian,1008,10000,1.0,5.3767124207681225e-05,0.0031962664866972733,3.3959519064302694e-05,150.0,0.5210066252957147,1000.0,10.0,0.1,0.3,5.0,5.459635473271287,0.0,0.0025070889398571628,1.274891542890128
linear_d10,10,5.0,linear,0.001,0.0001,0.0,0,frozen,Gaussian-m5,gaussian,1009,10000,1.0,2.485546210861034e-05,0.003795836902900716,3.218089485747412e-05,200.0,0.5315846119076227,1000.0,10.0,0.1,0.3,5.0,4.689423304766447,0.0,0.0025070889398571628,1.514041581275923
linear_d10,10,5.0,linear,0.001,0.0001,0.0,0,frozen,Gaussian-m5,gaussian,1010,10000,1.0,1.2211788380474533e-05,0.003327912869384731,3.413523708081959e-05,150.0,0.527514218283006,1000.0,10.0,0.1,0.3,5.0,6.917834745355165,0.0,0.0025070889398571628,1.3274012008422538
linear_d10,10,5.0,linear,0.001,0.0001,0.0,0,frozen,Gaussian-m5,gaussian,1011,10000,1.0,3.7823649364788775e-05,0.003813025877754609,3.071669049853935e-05,150.0,0.5265713895338101,1000.0,10.0,0.1,0.3,5.0,6.78541299807321,0.0,0.0025070889398571628,1.5208977300868511
linear_d10,10,5.0,linear,0.001,0.0001,0.0,0,frozen,Gaussian-m5,gaussian,1012,10000,1.0,3.906563420766249e-05,0.003366387613732509,4.577816488005763e-05,100.0,0.5311711012279411,1000.0,10.0,0.1,0.3,5.0,6.753986826747503,0.0,0.0025070889398571628,1.3427475827500175
linear_d10,10,5.0,linear,0.001,0.0001,0.0,0,frozen,Gaussian-m5,gaussian,1013,10000,1.0,2.7241920134227562e-05,0.0039363360916654525,2.7498768137998764e-05,250.0,0.5313375883541162,1000.0,10.0,0.1,0.3,5.0,5.0827831273094946,0.0,0.0025070889398571628,1.5700823489292401
linear_d10,10,5.0,linear,0.001,0.0001,0.0,0,frozen,Gaussian-m5,gaussian,1014,10000,1.0,2.442159403647054e-05,0.0036946957337798073,3.611247026747139e-05,150.0,0.5256236327504649,1000.0,10.0,0.1,0.3,5.0,4.583748982985355,0.0,0.0025070889398571628,1.4736995066438714
linear_d10,10,5.0,linear,0.001,0.0001,0.0,0,frozen,Gaussian-m5,gaussian,1015,10000,1.0,2.5283275394150543e-05,0.004394204413774425,2.7990365454581935e-05,200.0,0.5270142955508319,1000.0,10.0,0.1,0.3,5.0,5.382822331024293,0.0,0.0025070889398571628,1.7527118180437498
linear_d10,10,5.0,linear,0.001,0.0001,0.0,0,frozen,Gaussian-m5,gaussian,1016,10000,1.0,4.0033889918642474e-05,0.0036007186214150238,3.287764293318931e-05,150.0,0.5281447282789581,1000.0,10.0,0.1,0.3,5.0,5.632812133938157,0.0,0.0025070889398571628,1.436214951999337
linear_d10,10,5.0,linear,0.001,0.0001,0.0,0,frozen,Gaussian-m5,gaussian,1017,10000,1.0,5.644707829788639e-05,0.004014665298557241,4.4622638946096404e-05,200.0,0.5311773799738544,1000.0,10.0,0.1,0.3,5.0,4.220898426943008,0.0,0.0025070889398571628,1.6013254395298677
linear_d10,10,5.0,linear,0.001,0.0001,0.0,0,frozen,Gaussian-m5,gaussian,1018,10000,1.0,6.708064283612609e-05,0.003315476491594044,3.7445804306800874e-05,150.0,0.5241403293144397,1000.0,10.0,0.1,0.3,5.0,6.512233908140218,0.0,0.0025070889398571628,1.322440715558714
linear_d10,10,5.0,linear,0.001,0.0001,0.0,0,frozen,Gaussian-m5,gaussian,1019,10000,1.0,2.4260353467571437e-05,0.003852235709863197,3.9332833351513815e-05,150.0,0.5298262568211267,1000.0,10.0,0.1,0.3,5.0,5.199662445020254,0.0,0.0025070889398571628,1.5365373156975723
linear_d10,10,5.0,linear,0.001,0.0001,0.0,0,frozen,Gaussian-m5,gaussian,1020,10000,1.0,2.3567488225834537e-05,0.004481970534913645,3.8049528744665504e-05,200.0,0.5246725104122607,1000.0,10.0,0.1,0.3,5.0,4.039393121428466,0.0,0.0025070889398571628,1.787719000973694
linear_d10,10,5.0,linear,0.001,0.0001,0.0,0,frozen,Gaussian-m5,gaussian,1021,10000,1.0,4.2914510033924935e-05,0.004181988900536627,3.348025616687675e-05,150.0,0.5231933364424838,1000.0,10.0,0.1,0.3,5.0,5.086653331199477,0.0,0.0025070889398571628,1.6680656334333672
linear_d10,10,5.0,linear,0.001,0.0001,0.0,0,frozen,Gaussian-m5,gaussian,1022,10000,1.0,3.3610462131940264e-05,0.0032041899301095606,3.830108975054954e-05,150.0,0.5254067410972663,1000.0,10.0,0.1,0.3,5.0,7.476171327716269,0.0,0.0025070889398571628,1.2780519586561272
linear_d10,10,5.0,linear,0.001,0.0001,0.0,0,frozen,Gaussian-m5,gaussian,1023,10000,1.0,7.370699638622707e-05,0.003148281701212575,3.1821772161135425e-05,100.0,0.5324074210332627,1000.0,10.0,0.1,0.3,5.0,7.893698187775805,0.0,0.0025070889398571628,1.255751900605466
linear_d10,10,5.0,linear,0.001,0.0001,0.0,0,frozen,Gaussian-m5,gaussian,1024,10000,1.0,4.561269254536846e-05,0.003383284965540298,3.981842938645912e-05,150.0,0.5317644341842401,1000.0,10.0,0.1,0.3,5.0,6.762143194110741,0.0,0.0025070889398571628,1.3494874121749567
linear_d10,10,5.0,linear,0.001,0.0001,0.0,0,frozen,Gaussian-m5,gaussian,1025,10000,1.0,1.3068799755182534e-05,0.004103289005729027,3.278395103021222e-05,200.0,0.5311491650394355,1000.0,10.0,0.1,0.3,5.0,5.250141617322448,0.0,0.0025070889398571628,1.6366746869230755
linear_d10,10,5.0,linear,0.001,0.0001,0.0,0,frozen,Gaussian-m5,gaussian,1026,10000,1.0,1.1814815249116823e-05,0.0037598506804107806,3.309992370983683e-05,150.0,0.5266929989246512,1000.0,10.0,0.1,0.3,5.0,6.192454891903023,0.0,0.0025070889398571628,1.4996877935351556
linear_d10,10,5.0,linear,0.001,0.0001,0.0,0,frozen,Gaussian-m5,gaussian,1027,10000,1.0,2.0821655829778142e-05,0.003546391931592011,3.4826553808177575e-05,150.0,0.53336486250538,1000.0,10.0,0.1,0.3,5.0,9.28280568077623,0.0,0.0025070889398571628,1.4145457208207621
linear_d10,10,5.0,linear,0.001,0.0001,0.0,0,frozen,Gaussian-m5,gaussian,1028,10000,1.0,2.203173531442318e-05,0.0033549191556809495,3.6878947308619076e-05,200.0,0.5290313393754029,1000.0,10.0,0.1,0.3,5.0,4.131193638192316,0.0,0.0025070889398571628,1.3381731706223754
linear_d10,10,5.0,linear,0.001,0.0001,0.0,0,frozen,Gaussian-m5,gaussian,1029,10000,1.0,3.150973438838156e-05,0.003191172723478061,3.918425960351484e-05,200.0,0.524735163762959,1000.0,10.0,0.1,0.3,5.0,8.987791482917157,0.0,0.0025070889398571628,1.2728597987672
linear_d10,10,5.0,linear,0.001,0.0001,0.0,0,frozen,Gaussian-m5,gaussian,1030,10000,1.0,2.8043952581156224e-05,0.003792421404156269,3.5844447057075e-05,150.0,0.5289835484918864,1000.0,10.0,0.1,0.3,5.0,4.463631218309128,0.0,0.0025070889398571628,1.512679244786719
linear_d10,10,5.0,linear,0.001,0.0001,0.0,0,frozen,Gaussian-m20,gaussian,1001,10000,1.0,0.0001710717054847393,0.008637136611025763,0.00015176513380553815,300.0,0.7160839385573181,250.0,40.0,0.2,0.1,20.0,3.1264796461782796,0.0,0.0025070889398571628,3.4450858418759767
linear_d10,10,5.0,linear,0.001,0.0001,0.0,0,frozen,Gaussian-m20,gaussian,1002,10000,1.0,8.718207860958268e-05,0.00454206567082955,0.00018517555284506258,200.0,0.7206211469209545,250.0,40.0,0.2,0.1,20.0,4.325824492241326,0.0,0.0025070889398571628,1.8116890863426358
linear_d10,10,5.0,linear,0.001,0.0001,0.0,0,frozen,Gaussian-m20,gaussian,1003,10000,1.0,0.00011935543264179221,0.0058526575619416285,0.00022362526448224023,300.0,0.7250773515835413,250.0,40.0,0.2,0.1,20.0,4.360303774133275,0.0,0.0025070889398571628,2.334443532854911
linear_d10,10,5.0,linear,0.001,0.0001,0.0,0,frozen,Gaussian-m20,gaussian,1004,10000,1.0,0.00014083555001119394,0.005242339125973852,0.00013901042599279108,200.0,0.7165597695991653,250.0,40.0,0.2,0.1,20.0,3.966540904324922,0.0,0.0025070889398571628,2.0910064428238937
linear_d10,10,5.0,linear,0.001,0.0001,0.0,0,frozen,Gaussian-m20,gaussian,1005,10000,1.0,9.41087401720879e-05,0.004375754917466844,0.00016972296953142742,250.0,0.7096078340073965,250.0,40.0,0.2,0.1,20.0,3.694177592030648,0.0,0.0025070889398571628,1.7453528863304486
linear_d10,10,5.0,linear,0.001,0.0001,0.0,0,frozen,Gaussian-m20,gaussian,1006,10000,1.0,6.27775770628063e-05,0.005773242584624292,0.00013332433585053945,300.0,0.7225513168065267,250.0,40.0,0.2,0.1,20.0,3.533412276956093,0.0,0.0025070889398571628,2.3027673621156866
linear_d10,10,5.0,linear,0.001,0.0001,0.0,0,frozen,Gaussian-m20,gaussian,1007,10000,1.0,0.00010262677047648681,0.0050236198674175996,0.00014879184900711375,200.0,0.7313409807299345,250.0,40.0,0.2,0.1,20.0,3.4605583483733255,0.0,0.0025070889398571628,2.003766115973457
linear_d10,10,5.0,linear,0.001,0.0001,0.0,0,frozen,Gaussian-m20,gaussian,1008,10000,1.0,0.000112181432493604,0.005957673768137087,0.0001396303339105175,200.0,0.7222047984092322,250.0,40.0,0.2,0.1,20.0,4.911481644444505,0.0,0.0025070889398571628,2.3763312395596605
linear_d10,10,5.0,linear,0.001,0.0001,0.0,0,frozen,Gaussian-m20,gaussian,1009,10000,1.0,9.649381531092317e-05,0.004461312194864991,0.00015572099763346307,200.0,0.7199231179294018,250.0,40.0,0.2,0.1,20.0,3.6843853019291632,0.0,0.0025070889398571628,1.7794790300176453
linear_d10,10,5.0,linear,0.001,0.0001,0.0,0,frozen,Gaussian-m20,gaussian,1010,10000,1.0,9.589362459900296e-05,0.006687668236955343,0.00013437294696035327,300.0,0.7253798132841005,250.0,40.0,0.2,0.1,20.0,3.631264972592554,0.0,0.0025070889398571628,2.6675033863522857
linear_d10,10,5.0,linear,0.001,0.0001,0.0,0,frozen,Gaussian-m20,gaussian,1011,10000,1.0,0.00011971465717412934,0.0055061104887897,0.00017445075765346691,250.0,0.7177608418181022,250.0,40.0,0.2,0.1,20.0,3.215444027887625,0.0,0.0025070889398571628,2.1962166563996735
linear_d10,10,5.0,linear,0.001,0.0001,0.0,0,frozen,Gaussian-m20,gaussian,1012,10000,1.0,0.00018866645435947763,0.005704996125434989,0.00017798373923925569,250.0,0.7144815539473748,250.0,40.0,0.2,0.1,20.0,3.859350906332256,0.0,0.0025070889398571628,2.2755459667737283
linear_d10,10,5.0,linear,0.001,0.0001,0.0,0,frozen,Gaussian-m20,gaussian,1013,10000,1.0,0.00017894031907767527,0.007902564823129996,0.00016006054668719978,250.0,0.7154638053492319,250.0,40.0,0.2,0.1,20.0,2.126857996050943,0.0,0.0025070889398571628,3.1520879445067598
linear_d10,10,5.0,linear,0.001,0.0001,0.0,0,frozen,Gaussian-m20,gaussian,1014,10000,1.0,0.000132181858566589,0.006803278776297156,0.00017056503589295293,300.0,0.7183876737092321,250.0,40.0,0.2,0.1,20.0,4.219539885689054,0.0,0.0025070889398571628,2.713616843878208
linear_d10,10,5.0,linear,0.001,0.0001,0.0,0,frozen,Gaussian-m20,gaussian,1015,10000,1.0,0.00018278601352717138,0.0035649251230459697,0.0001278327006494593,200.0,0.7149255336299026,250.0,40.0,0.2,0.1,20.0,4.452941073393931,0.0,0.0025070889398571628,1.4219380359314557
linear_d10,10,5.0,linear,0.001,0.0001,0.0,0,frozen,Gaussian-m20,gaussian,1016,10000,1.0,0.00014969313140625025,0.007826824004275292,0.00013001725044709363,300.0,0.7276779098298494,250.0,40.0,0.2,0.1,20.0,3.1499778865048516,0.0,0.0025070889398571628,3.121877281593852
linear_d10,10,5.0,linear,0.001,0.0001,0.0,0,frozen,Gaussian-m20,gaussian,1017,10000,1.0,0.00016373702578832808,0.003962043566900463,0.00015759956075852546,250.0,0.7201833385045923,250.0,40.0,0.2,0.1,20.0,4.409456034160524,0.0,0.0025070889398571628,1.5803362632704183
linear_d10,10,5.0,linear,0.001,0.0001,0.0,0,frozen,Gaussian-m20,gaussian,1018,10000,1.0,0.00014387298792488572,0.009886517202263643,0.00019509807686855123,350.0,0.7246392936480015,250.0,40.0,0.2,0.1,20.0,4.964004221875815,0.0,0.0025070889398571628,3.9434249998434083
linear_d10,10,5.0,linear,0.001,0.0001,0.0,0,frozen,Gaussian-m20,gaussian,1019,10000,1.0,0.00014645162515937568,0.010634140743661525,0.00018138184641569943,350.0,0.72075368274905,250.0,40.0,0.2,0.1,20.0,3.0145003298235826,0.0,0.0025070889398571628,4.241628836776484
linear_d10,10,5.0,linear,0.001,0.0001,0.0,0,frozen,Gaussian-m20,gaussian,1020,10000,1.0,8.633140770896945e-05,0.0033031897194645745,0.00014365336201679525,200.0,0.7333937773881675,250.0,40.0,0.2,0.1,20.0,4.467741642437534,0.0,0.0025070889398571628,1.3175399033321762
linear_d10,10,5.0,linear,0.001,0.0001,0.0,0,frozen,Gaussian-m20,gaussian,1021,10000,1.0,6.52517514854506e-05,0.004918908977487497,0.00017192627410984353,200.0,0.7118642354584349,250.0,40.0,0.2,0.1,20.0,3.2711610035676433,0.0,0.0025070889398571628,1.9620001904550477
linear_d10,10,5.0,linear,0.001,0.0001,0.0,0,frozen,Gaussian-m20,gaussian,1022,10000,1.0,0.00012548669223220156,0.004926347803480874,0.00014832270879918096,200.0,0.7216429113651266,250.0,40.0,0.2,0.1,20.0,4.346580916334006,0.0,0.0025070889398571628,1.964967307367063
linear_d10,10,5.0,linear,0.001,0.0001,0.0,0,frozen,Gaussian-m20,gaussian,1023,10000,1.0,0.0001382829078000581,0.007371447383651489,0.0001413439082508274,350.0,0.7383417904389435,250.0,40.0,0.2,0.1,20.0,4.832538976643761,0.0,0.0025070889398571628,2.9402416749010367
linear_d10,10,5.0,linear,0.001,0.0001,0.0,0,frozen,Gaussian-m20,gaussian,1024,10000,1.0,0.00011004027587980516,0.009807226076445857,0.00012877270244928034,400.0,0.7333038205726266,250.0,40.0,0.2,0.1,20.0,4.116068209676259,0.0,0.0025070889398571628,3.9117982296250755
linear_d10,10,5.0,linear,0.001,0.0001,0.0,0,frozen,Gaussian-m20,gaussian,1025,10000,1.0,0.00017026346077204474,0.00524050549651412,0.00015357712641406353,200.0,0.717884047679558,250.0,40.0,0.2,0.1,20.0,4.125697977137069,0.0,0.0025070889398571628,2.0902750649175967
linear_d10,10,5.0,linear,0.001,0.0001,0.0,0,frozen,Gaussian-m20,gaussian,1026,10000,1.0,8.152400717614485e-05,0.004942967447925291,0.00013159095007313505,250.0,0.7334542563541845,250.0,40.0,0.2,0.1,20.0,4.249920914198327,0.0,0.0025070889398571628,1.9715963679401451
linear_d10,10,5.0,linear,0.001,0.0001,0.0,0,frozen,Gaussian-m20,gaussian,1027,10000,1.0,9.629832037435155e-05,0.004188452225671761,0.00012427690337345136,200.0,0.7285374407958926,250.0,40.0,0.2,0.1,20.0,3.957550959247384,0.0,0.0025070889398571628,1.6706436533162607
linear_d10,10,5.0,linear,0.001,0.0001,0.0,0,frozen,Gaussian-m20,gaussian,1028,10000,1.0,0.00010990817833316152,0.005241254767564938,0.00016544599736242538,250.0,0.7084518420200423,250.0,40.0,0.2,0.1,20.0,3.3018961324221037,0.0,0.0025070889398571628,2.0905739258949265
linear_d10,10,5.0,linear,0.001,0.0001,0.0,0,frozen,Gaussian-m20,gaussian,1029,10000,1.0,0.0001718777071392566,0.0063134250099148165,0.00014564004394383086,300.0,0.7154516837167036,250.0,40.0,0.2,0.1,20.0,3.6220633643714484,0.0,0.0025070889398571628,2.518229373336278
linear_d10,10,5.0,linear,0.001,0.0001,0.0,0,frozen,Gaussian-m20,gaussian,1030,10000,1.0,0.00010158555854741883,0.006025931289712593,0.00013362210390300332,300.0,0.711583553096312,250.0,40.0,0.2,0.1,20.0,4.737086219775289,0.0,0.0025070889398571628,2.4035570473442838
linear_d10,10,5.0,linear,0.001,0.0001,0.0,0,frozen,CoordinateCentral,coordinate,1001,10000,1.0,0.0006742117733510391,0.010523099196583306,0.0006604792311693323,600.0,0.9219154900306699,500.0,20.0,0.04,0.1,1.0,3.382279310273715,0.0,0.0025070889398571628,4.197337808519407
linear_d10,10,5.0,linear,0.001,0.0001,0.0,0,frozen,CoordinateCentral,coordinate,1002,10000,1.0,0.0006167420333757961,0.010474485976026694,0.0006380679707106041,550.0,0.9226092249940352,500.0,20.0,0.04,0.1,1.0,3.394463939778498,0.0,0.0025070889398571628,4.177947502980672
linear_d10,10,5.0,linear,0.001,0.0001,0.0,0,frozen,CoordinateCentral,coordinate,1003,10000,1.0,0.0005940166284965278,0.010541221206290283,0.0006153590055939665,600.0,0.9250498674041632,500.0,20.0,0.04,0.1,1.0,3.3721177967524687,0.0,0.0025070889398571628,4.204566115987434
linear_d10,10,5.0,linear,0.001,0.0001,0.0,0,frozen,CoordinateCentral,coordinate,1004,10000,1.0,0.0006839081678765895,0.010519382955151578,0.0006330157062917545,600.0,0.9229586824306328,500.0,20.0,0.04,0.1,1.0,3.3836215859994487,0.0,0.0025070889398571628,4.195855515102269
linear_d10,10,5.0,linear,0.001,0.0001,0.0,0,frozen,CoordinateCentral,coordinate,1005,10000,1.0,0.0006140276685869441,0.010489603695500036,0.0006297578337632708,550.0,0.9255289960396983,500.0,20.0,0.04,0.1,1.0,3.378404764667973,0.0,0.0025070889398571628,4.183977492277424
linear_d10,10,5.0,linear,0.001,0.0001,0.0,0,frozen,CoordinateCentral,coordinate,1006,10000,1.0,0.0005414247031623865,0.010549228760881168,0.0006020556432493146,600.0,0.9236523088973161,500.0,20.0,0.04,0.1,1.0,3.3925795035736748,0.0,0.0025070889398571628,4.207760081093171
linear_d10,10,5.0,linear,0.001,0.0001,0.0,0,frozen,CoordinateCentral,coordinate,1007,10000,1.0,0.0006906505973904712,0.010537588216429267,0.0006546965011023288,600.0,0.9249613695877993,500.0,20.0,0.04,0.1,1.0,3.3811539508303556,0.0,0.0025070889398571628,4.203117029039117
linear_d10,10,5.0,linear,0.001,0.0001,0.0,0,frozen,CoordinateCentral,coordinate,1008,10000,1.0,0.0005663943871868505,0.0105059907131302,0.0006390700590129619,600.0,0.925888988365452,500.0,20.0,0.04,0.1,1.0,3.391018800052402,0.0,0.0025070889398571628,4.190513765231145
linear_d10,10,5.0,linear,0.001,0.0001,0.0,0,frozen,CoordinateCentral,coordinate,1009,10000,1.0,0.0006363324956829437,0.010528737336340884,0.0006718867115986654,600.0,0.9236035870136986,500.0,20.0,0.04,0.1,1.0,3.387671062996316,0.0,0.0025070889398571628,4.199586687555145
linear_d10,10,5.0,linear,0.001,0.0001,0.0,0,frozen,CoordinateCentral,coordinate,1010,10000,1.0,0.0005785577159907916,0.01048719269038651,0.0006242675188708012,550.0,0.9244794117423121,500.0,20.0,0.04,0.1,1.0,3.397141733607787,0.0,0.0025070889398571628,4.183015817134912
linear_d10,10,5.0,linear,0.001,0.0001,0.0,0,frozen,CoordinateCentral,coordinate,1011,10000,1.0,0.0006669136579051968,0.010494819171655644,0.0006446260362315043,550.0,0.9230960611388329,500.0,20.0,0.04,0.1,1.0,3.3740685293958332,0.0,0.0025070889398571628,4.1860577839147455
linear_d10,10,5.0,linear,0.001,0.0001,0.0,0,frozen,CoordinateCentral,coordinate,1012,10000,1.0,0.0006078375404384677,0.010513771043284046,0.0006101004700065863,600.0,0.9207857330343637,500.0,20.0,0.04,0.1,1.0,3.3830198575233292,0.0,0.0025070889398571628,4.193617097558195
linear_d10,10,5.0,linear,0.001,0.0001,0.0,0,frozen,CoordinateCentral,coordinate,1013,10000,1.0,0.0006274689948967945,0.010530125675978002,0.0006339557565167464,550.0,0.9225568113518945,500.0,20.0,0.04,0.1,1.0,3.3913688198173295,0.0,0.0025070889398571628,4.20014045316555
linear_d10,10,5.0,linear,0.001,0.0001,0.0,0,frozen,CoordinateCentral,coordinate,1014,10000,1.0,0.0005748486877216981,0.010500390995465519,0.0006097453882380485,550.0,0.9237075690548845,500.0,20.0,0.04,0.1,1.0,3.384005298715329,0.0,0.0025070889398571628,4.188280211576284
linear_d10,10,5.0,linear,0.001,0.0001,0.0,0,frozen,CoordinateCentral,coordinate,1015,10000,1.0,0.0005632199241088055,0.010516486665131101,0.0005907151822628963,600.0,0.9244426569880554,500.0,20.0,0.04,0.1,1.0,3.3780449449996826,0.0,0.0025070889398571628,4.194700274865502
linear_d10,10,5.0,linear,0.001,0.0001,0.0,0,frozen,CoordinateCentral,coordinate,1016,10000,1.0,0.0005805614091212287,0.01049970665837404,0.0006194014828552778,550.0,0.9233002394936505,500.0,20.0,0.04,0.1,1.0,3.3774838725192855,0.0,0.0025070889398571628,4.1880072507408705
linear_d10,10,5.0,linear,0.001,0.0001,0.0,0,frozen,CoordinateCentral,coordinate,1017,10000,1.0,0.0006409567896570874,0.010521864149192034,0.0006687103199050576,550.0,0.921982035686603,500.0,20.0,0.04,0.1,1.0,3.3760413450298676,0.0,0.0025070889398571628,4.1968451864302425
linear_d10,10,5.0,linear,0.001,0.0001,0.0,0,frozen,CoordinateCentral,coordinate,1018,10000,1.0,0.0005802814832817757,0.01052710715250177,0.0006146796835068023,550.0,0.9240311026738798,500.0,20.0,0.04,0.1,1.0,3.3729586133443323,0.0,0.0025070889398571628,4.198936457795364
linear_d10,10,5.0,linear,0.001,0.0001,0.0,0,frozen,CoordinateCentral,coordinate,1019,10000,1.0,0.0007013431746960934,0.010501782207487893,0.0006296110459001145,550.0,0.9240801611880508,500.0,20.0,0.04,0.1,1.0,3.3827178203399,0.0,0.0025070889398571628,4.188835122892056
linear_d10,10,5.0,linear,0.001,0.0001,0.0,0,frozen,CoordinateCentral,coordinate,1020,10000,1.0,0.0006136548737103889,0.010520022966312437,0.0006247090599957052,600.0,0.9244581061481051,500.0,20.0,0.04,0.1,1.0,3.383318688399999,0.0,0.0025070889398571628,4.196110795699094
linear_d10,10,5.0,linear,0.001,0.0001,0.0,0,frozen,CoordinateCentral,coordinate,1021,10000,1.0,0.0005688942470819748,0.010452583971127662,0.0005772975959320015,550.0,0.9229153329351809,500.0,20.0,0.04,0.1,1.0,3.384550337189471,0.0,0.0025070889398571628,4.169211472698364
linear_d10,10,5.0,linear,0.001,0.0001,0.0,0,frozen,CoordinateCentral,coordinate,1022,10000,1.0,0.0006237984361865871,0.010499066362933959,0.0006135179163844227,600.0,0.9252813479808439,500.0,20.0,0.04,0.1,1.0,3.3836980152756047,0.0,0.0025070889398571628,4.187751856753883
linear_d10,10,5.0,linear,0.001,0.0001,0.0,0,frozen,CoordinateCentral,coordinate,1023,10000,1.0,0.0005989528529890556,0.01046867695159249,0.0006118118274509127,550.0,0.9227105707126875,500.0,20.0,0.04,0.1,1.0,3.3867799764945308,0.0,0.0025070889398571628,4.1756304633488295
linear_d10,10,5.0,linear,0.001,0.0001,0.0,0,frozen,CoordinateCentral,coordinate,1024,10000,1.0,0.0005418721550602105,0.01048569186192622,0.0006299195984817516,550.0,0.9234458227231523,500.0,20.0,0.04,0.1,1.0,3.3853272937414163,0.0,0.0025070889398571628,4.182417183222716
linear_d10,10,5.0,linear,0.001,0.0001,0.0,0,frozen,CoordinateCentral,coordinate,1025,10000,1.0,0.0007167940162258431,0.010476188411687905,0.0006345651851123504,550.0,0.9254272748677079,500.0,20.0,0.04,0.1,1.0,3.3974427530816027,0.0,0.0025070889398571628,4.1786265517508
linear_d10,10,5.0,linear,0.001,0.0001,0.0,0,frozen,CoordinateCentral,coordinate,1026,10000,1.0,0.0006762636118651457,0.010521809612623884,0.0006324696901866358,600.0,0.9233300310351655,500.0,20.0,0.04,0.1,1.0,3.3889228423718927,0.0,0.0025070889398571628,4.19682343348511
linear_d10,10,5.0,linear,0.001,0.0001,0.0,0,frozen,CoordinateCentral,coordinate,1027,10000,1.0,0.0007226914690160892,0.01050422336316044,0.000673630685536881,550.0,0.9243203144399151,500.0,20.0,0.04,0.1,1.0,3.385991019244393,0.0,0.0025070889398571628,4.189808824157192
linear_d10,10,5.0,linear,0.001,0.0001,0.0,0,frozen,CoordinateCentral,coordinate,1028,10000,1.0,0.0006178004008296516,0.010511774611199056,0.0006071078545114057,550.0,0.9233819053943201,500.0,20.0,0.04,0.1,1.0,3.3903166509839426,0.0,0.0025070889398571628,4.192820782735353
linear_d10,10,5.0,linear,0.001,0.0001,0.0,0,frozen,CoordinateCentral,coordinate,1029,10000,1.0,0.0005597246771803625,0.01048688116424818,0.0005951332828659359,550.0,0.9206894799066597,500.0,20.0,0.04,0.1,1.0,3.3811045369378836,0.0,0.0025070889398571628,4.182891559022893
linear_d10,10,5.0,linear,0.001,0.0001,0.0,0,frozen,CoordinateCentral,coordinate,1030,10000,1.0,0.00060424851599435,0.01047329178616697,0.0006317617789199088,550.0,0.9218014603942766,500.0,20.0,0.04,0.1,1.0,3.3905195667594565,0.0,0.0025070889398571628,4.177471177693308
stationary_d20,20,5.0,stationary,0.001,0.0,0.0,0,frozen,SPSA-m1,spsa,1001,10000,0.0,1.3809088047810377e-05,0.004999470744159472,1.0909048585489512e-05,250.0,0.14095712649343467,5000.0,2.0,0.020000000000000004,0.1,1.0,21.159755751675853,0.0,0.002510701243903864,1.9912646939967438
stationary_d20,20,5.0,stationary,0.001,0.0,0.0,0,frozen,SPSA-m1,spsa,1002,10000,0.0,6.727800848137672e-06,0.004878457434187611,1.2345590451636602e-05,300.0,0.13919230814241307,5000.0,2.0,0.020000000000000004,0.1,1.0,21.723576501128292,0.0,0.002510701243903864,1.943065685745289
stationary_d20,20,5.0,stationary,0.001,0.0,0.0,0,frozen,SPSA-m1,spsa,1003,10000,0.0,6.179823617506224e-06,0.005171993534656605,1.0054473373678432e-05,250.0,0.14286400895750412,5000.0,2.0,0.020000000000000004,0.1,1.0,21.87170131656419,0.0,0.002510701243903864,2.0599796758831905
stationary_d20,20,5.0,stationary,0.001,0.0,0.0,0,frozen,SPSA-m1,spsa,1004,10000,0.0,1.1795812410336918e-05,0.005223409755063191,1.1979772525661293e-05,200.0,0.13627440848701308,5000.0,2.0,0.020000000000000004,0.1,1.0,24.65851695927164,0.0,0.002510701243903864,2.0804585044699957
stationary_d20,20,5.0,stationary,0.001,0.0,0.0,0,frozen,SPSA-m1,spsa,1005,10000,0.0,1.2986313340592118e-05,0.006489564928508135,1.2463145085213687e-05,300.0,0.14595448077374165,5000.0,2.0,0.020000000000000004,0.1,1.0,40.91251419354088,0.0,0.002510701243903864,2.5847619043744032
stationary_d20,20,5.0,stationary,0.001,0.0,0.0,0,frozen,SPSA-m1,spsa,1006,10000,0.0,1.2196131038312057e-05,0.004255117430029343,1.0470730898997214e-05,200.0,0.14150743740619973,5000.0,2.0,0.020000000000000004,0.1,1.0,23.577202934224914,0.0,0.002510701243903864,1.6947924172025757
stationary_d20,20,5.0,stationary,0.001,0.0,0.0,0,frozen,SPSA-m1,spsa,1007,10000,0.0,5.331344086875436e-06,0.0054239734173954605,9.958866476497396e-06,200.0,0.14057626707232365,5000.0,2.0,0.020000000000000004,0.1,1.0,18.707077059097177,0.0,0.002510701243903864,2.160342028174479
stationary_d20,20,5.0,stationary,0.001,0.0,0.0,0,frozen,SPSA-m1,spsa,1008,10000,0.0,8.794703534782614e-06,0.00575389401405947,9.7861659075782e-06,250.0,0.13977814126192578,5000.0,2.0,0.020000000000000004,0.1,1.0,18.679480774581922,0.0,0.002510701243903864,2.291747784819192
stationary_d20,20,5.0,stationary,0.001,0.0,0.0,0,frozen,SPSA-m1,spsa,1009,10000,0.0,7.934356647245117e-06,0.004860399337458605,1.0253717824182353e-05,200.0,0.1425700781682997,5000.0,2.0,0.020000000000000004,0.1,1.0,22.798931971311784,0.0,0.002510701243903864,1.935873234324455
stationary_d20,20,5.0,stationary,0.001,0.0,0.0,0,frozen,SPSA-m1,spsa,1010,10000,0.0,2.004229385150011e-05,0.00477289633218113,1.051848201341737e-05,250.0,0.14015394763882597,5000.0,2.0,0.020000000000000004,0.1,1.0,22.686217541151695,0.0,0.002510701243903864,1.9010212161920954
stationary_d20,20,5.0,stationary,0.001,0.0,0.0,0,frozen,SPSA-m1,spsa,1011,10000,0.0,1.1114373573762703e-05,0.005862204279087535,1.1712125849049615e-05,250.0,0.1399591505911631,5000.0,2.0,0.020000000000000004,0.1,1.0,24.587125078837214,0.0,0.002510701243903864,2.334887232529687
stationary_d20,20,5.0,stationary,0.001,0.0,0.0,0,frozen,SPSA-m1,spsa,1012,10000,0.0,9.23294107827095e-06,0.004622354643505636,9.530645075383252e-06,200.0,0.13836663735138502,5000.0,2.0,0.020000000000000004,0.1,1.0,27.86145701169163,0.0,0.002510701243903864,1.8410611994274493
stationary_d20,20,5.0,stationary,0.001,0.0,0.0,0,frozen,SPSA-m1,spsa,1013,10000,0.0,1.3385642171642754e-05,0.005829425644453794,1.1145167330549486e-05,250.0,0.1399064608854493,5000.0,2.0,0.020000000000000004,0.1,1.0,20.123876906999577,0.0,0.002510701243903864,2.3218316630096854
stationary_d20,20,5.0,stationary,0.001,0.0,0.0,0,frozen,SPSA-m1,spsa,1014,10000,0.0,7.661399224542408e-06,0.005758156500718147,1.0056721203694709e-05,250.0,0.14177143335988993,5000.0,2.0,0.020000000000000004,0.1,1.0,24.003790852748036,0.0,0.002510701243903864,2.293445512364047
stationary_d20,20,5.0,stationary,0.001,0.0,0.0,0,frozen,SPSA-m1,spsa,1015,10000,0.0,4.033549962561498e-06,0.004768129965371585,9.571241860643867e-06,200.0,0.14193819671940996,5000.0,2.0,0.020000000000000004,0.1,1.0,31.09669713155219,0.0,0.002510701243903864,1.8991227956527668
stationary_d20,20,5.0,stationary,0.001,0.0,0.0,0,frozen,SPSA-m1,spsa,1016,10000,0.0,1.0697302615123943e-05,0.003734116121871366,1.0117189447144836e-05,150.0,0.14016741416294917,5000.0,2.0,0.020000000000000004,0.1,1.0,27.272981806584852,0.0,0.002510701243903864,1.487280149694444
stationary_d20,20,5.0,stationary,0.001,0.0,0.0,0,frozen,SPSA-m1,spsa,1017,10000,0.0,5.218772075385564e-06,0.00541700174550069,9.014109349851116e-06,300.0,0.1407734686425071,5000.0,2.0,0.020000000000000004,0.1,1.0,37.29144446170706,0.0,0.002510701243903864,2.1575652454283447
stationary_d20,20,5.0,stationary,0.001,0.0,0.0,0,frozen,SPSA-m1,spsa,1018,10000,0.0,8.080835445915623e-06,0.0045111396774832335,1.0437097423804946e-05,200.0,0.1416959082782905,5000.0,2.0,0.020000000000000004,0.1,1.0,20.78727666929476,0.0,0.002510701243903864,1.7967648235474278
stationary_d20,20,5.0,stationary,0.001,0.0,0.0,0,frozen,SPSA-m1,spsa,1019,10000,0.0,7.722291053374324e-06,0.006354756115220575,1.1005432317152341e-05,250.0,0.14062206308348638,5000.0,2.0,0.020000000000000004,0.1,1.0,29.012438597716546,0.0,0.002510701243903864,2.5310682147668153
stationary_d20,20,5.0,stationary,0.001,0.0,0.0,0,frozen,SPSA-m1,spsa,1020,10000,0.0,1.4409855998692105e-05,0.004975669877326444,1.0032778794710895e-05,250.0,0.14360185634184244,5000.0,2.0,0.020000000000000004,0.1,1.0,27.060003085704192,0.0,0.002510701243903864,1.9817849253899384
stationary_d20,20,5.0,stationary,0.001,0.0,0.0,0,frozen,SPSA-m1,spsa,1021,10000,0.0,7.310290916743504e-06,0.005120159244005116,9.301729798658744e-06,250.0,0.14509046122685107,5000.0,2.0,0.020000000000000004,0.1,1.0,25.961408988977357,0.0,0.002510701243903864,2.0393343319668857
stationary_d20,20,5.0,stationary,0.001,0.0,0.0,0,frozen,SPSA-m1,spsa,1022,10000,0.0,8.538365012567404e-06,0.005437742769609345,1.2561821269625967e-05,250.0,0.138244513048566,5000.0,2.0,0.020000000000000004,0.1,1.0,28.355204184882037,0.0,0.002510701243903864,2.165826293674931
stationary_d20,20,5.0,stationary,0.001,0.0,0.0,0,frozen,SPSA-m1,spsa,1023,10000,0.0,1.376700594877876e-05,0.0038133920668407596,1.1490572714221422e-05,200.0,0.1372221971427395,5000.0,2.0,0.020000000000000004,0.1,1.0,29.212825757847472,0.0,0.002510701243903864,1.5188553700285563
stationary_d20,20,5.0,stationary,0.001,0.0,0.0,0,frozen,SPSA-m1,spsa,1024,10000,0.0,9.783311338698572e-06,0.005131828576904775,1.1390105518581778e-05,250.0,0.14197651790569696,5000.0,2.0,0.020000000000000004,0.1,1.0,35.932426969029535,0.0,0.002510701243903864,2.0439821700670953
stationary_d20,20,5.0,stationary,0.001,0.0,0.0,0,frozen,SPSA-m1,spsa,1025,10000,0.0,1.2715460117064647e-05,0.006309820058102076,1.0579874691238718e-05,300.0,0.13964212414335897,5000.0,2.0,0.020000000000000004,0.1,1.0,19.3444790290003,0.0,0.002510701243903864,2.513170403457084
stationary_d20,20,5.0,stationary,0.001,0.0,0.0,0,frozen,SPSA-m1,spsa,1026,10000,0.0,7.292929419637173e-06,0.0065550062318341686,1.0170700065602953e-05,300.0,0.1420884913327146,5000.0,2.0,0.020000000000000004,0.1,1.0,24.031295309249874,0.0,0.002510701243903864,2.6108268547482996
stationary_d20,20,5.0,stationary,0.001,0.0,0.0,0,frozen,SPSA-m1,spsa,1027,10000,0.0,9.612555445245102e-06,0.0070112534635193595,1.1735740370514288e-05,300.0,0.1420838829443175,5000.0,2.0,0.020000000000000004,0.1,1.0,23.36270776492378,0.0,0.002510701243903864,2.792547890969948
stationary_d20,20,5.0,stationary,0.001,0.0,0.0,0,frozen,SPSA-m1,spsa,1028,10000,0.0,1.7896375684148673e-05,0.004391534358716699,9.713596787230545e-06,200.0,0.14098616108041387,5000.0,2.0,0.020000000000000004,0.1,1.0,23.10026685223651,0.0,0.002510701243903864,1.7491266112922088
stationary_d20,20,5.0,stationary,0.001,0.0,0.0,0,frozen,SPSA-m1,spsa,1029,10000,0.0,7.19830047980604e-06,0.006953390848691261,9.561476317851229e-06,300.0,0.1412398586423443,5000.0,2.0,0.020000000000000004,0.1,1.0,21.369493774594847,0.0,0.002510701243903864,2.7695014950801173
stationary_d20,20,5.0,stationary,0.001,0.0,0.0,0,frozen,SPSA-m1,spsa,1030,10000,0.0,9.52234125658994e-06,0.0050506220475240995,1.0366217603687695e-05,250.0,0.14096691755015447,5000.0,2.0,0.020000000000000004,0.1,1.0,25.346926278076417,0.0,0.002510701243903864,2.0116380074241484
stationary_d20,20,5.0,stationary,0.001,0.0,0.0,0,frozen,Gaussian-m1,gaussian,1001,10000,0.0,2.0259689720848323e-05,0.0030058074611726874,2.1477028055281766e-05,150.0,0.14072467698115057,5000.0,2.0,0.020000000000000004,0.3,1.0,28.43194880253789,0.0,0.002510701243903864,1.1971983797239802
stationary_d20,20,5.0,stationary,0.001,0.0,0.0,0,frozen,Gaussian-m1,gaussian,1002,10000,0.0,1.6005314936951775e-05,0.003705498564640382,2.526698054311976e-05,200.0,0.13846116184690446,5000.0,2.0,0.020000000000000004,0.3,1.0,23.87702817708048,0.0,0.002510701243903864,1.4758819169096917
stationary_d20,20,5.0,stationary,0.001,0.0,0.0,0,frozen,Gaussian-m1,gaussian,1003,10000,0.0,1.0255862959634818e-05,0.006266900552770004,2.0169238617774373e-05,300.0,0.141593285536503,5000.0,2.0,0.020000000000000004,0.3,1.0,27.733397352278253,0.0,0.002510701243903864,2.4960757748403646
stationary_d20,20,5.0,stationary,0.001,0.0,0.0,0,frozen,Gaussian-m1,gaussian,1004,10000,0.0,2.584876032824089e-05,0.0064264501493974235,2.4406760232272506e-05,250.0,0.14385541708444452,5000.0,2.0,0.020000000000000004,0.3,1.0,22.374621371674994,0.0,0.002510701243903864,2.5596235971927115
stationary_d20,20,5.0,stationary,0.001,0.0,0.0,0,frozen,Gaussian-m1,gaussian,1005,10000,0.0,2.3518560971495043e-05,0.010050886729767769,2.186165553027837e-05,350.0,0.14511324508261433,5000.0,2.0,0.020000000000000004,0.3,1.0,17.031762822912604,0.0,0.002510701243903864,4.003218923068579
stationary_d20,20,5.0,stationary,0.001,0.0,0.0,0,frozen,Gaussian-m1,gaussian,1006,10000,0.0,3.125079036811878e-05,0.004743705724994029,2.342535027032803e-05,250.0,0.14324651635167238,5000.0,2.0,0.020000000000000004,0.3,1.0,18.637952930008503,0.0,0.002510701243903864,1.8893947404184535
stationary_d20,20,5.0,stationary,0.001,0.0,0.0,0,frozen,Gaussian-m1,gaussian,1007,10000,0.0,1.6875127400681158e-05,0.006232481222056407,2.4566575323430533e-05,300.0,0.1403047430214995,5000.0,2.0,0.020000000000000004,0.3,1.0,25.175670000890058,0.0,0.002510701243903864,2.4823667241131346
stationary_d20,20,5.0,stationary,0.001,0.0,0.0,0,frozen,Gaussian-m1,gaussian,1008,10000,0.0,3.1092735454306986e-05,0.006692444014132961,2.1780483009212347e-05,300.0,0.14160696482308294,5000.0,2.0,0.020000000000000004,0.3,1.0,31.861442477442136,0.0,0.002510701243903864,2.665567649827961
stationary_d20,20,5.0,stationary,0.001,0.0,0.0,0,frozen,Gaussian-m1,gaussian,1009,10000,0.0,1.7112866031307565e-05,0.007920634968869546,2.4748239772132254e-05,300.0,0.14114956227181238,5000.0,2.0,0.020000000000000004,0.3,1.0,22.48597493589801,0.0,0.002510701243903864,3.1547500874910277
stationary_d20,20,5.0,stationary,0.001,0.0,0.0,0,frozen,Gaussian-m1,gaussian,1010,10000,0.0,2.1431127065998018e-05,0.003907903637308835,2.3024045312286748e-05,200.0,0.14084697033241764,5000.0,2.0,0.020000000000000004,0.3,1.0,27.278471893398354,0.0,0.002510701243903864,1.5564988653259577
stationary_d20,20,5.0,stationary,0.001,0.0,0.0,0,frozen,Gaussian-m1,gaussian,1011,10000,0.0,2.6663979357924956e-05,0.0059519169841343025,2.5371574299527372e-05,300.0,0.13820812767357152,5000.0,2.0,0.020000000000000004,0.3,1.0,31.817908361218933,0.0,0.002510701243903864,2.370619363249977
stationary_d20,20,5.0,stationary,0.001,0.0,0.0,0,frozen,Gaussian-m1,gaussian,1012,10000,0.0,1.082920014113947e-05,0.006594128841508557,2.356076992630129e-05,300.0,0.141094692151471,5000.0,2.0,0.020000000000000004,0.3,1.0,28.94605598147005,0.0,0.002510701243903864,2.6264091984339055
stationary_d20,20,5.0,stationary,0.001,0.0,0.0,0,frozen,Gaussian-m1,gaussian,1013,10000,0.0,3.787319654971015e-05,0.0054506686899497055,2.3873718747870608e-05,250.0,0.1432829439920805,5000.0,2.0,0.020000000000000004,0.3,1.0,22.138131302636605,0.0,0.002510701243903864,2.1709746243939865
stationary_d20,20,5.0,stationary,0.001,0.0,0.0,0,frozen,Gaussian-m1,gaussian,1014,10000,0.0,1.4864843569873397e-05,0.004905640176000207,2.159818954095394e-05,250.0,0.13775768472993463,5000.0,2.0,0.020000000000000004,0.3,1.0,27.530134665675476,0.0,0.002510701243903864,1.9538924385812135
stationary_d20,20,5.0,stationary,0.001,0.0,0.0,0,frozen,Gaussian-m1,gaussian,1015,10000,0.0,2.6055896574480135e-05,0.004783777188984698,2.063743045201782e-05,250.0,0.14017721326058247,5000.0,2.0,0.020000000000000004,0.3,1.0,24.850526832385704,0.0,0.002510701243903864,1.90535500812771
stationary_d20,20,5.0,stationary,0.001,0.0,0.0,0,frozen,Gaussian-m1,gaussian,1016,10000,0.0,2.0405207909433768e-05,0.005264302987048607,2.5447411137014125e-05,250.0,0.14005418510708442,5000.0,2.0,0.020000000000000004,0.3,1.0,27.846798197199213,0.0,0.002510701243903864,2.0967460783439114
stationary_d20,20,5.0,stationary,0.001,0.0,0.0,0,frozen,Gaussian-m1,gaussian,1017,10000,0.0,6.499043014876521e-06,0.004464249115701007,2.4283362986621962e-05,200.0,0.14044894069526145,5000.0,2.0,0.020000000000000004,0.3,1.0,26.668346969872943,0.0,0.002510701243903864,1.7780885426095505
stationary_d20,20,5.0,stationary,0.001,0.0,0.0,0,frozen,Gaussian-m1,gaussian,1018,10000,0.0,1.950482461712503e-05,0.006227655239372914,2.3000396927357742e-05,300.0,0.14151025558427646,5000.0,2.0,0.020000000000000004,0.3,1.0,25.99882808854211,0.0,0.002510701243903864,2.480444558863402
stationary_d20,20,5.0,stationary,0.001,0.0,0.0,0,frozen,Gaussian-m1,gaussian,1019,10000,0.0,9.037715461345259e-06,0.005755684717840976,2.3240561609292214e-05,250.0,0.14394575254105088,5000.0,2.0,0.020000000000000004,0.3,1.0,25.152551531812403,0.0,0.002510701243903864,2.29246101335877
stationary_d20,20,5.0,stationary,0.001,0.0,0.0,0,frozen,Gaussian-m1,gaussian,1020,10000,0.0,2.1801168759072817e-05,0.004493405193457843,2.5078371120590266e-05,250.0,0.1410067675892025,5000.0,2.0,0.020000000000000004,0.3,1.0,24.66599517747425,0.0,0.002510701243903864,1.7897012654803537
stationary_d20,20,5.0,stationary,0.001,0.0,0.0,0,frozen,Gaussian-m1,gaussian,1021,10000,0.0,2.095913097610053e-05,0.004051385338024382,2.4226967223295947e-05,200.0,0.13849657337712568,5000.0,2.0,0.020000000000000004,0.3,1.0,27.996267446582298,0.0,0.002510701243903864,1.6136469234885646
stationary_d20,20,5.0,stationary,0.001,0.0,0.0,0,frozen,Gaussian-m1,gaussian,1022,10000,0.0,1.889300528324302e-05,0.005773361436938953,2.294911426462663e-05,250.0,0.1402620494703484,5000.0,2.0,0.020000000000000004,0.3,1.0,24.77504464370461,0.0,0.002510701243903864,2.299501563938373
stationary_d20,20,5.0,stationary,0.001,0.0,0.0,0,frozen,Gaussian-m1,gaussian,1023,10000,0.0,1.4718184305849386e-05,0.005441753604266148,2.7071201343204555e-05,250.0,0.1399985240562358,5000.0,2.0,0.020000000000000004,0.3,1.0,18.113772459304478,0.0,0.002510701243903864,2.167423789460836
stationary_d20,20,5.0,stationary,0.001,0.0,0.0,0,frozen,Gaussian-m1,gaussian,1024,10000,0.0,1.4147846515696135e-05,0.005553442605664766,2.320945154935491e-05,250.0,0.14181670708060182,5000.0,2.0,0.020000000000000004,0.3,1.0,18.9819986013022,0.0,0.002510701243903864,2.2119089713078623
stationary_d20,20,5.0,stationary,0.001,0.0,0.0,0,frozen,Gaussian-m1,gaussian,1025,10000,0.0,1.4705739007462628e-05,0.0072703953120487295,2.1259585690091452e-05,250.0,0.14300152790535298,5000.0,2.0,0.020000000000000004,0.3,1.0,18.068751976935353,0.0,0.002510701243903864,2.895762819133377
stationary_d20,20,5.0,stationary,0.001,0.0,0.0,0,frozen,Gaussian-m1,gaussian,1026,10000,0.0,3.3182471408459396e-05,0.005568132667035346,2.4551473461939497e-05,250.0,0.1436789239480938,5000.0,2.0,0.020000000000000004,0.3,1.0,22.71450575373665,0.0,0.002510701243903864,2.2177599507528476
stationary_d20,20,5.0,stationary,0.001,0.0,0.0,0,frozen,Gaussian-m1,gaussian,1027,10000,0.0,1.5828687171624597e-05,0.0056366732294031744,2.4249230891081988e-05,250.0,0.13910546201328922,5000.0,2.0,0.020000000000000004,0.3,1.0,26.76794704681935,0.0,0.002510701243903864,2.2450593208130045
stationary_d20,20,5.0,stationary,0.001,0.0,0.0,0,frozen,Gaussian-m1,gaussian,1028,10000,0.0,1.7636356609366923e-05,0.004009302926078295,2.287372108133073e-05,200.0,0.14144726601573865,5000.0,2.0,0.020000000000000004,0.3,1.0,21.359956996393635,0.0,0.002510701243903864,1.5968857050647216
stationary_d20,20,5.0,stationary,0.001,0.0,0.0,0,frozen,Gaussian-m1,gaussian,1029,10000,0.0,1.6632549551770206e-05,0.003351604212227788,2.2961192629294513e-05,150.0,0.13926559341454753,5000.0,2.0,0.020000000000000004,0.3,1.0,26.807648082124327,0.0,0.002510701243903864,1.3349275308504698
stationary_d20,20,5.0,stationary,0.001,0.0,0.0,0,frozen,Gaussian-m1,gaussian,1030,10000,0.0,8.747694332916843e-06,0.005443389928268965,2.4664379721413363e-05,300.0,0.1393309481548485,5000.0,2.0,0.020000000000000004,0.3,1.0,19.526625476370274,0.0,0.002510701243903864,2.1680755292912086
stationary_d20,20,5.0,stationary,0.001,0.0,0.0,0,frozen,Gaussian-m5,gaussian,1001,10000,0.0,2.5871802703730626e-05,0.006348376399310281,3.1785974835762705e-05,250.0,0.38958228944525025,1000.0,10.0,0.1,0.3,5.0,6.0908738927242965,0.0,0.002510701243903864,2.528527205188004
stationary_d20,20,5.0,stationary,0.001,0.0,0.0,0,frozen,Gaussian-m5,gaussian,1002,10000,0.0,2.7314709068297963e-05,0.007444374568218194,3.453792107150996e-05,300.0,0.38658863815945915,1000.0,10.0,0.1,0.3,5.0,7.001984055039787,0.0,0.002510701243903864,2.965057904158685
stationary_d20,20,5.0,stationary,0.001,0.0,0.0,0,frozen,Gaussian-m5,gaussian,1003,10000,0.0,1.3532461900905933e-05,0.007724554042925653,3.338437499432407e-05,300.0,0.38399752730788383,1000.0,10.0,0.1,0.3,5.0,11.182828454025827,0.0,0.002510701243903864,3.076652015719251
stationary_d20,20,5.0,stationary,0.001,0.0,0.0,0,frozen,Gaussian-m5,gaussian,1004,10000,0.0,4.468619748997735e-05,0.008830358818610672,3.1865810920257085e-05,400.0,0.3750537438963387,1000.0,10.0,0.1,0.3,5.0,8.340507826733035,0.0,0.002510701243903864,3.5170886381051205
stationary_d20,20,5.0,stationary,0.001,0.0,0.0,0,frozen,Gaussian-m5,gaussian,1005,10000,0.0,9.670650451737241e-05,0.006422323043314269,3.3080590049854186e-05,300.0,0.37983459811815656,1000.0,10.0,0.1,0.3,5.0,6.326552744800974,0.0,0.002510701243903864,2.55797979106756
stationary_d20,20,5.0,stationary,0.001,0.0,0.0,0,frozen,Gaussian-m5,gaussian,1006,10000,0.0,1.6244155250298703e-05,0.0049163232294582105,3.068141035303546e-05,250.0,0.37709767765195307,1000.0,10.0,0.1,0.3,5.0,6.0629968615546455,0.0,0.002510701243903864,1.9581474464137634
stationary_d20,20,5.0,stationary,0.001,0.0,0.0,0,frozen,Gaussian-m5,gaussian,1007,10000,0.0,4.192046793135224e-05,0.009542572024678665,3.8336578826132356e-05,300.0,0.3837740350237976,1000.0,10.0,0.1,0.3,5.0,7.851258495204823,0.0,0.002510701243903864,3.800759667383211
stationary_d20,20,5.0,stationary,0.001,0.0,0.0,0,frozen,Gaussian-m5,gaussian,1008,10000,0.0,3.478778480831626e-05,0.007741315407080215,2.8836411189832688e-05,300.0,0.3824565640487052,1000.0,10.0,0.1,0.3,5.0,8.87968394305745,0.0,0.002510701243903864,3.0833279849112287
stationary_d20,20,5.0,stationary,0.001,0.0,0.0,0,frozen,Gaussian-m5,gaussian,1009,10000,0.0,3.840041778131877e-05,0.007515910764136363,3.3529356049737874e-05,300.0,0.3805204120326815,1000.0,10.0,0.1,0.3,5.0,10.575011690516495,0.0,0.002510701243903864,2.993550420379746
stationary_d20,20,5.0,stationary,0.001,0.0,0.0,0,frozen,Gaussian-m5,gaussian,1010,10000,0.0,6.240196484497689e-05,0.00692815401462228,4.0508792701577785e-05,300.0,0.3817828857739157,1000.0,10.0,0.1,0.3,5.0,6.451145685173332,0.0,0.002510701243903864,2.7594497877611928
stationary_d20,20,5.0,stationary,0.001,0.0,0.0,0,frozen,Gaussian-m5,gaussian,1011,10000,0.0,3.375019786739156e-05,0.008048459176808454,3.0180779958116253e-05,350.0,0.3752264014047978,1000.0,10.0,0.1,0.3,5.0,8.802910262578312,0.0,0.002510701243903864,3.20566184302119
stationary_d20,20,5.0,stationary,0.001,0.0,0.0,0,frozen,Gaussian-m5,gaussian,1012,10000,0.0,3.179554476147345e-05,0.008558790985078465,3.4290512114343945e-05,300.0,0.37833450405577673,1000.0,10.0,0.1,0.3,5.0,8.594623858911408,0.0,0.002510701243903864,3.408924501017289
stationary_d20,20,5.0,stationary,0.001,0.0,0.0,0,frozen,Gaussian-m5,gaussian,1013,10000,0.0,2.742282095027986e-05,0.007503241134028427,3.172139845910851e-05,250.0,0.3780393668964599,1000.0,10.0,0.1,0.3,5.0,8.319281576560472,0.0,0.002510701243903864,2.9885041688041363
stationary_d20,20,5.0,stationary,0.001,0.0,0.0,0,frozen,Gaussian-m5,gaussian,1014,10000,0.0,2.3601171712015825e-05,0.006708424281164943,3.177142915557088e-05,250.0,0.38040542734841626,1000.0,10.0,0.1,0.3,5.0,7.862404931655141,0.0,0.002510701243903864,2.671932511864328
stationary_d20,20,5.0,stationary,0.001,0.0,0.0,0,frozen,Gaussian-m5,gaussian,1015,10000,0.0,1.616946333923296e-05,0.007865629251397428,3.7577606490582436e-05,350.0,0.37875746273821176,1000.0,10.0,0.1,0.3,5.0,7.926045604062851,0.0,0.002510701243903864,3.132841579815861
stationary_d20,20,5.0,stationary,0.001,0.0,0.0,0,frozen,Gaussian-m5,gaussian,1016,10000,0.0,4.392392999552462e-05,0.004733614913048716,3.878899420672697e-05,300.0,0.3752163767025204,1000.0,10.0,0.1,0.3,5.0,9.236251603320051,0.0,0.002510701243903864,1.8853756194777147
stationary_d20,20,5.0,stationary,0.001,0.0,0.0,0,frozen,Gaussian-m5,gaussian,1017,10000,0.0,2.380368839600023e-05,0.009169030872187602,2.7355445756913984e-05,400.0,0.3763793554010015,1000.0,10.0,0.1,0.3,5.0,8.244020733795356,0.0,0.002510701243903864,3.651980057145616
stationary_d20,20,5.0,stationary,0.001,0.0,0.0,0,frozen,Gaussian-m5,gaussian,1018,10000,0.0,6.769193527732289e-05,0.011504881058566905,3.7620217892898476e-05,350.0,0.3748311103423597,1000.0,10.0,0.1,0.3,5.0,8.329370594731142,0.0,0.002510701243903864,4.582337737913445
stationary_d20,20,5.0,stationary,0.001,0.0,0.0,0,frozen,Gaussian-m5,gaussian,1019,10000,0.0,2.197636170892274e-05,0.00779565531647595,3.5722867504382085e-05,350.0,0.3768772229892885,1000.0,10.0,0.1,0.3,5.0,6.10149350412661,0.0,0.002510701243903864,3.1049713044928295
stationary_d20,20,5.0,stationary,0.001,0.0,0.0,0,frozen,Gaussian-m5,gaussian,1020,10000,0.0,3.522072546618922e-05,0.009796941530345852,3.126107491560583e-05,300.0,0.387554598688704,1000.0,10.0,0.1,0.3,5.0,7.4983615850261,0.0,0.002510701243903864,3.9020737947748363
stationary_d20,20,5.0,stationary,0.001,0.0,0.0,0,frozen,Gaussian-m5,gaussian,1021,10000,0.0,3.583777923620806e-05,0.005059733139641556,2.840417126041653e-05,250.0,0.3758752193362483,1000.0,10.0,0.1,0.3,5.0,7.303388070841327,0.0,0.002510701243903864,2.0152669107592542
stationary_d20,20,5.0,stationary,0.001,0.0,0.0,0,frozen,Gaussian-m5,gaussian,1022,10000,0.0,3.278058711727697e-05,0.00755637980494053,3.388059379695389e-05,300.0,0.38592534608125684,1000.0,10.0,0.1,0.3,5.0,7.20959050300742,0.0,0.002510701243903864,3.009669040985216
stationary_d20,20,5.0,stationary,0.001,0.0,0.0,0,frozen,Gaussian-m5,gaussian,1023,10000,0.0,5.0857374160501265e-05,0.004190124568907991,3.523851596403861e-05,200.0,0.38127328692892626,1000.0,10.0,0.1,0.3,5.0,8.044371916019923,0.0,0.002510701243903864,1.6689060791608996
stationary_d20,20,5.0,stationary,0.001,0.0,0.0,0,frozen,Gaussian-m5,gaussian,1024,10000,0.0,5.382834165855558e-05,0.008213669604905173,4.662920059771772e-05,350.0,0.38722569776490934,1000.0,10.0,0.1,0.3,5.0,6.030057960265296,0.0,0.002510701243903864,3.271464346802896
stationary_d20,20,5.0,stationary,0.001,0.0,0.0,0,frozen,Gaussian-m5,gaussian,1025,10000,0.0,1.6795935862658427e-05,0.005119527662555925,3.434861751055178e-05,200.0,0.38538975944330767,1000.0,10.0,0.1,0.3,5.0,10.40769886147269,0.0,0.002510701243903864,2.0390827761711794
stationary_d20,20,5.0,stationary,0.001,0.0,0.0,0,frozen,Gaussian-m5,gaussian,1026,10000,0.0,6.580977410675231e-05,0.009149788817848276,4.2129133114931664e-05,350.0,0.3834191558174689,1000.0,10.0,0.1,0.3,5.0,8.331949466597761,0.0,0.002510701243903864,3.6443160412114035
stationary_d20,20,5.0,stationary,0.001,0.0,0.0,0,frozen,Gaussian-m5,gaussian,1027,10000,0.0,3.819419721493445e-05,0.009058750131897886,3.1896721613179524e-05,300.0,0.3800506895254465,1000.0,10.0,0.1,0.3,5.0,11.114162348071437,0.0,0.002510701243903864,3.608055778796097
stationary_d20,20,5.0,stationary,0.001,0.0,0.0,0,frozen,Gaussian-m5,gaussian,1028,10000,0.0,2.907717905533687e-05,0.0051117317619429935,2.9756280625908678e-05,250.0,0.3834067773284328,1000.0,10.0,0.1,0.3,5.0,6.7822251613842415,0.0,0.002510701243903864,2.0359777071663108
stationary_d20,20,5.0,stationary,0.001,0.0,0.0,0,frozen,Gaussian-m5,gaussian,1029,10000,0.0,4.0755315742702876e-05,0.011439878477993213,3.3252348457351243e-05,450.0,0.38359873946437617,1000.0,10.0,0.1,0.3,5.0,7.747365058037154,0.0,0.002510701243903864,4.55644752866154
stationary_d20,20,5.0,stationary,0.001,0.0,0.0,0,frozen,Gaussian-m5,gaussian,1030,10000,0.0,4.794800616301758e-05,0.005439922403718929,3.2161583336821514e-05,250.0,0.38298427346015,1000.0,10.0,0.1,0.3,5.0,11.469618710198578,0.0,0.002510701243903864,2.1666944312579575
stationary_d20,20,5.0,stationary,0.001,0.0,0.0,0,frozen,Gaussian-m20,gaussian,1001,10000,0.0,7.248329867566014e-06,0.007883793746193107,1.2113348415350052e-05,300.0,0.5763036803362712,250.0,40.0,0.2,0.3,20.0,3.7553767736678756,0.0,0.002510701243903864,3.140076409065173
stationary_d20,20,5.0,stationary,0.001,0.0,0.0,0,frozen,Gaussian-m20,gaussian,1002,10000,0.0,6.405154190140458e-06,0.011858260089490319,1.1020432406268241e-05,500.0,0.5601715430981805,250.0,40.0,0.2,0.3,20.0,4.463391684538992,0.0,0.002510701243903864,4.72308687394922
stationary_d20,20,5.0,stationary,0.001,0.0,0.0,0,frozen,Gaussian-m20,gaussian,1003,10000,0.0,1.315531454645546e-05,0.012678433394599453,1.1413833408754002e-05,550.0,0.5710184454212348,250.0,40.0,0.2,0.3,20.0,4.741760139359286,0.0,0.002510701243903864,5.0497578815414474
stationary_d20,20,5.0,stationary,0.001,0.0,0.0,0,frozen,Gaussian-m20,gaussian,1004,10000,0.0,6.982607685619018e-06,0.008617004336776474,1.199262277460117e-05,350.0,0.5693437971018114,250.0,40.0,0.2,0.3,20.0,3.974058889154277,0.0,0.002510701243903864,3.4321105936833733
stationary_d20,20,5.0,stationary,0.001,0.0,0.0,0,frozen,Gaussian-m20,gaussian,1005,10000,0.0,7.2337986747318646e-06,0.007431592702624452,1.0254396509167683e-05,400.0,0.5823058307707164,250.0,40.0,0.2,0.3,20.0,5.541222324150278,0.0,0.002510701243903864,2.959966949739167
stationary_d20,20,5.0,stationary,0.001,0.0,0.0,0,frozen,Gaussian-m20,gaussian,1006,10000,0.0,7.080148459609297e-06,0.009752666920432302,1.0156449478901868e-05,400.0,0.5651496175037101,250.0,40.0,0.2,0.3,20.0,6.427111345294219,0.0,0.002510701243903864,3.8844394346449516
stationary_d20,20,5.0,stationary,0.001,0.0,0.0,0,frozen,Gaussian-m20,gaussian,1007,10000,0.0,9.251470730662114e-06,0.008496737881501954,1.1698949402603569e-05,450.0,0.5723097722310387,250.0,40.0,0.2,0.3,20.0,3.3948286076474576,0.0,0.002510701243903864,3.3842090539973855
stationary_d20,20,5.0,stationary,0.001,0.0,0.0,0,frozen,Gaussian-m20,gaussian,1008,10000,0.0,1.1499941041987115e-05,0.006978928280492843,1.2570822489920914e-05,300.0,0.5793207550795678,250.0,40.0,0.2,0.3,20.0,3.135145335386083,0.0,0.002510701243903864,2.7796729290026474
stationary_d20,20,5.0,stationary,0.001,0.0,0.0,0,frozen,Gaussian-m20,gaussian,1009,10000,0.0,5.628113898643165e-06,0.010333140843775152,1.1224562789148346e-05,500.0,0.5597572459578689,250.0,40.0,0.2,0.3,20.0,3.3508692949783936,0.0,0.002510701243903864,4.1156393532940845
stationary_d20,20,5.0,stationary,0.001,0.0,0.0,0,frozen,Gaussian-m20,gaussian,1010,10000,0.0,1.0028291941800303e-05,0.008200189028146693,1.0074050309130965e-05,400.0,0.5749737401178157,250.0,40.0,0.2,0.3,20.0,3.680480310967588,0.0,0.002510701243903864,3.2660950991509856
stationary_d20,20,5.0,stationary,0.001,0.0,0.0,0,frozen,Gaussian-m20,gaussian,1011,10000,0.0,9.983279712294128e-06,0.00687587382270934,1.193296597300756e-05,300.0,0.5649176220096701,250.0,40.0,0.2,0.3,20.0,3.172115353355712,0.0,0.002510701243903864,2.738626843557903
stationary_d20,20,5.0,stationary,0.001,0.0,0.0,0,frozen,Gaussian-m20,gaussian,1012,10000,0.0,4.686375591432877e-06,0.008470959961068286,1.0680555733605702e-05,400.0,0.5728911415179991,250.0,40.0,0.2,0.3,20.0,5.214458867269874,0.0,0.002510701243903864,3.373941834631378
stationary_d20,20,5.0,stationary,0.001,0.0,0.0,0,frozen,Gaussian-m20,gaussian,1013,10000,0.0,1.3046149508684687e-05,0.00873476530003735,1.1281775853081483e-05,400.0,0.5763831606736181,250.0,40.0,0.2,0.3,20.0,4.44640897986501,0.0,0.002510701243903864,3.4790142081802418
stationary_d20,20,5.0,stationary,0.001,0.0,0.0,0,frozen,Gaussian-m20,gaussian,1014,10000,0.0,7.91044975487693e-06,0.007277938183404956,8.397746636465354e-06,300.0,0.5698960221387124,250.0,40.0,0.2,0.3,20.0,4.877337465695366,0.0,0.002510701243903864,2.898767107825447
stationary_d20,20,5.0,stationary,0.001,0.0,0.0,0,frozen,Gaussian-m20,gaussian,1015,10000,0.0,1.2888373538541511e-05,0.008445356256113546,1.1264839959790714e-05,300.0,0.5641016964669848,250.0,40.0,0.2,0.3,20.0,3.9149099352570214,0.0,0.002510701243903864,3.3637440044367635
stationary_d20,20,5.0,stationary,0.001,0.0,0.0,0,frozen,Gaussian-m20,gaussian,1016,10000,0.0,8.121831339734131e-06,0.010715458688645934,1.1581145984532893e-05,500.0,0.582252936411708,250.0,40.0,0.2,0.3,20.0,6.068431858099388,0.0,0.002510701243903864,4.267914677090205
stationary_d20,20,5.0,stationary,0.001,0.0,0.0,0,frozen,Gaussian-m20,gaussian,1017,10000,0.0,1.8238815847326847e-05,0.011207804006260766,1.1220826110900943e-05,500.0,0.574261608517909,250.0,40.0,0.2,0.3,20.0,5.1025017193572095,0.0,0.002510701243903864,4.464013404013719
stationary_d20,20,5.0,stationary,0.001,0.0,0.0,0,frozen,Gaussian-m20,gaussian,1018,10000,0.0,3.1830180153435922e-06,0.009144059051354767,1.1750003629426572e-05,250.0,0.5699511630605073,250.0,40.0,0.2,0.3,20.0,5.4963796074023135,0.0,0.002510701243903864,3.642033903299766
stationary_d20,20,5.0,stationary,0.001,0.0,0.0,0,frozen,Gaussian-m20,gaussian,1019,10000,0.0,1.1598999808857958e-05,0.007648843218974491,1.429839750254521e-05,400.0,0.5717235247434161,250.0,40.0,0.2,0.3,20.0,3.7294666778103007,0.0,0.002510701243903864,3.046496765613332
stationary_d20,20,5.0,stationary,0.001,0.0,0.0,0,frozen,Gaussian-m20,gaussian,1020,10000,0.0,3.603290614268133e-06,0.008328983878049222,1.1536648766077108e-05,400.0,0.576598641635731,250.0,40.0,0.2,0.3,20.0,2.6994535587985267,0.0,0.002510701243903864,3.3173934566179484
stationary_d20,20,5.0,stationary,0.001,0.0,0.0,0,frozen,Gaussian-m20,gaussian,1021,10000,0.0,8.733116573742702e-06,0.009349212810681575,1.1261883395569092e-05,450.0,0.5651101337589276,250.0,40.0,0.2,0.3,20.0,3.0270679565526235,0.0,0.002510701243903864,3.723745640140194
stationary_d20,20,5.0,stationary,0.001,0.0,0.0,0,frozen,Gaussian-m20,gaussian,1022,10000,0.0,1.2383437641913235e-05,0.009082128708854637,1.1344448491162904e-05,400.0,0.5641225675582452,250.0,40.0,0.2,0.3,20.0,3.6411219166209747,0.0,0.002510701243903864,3.6173673514149085
stationary_d20,20,5.0,stationary,0.001,0.0,0.0,0,frozen,Gaussian-m20,gaussian,1023,10000,0.0,1.018080522206365e-05,0.008977490545431614,1.0036332425578614e-05,350.0,0.5670118214745857,250.0,40.0,0.2,0.3,20.0,5.066080539642149,0.0,0.002510701243903864,3.575690483776001
stationary_d20,20,5.0,stationary,0.001,0.0,0.0,0,frozen,Gaussian-m20,gaussian,1024,10000,0.0,1.1227084468612504e-05,0.005841882264620499,1.2563980854359187e-05,250.0,0.5617150489580774,250.0,40.0,0.2,0.3,20.0,5.203073916293598,0.0,0.002510701243903864,2.326793073769707
stationary_d20,20,5.0,stationary,0.001,0.0,0.0,0,frozen,Gaussian-m20,gaussian,1025,10000,0.0,1.586595453766594e-05,0.0114831694377399,1.2216388154840405e-05,400.0,0.5673463415741589,250.0,40.0,0.2,0.3,20.0,3.629078654172508,0.0,0.002510701243903864,4.5736901057510275
stationary_d20,20,5.0,stationary,0.001,0.0,0.0,0,frozen,Gaussian-m20,gaussian,1026,10000,0.0,9.911139428633297e-06,0.00836370131039972,1.0455654955507334e-05,400.0,0.5674553954549624,250.0,40.0,0.2,0.3,20.0,5.840657554767178,0.0,0.002510701243903864,3.3312212397661
stationary_d20,20,5.0,stationary,0.001,0.0,0.0,0,frozen,Gaussian-m20,gaussian,1027,10000,0.0,4.675032234805618e-06,0.00875065238864614,9.761301210354522e-06,400.0,0.5685087766578958,250.0,40.0,0.2,0.3,20.0,4.00526605816289,0.0,0.002510701243903864,3.4853419577073375
stationary_d20,20,5.0,stationary,0.001,0.0,0.0,0,frozen,Gaussian-m20,gaussian,1028,10000,0.0,1.1994033796009449e-05,0.009614261194520567,1.0234669722387623e-05,450.0,0.5569041731984881,250.0,40.0,0.2,0.3,20.0,4.7872087111084465,0.0,0.002510701243903864,3.82931311236834
stationary_d20,20,5.0,stationary,0.001,0.0,0.0,0,frozen,Gaussian-m20,gaussian,1029,10000,0.0,1.4584948881114119e-05,0.013074680247200515,1.2856995995567238e-05,400.0,0.5722672484246349,250.0,40.0,0.2,0.3,20.0,4.76583908457564,0.0,0.002510701243903864,5.207581060847697
stationary_d20,20,5.0,stationary,0.001,0.0,0.0,0,frozen,Gaussian-m20,gaussian,1030,10000,0.0,5.8293803405285205e-06,0.009357493136327702,9.474628508488734e-06,400.0,0.567876254743217,250.0,40.0,0.2,0.3,20.0,5.401360721129313,0.0,0.002510701243903864,3.727043653261521
stationary_d20,20,5.0,stationary,0.001,0.0,0.0,0,frozen,CoordinateCentral,coordinate,1001,10000,0.0,1.0994193893064824e-05,0.0215707500929127,9.130202342029256e-06,1300.0,0.44548280793845735,250.0,40.0,0.04,0.1,1.0,3.0146199485313674,0.0,0.002510701243903864,8.591524039464193
stationary_d20,20,5.0,stationary,0.001,0.0,0.0,0,frozen,CoordinateCentral,coordinate,1002,10000,0.0,5.196046077376002e-06,0.021566535164676964,7.1316179874064985e-06,1350.0,0.4404201790500954,250.0,40.0,0.04,0.1,1.0,3.017013550296452,0.0,0.002510701243903864,8.589845254206104
stationary_d20,20,5.0,stationary,0.001,0.0,0.0,0,frozen,CoordinateCentral,coordinate,1003,10000,0.0,7.784453272472814e-06,0.021588072631734647,8.439535021272789e-06,1300.0,0.4438979530092354,250.0,40.0,0.04,0.1,1.0,3.018217161251382,0.0,0.002510701243903864,8.598423521775763
stationary_d20,20,5.0,stationary,0.001,0.0,0.0,0,frozen,CoordinateCentral,coordinate,1004,10000,0.0,7.382093842099639e-06,0.021641933384970655,7.943492247550584e-06,1350.0,0.44982372821376526,250.0,40.0,0.04,0.1,1.0,3.0009216631799203,0.0,0.002510701243903864,8.619875995807384
stationary_d20,20,5.0,stationary,0.001,0.0,0.0,0,frozen,CoordinateCentral,coordinate,1005,10000,0.0,6.4553111792010524e-06,0.021588071487629732,9.362086151388179e-06,1300.0,0.44706080657040825,250.0,40.0,0.04,0.1,1.0,3.0195484277729525,0.0,0.002510701243903864,8.598423066084381
stationary_d20,20,5.0,stationary,0.001,0.0,0.0,0,frozen,CoordinateCentral,coordinate,1006,10000,0.0,1.1243078647004266e-05,0.02155629764492893,1.023891942256402e-05,1300.0,0.43273742309124735,250.0,40.0,0.04,0.1,1.0,3.014368348771964,0.0,0.002510701243903864,8.585767700266583
stationary_d20,20,5.0,stationary,0.001,0.0,0.0,0,frozen,CoordinateCentral,coordinate,1007,10000,0.0,7.98262713876762e-06,0.021601434468379935,7.260443493581615e-06,1350.0,0.45179468303914083,250.0,40.0,0.04,0.1,1.0,3.0283550661783427,0.0,0.002510701243903864,8.603745475822556
stationary_d20,20,5.0,stationary,0.001,0.0,0.0,0,frozen,CoordinateCentral,coordinate,1008,10000,0.0,1.0121702194303916e-05,0.021532412041009794,8.191440604986996e-06,1300.0,0.4390133180191241,250.0,40.0,0.04,0.1,1.0,3.0115505438949435,0.0,0.002510701243903864,8.576254181293695
stationary_d20,20,5.0,stationary,0.001,0.0,0.0,0,frozen,CoordinateCentral,coordinate,1009,10000,0.0,6.205236762185941e-06,0.021557165226681177,8.220514078227542e-06,1300.0,0.44871550000657145,250.0,40.0,0.04,0.1,1.0,3.0131507786762923,0.0,0.002510701243903864,8.586113253826314
stationary_d20,20,5.0,stationary,0.001,0.0,0.0,0,frozen,CoordinateCentral,coordinate,1010,10000,0.0,1.1910087240748438e-05,0.021619045897475948,1.0697597994025252e-05,1350.0,0.438925228247044,250.0,40.0,0.04,0.1,1.0,3.0188771997974198,0.0,0.002510701243903864,8.610760021714377
stationary_d20,20,5.0,stationary,0.001,0.0,0.0,0,frozen,CoordinateCentral,coordinate,1011,10000,0.0,1.4906422569797641e-05,0.02151271101430651,1.17046746700671e-05,1300.0,0.43710175922564737,250.0,40.0,0.04,0.1,1.0,3.0086561637716964,0.0,0.002510701243903864,8.568407358916433
stationary_d20,20,5.0,stationary,0.001,0.0,0.0,0,frozen,CoordinateCentral,coordinate,1012,10000,0.0,9.780124338595558e-06,0.021542121196009886,9.952854153677142e-06,1300.0,0.4411880865942368,250.0,40.0,0.04,0.1,1.0,3.0157792824192473,0.0,0.002510701243903864,8.58012129014373
stationary_d20,20,5.0,stationary,0.001,0.0,0.0,0,frozen,CoordinateCentral,coordinate,1013,10000,0.0,1.0248993631377306e-05,0.021549775702073885,8.568715532021248e-06,1300.0,0.4386675222666296,250.0,40.0,0.04,0.1,1.0,3.005293752981096,0.0,0.002510701243903864,8.58317004239276
stationary_d20,20,5.0,stationary,0.001,0.0,0.0,0,frozen,CoordinateCentral,coordinate,1014,10000,0.0,9.818786098827764e-06,0.02161931626999756,7.443072027643374e-06,1350.0,0.44334398027270105,250.0,40.0,0.04,0.1,1.0,3.011569219875248,0.0,0.002510701243903864,8.610867709764586
stationary_d20,20,5.0,stationary,0.001,0.0,0.0,0,frozen,CoordinateCentral,coordinate,1015,10000,0.0,5.713321959742307e-06,0.02156782605019927,6.695067700706362e-06,1350.0,0.45093936572875293,250.0,40.0,0.04,0.1,1.0,3.01049957785585,0.0,0.002510701243903864,8.590359407582751
stationary_d20,20,5.0,stationary,0.001,0.0,0.0,0,frozen,CoordinateCentral,coordinate,1016,10000,0.0,6.28249563858038e-06,0.021513013334798565,7.2896551623576694e-06,1300.0,0.4471225412453809,250.0,40.0,0.04,0.1,1.0,3.018233634489211,0.0,0.002510701243903864,8.568527771686686
stationary_d20,20,5.0,stationary,0.001,0.0,0.0,0,frozen,CoordinateCentral,coordinate,1017,10000,0.0,5.402949005092798e-06,0.021507071611561134,7.19907119657073e-06,1300.0,0.45585614805673574,250.0,40.0,0.04,0.1,1.0,3.0093778823390203,0.0,0.002510701243903864,8.566161212442786
stationary_d20,20,5.0,stationary,0.001,0.0,0.0,0,frozen,CoordinateCentral,coordinate,1018,10000,0.0,1.1887860823941686e-05,0.021648658216547642,7.180440977676967e-06,1350.0,0.45519965134412893,250.0,40.0,0.04,0.1,1.0,3.0086321392211293,0.0,0.002510701243903864,8.622554463264759
stationary_d20,20,5.0,stationary,0.001,0.0,0.0,0,frozen,CoordinateCentral,coordinate,1019,10000,0.0,5.727432499410834e-06,0.021462117285099506,7.235386220336128e-06,1300.0,0.4523054006403072,250.0,40.0,0.04,0.1,1.0,3.009451079673488,0.0,0.002510701243903864,8.548256124543228
stationary_d20,20,5.0,stationary,0.001,0.0,0.0,0,frozen,CoordinateCentral,coordinate,1020,10000,0.0,6.901065829118624e-06,0.021512021053376306,9.299175016102205e-06,1300.0,0.441748894892382,250.0,40.0,0.04,0.1,1.0,3.019042151296924,0.0,0.002510701243903864,8.56813255085957
stationary_d20,20,5.0,stationary,0.001,0.0,0.0,0,frozen,CoordinateCentral,coordinate,1021,10000,0.0,5.957649304025988e-06,0.02154051798396217,9.530841364797655e-06,1300.0,0.44237851033397785,250.0,40.0,0.04,0.1,1.0,3.003619108552413,0.0,0.002510701243903864,8.579482738642787
stationary_d20,20,5.0,stationary,0.001,0.0,0.0,0,frozen,CoordinateCentral,coordinate,1022,10000,0.0,6.172910480512061e-06,0.02153332657643715,8.185559865270293e-06,1300.0,0.4435247608661425,250.0,40.0,0.04,0.1,1.0,3.005479864820441,0.0,0.002510701243903864,8.57661843627209
stationary_d20,20,5.0,stationary,0.001,0.0,0.0,0,frozen,CoordinateCentral,coordinate,1023,10000,0.0,7.22404237671073e-06,0.021613820129049437,8.246856491784084e-06,1350.0,0.4472989514530757,250.0,40.0,0.04,0.1,1.0,3.0287483612364188,0.0,0.002510701243903864,8.60867862376263
stationary_d20,20,5.0,stationary,0.001,0.0,0.0,0,frozen,CoordinateCentral,coordinate,1024,10000,0.0,5.985134838671016e-06,0.021537438338030804,7.325469797689026e-06,1350.0,0.454686795119768,250.0,40.0,0.04,0.1,1.0,3.018879772136713,0.0,0.002510701243903864,8.57825613076228
stationary_d20,20,5.0,stationary,0.001,0.0,0.0,0,frozen,CoordinateCentral,coordinate,1025,10000,0.0,6.3403206084877295e-06,0.0215655056618783,7.223146662552762e-06,1350.0,0.45415582782318836,250.0,40.0,0.04,0.1,1.0,3.0204470342480065,0.0,0.002510701243903864,8.589435208287194
stationary_d20,20,5.0,stationary,0.001,0.0,0.0,0,frozen,CoordinateCentral,coordinate,1026,10000,0.0,5.892065665831823e-06,0.021523051208926284,7.936102599980903e-06,1300.0,0.4467560083144714,250.0,40.0,0.04,0.1,1.0,3.016102480135972,0.0,0.002510701243903864,8.572525807754136
stationary_d20,20,5.0,stationary,0.001,0.0,0.0,0,frozen,CoordinateCentral,coordinate,1027,10000,0.0,7.830433646200296e-06,0.02158447384260448,8.436336292231596e-06,1300.0,0.44303698994857393,250.0,40.0,0.04,0.1,1.0,3.017061185312885,0.0,0.002510701243903864,8.596990141703598
stationary_d20,20,5.0,stationary,0.001,0.0,0.0,0,frozen,CoordinateCentral,coordinate,1028,10000,0.0,8.381815669262818e-06,0.021583357671252464,1.1501108378785495e-05,1350.0,0.452178212288185,250.0,40.0,0.04,0.1,1.0,3.017730076882052,0.0,0.002510701243903864,8.596545576124669
stationary_d20,20,5.0,stationary,0.001,0.0,0.0,0,frozen,CoordinateCentral,coordinate,1029,10000,0.0,8.368302443532936e-06,0.021582192280020167,8.214498476612399e-06,1300.0,0.4502175605436206,250.0,40.0,0.04,0.1,1.0,3.0157105943740823,0.0,0.002510701243903864,8.59608140650866
stationary_d20,20,5.0,stationary,0.001,0.0,0.0,0,frozen,CoordinateCentral,coordinate,1030,10000,0.0,7.103650551992733e-06,0.02157568306313922,7.564632573135219e-06,1350.0,0.4488359345656783,250.0,40.0,0.04,0.1,1.0,3.0312500454434224,0.0,0.002510701243903864,8.593488817327948
linear_d20,20,5.0,linear,0.001,0.0001,0.0,0,frozen,SPSA-m1,spsa,1001,10000,1.0,0.00010477671602891639,0.005118321665503223,9.588727616158753e-05,150.0,0.16513795088266378,5000.0,2.0,0.020000000000000004,0.1,1.0,32.513210565668885,0.0,0.0025123316947977107,2.037279422976568
linear_d20,20,5.0,linear,0.001,0.0001,0.0,0,frozen,SPSA-m1,spsa,1002,10000,1.0,6.57643432906866e-05,0.004426495803371527,6.162541757854675e-05,250.0,0.1685108823416479,5000.0,2.0,0.020000000000000004,0.1,1.0,29.11100120473873,0.0,0.0025123316947977107,1.7619073996230192
linear_d20,20,5.0,linear,0.001,0.0001,0.0,0,frozen,SPSA-m1,spsa,1003,10000,1.0,5.595654004353786e-05,0.00793541705438667,6.503630738892107e-05,400.0,0.16946357524714437,5000.0,2.0,0.020000000000000004,0.1,1.0,24.53932259895412,0.0,0.0025123316947977107,3.158586531714165
linear_d20,20,5.0,linear,0.001,0.0001,0.0,0,frozen,SPSA-m1,spsa,1004,10000,1.0,8.726417200741067e-05,0.005149231800041385,7.716737308714435e-05,200.0,0.16845102067142412,5000.0,2.0,0.020000000000000004,0.1,1.0,23.622374994096727,0.0,0.0025123316947977107,2.0495827882536
linear_d20,20,5.0,linear,0.001,0.0001,0.0,0,frozen,SPSA-m1,spsa,1005,10000,1.0,7.294523627658952e-05,0.007544808835026339,6.551936201739177e-05,300.0,0.16333905232493756,5000.0,2.0,0.020000000000000004,0.1,1.0,23.843939576943566,0.0,0.0025123316947977107,3.003110158841441
linear_d20,20,5.0,linear,0.001,0.0001,0.0,0,frozen,SPSA-m1,spsa,1006,10000,1.0,4.304977623211082e-05,0.0046150421929151385,5.927615901809667e-05,200.0,0.16792046072731606,5000.0,2.0,0.020000000000000004,0.1,1.0,28.03683550017501,0.0,0.0025123316947977107,1.8369557660206706
linear_d20,20,5.0,linear,0.001,0.0001,0.0,0,frozen,SPSA-m1,spsa,1007,10000,1.0,4.2981472927114246e-05,0.004266913695633962,6.274443666233245e-05,200.0,0.1699226592999397,5000.0,2.0,0.020000000000000004,0.1,1.0,24.358038886105952,0.0,0.0025123316947977107,1.6983878778703732
linear_d20,20,5.0,linear,0.001,0.0001,0.0,0,frozen,SPSA-m1,spsa,1008,10000,1.0,5.333638347218419e-05,0.005078040293674468,5.89703861354331e-05,200.0,0.1679169025166505,5000.0,2.0,0.020000000000000004,0.1,1.0,20.11827568029114,0.0,0.0025123316947977107,2.021245962143285
linear_d20,20,5.0,linear,0.001,0.0001,0.0,0,frozen,SPSA-m1,spsa,1009,10000,1.0,5.823049064735188e-05,0.005255007141749646,6.594087064203298e-05,250.0,0.16822493868536698,5000.0,2.0,0.020000000000000004,0.1,1.0,20.331252365292556,0.0,0.0025123316947977107,2.091685247067972
linear_d20,20,5.0,linear,0.001,0.0001,0.0,0,frozen,SPSA-m1,spsa,1010,10000,1.0,5.6820458149675466e-05,0.006236833872344795,5.409385740446361e-05,250.0,0.1682777921680469,5000.0,2.0,0.020000000000000004,0.1,1.0,27.925536003038424,0.0,0.0025123316947977107,2.482488234041475
linear_d20,20,5.0,linear,0.001,0.0001,0.0,0,frozen,SPSA-m1,spsa,1011,10000,1.0,5.917737591087634e-05,0.007668036213752046,5.8824138587195225e-05,300.0,0.16655390452099494,5000.0,2.0,0.020000000000000004,0.1,1.0,21.170673012209612,0.0,0.0025123316947977107,3.0521591673704
linear_d20,20,5.0,linear,0.001,0.0001,0.0,0,frozen,SPSA-m1,spsa,1012,10000,1.0,7.186993927263143e-05,0.005488742454918466,6.714203112894208e-05,250.0,0.1687878309368629,5000.0,2.0,0.020000000000000004,0.1,1.0,26.172950867145282,0.0,0.0025123316947977107,2.184720459596961
linear_d20,20,5.0,linear,0.001,0.0001,0.0,0,frozen,SPSA-m1,spsa,1013,10000,1.0,7.719958861920037e-05,0.004322948426259793,6.439923635319738e-05,300.0,0.16766950577681436,5000.0,2.0,0.020000000000000004,0.1,1.0,22.52620325105023,0.0,0.0025123316947977107,1.7206917522918368
linear_d20,20,5.0,linear,0.001,0.0001,0.0,0,frozen,SPSA-m1,spsa,1014,10000,1.0,4.521894964085204e-05,0.005204614962404168,5.730817485114259e-05,250.0,0.1692962097115324,5000.0,2.0,0.020000000000000004,0.1,1.0,22.04779215918762,0.0,0.0025123316947977107,2.071627314650121
linear_d20,20,5.0,linear,0.001,0.0001,0.0,0,frozen,SPSA-m1,spsa,1015,10000,1.0,4.725293888718077e-05,0.0041465645939866335,6.624647528915538e-05,200.0,0.1713058602488924,5000.0,2.0,0.020000000000000004,0.1,1.0,29.078892045930246,0.0,0.0025123316947977107,1.6504845290026517
linear_d20,20,5.0,linear,0.001,0.0001,0.0,0,frozen,SPSA-m1,spsa,1016,10000,1.0,8.594326922967625e-05,0.007101044303089398,6.864867324087844e-05,250.0,0.1691205009623286,5000.0,2.0,0.020000000000000004,0.1,1.0,30.974946030965263,0.0,0.0025123316947977107,2.8264756273200478
linear_d20,20,5.0,linear,0.001,0.0001,0.0,0,frozen,SPSA-m1,spsa,1017,10000,1.0,3.317340778181786e-05,0.0046865233456425915,5.810692326120267e-05,250.0,0.16882156697984632,5000.0,2.0,0.020000000000000004,0.1,1.0,21.659034848307,0.0,0.0025123316947977107,1.8654078819874713
linear_d20,20,5.0,linear,0.001,0.0001,0.0,0,frozen,SPSA-m1,spsa,1018,10000,1.0,7.059272537117306e-05,0.004762205725383714,7.129591487011772e-05,250.0,0.17041328158137048,5000.0,2.0,0.020000000000000004,0.1,1.0,27.746183997298015,0.0,0.0025123316947977107,1.8955322401276955
linear_d20,20,5.0,linear,0.001,0.0001,0.0,0,frozen,SPSA-m1,spsa,1019,10000,1.0,8.715646267920526e-05,0.005092827865483283,6.624382290123562e-05,250.0,0.167515252859746,5000.0,2.0,0.020000000000000004,0.1,1.0,25.25142099365278,0.0,0.0025123316947977107,2.0271319571492135
linear_d20,20,5.0,linear,0.001,0.0001,0.0,0,frozen,SPSA-m1,spsa,1020,10000,1.0,5.424278693046872e-05,0.004302829369711578,6.365131707404434e-05,150.0,0.16850760943042034,5000.0,2.0,0.020000000000000004,0.1,1.0,30.95274169794883,0.0,0.0025123316947977107,1.7126836311548568
linear_d20,20,5.0,linear,0.001,0.0001,0.0,0,frozen,SPSA-m1,spsa,1021,10000,1.0,4.336183073430328e-05,0.007348035318952174,6.104086010533179e-05,250.0,0.16757158907643183,5000.0,2.0,0.020000000000000004,0.1,1.0,25.059117853397677,0.0,0.0025123316947977107,2.9247870948600307
linear_d20,20,5.0,linear,0.001,0.0001,0.0,0,frozen,SPSA-m1,spsa,1022,10000,1.0,4.035390519590545e-05,0.006967989284407331,5.979377525561685e-05,350.0,0.16812951137303794,5000.0,2.0,0.020000000000000004,0.1,1.0,19.804702218655642,0.0,0.0025123316947977107,2.773514858263325
linear_d20,20,5.0,linear,0.001,0.0001,0.0,0,frozen,SPSA-m1,spsa,1023,10000,1.0,4.581864445976803e-05,0.005087115277088058,7.002569582925758e-05,250.0,0.16673699885208196,5000.0,2.0,0.020000000000000004,0.1,1.0,23.31447749962222,0.0,0.0025123316947977107,2.024858137809572
linear_d20,20,5.0,linear,0.001,0.0001,0.0,0,frozen,SPSA-m1,spsa,1024,10000,1.0,7.888226367006887e-05,0.005757255830237874,6.019345164353287e-05,250.0,0.16725779948972272,5000.0,2.0,0.020000000000000004,0.1,1.0,22.357161839114543,0.0,0.0025123316947977107,2.291598614211425
linear_d20,20,5.0,linear,0.001,0.0001,0.0,0,frozen,SPSA-m1,spsa,1025,10000,1.0,7.010639434843029e-05,0.007164937096776799,5.797309642852194e-05,350.0,0.16809011543397676,5000.0,2.0,0.020000000000000004,0.1,1.0,20.57576623950121,0.0,0.0025123316947977107,2.8519072985518776
linear_d20,20,5.0,linear,0.001,0.0001,0.0,0,frozen,SPSA-m1,spsa,1026,10000,1.0,7.096583308964342e-05,0.004459002428452843,8.197872965350185e-05,200.0,0.16578677918178206,5000.0,2.0,0.020000000000000004,0.1,1.0,22.789290904883376,0.0,0.0025123316947977107,1.7748462265894691
linear_d20,20,5.0,linear,0.001,0.0001,0.0,0,frozen,SPSA-m1,spsa,1027,10000,1.0,6.488065141958127e-05,0.005687233077361035,6.459975659770816e-05,250.0,0.16978602119516906,5000.0,2.0,0.020000000000000004,0.1,1.0,30.40170481515792,0.0,0.0025123316947977107,2.2637269947824157
linear_d20,20,5.0,linear,0.001,0.0001,0.0,0,frozen,SPSA-m1,spsa,1028,10000,1.0,4.9875039319054813e-05,0.009568158008196033,6.183208522346724e-05,350.0,0.1639529448356489,5000.0,2.0,0.020000000000000004,0.1,1.0,26.135558500048685,0.0,0.0025123316947977107,3.808477211830282
linear_d20,20,5.0,linear,0.001,0.0001,0.0,0,frozen,SPSA-m1,spsa,1029,10000,1.0,6.844110343067026e-05,0.005191394050631242,5.387565710711627e-05,250.0,0.1686318618619568,5000.0,2.0,0.020000000000000004,0.1,1.0,19.038479987240443,0.0,0.0025123316947977107,2.0663649076995165
linear_d20,20,5.0,linear,0.001,0.0001,0.0,0,frozen,SPSA-m1,spsa,1030,10000,1.0,7.018365366288002e-05,0.005675260187586174,6.136284521273103e-05,200.0,0.16924682128850904,5000.0,2.0,0.020000000000000004,0.1,1.0,26.41081973440883,0.0,0.0025123316947977107,2.2589613462816014
linear_d20,20,5.0,linear,0.001,0.0001,0.0,0,frozen,Gaussian-m1,gaussian,1001,10000,1.0,0.00011017339839342361,0.0053694807212843155,7.60027175274837e-05,250.0,0.15748939509479232,5000.0,2.0,0.020000000000000004,0.3,1.0,26.492865148104094,0.0,0.0025123316947977107,2.1372499230109256
linear_d20,20,5.0,linear,0.001,0.0001,0.0,0,frozen,Gaussian-m1,gaussian,1002,10000,1.0,0.00012948804117537743,0.006084164249908399,7.123913367004644e-05,250.0,0.1627313124373499,5000.0,2.0,0.020000000000000004,0.3,1.0,20.24464764620825,0.0,0.0025123316947977107,2.421720134529564
linear_d20,20,5.0,linear,0.001,0.0001,0.0,0,frozen,Gaussian-m1,gaussian,1003,10000,1.0,5.654026814000958e-05,0.007335224385525407,7.67234882771868e-05,300.0,0.159459697658735,5000.0,2.0,0.020000000000000004,0.3,1.0,23.6691183298368,0.0,0.0025123316947977107,2.9196878743019754
linear_d20,20,5.0,linear,0.001,0.0001,0.0,0,frozen,Gaussian-m1,gaussian,1004,10000,1.0,0.00010990349269265068,0.005732570963126813,7.415088928189952e-05,300.0,0.1570724367647757,5000.0,2.0,0.020000000000000004,0.3,1.0,26.47678889378134,0.0,0.0025123316947977107,2.2817731332997377
linear_d20,20,5.0,linear,0.001,0.0001,0.0,0,frozen,Gaussian-m1,gaussian,1005,10000,1.0,6.41047116313201e-05,0.007617703033747776,6.243465278633987e-05,300.0,0.1607828017968832,5000.0,2.0,0.020000000000000004,0.3,1.0,23.292783188402286,0.0,0.0025123316947977107,3.0321247188505267
linear_d20,20,5.0,linear,0.001,0.0001,0.0,0,frozen,Gaussian-m1,gaussian,1006,10000,1.0,4.63026240244419e-05,0.006455692143302856,7.452245434077326e-05,300.0,0.16157141426223037,5000.0,2.0,0.020000000000000004,0.3,1.0,19.80851495438705,0.0,0.0025123316947977107,2.56960183906873
linear_d20,20,5.0,linear,0.001,0.0001,0.0,0,frozen,Gaussian-m1,gaussian,1007,10000,1.0,5.577442741326969e-05,0.004092084227929539,0.0001015574973630206,200.0,0.15614946427736073,5000.0,2.0,0.020000000000000004,0.3,1.0,29.074151951167025,0.0,0.0025123316947977107,1.6287993485904049
linear_d20,20,5.0,linear,0.001,0.0001,0.0,0,frozen,Gaussian-m1,gaussian,1008,10000,1.0,7.291254986384851e-05,0.0036299931862485493,7.724049634890599e-05,150.0,0.1610013916388075,5000.0,2.0,0.020000000000000004,0.3,1.0,23.738875342615675,0.0,0.0025123316947977107,1.444870195191655
linear_d20,20,5.0,linear,0.001,0.0001,0.0,0,frozen,Gaussian-m1,gaussian,1009,10000,1.0,0.00010242469653069957,0.0070759006716686725,7.976387724903893e-05,200.0,0.15972938203744358,5000.0,2.0,0.020000000000000004,0.3,1.0,19.891330718347746,0.0,0.0025123316947977107,2.8164675414161082
linear_d20,20,5.0,linear,0.001,0.0001,0.0,0,frozen,Gaussian-m1,gaussian,1010,10000,1.0,5.4545284856946516e-05,0.0052291552755236665,6.706673121267285e-05,300.0,0.15809351625153445,5000.0,2.0,0.020000000000000004,0.3,1.0,26.006698518501413,0.0,0.0025123316947977107,2.081395257780526
linear_d20,20,5.0,linear,0.001,0.0001,0.0,0,frozen,Gaussian-m1,gaussian,1011,10000,1.0,0.00012478986814532265,0.0060218845513127,6.556828918742217e-05,300.0,0.15920760338367523,5000.0,2.0,0.020000000000000004,0.3,1.0,26.272622644598155,0.0,0.0025123316947977107,2.396930534205426
linear_d20,20,5.0,linear,0.001,0.0001,0.0,0,frozen,Gaussian-m1,gaussian,1012,10000,1.0,2.7864715606486143e-05,0.005634347820556619,6.722772374599015e-05,250.0,0.16028532929468786,5000.0,2.0,0.020000000000000004,0.3,1.0,24.72736812359756,0.0,0.0025123316947977107,2.2426767262554033
linear_d20,20,5.0,linear,0.001,0.0001,0.0,0,frozen,Gaussian-m1,gaussian,1013,10000,1.0,6.886642781680652e-05,0.006535157552619544,6.256831564479188e-05,300.0,0.16061009978652388,5000.0,2.0,0.020000000000000004,0.3,1.0,18.2690868227491,0.0,0.0025123316947977107,2.6012319814903044
linear_d20,20,5.0,linear,0.001,0.0001,0.0,0,frozen,Gaussian-m1,gaussian,1014,10000,1.0,0.0001442751671397001,0.004036672118091809,6.965578976132628e-05,200.0,0.15928532806935072,5000.0,2.0,0.020000000000000004,0.3,1.0,24.875094432599095,0.0,0.0025123316947977107,1.6067433000389846
linear_d20,20,5.0,linear,0.001,0.0001,0.0,0,frozen,Gaussian-m1,gaussian,1015,10000,1.0,0.00010098712112772367,0.0050715636352891185,7.602527499120558e-05,200.0,0.16174802933680807,5000.0,2.0,0.020000000000000004,0.3,1.0,24.90706464663213,0.0,0.0025123316947977107,2.0186680149722322
linear_d20,20,5.0,linear,0.001,0.0001,0.0,0,frozen,Gaussian-m1,gaussian,1016,10000,1.0,4.9594430606024755e-05,0.00509342754385116,8.417862628730639e-05,250.0,0.15658395904457484,5000.0,2.0,0.020000000000000004,0.3,1.0,23.70123691279265,0.0,0.0025123316947977107,2.0273706510960032
linear_d20,20,5.0,linear,0.001,0.0001,0.0,0,frozen,Gaussian-m1,gaussian,1017,10000,1.0,0.00011896341326214069,0.005401387075363204,7.045727066422307e-05,200.0,0.16125188775473492,5000.0,2.0,0.020000000000000004,0.3,1.0,31.469664985726926,0.0,0.0025123316947977107,2.149949820140336
linear_d20,20,5.0,linear,0.001,0.0001,0.0,0,frozen,Gaussian-m1,gaussian,1018,10000,1.0,5.185592385728538e-05,0.005751663509038565,6.9089044900823e-05,300.0,0.16083116680567497,5000.0,2.0,0.020000000000000004,0.3,1.0,22.354410926225512,0.0,0.0025123316947977107,2.2893726656191715
linear_d20,20,5.0,linear,0.001,0.0001,0.0,0,frozen,Gaussian-m1,gaussian,1019,10000,1.0,9.247926111214805e-05,0.003849398091079694,8.165334537379033e-05,200.0,0.1605650504344556,5000.0,2.0,0.020000000000000004,0.3,1.0,25.345221498589485,0.0,0.0025123316947977107,1.5322013805146226
linear_d20,20,5.0,linear,0.001,0.0001,0.0,0,frozen,Gaussian-m1,gaussian,1020,10000,1.0,5.41878643754067e-05,0.005971006322110014,7.527097356240805e-05,250.0,0.1589536060677754,5000.0,2.0,0.020000000000000004,0.3,1.0,24.021642293265323,0.0,0.0025123316947977107,2.376679136148378
linear_d20,20,5.0,linear,0.001,0.0001,0.0,0,frozen,Gaussian-m1,gaussian,1021,10000,1.0,6.223063815115886e-05,0.005749765389461978,7.273291264506685e-05,250.0,0.16443787714856797,5000.0,2.0,0.020000000000000004,0.3,1.0,26.680440950431773,0.0,0.0025123316947977107,2.288617144530727
linear_d20,20,5.0,linear,0.001,0.0001,0.0,0,frozen,Gaussian-m1,gaussian,1022,10000,1.0,0.00010919823045771194,0.005062655187728648,7.496147892486911e-05,250.0,0.15850096139446823,5000.0,2.0,0.020000000000000004,0.3,1.0,19.771530799610524,0.0,0.0025123316947977107,2.0151221266729613
linear_d20,20,5.0,linear,0.001,0.0001,0.0,0,frozen,Gaussian-m1,gaussian,1023,10000,1.0,9.164633682123475e-05,0.006947746080781589,7.331651845037377e-05,300.0,0.1599414365785401,5000.0,2.0,0.020000000000000004,0.3,1.0,18.99484161352865,0.0,0.0025123316947977107,2.765457322044019
linear_d20,20,5.0,linear,0.001,0.0001,0.0,0,frozen,Gaussian-m1,gaussian,1024,10000,1.0,8.594691965237086e-05,0.004940283048894637,7.015738617151873e-05,200.0,0.15923099262343016,5000.0,2.0,0.020000000000000004,0.3,1.0,24.418715689528003,0.0,0.0025123316947977107,1.966413534934296
linear_d20,20,5.0,linear,0.001,0.0001,0.0,0,frozen,Gaussian-m1,gaussian,1025,10000,1.0,7.14386930837003e-05,0.00459882470084141,8.51724305792596e-05,200.0,0.16104343970458784,5000.0,2.0,0.020000000000000004,0.3,1.0,28.390631723438652,0.0,0.0025123316947977107,1.8305006103947992
linear_d20,20,5.0,linear,0.001,0.0001,0.0,0,frozen,Gaussian-m1,gaussian,1026,10000,1.0,7.028530072878794e-05,0.006064286755875379,8.497089283819806e-05,300.0,0.1629049526275737,5000.0,2.0,0.020000000000000004,0.3,1.0,17.583704757523726,0.0,0.0025123316947977107,2.413808164118101
linear_d20,20,5.0,linear,0.001,0.0001,0.0,0,frozen,Gaussian-m1,gaussian,1027,10000,1.0,0.00010659218825505733,0.0036149953926718284,7.612565825780221e-05,200.0,0.159542892755489,5000.0,2.0,0.020000000000000004,0.3,1.0,23.42355075772429,0.0,0.0025123316947977107,1.4389005242251274
linear_d20,20,5.0,linear,0.001,0.0001,0.0,0,frozen,Gaussian-m1,gaussian,1028,10000,1.0,4.754168814751534e-05,0.008847205921371741,6.816553163839797e-05,300.0,0.1628499923349697,5000.0,2.0,0.020000000000000004,0.3,1.0,20.23453727913562,0.0,0.0025123316947977107,3.5215118846335716
linear_d20,20,5.0,linear,0.001,0.0001,0.0,0,frozen,Gaussian-m1,gaussian,1029,10000,1.0,7.171120695752309e-05,0.0050795225932532264,8.910105098204374e-05,250.0,0.1602661026898342,5000.0,2.0,0.020000000000000004,0.3,1.0,20.95389036136637,0.0,0.0025123316947977107,2.0218359716479326
linear_d20,20,5.0,linear,0.001,0.0001,0.0,0,frozen,Gaussian-m1,gaussian,1030,10000,1.0,0.00011355395456446887,0.004487985367299321,7.213091389391607e-05,200.0,0.15925947235497392,5000.0,2.0,0.020000000000000004,0.3,1.0,32.09052205954427,0.0,0.0025123316947977107,1.7863824974196678
linear_d20,20,5.0,linear,0.001,0.0001,0.0,0,frozen,Gaussian-m5,gaussian,1001,10000,1.0,9.759351911886381e-05,0.005045714392257537,9.179827786488368e-05,300.0,0.41271990913602835,1000.0,10.0,0.1,0.3,5.0,8.965000470794688,0.0,0.0025123316947977107,2.008379069812201
linear_d20,20,5.0,linear,0.001,0.0001,0.0,0,frozen,Gaussian-m5,gaussian,1002,10000,1.0,5.172291274403314e-05,0.005289744412079343,0.00011094064970233862,250.0,0.4145769367761667,1000.0,10.0,0.1,0.3,5.0,6.3404475625526535,0.0,0.0025123316947977107,2.1055119525151973
linear_d20,20,5.0,linear,0.001,0.0001,0.0,0,frozen,Gaussian-m5,gaussian,1003,10000,1.0,3.381527650776709e-05,0.0068640991514541125,0.00010238287646998502,250.0,0.4178514177403349,1000.0,10.0,0.1,0.3,5.0,8.239346622025291,0.0,0.0025123316947977107,2.732162781557711
linear_d20,20,5.0,linear,0.001,0.0001,0.0,0,frozen,Gaussian-m5,gaussian,1004,10000,1.0,0.00015848975120858331,0.010546019612248967,0.0001253454188068485,350.0,0.4115820424493576,1000.0,10.0,0.1,0.3,5.0,10.071572633536382,0.0,0.0025123316947977107,4.197701933262485
linear_d20,20,5.0,linear,0.001,0.0001,0.0,0,frozen,Gaussian-m5,gaussian,1005,10000,1.0,4.295254757012336e-05,0.01036319650891728,0.00012415739189689272,350.0,0.4097745376566058,1000.0,10.0,0.1,0.3,5.0,7.34904988573041,0.0,0.0025123316947977107,4.124931644327207
linear_d20,20,5.0,linear,0.001,0.0001,0.0,0,frozen,Gaussian-m5,gaussian,1006,10000,1.0,0.00012152249286479403,0.005347433903959466,0.00010545184260261564,300.0,0.41526114334568254,1000.0,10.0,0.1,0.3,5.0,7.15443381453997,0.0,0.0025123316947977107,2.1284744825026114
linear_d20,20,5.0,linear,0.001,0.0001,0.0,0,frozen,Gaussian-m5,gaussian,1007,10000,1.0,4.653823620125809e-05,0.004784335627269861,0.00010654876624615004,250.0,0.41704065449556477,1000.0,10.0,0.1,0.3,5.0,7.208984487551378,0.0,0.0025123316947977107,1.9043407513334296
linear_d20,20,5.0,linear,0.001,0.0001,0.0,0,frozen,Gaussian-m5,gaussian,1008,10000,1.0,0.00022986980585915662,0.006905456688851343,0.00010205215420085345,250.0,0.4105291241101451,1000.0,10.0,0.1,0.3,5.0,9.230571872345493,0.0,0.0025123316947977107,2.7486245956895274
linear_d20,20,5.0,linear,0.001,0.0001,0.0,0,frozen,Gaussian-m5,gaussian,1009,10000,1.0,0.000132461842923994,0.00747183762217351,0.0001138779315228138,350.0,0.409200986909762,1000.0,10.0,0.1,0.3,5.0,6.741397957426593,0.0,0.0025123316947977107,2.974064944388297
linear_d20,20,5.0,linear,0.001,0.0001,0.0,0,frozen,Gaussian-m5,gaussian,1010,10000,1.0,7.26169507776761e-05,0.005563783109301223,0.00010258463189346644,250.0,0.4136021507031943,1000.0,10.0,0.1,0.3,5.0,5.699946271812016,0.0,0.0025123316947977107,2.2145893875486893
linear_d20,20,5.0,linear,0.001,0.0001,0.0,0,frozen,Gaussian-m5,gaussian,1011,10000,1.0,0.00015602099613661155,0.010291967716896416,0.00010877227349378528,350.0,0.42316670092520126,1000.0,10.0,0.1,0.3,5.0,6.279891901294112,0.0,0.0025123316947977107,4.0965799771614595
linear_d20,20,5.0,linear,0.001,0.0001,0.0,0,frozen,Gaussian-m5,gaussian,1012,10000,1.0,0.00010290067176387015,0.00675306326751581,0.00010974779884628292,350.0,0.40771689377833364,1000.0,10.0,0.1,0.3,5.0,9.9051565598071,0.0,0.0025123316947977107,2.687966434328472
linear_d20,20,5.0,linear,0.001,0.0001,0.0,0,frozen,Gaussian-m5,gaussian,1013,10000,1.0,0.00012582216330013314,0.005874551964969149,0.00010647023237460747,250.0,0.4026815373073344,1000.0,10.0,0.1,0.3,5.0,6.386179162649218,0.0,0.0025123316947977107,2.338286770466493
linear_d20,20,5.0,linear,0.001,0.0001,0.0,0,frozen,Gaussian-m5,gaussian,1014,10000,1.0,9.966681660994726e-05,0.005806858789967819,8.438458868490984e-05,250.0,0.41233297136955877,1000.0,10.0,0.1,0.3,5.0,9.845859411963952,0.0,0.0025123316947977107,2.3113424083261345
linear_d20,20,5.0,linear,0.001,0.0001,0.0,0,frozen,Gaussian-m5,gaussian,1015,10000,1.0,0.00011728158636265795,0.00807219949317027,9.077753300313658e-05,300.0,0.4070184824670414,1000.0,10.0,0.1,0.3,5.0,6.288735751518929,0.0,0.0025123316947977107,3.2130309504455115
linear_d20,20,5.0,linear,0.001,0.0001,0.0,0,frozen,Gaussian-m5,gaussian,1016,10000,1.0,0.00013235133048059922,0.0059891378996391,9.189316995609261e-05,250.0,0.40655147855255724,1000.0,10.0,0.1,0.3,5.0,8.483477991675409,0.0,0.0025123316947977107,2.3838961678670127
linear_d20,20,5.0,linear,0.001,0.0001,0.0,0,frozen,Gaussian-m5,gaussian,1017,10000,1.0,8.152389781303239e-05,0.010802520851030228,9.976557666139602e-05,300.0,0.41717436763855714,1000.0,10.0,0.1,0.3,5.0,10.243291692596285,0.0,0.0025123316947977107,4.299798817727383
linear_d20,20,5.0,linear,0.001,0.0001,0.0,0,frozen,Gaussian-m5,gaussian,1018,10000,1.0,4.474449138909046e-05,0.008605634724862131,0.00010052589967233415,350.0,0.4115029218109521,1000.0,10.0,0.1,0.3,5.0,6.6512249345359225,0.0,0.0025123316947977107,3.425357703635166
linear_d20,20,5.0,linear,0.001,0.0001,0.0,0,frozen,Gaussian-m5,gaussian,1019,10000,1.0,0.0001627919919675505,0.006838619236186173,0.00011373444026182798,300.0,0.41305131530457884,1000.0,10.0,0.1,0.3,5.0,6.989062687714513,0.0,0.0025123316947977107,2.722020842370023
linear_d20,20,5.0,linear,0.001,0.0001,0.0,0,frozen,Gaussian-m5,gaussian,1020,10000,1.0,0.00011323989135476451,0.0067895200511631755,9.365647747760418e-05,350.0,0.406800716993985,1000.0,10.0,0.1,0.3,5.0,7.5694147759209285,0.0,0.0025123316947977107,2.702477569033677
linear_d20,20,5.0,linear,0.001,0.0001,0.0,0,frozen,Gaussian-m5,gaussian,1021,10000,1.0,0.00023462667565976456,0.008288207126651265,0.00015765108833688167,350.0,0.41501264110075736,1000.0,10.0,0.1,0.3,5.0,8.52547262891379,0.0,0.0025123316947977107,3.299009897384835
linear_d20,20,5.0,linear,0.001,0.0001,0.0,0,frozen,Gaussian-m5,gaussian,1022,10000,1.0,6.836693545990572e-05,0.005432158293977852,0.00010007352059536875,300.0,0.4173821125217692,1000.0,10.0,0.1,0.3,5.0,8.815137308311792,0.0,0.0025123316947977107,2.1621978917936
linear_d20,20,5.0,linear,0.001,0.0001,0.0,0,frozen,Gaussian-m5,gaussian,1023,10000,1.0,0.00015681027507549237,0.006775278170287303,0.00010343135331523569,250.0,0.407128592632152,1000.0,10.0,0.1,0.3,5.0,6.641951102710543,0.0,0.0025123316947977107,2.6968087789987614
linear_d20,20,5.0,linear,0.001,0.0001,0.0,0,frozen,Gaussian-m5,gaussian,1024,10000,1.0,0.00011580770653701227,0.007439653230830945,0.00010702669690545533,350.0,0.4078889146263524,1000.0,10.0,0.1,0.3,5.0,6.92000837410291,0.0,0.0025123316947977107,2.961254378248002
linear_d20,20,5.0,linear,0.001,0.0001,0.0,0,frozen,Gaussian-m5,gaussian,1025,10000,1.0,0.00013457201228036684,0.006241321880306203,0.00012304818181179094,250.0,0.4094293792053736,1000.0,10.0,0.1,0.3,5.0,7.91383394551439,0.0,0.0025123316947977107,2.4842746255321773
linear_d20,20,5.0,linear,0.001,0.0001,0.0,0,frozen,Gaussian-m5,gaussian,1026,10000,1.0,7.753659905241408e-05,0.006907221041373118,0.00011206361569736272,300.0,0.4127558369588595,1000.0,10.0,0.1,0.3,5.0,9.787180759365615,0.0,0.0025123316947977107,2.7493268725924653
linear_d20,20,5.0,linear,0.001,0.0001,0.0,0,frozen,Gaussian-m5,gaussian,1027,10000,1.0,0.00012116763818801917,0.011026269650842345,7.650119539744164e-05,350.0,0.41145144250801036,1000.0,10.0,0.1,0.3,5.0,10.350182559484058,0.0,0.0025123316947977107,4.388859032298346
linear_d20,20,5.0,linear,0.001,0.0001,0.0,0,frozen,Gaussian-m5,gaussian,1028,10000,1.0,6.311615566408902e-05,0.008061797454335369,0.00011257377702240003,350.0,0.4058986885826306,1000.0,10.0,0.1,0.3,5.0,6.117927181615931,0.0,0.0025123316947977107,3.208890558133285
linear_d20,20,5.0,linear,0.001,0.0001,0.0,0,frozen,Gaussian-m5,gaussian,1029,10000,1.0,0.00014768139499450858,0.006836274892631954,8.602899300144947e-05,400.0,0.40546046154099114,1000.0,10.0,0.1,0.3,5.0,4.947220231957968,0.0,0.0025123316947977107,2.721087707800622
linear_d20,20,5.0,linear,0.001,0.0001,0.0,0,frozen,Gaussian-m5,gaussian,1030,10000,1.0,9.869471083246575e-05,0.006889798831880978,9.927582070681475e-05,300.0,0.4162622513850707,1000.0,10.0,0.1,0.3,5.0,7.72341373955716,0.0,0.0025123316947977107,2.7423921953250425
linear_d20,20,5.0,linear,0.001,0.0001,0.0,0,frozen,Gaussian-m20,gaussian,1001,10000,1.0,0.00013174232743616094,0.022506980932918905,0.00021066659884202266,500.0,0.678035169137818,250.0,40.0,0.2,0.3,20.0,7.96477979768586,0.0,0.0025123316947977107,8.958602472565286
linear_d20,20,5.0,linear,0.001,0.0001,0.0,0,frozen,Gaussian-m20,gaussian,1002,10000,1.0,0.0002304628299818479,0.011073822494891385,0.0002096239952606867,500.0,0.6706291015761334,250.0,40.0,0.2,0.3,20.0,4.226193176336027,0.0,0.0025123316947977107,4.4077868053099705
linear_d20,20,5.0,linear,0.001,0.0001,0.0,0,frozen,Gaussian-m20,gaussian,1003,10000,1.0,0.00013633966479311603,0.0101366685503904,0.0002126848262347271,400.0,0.680543126728287,250.0,40.0,0.2,0.3,20.0,4.321994555825991,0.0,0.0025123316947977107,4.034765222832803
linear_d20,20,5.0,linear,0.001,0.0001,0.0,0,frozen,Gaussian-m20,gaussian,1004,10000,1.0,0.00035601691489912035,0.012188812960582248,0.00020117417646556553,500.0,0.6716200901373734,250.0,40.0,0.2,0.3,20.0,5.564964857873117,0.0,0.0025123316947977107,4.851593834453325
linear_d20,20,5.0,linear,0.001,0.0001,0.0,0,frozen,Gaussian-m20,gaussian,1005,10000,1.0,0.00016807531033877796,0.008428748107181144,0.00023294235329297428,400.0,0.6785107219141269,250.0,40.0,0.2,0.3,20.0,4.9952688739828375,0.0,0.0025123316947977107,3.3549503533448894
linear_d20,20,5.0,linear,0.001,0.0001,0.0,0,frozen,Gaussian-m20,gaussian,1006,10000,1.0,0.00019649107926789845,0.00750313050352215,0.0002165267503717176,400.0,0.6713542346750528,250.0,40.0,0.2,0.3,20.0,3.4306872895742044,0.0,0.0025123316947977107,2.986520656909633
linear_d20,20,5.0,linear,0.001,0.0001,0.0,0,frozen,Gaussian-m20,gaussian,1007,10000,1.0,0.0001656246259290476,0.009397883214442048,0.0001974729735169471,400.0,0.6796164810394025,250.0,40.0,0.2,0.3,20.0,4.829544917973765,0.0,0.0025123316947977107,3.740701609545531
linear_d20,20,5.0,linear,0.001,0.0001,0.0,0,frozen,Gaussian-m20,gaussian,1008,10000,1.0,0.00016552231559885974,0.006832925006014646,0.0002651061127709343,450.0,0.6748040261245634,250.0,40.0,0.2,0.3,20.0,4.628759777653207,0.0,0.0025123316947977107,2.7197543302755744
linear_d20,20,5.0,linear,0.001,0.0001,0.0,0,frozen,Gaussian-m20,gaussian,1009,10000,1.0,0.00013295863558714118,0.007437815226093957,0.00023459595803515675,250.0,0.6798156717913393,250.0,40.0,0.2,0.3,20.0,4.013802123845794,0.0,0.0025123316947977107,2.9605227850667384
linear_d20,20,5.0,linear,0.001,0.0001,0.0,0,frozen,Gaussian-m20,gaussian,1010,10000,1.0,0.0002954382605997186,0.011353391863547587,0.0002304977460635443,400.0,0.6841907087245247,250.0,40.0,0.2,0.3,20.0,4.040706671123523,0.0,0.0025123316947977107,4.519065650072032
linear_d20,20,5.0,linear,0.001,0.0001,0.0,0,frozen,Gaussian-m20,gaussian,1011,10000,1.0,0.00018586683353375306,0.009062513102468877,0.00024416374549474394,400.0,0.6809973672957408,250.0,40.0,0.2,0.3,20.0,5.914762085086468,0.0,0.0025123316947977107,3.607212025878047
linear_d20,20,5.0,linear,0.001,0.0001,0.0,0,frozen,Gaussian-m20,gaussian,1012,10000,1.0,0.00012128744071421456,0.01136254779234592,0.00022548092966346778,400.0,0.6766167721610175,250.0,40.0,0.2,0.3,20.0,3.9892190375193355,0.0,0.0025123316947977107,4.522710044965148
linear_d20,20,5.0,linear,0.001,0.0001,0.0,0,frozen,Gaussian-m20,gaussian,1013,10000,1.0,0.00018333664721008444,0.010479640393735478,0.0002110938741694113,450.0,0.6717390618753197,250.0,40.0,0.2,0.3,20.0,4.9424465902401336,0.0,0.0025123316947977107,4.171280573912946
linear_d20,20,5.0,linear,0.001,0.0001,0.0,0,frozen,Gaussian-m20,gaussian,1014,10000,1.0,0.0002623416511267137,0.0055430058761881,0.0001799199516926812,300.0,0.6783919362028537,250.0,40.0,0.2,0.3,20.0,3.819256596994605,0.0,0.0025123316947977107,2.206319288040672
linear_d20,20,5.0,linear,0.001,0.0001,0.0,0,frozen,Gaussian-m20,gaussian,1015,10000,1.0,0.00028143327525127516,0.01005042886630954,0.00020741834033913297,400.0,0.6705735825233988,250.0,40.0,0.2,0.3,20.0,5.185293496840758,0.0,0.0025123316947977107,4.000438671024602
linear_d20,20,5.0,linear,0.001,0.0001,0.0,0,frozen,Gaussian-m20,gaussian,1016,10000,1.0,0.00010832748451013864,0.007787890682300156,0.0002214456477649384,300.0,0.6740764565742161,250.0,40.0,0.2,0.3,20.0,4.606548720376687,0.0,0.0025123316947977107,3.099865634154341
linear_d20,20,5.0,linear,0.001,0.0001,0.0,0,frozen,Gaussian-m20,gaussian,1017,10000,1.0,0.00023143970717424915,0.007479508173588758,0.00028944172631612566,400.0,0.6702620541922083,250.0,40.0,0.2,0.3,20.0,3.206966217386395,0.0,0.0025123316947977107,2.977118104697954
linear_d20,20,5.0,linear,0.001,0.0001,0.0,0,frozen,Gaussian-m20,gaussian,1018,10000,1.0,0.0001509974937310953,0.007416574320973761,0.00021192792801578143,300.0,0.6777377563475286,250.0,40.0,0.2,0.3,20.0,5.1724239072976745,0.0,0.0025123316947977107,2.952068127123211
linear_d20,20,5.0,linear,0.001,0.0001,0.0,0,frozen,Gaussian-m20,gaussian,1019,10000,1.0,0.00023810138739029565,0.010468052195561088,0.00023012077116265332,500.0,0.6803182935167797,250.0,40.0,0.2,0.3,20.0,3.5868502110637617,0.0,0.0025123316947977107,4.166668046754058
linear_d20,20,5.0,linear,0.001,0.0001,0.0,0,frozen,Gaussian-m20,gaussian,1020,10000,1.0,0.00018671317789737882,0.011704819897166796,0.00022649960184324138,400.0,0.6851574422718966,250.0,40.0,0.2,0.3,20.0,5.223339007182827,0.0,0.0025123316947977107,4.658946874492721
linear_d20,20,5.0,linear,0.001,0.0001,0.0,0,frozen,Gaussian-m20,gaussian,1021,10000,1.0,0.00018742483186120202,0.006044735689190371,0.00023836201271448804,400.0,0.6737547952245693,250.0,40.0,0.2,0.3,20.0,3.5745836690363437,0.0,0.0025123316947977107,2.4060261237428224
linear_d20,20,5.0,linear,0.001,0.0001,0.0,0,frozen,Gaussian-m20,gaussian,1022,10000,1.0,0.0001109323069283648,0.009556205537069524,0.00019247869370295602,400.0,0.6847455775142993,250.0,40.0,0.2,0.3,20.0,3.374775811028321,0.0,0.0025123316947977107,3.803719690699112
linear_d20,20,5.0,linear,0.001,0.0001,0.0,0,frozen,Gaussian-m20,gaussian,1023,10000,1.0,0.00018092975792919667,0.0077154984802265915,0.00022092498376258924,300.0,0.681781460873181,250.0,40.0,0.2,0.3,20.0,3.851397737703718,0.0,0.0025123316947977107,3.071050887191005
linear_d20,20,5.0,linear,0.001,0.0001,0.0,0,frozen,Gaussian-m20,gaussian,1024,10000,1.0,0.0002249706377578925,0.008821444973259873,0.00020799144905833905,400.0,0.6728523985828826,250.0,40.0,0.2,0.3,20.0,4.9480438469794175,0.0,0.0025123316947977107,3.51125808408438
linear_d20,20,5.0,linear,0.001,0.0001,0.0,0,frozen,Gaussian-m20,gaussian,1025,10000,1.0,0.00027943972522232575,0.013130728584133208,0.00020679120857514013,400.0,0.672944487083035,250.0,40.0,0.2,0.3,20.0,4.904878042994837,0.0,0.0025123316947977107,5.2265107395345245
linear_d20,20,5.0,linear,0.001,0.0001,0.0,0,frozen,Gaussian-m20,gaussian,1026,10000,1.0,0.00019149609066787188,0.014057758844185317,0.0002634566033341252,450.0,0.6819548609077439,250.0,40.0,0.2,0.3,20.0,5.971110306701215,0.0,0.0025123316947977107,5.595502724936656
linear_d20,20,5.0,linear,0.001,0.0001,0.0,0,frozen,Gaussian-m20,gaussian,1027,10000,1.0,0.00025409975394752673,0.007335992533693689,0.00022998354910568059,400.0,0.6826709967773759,250.0,40.0,0.2,0.3,20.0,3.943144928237224,0.0,0.0025123316947977107,2.91999362539761
linear_d20,20,5.0,linear,0.001,0.0001,0.0,0,frozen,Gaussian-m20,gaussian,1028,10000,1.0,0.000253217629953591,0.010624451756196184,0.00019148269914036017,400.0,0.6822247068669157,250.0,40.0,0.2,0.3,20.0,5.68938501913779,0.0,0.0025123316947977107,4.228920798235461
linear_d20,20,5.0,linear,0.001,0.0001,0.0,0,frozen,Gaussian-m20,gaussian,1029,10000,1.0,0.0001494440723106108,0.008516575850395421,0.00019599200976142567,400.0,0.6879298284236984,250.0,40.0,0.2,0.3,20.0,4.1598613429570035,0.0,0.0025123316947977107,3.3899090108327288
linear_d20,20,5.0,linear,0.001,0.0001,0.0,0,frozen,Gaussian-m20,gaussian,1030,10000,1.0,0.00017760545488126062,0.007773356727930187,0.00021050281475436432,400.0,0.679709490870526,250.0,40.0,0.2,0.3,20.0,3.4847923084320565,0.0,0.0025123316947977107,3.094080588174917
linear_d20,20,5.0,linear,0.001,0.0001,0.0,0,frozen,CoordinateCentral,coordinate,1001,10000,1.0,0.0035184330438379503,0.022958580987313168,0.0037047839546187522,1150.0,0.9579982997829348,250.0,40.0,0.04,0.1,1.0,3.0035319929861006,0.0,0.0025123316947977107,9.138355828911262
linear_d20,20,5.0,linear,0.001,0.0001,0.0,0,frozen,CoordinateCentral,coordinate,1002,10000,1.0,0.0034706895556351597,0.022886617816681932,0.003604115897563612,1150.0,0.9565054137241606,250.0,40.0,0.04,0.1,1.0,3.0236210598565965,0.0,0.0025123316947977107,9.109711852170351
linear_d20,20,5.0,linear,0.001,0.0001,0.0,0,frozen,CoordinateCentral,coordinate,1003,10000,1.0,0.0034832478023351238,0.022933008211621322,0.0036241803306075967,1150.0,0.955889717947432,250.0,40.0,0.04,0.1,1.0,3.010189324602961,0.0,0.0025123316947977107,9.128176927874906
linear_d20,20,5.0,linear,0.001,0.0001,0.0,0,frozen,CoordinateCentral,coordinate,1004,10000,1.0,0.003569198754551763,0.022946028236771433,0.003633306253660721,1150.0,0.9571354043052345,250.0,40.0,0.04,0.1,1.0,3.015002908574715,0.0,0.0025123316947977107,9.13335937459445
linear_d20,20,5.0,linear,0.001,0.0001,0.0,0,frozen,CoordinateCentral,coordinate,1005,10000,1.0,0.0033754823351502383,0.02290235891045661,0.0035007408126763568,1150.0,0.9570795364442457,250.0,40.0,0.04,0.1,1.0,3.0212137839080824,0.0,0.0025123316947977107,9.115977383830552
linear_d20,20,5.0,linear,0.001,0.0001,0.0,0,frozen,CoordinateCentral,coordinate,1006,10000,1.0,0.003447970843898293,0.022915068282385105,0.0035944338710162333,1150.0,0.9564206491645477,250.0,40.0,0.04,0.1,1.0,3.0135970113071697,0.0,0.0025123316947977107,9.121036179193764
linear_d20,20,5.0,linear,0.001,0.0001,0.0,0,frozen,CoordinateCentral,coordinate,1007,10000,1.0,0.0036151969874494063,0.022893739630346233,0.0036489150210832115,1150.0,0.9570245380203419,250.0,40.0,0.04,0.1,1.0,3.022884560348934,0.0,0.0025123316947977107,9.112546594763876
linear_d20,20,5.0,linear,0.001,0.0001,0.0,0,frozen,CoordinateCentral,coordinate,1008,10000,1.0,0.0033290061272845052,0.022873373174056705,0.003473500126090287,1150.0,0.9572434778549775,250.0,40.0,0.04,0.1,1.0,3.014427650438501,0.0,0.0025123316947977107,9.10443999947166
linear_d20,20,5.0,linear,0.001,0.0001,0.0,0,frozen,CoordinateCentral,coordinate,1009,10000,1.0,0.003509191705698179,0.022925351418326256,0.0035938218227155945,1150.0,0.9589591162650375,250.0,40.0,0.04,0.1,1.0,3.0289548944469282,0.0,0.0025123316947977107,9.125129243800815
linear_d20,20,5.0,linear,0.001,0.0001,0.0,0,frozen,CoordinateCentral,coordinate,1010,10000,1.0,0.00363939669712794,0.022992138210914344,0.003747170882570938,1150.0,0.9577504613252997,250.0,40.0,0.04,0.1,1.0,3.010900128689075,0.0,0.0025123316947977107,9.151712832554795
linear_d20,20,5.0,linear,0.001,0.0001,0.0,0,frozen,CoordinateCentral,coordinate,1011,10000,1.0,0.0032211570877399886,0.022924923156160106,0.003510446377777714,1150.0,0.9583086001431493,250.0,40.0,0.04,0.1,1.0,3.0053393569276348,0.0,0.0025123316947977107,9.124958779778474
linear_d20,20,5.0,linear,0.001,0.0001,0.0,0,frozen,CoordinateCentral,coordinate,1012,10000,1.0,0.0038294519806141287,0.02299923452109481,0.003841696006209762,1150.0,0.9579957239515786,250.0,40.0,0.04,0.1,1.0,3.009700892858765,0.0,0.0025123316947977107,9.154537423827977
linear_d20,20,5.0,linear,0.001,0.0001,0.0,0,frozen,CoordinateCentral,coordinate,1013,10000,1.0,0.0035737283770235395,0.022955820416367307,0.0036839168268840415,1150.0,0.9575814430680505,250.0,40.0,0.04,0.1,1.0,3.007680981403311,0.0,0.0025123316947977107,9.137257020600408
linear_d20,20,5.0,linear,0.001,0.0001,0.0,0,frozen,CoordinateCentral,coordinate,1014,10000,1.0,0.0036227154063782087,0.02303542733910568,0.0037677713976169295,1150.0,0.9571736835746153,250.0,40.0,0.04,0.1,1.0,3.011133083720061,0.0,0.0025123316947977107,9.168943490545129
linear_d20,20,5.0,linear,0.001,0.0001,0.0,0,frozen,CoordinateCentral,coordinate,1015,10000,1.0,0.003503350828513483,0.022917931846572183,0.0035884246531293217,1150.0,0.9569762099253075,250.0,40.0,0.04,0.1,1.0,3.0138053389214896,0.0,0.0025123316947977107,9.122175982585572
linear_d20,20,5.0,linear,0.001,0.0001,0.0,0,frozen,CoordinateCentral,coordinate,1016,10000,1.0,0.0034567667385533222,0.022884949459668222,0.0035279644252697224,1150.0,0.9567065577308483,250.0,40.0,0.04,0.1,1.0,3.020794821893183,0.0,0.0025123316947977107,9.109047784994363
linear_d20,20,5.0,linear,0.001,0.0001,0.0,0,frozen,CoordinateCentral,coordinate,1017,10000,1.0,0.003565358554151349,0.022892106163721573,0.0035623265549092117,1100.0,0.9585500694353702,250.0,40.0,0.04,0.1,1.0,3.016755400758399,0.0,0.0025123316947977107,9.11189641524019
linear_d20,20,5.0,linear,0.001,0.0001,0.0,0,frozen,CoordinateCentral,coordinate,1018,10000,1.0,0.0036737029339694704,0.022933608786582058,0.003690606160730964,1150.0,0.9559222120846905,250.0,40.0,0.04,0.1,1.0,3.013835147892472,0.0,0.0025123316947977107,9.12841597869848
linear_d20,20,5.0,linear,0.001,0.0001,0.0,0,frozen,CoordinateCentral,coordinate,1019,10000,1.0,0.0035717091359483027,0.022989847096502824,0.003683838668920041,1150.0,0.9575338066039992,250.0,40.0,0.04,0.1,1.0,3.0116819301857527,0.0,0.0025123316947977107,9.150800885133096
linear_d20,20,5.0,linear,0.001,0.0001,0.0,0,frozen,CoordinateCentral,coordinate,1020,10000,1.0,0.0036462468138093833,0.022918376952547045,0.0037446324430052773,1150.0,0.9576183876046583,250.0,40.0,0.04,0.1,1.0,3.018242036032168,0.0,0.0025123316947977107,9.122353151060492
linear_d20,20,5.0,linear,0.001,0.0001,0.0,0,frozen,CoordinateCentral,coordinate,1021,10000,1.0,0.0034090050059425586,0.02299400460696592,0.0037237288504588166,1150.0,0.957480957184591,250.0,40.0,0.04,0.1,1.0,3.011742413264378,0.0,0.0025123316947977107,9.152455726518772
linear_d20,20,5.0,linear,0.001,0.0001,0.0,0,frozen,CoordinateCentral,coordinate,1022,10000,1.0,0.0035876042560102654,0.02294776662208282,0.0036149620633675306,1150.0,0.9582984272517124,250.0,40.0,0.04,0.1,1.0,3.013911482773109,0.0,0.0025123316947977107,9.134051315596901
linear_d20,20,5.0,linear,0.001,0.0001,0.0,0,frozen,CoordinateCentral,coordinate,1023,10000,1.0,0.003582063173865674,0.022937621222216164,0.0036077933656014924,1100.0,0.9572696757906055,250.0,40.0,0.04,0.1,1.0,3.00193944556689,0.0,0.0025123316947977107,9.13001307499051
linear_d20,20,5.0,linear,0.001,0.0001,0.0,0,frozen,CoordinateCentral,coordinate,1024,10000,1.0,0.0034851123874565446,0.02293565110799019,0.0036704867372566166,1150.0,0.9577065938871234,250.0,40.0,0.04,0.1,1.0,3.0188641066111686,0.0,0.0025123316947977107,9.129228897395627
linear_d20,20,5.0,linear,0.001,0.0001,0.0,0,frozen,CoordinateCentral,coordinate,1025,10000,1.0,0.003587544260335829,0.022939108480609205,0.003638115779569939,1150.0,0.9572763320339097,250.0,40.0,0.04,0.1,1.0,3.016319781650211,0.0,0.0025123316947977107,9.130605058284802
linear_d20,20,5.0,linear,0.001,0.0001,0.0,0,frozen,CoordinateCentral,coordinate,1026,10000,1.0,0.00356306295793217,0.022982152044028283,0.003696597377734026,1150.0,0.9576324150705632,250.0,40.0,0.04,0.1,1.0,3.0208472056524496,0.0,0.0025123316947977107,9.14773797250477
linear_d20,20,5.0,linear,0.001,0.0001,0.0,0,frozen,CoordinateCentral,coordinate,1027,10000,1.0,0.0034095954763076154,0.02293364645588474,0.0035714409240399174,1150.0,0.9589314469861028,250.0,40.0,0.04,0.1,1.0,3.001816639214055,0.0,0.0025123316947977107,9.128430972460157
linear_d20,20,5.0,linear,0.001,0.0001,0.0,0,frozen,CoordinateCentral,coordinate,1028,10000,1.0,0.0037244207016497895,0.02292024516303225,0.0037511294151130695,1150.0,0.9578713026791154,250.0,40.0,0.04,0.1,1.0,3.0182015451871114,0.0,0.0025123316947977107,9.123096767235488
linear_d20,20,5.0,linear,0.001,0.0001,0.0,0,frozen,CoordinateCentral,coordinate,1029,10000,1.0,0.003387195739087276,0.0229535167501114,0.0036324906321374174,1150.0,0.9586975132244694,250.0,40.0,0.04,0.1,1.0,3.0063133430632223,0.0,0.0025123316947977107,9.136340077085078
linear_d20,20,5.0,linear,0.001,0.0001,0.0,0,frozen,CoordinateCentral,coordinate,1030,10000,1.0,0.003682252706368062,0.023008603375768013,0.003784550795682457,1150.0,0.9574735922769992,250.0,40.0,0.04,0.1,1.0,3.011253918750513,0.0,0.0025123316947977107,9.15826657101527
stationary_d50,50,5.0,stationary,0.001,0.0,0.0,0,frozen,SPSA-m1,spsa,1001,10000,0.0,1.379813583337318e-06,0.013629367024187943,1.1371862437900025e-06,500.0,0.09321864923496259,5000.0,2.0,0.008,0.3,1.0,38.98251603364168,0.0,0.002513397675632688,5.422686253084512
stationary_d50,50,5.0,stationary,0.001,0.0,0.0,0,frozen,SPSA-m1,spsa,1002,10000,0.0,1.3905191901935384e-06,0.010874901320941977,1.2364382671478658e-06,550.0,0.09398518045224878,5000.0,2.0,0.008,0.3,1.0,41.0253597668254,0.0,0.002513397675632688,4.326773047645347
stationary_d50,50,5.0,stationary,0.001,0.0,0.0,0,frozen,SPSA-m1,spsa,1003,10000,0.0,1.4698441244321832e-06,0.01398576960725633,9.986055900597448e-07,650.0,0.09226188497462734,5000.0,2.0,0.008,0.3,1.0,37.095978247153454,0.0,0.002513397675632688,5.564487364195459
stationary_d50,50,5.0,stationary,0.001,0.0,0.0,0,frozen,SPSA-m1,spsa,1004,10000,0.0,8.09985481566003e-07,0.013163368028681177,1.0890862082622903e-06,600.0,0.09351510382852994,5000.0,2.0,0.008,0.3,1.0,39.862998461511204,0.0,0.002513397675632688,5.237280258631421
stationary_d50,50,5.0,stationary,0.001,0.0,0.0,0,frozen,SPSA-m1,spsa,1005,10000,0.0,8.292936869454512e-07,0.011042019974721455,1.0875994166758573e-06,600.0,0.09136010443450034,5000.0,2.0,0.008,0.3,1.0,38.97094926389,0.0,0.002513397675632688,4.393264178515598
stationary_d50,50,5.0,stationary,0.001,0.0,0.0,0,frozen,SPSA-m1,spsa,1006,10000,0.0,1.2860049582199688e-06,0.010207483121568313,1.011456978034005e-06,450.0,0.09155738772286559,5000.0,2.0,0.008,0.3,1.0,40.22288038658297,0.0,0.002513397675632688,4.061228837970824
stationary_d50,50,5.0,stationary,0.001,0.0,0.0,0,frozen,SPSA-m1,spsa,1007,10000,0.0,1.509808878476133e-06,0.012274380632765735,1.0702170190862946e-06,650.0,0.09254699328398786,5000.0,2.0,0.008,0.3,1.0,37.871184632554,0.0,0.002513397675632688,4.883580800509793
stationary_d50,50,5.0,stationary,0.001,0.0,0.0,0,frozen,SPSA-m1,spsa,1008,10000,0.0,8.650132041554238e-07,0.01149261142878722,1.0596139104915282e-06,550.0,0.08995295620760682,5000.0,2.0,0.008,0.3,1.0,46.587169101532034,0.0,0.002513397675632688,4.57254000837501
stationary_d50,50,5.0,stationary,0.001,0.0,0.0,0,frozen,SPSA-m1,spsa,1009,10000,0.0,1.327308595664303e-06,0.01211706951756448,1.0963855021886896e-06,600.0,0.09118730638890746,5000.0,2.0,0.008,0.3,1.0,53.54468366265254,0.0,0.002513397675632688,4.820991773422524
stationary_d50,50,5.0,stationary,0.001,0.0,0.0,0,frozen,SPSA-m1,spsa,1010,10000,0.0,1.2660714848048193e-06,0.01096069148437695,1.1057151687409948e-06,550.0,0.09245369355461308,5000.0,2.0,0.008,0.3,1.0,43.06546181980177,0.0,0.002513397675632688,4.360906191105575
stationary_d50,50,5.0,stationary,0.001,0.0,0.0,0,frozen,SPSA-m1,spsa,1011,10000,0.0,9.941762212974479e-07,0.010999471662431865,1.288981722998929e-06,650.0,0.09204420573550857,5000.0,2.0,0.008,0.3,1.0,44.16538423836185,0.0,0.002513397675632688,4.3763355751743545
stationary_d50,50,5.0,stationary,0.001,0.0,0.0,0,frozen,SPSA-m1,spsa,1012,10000,0.0,7.703987763777075e-07,0.012164017162902566,9.773299237427032e-07,600.0,0.09212482947417718,5000.0,2.0,0.008,0.3,1.0,40.65500459666472,0.0,0.002513397675632688,4.839670729718712
stationary_d50,50,5.0,stationary,0.001,0.0,0.0,0,frozen,SPSA-m1,spsa,1013,10000,0.0,1.4437933937975744e-06,0.013280268402758833,1.0867723183522233e-06,600.0,0.08963698560177377,5000.0,2.0,0.008,0.3,1.0,42.59110340070336,0.0,0.002513397675632688,5.283791153111432
stationary_d50,50,5.0,stationary,0.001,0.0,0.0,0,frozen,SPSA-m1,spsa,1014,10000,0.0,1.1396418123404163e-06,0.009666046799690358,1.125146682188969e-06,500.0,0.09259510772495728,5000.0,2.0,0.008,0.3,1.0,53.45667045893086,0.0,0.002513397675632688,3.845808760548472
stationary_d50,50,5.0,stationary,0.001,0.0,0.0,0,frozen,SPSA-m1,spsa,1015,10000,0.0,1.1900543460416518e-06,0.010796290003407559,1.2657796825225677e-06,550.0,0.08988565871083962,5000.0,2.0,0.008,0.3,1.0,52.45430476393439,0.0,0.002513397675632688,4.295496135799461
stationary_d50,50,5.0,stationary,0.001,0.0,0.0,0,frozen,SPSA-m1,spsa,1016,10000,0.0,1.0161042124266758e-06,0.014466475799528904,9.42711066485773e-07,650.0,0.09059497817463057,5000.0,2.0,0.008,0.3,1.0,46.775369923544176,0.0,0.002513397675632688,5.755744878648109
stationary_d50,50,5.0,stationary,0.001,0.0,0.0,0,frozen,SPSA-m1,spsa,1017,10000,0.0,1.5823180902242868e-06,0.00895952496891561,1.0055325295831338e-06,550.0,0.09090755330178764,5000.0,2.0,0.008,0.3,1.0,57.785793993165385,0.0,0.002513397675632688,3.5647064751344066
stationary_d50,50,5.0,stationary,0.001,0.0,0.0,0,frozen,SPSA-m1,spsa,1018,10000,0.0,1.12990002593855e-06,0.016990721119927936,1.1006653098215878e-06,650.0,0.09217623242576424,5000.0,2.0,0.008,0.3,1.0,28.54425418166502,0.0,0.002513397675632688,6.760060807190381
stationary_d50,50,5.0,stationary,0.001,0.0,0.0,0,frozen,SPSA-m1,spsa,1019,10000,0.0,1.5599748244212755e-06,0.012177617972803504,1.198589638981556e-06,550.0,0.09059236008999305,5000.0,2.0,0.008,0.3,1.0,38.460348625185794,0.0,0.002513397675632688,4.845082054012037
stationary_d50,50,5.0,stationary,0.001,0.0,0.0,0,frozen,SPSA-m1,spsa,1020,10000,0.0,1.3343839061804847e-06,0.01571696214516213,1.1528212592826656e-06,700.0,0.09062264235529503,5000.0,2.0,0.008,0.3,1.0,40.16999355828535,0.0,0.002513397675632688,6.253273128059912
stationary_d50,50,5.0,stationary,0.001,0.0,0.0,0,frozen,SPSA-m1,spsa,1021,10000,0.0,9.270330738356249e-07,0.011141904998348556,1.048062974371112e-06,500.0,0.09323488665126736,5000.0,2.0,0.008,0.3,1.0,43.36672219942808,0.0,0.002513397675632688,4.433005212970863
stationary_d50,50,5.0,stationary,0.001,0.0,0.0,0,frozen,SPSA-m1,spsa,1022,10000,0.0,9.013994955532947e-07,0.012290772306099495,1.036879843986449e-06,550.0,0.09179375538551415,5000.0,2.0,0.008,0.3,1.0,41.52881108287032,0.0,0.002513397675632688,4.8901025194930945
stationary_d50,50,5.0,stationary,0.001,0.0,0.0,0,frozen,SPSA-m1,spsa,1023,10000,0.0,9.75778066974567e-07,0.014108980746610145,9.157531858456206e-07,600.0,0.0910108165387579,5000.0,2.0,0.008,0.3,1.0,61.06194884245886,0.0,0.002513397675632688,5.613509108962849
stationary_d50,50,5.0,stationary,0.001,0.0,0.0,0,frozen,SPSA-m1,spsa,1024,10000,0.0,6.164759817495531e-07,0.010668185262713797,1.15513645038178e-06,600.0,0.09046669091012377,5000.0,2.0,0.008,0.3,1.0,42.72310986369558,0.0,0.002513397675632688,4.244527384640131
stationary_d50,50,5.0,stationary,0.001,0.0,0.0,0,frozen,SPSA-m1,spsa,1025,10000,0.0,1.2567613441751918e-06,0.01411457675494871,1.1177740786123965e-06,600.0,0.09290560574354946,5000.0,2.0,0.008,0.3,1.0,35.19621591265341,0.0,0.002513397675632688,5.615735580480992
stationary_d50,50,5.0,stationary,0.001,0.0,0.0,0,frozen,SPSA-m1,spsa,1026,10000,0.0,1.0946565707136364e-06,0.011523021645189507,1.2354312668170249e-06,550.0,0.09310545981019315,5000.0,2.0,0.008,0.3,1.0,58.094975298144945,0.0,0.002513397675632688,4.584639254227392
stationary_d50,50,5.0,stationary,0.001,0.0,0.0,0,frozen,SPSA-m1,spsa,1027,10000,0.0,1.0929664666181054e-06,0.011008087090025216,1.1054277508297843e-06,600.0,0.0926652157629127,5000.0,2.0,0.008,0.3,1.0,45.515889976778496,0.0,0.002513397675632688,4.379763376384198
stationary_d50,50,5.0,stationary,0.001,0.0,0.0,0,frozen,SPSA-m1,spsa,1028,10000,0.0,9.31828888795004e-07,0.013184765621001293,1.0628433543538547e-06,600.0,0.09228855153863072,5000.0,2.0,0.008,0.3,1.0,43.624588157975865,0.0,0.002513397675632688,5.245793671581375
stationary_d50,50,5.0,stationary,0.001,0.0,0.0,0,frozen,SPSA-m1,spsa,1029,10000,0.0,7.845688096480019e-07,0.010416030219920781,9.978538186093913e-07,550.0,0.09029948823999327,5000.0,2.0,0.008,0.3,1.0,69.39728504216431,0.0,0.002513397675632688,4.144203012879286
stationary_d50,50,5.0,stationary,0.001,0.0,0.0,0,frozen,SPSA-m1,spsa,1030,10000,0.0,1.2312198088960878e-06,0.014823284716745272,1.0060105847372842e-06,600.0,0.09123427003386714,5000.0,2.0,0.008,0.3,1.0,40.53869344654218,0.0,0.002513397675632688,5.897707657031975
stationary_d50,50,5.0,stationary,0.001,0.0,0.0,0,frozen,Gaussian-m1,gaussian,1001,10000,0.0,4.939277559715774e-05,0.015671466622835625,5.882338045814599e-05,700.0,0.09098594292072448,5000.0,2.0,0.008,0.3,1.0,45.76713121988404,0.0,0.002513397675632688,6.235171924749515
stationary_d50,50,5.0,stationary,0.001,0.0,0.0,0,frozen,Gaussian-m1,gaussian,1002,10000,0.0,5.1481067051918045e-05,0.01419527374057571,5.7603305004426315e-05,550.0,0.09000448268017804,5000.0,2.0,0.008,0.3,1.0,45.14117390017041,0.0,0.002513397675632688,5.64784231249931
stationary_d50,50,5.0,stationary,0.001,0.0,0.0,0,frozen,Gaussian-m1,gaussian,1003,10000,0.0,7.043875960499448e-05,0.013470319631642516,5.363712062475221e-05,650.0,0.09048747650080716,5000.0,2.0,0.008,0.3,1.0,52.49116140220909,0.0,0.002513397675632688,5.359406417152703
stationary_d50,50,5.0,stationary,0.001,0.0,0.0,0,frozen,Gaussian-m1,gaussian,1004,10000,0.0,6.077159128507563e-05,0.01706119006356363,5.108358313041392e-05,700.0,0.0896032058202745,5000.0,2.0,0.008,0.3,1.0,40.29800998451683,0.0,0.002513397675632688,6.788098130658485
stationary_d50,50,5.0,stationary,0.001,0.0,0.0,0,frozen,Gaussian-m1,gaussian,1005,10000,0.0,7.597570822145403e-05,0.01464735649743665,6.172635730929414e-05,550.0,0.08917615370935982,5000.0,2.0,0.008,0.3,1.0,35.154229929113065,0.0,0.002513397675632688,5.827711483718758
stationary_d50,50,5.0,stationary,0.001,0.0,0.0,0,frozen,Gaussian-m1,gaussian,1006,10000,0.0,6.335811130177555e-05,0.009709292026367082,5.073041959724488e-05,500.0,0.0899352827628332,5000.0,2.0,0.008,0.3,1.0,35.81627598330856,0.0,0.002513397675632688,3.863014643682679
stationary_d50,50,5.0,stationary,0.001,0.0,0.0,0,frozen,Gaussian-m1,gaussian,1007,10000,0.0,6.413422180811986e-05,0.013833945318195933,5.824692115647628e-05,600.0,0.09035603337640558,5000.0,2.0,0.008,0.3,1.0,40.03716297605505,0.0,0.002513397675632688,5.504081368545695
stationary_d50,50,5.0,stationary,0.001,0.0,0.0,0,frozen,Gaussian-m1,gaussian,1008,10000,0.0,8.141050774108193e-05,0.013909509515450688,6.258743376672187e-05,600.0,0.08987244800587295,5000.0,2.0,0.008,0.3,1.0,35.315211343691054,0.0,0.002513397675632688,5.534145929354096
stationary_d50,50,5.0,stationary,0.001,0.0,0.0,0,frozen,Gaussian-m1,gaussian,1009,10000,0.0,6.520356297005052e-05,0.014684842234985524,5.465520886885666e-05,650.0,0.08825850553574305,5000.0,2.0,0.008,0.3,1.0,50.0211912480386,0.0,0.002513397675632688,5.842625851593089
stationary_d50,50,5.0,stationary,0.001,0.0,0.0,0,frozen,Gaussian-m1,gaussian,1010,10000,0.0,3.9545960127779e-05,0.013574408819779038,5.106846241918542e-05,600.0,0.08812478814040418,5000.0,2.0,0.008,0.3,1.0,29.73845669989093,0.0,0.002513397675632688,5.400820153285932
stationary_d50,50,5.0,stationary,0.001,0.0,0.0,0,frozen,Gaussian-m1,gaussian,1011,10000,0.0,4.4374278534260664e-05,0.01056655254094407,5.582441837704957e-05,550.0,0.08938038407017382,5000.0,2.0,0.008,0.3,1.0,51.14752650099099,0.0,0.002513397675632688,4.204090997372389
stationary_d50,50,5.0,stationary,0.001,0.0,0.0,0,frozen,Gaussian-m1,gaussian,1012,10000,0.0,3.2877536526638856e-05,0.016484236552531034,5.628182528200067e-05,750.0,0.0930231581670324,5000.0,2.0,0.008,0.3,1.0,40.21052039828101,0.0,0.002513397675632688,6.558546907377687
stationary_d50,50,5.0,stationary,0.001,0.0,0.0,0,frozen,Gaussian-m1,gaussian,1013,10000,0.0,4.644732292362608e-05,0.014393805132624966,5.53335695511943e-05,600.0,0.0915217822146818,5000.0,2.0,0.008,0.3,1.0,39.583747905564536,0.0,0.002513397675632688,5.726831560390327
stationary_d50,50,5.0,stationary,0.001,0.0,0.0,0,frozen,Gaussian-m1,gaussian,1014,10000,0.0,6.359766079142224e-05,0.013253887000619746,5.4589430877111465e-05,600.0,0.08987751006398535,5000.0,2.0,0.008,0.3,1.0,34.00185042162792,0.0,0.002513397675632688,5.27329484272058
stationary_d50,50,5.0,stationary,0.001,0.0,0.0,0,frozen,Gaussian-m1,gaussian,1015,10000,0.0,6.30719119267831e-05,0.012596126060482032,5.106758908056597e-05,550.0,0.08917104779829506,5000.0,2.0,0.008,0.3,1.0,34.79301979074947,0.0,0.002513397675632688,5.011592945517966
stationary_d50,50,5.0,stationary,0.001,0.0,0.0,0,frozen,Gaussian-m1,gaussian,1016,10000,0.0,6.384708728627712e-05,0.01253632045050991,5.7199519393645164e-05,550.0,0.08932268475396087,5000.0,2.0,0.008,0.3,1.0,42.90536576335604,0.0,0.002513397675632688,4.9877982191394326
stationary_d50,50,5.0,stationary,0.001,0.0,0.0,0,frozen,Gaussian-m1,gaussian,1017,10000,0.0,4.501944482702449e-05,0.013532707474527922,5.689428883375112e-05,650.0,0.08991756702608424,5000.0,2.0,0.008,0.3,1.0,45.0292275992544,0.0,0.002513397675632688,5.384228530855701
stationary_d50,50,5.0,stationary,0.001,0.0,0.0,0,frozen,Gaussian-m1,gaussian,1018,10000,0.0,5.397556542746617e-05,0.013219334231155639,5.024345006004553e-05,550.0,0.08905111276086974,5000.0,2.0,0.008,0.3,1.0,40.74200879686931,0.0,0.002513397675632688,5.259547408401254
stationary_d50,50,5.0,stationary,0.001,0.0,0.0,0,frozen,Gaussian-m1,gaussian,1019,10000,0.0,8.162664994303374e-05,0.012228180250309549,5.5306853994708224e-05,600.0,0.08972998190815842,5000.0,2.0,0.008,0.3,1.0,38.392040055128696,0.0,0.002513397675632688,4.865199156051339
stationary_d50,50,5.0,stationary,0.001,0.0,0.0,0,frozen,Gaussian-m1,gaussian,1020,10000,0.0,7.824710443213938e-05,0.01762872006641597,6.510603301058676e-05,700.0,0.09087407750659593,5000.0,2.0,0.008,0.3,1.0,45.333894246918454,0.0,0.002513397675632688,7.013900043485304
stationary_d50,50,5.0,stationary,0.001,0.0,0.0,0,frozen,Gaussian-m1,gaussian,1021,10000,0.0,5.352061114093103e-05,0.016685158900114648,5.2287427835153856e-05,600.0,0.09092839077158545,5000.0,2.0,0.008,0.3,1.0,31.466787098867464,0.0,0.002513397675632688,6.63848743948351
stationary_d50,50,5.0,stationary,0.001,0.0,0.0,0,frozen,Gaussian-m1,gaussian,1022,10000,0.0,4.3416148598468e-05,0.016149025472337347,4.980948268815586e-05,600.0,0.0910577795432623,5000.0,2.0,0.008,0.3,1.0,37.299011733223196,0.0,0.002513397675632688,6.425177212862749
stationary_d50,50,5.0,stationary,0.001,0.0,0.0,0,frozen,Gaussian-m1,gaussian,1023,10000,0.0,5.610420005941457e-05,0.012740028339329641,5.7391234131395444e-05,600.0,0.08942984496195393,5000.0,2.0,0.008,0.3,1.0,39.67992862497991,0.0,0.002513397675632688,5.068847028404545
stationary_d50,50,5.0,stationary,0.001,0.0,0.0,0,frozen,Gaussian-m1,gaussian,1024,10000,0.0,7.225735645613633e-05,0.012604237480579426,6.243507213837024e-05,600.0,0.0886294798042221,5000.0,2.0,0.008,0.3,1.0,39.95700154553226,0.0,0.002513397675632688,5.0148202183749575
stationary_d50,50,5.0,stationary,0.001,0.0,0.0,0,frozen,Gaussian-m1,gaussian,1025,10000,0.0,7.075121526924502e-05,0.014310260116952281,5.7293817169866254e-05,600.0,0.09009885426552519,5000.0,2.0,0.008,0.3,1.0,33.41973282397088,0.0,0.002513397675632688,5.693591688927625
stationary_d50,50,5.0,stationary,0.001,0.0,0.0,0,frozen,Gaussian-m1,gaussian,1026,10000,0.0,3.776848097346505e-05,0.009662527510084366,5.071011148409024e-05,500.0,0.09104708045309039,5000.0,2.0,0.008,0.3,1.0,40.79025468843106,0.0,0.002513397675632688,3.8444085485405948
stationary_d50,50,5.0,stationary,0.001,0.0,0.0,0,frozen,Gaussian-m1,gaussian,1027,10000,0.0,5.946815787909976e-05,0.01497218176489595,5.9178484576720826e-05,600.0,0.09093714237122963,5000.0,2.0,0.008,0.3,1.0,40.202274463131204,0.0,0.002513397675632688,5.956948997785263
stationary_d50,50,5.0,stationary,0.001,0.0,0.0,0,frozen,Gaussian-m1,gaussian,1028,10000,0.0,5.800914959894412e-05,0.013867029154511427,5.784224429927216e-05,650.0,0.09087468312271456,5000.0,2.0,0.008,0.3,1.0,50.426095630877576,0.0,0.002513397675632688,5.517244361667014
stationary_d50,50,5.0,stationary,0.001,0.0,0.0,0,frozen,Gaussian-m1,gaussian,1029,10000,0.0,4.000434488783724e-05,0.013101068289956413,5.271612481572005e-05,550.0,0.08865081255454646,5000.0,2.0,0.008,0.3,1.0,43.08882123104077,0.0,0.002513397675632688,5.212493198736858
stationary_d50,50,5.0,stationary,0.001,0.0,0.0,0,frozen,Gaussian-m1,gaussian,1030,10000,0.0,5.581571635051267e-05,0.012929324295875661,5.8869683764902075e-05,550.0,0.09011107658788352,5000.0,2.0,0.008,0.3,1.0,50.91516041200783,0.0,0.002513397675632688,5.14416179390355
stationary_d50,50,5.0,stationary,0.001,0.0,0.0,0,frozen,Gaussian-m5,gaussian,1001,10000,0.0,7.403708449054673e-05,0.012139910998510368,6.647160350290903e-05,650.0,0.24074096322390148,1000.0,10.0,0.04000000000000001,0.3,5.0,12.817765937466786,0.0,0.002513397675632688,4.8300796631613165
stationary_d50,50,5.0,stationary,0.001,0.0,0.0,0,frozen,Gaussian-m5,gaussian,1002,10000,0.0,6.081988546593715e-05,0.013602469129791527,5.8283571185876874e-05,550.0,0.23758166899830063,1000.0,10.0,0.04000000000000001,0.3,5.0,10.276028118430277,0.0,0.002513397675632688,5.411984447056286
stationary_d50,50,5.0,stationary,0.001,0.0,0.0,0,frozen,Gaussian-m5,gaussian,1003,10000,0.0,6.19784053478068e-05,0.012491430702478214,6.303139082729491e-05,600.0,0.23936053867584167,1000.0,10.0,0.04000000000000001,0.3,5.0,14.144493619838228,0.0,0.002513397675632688,4.96993803391411
stationary_d50,50,5.0,stationary,0.001,0.0,0.0,0,frozen,Gaussian-m5,gaussian,1004,10000,0.0,3.1295162610304255e-05,0.01250450402133771,5.5928529421919475e-05,650.0,0.24291971616238434,1000.0,10.0,0.04000000000000001,0.3,5.0,13.68094611368226,0.0,0.002513397675632688,4.97513948650804
stationary_d50,50,5.0,stationary,0.001,0.0,0.0,0,frozen,Gaussian-m5,gaussian,1005,10000,0.0,4.960485865353578e-05,0.015091405880039073,6.26153322842166e-05,750.0,0.24502813110716176,1000.0,10.0,0.04000000000000001,0.3,5.0,13.96673272523519,0.0,0.002513397675632688,6.004384434007313
stationary_d50,50,5.0,stationary,0.001,0.0,0.0,0,frozen,Gaussian-m5,gaussian,1006,10000,0.0,5.395027846452575e-05,0.013776236310583752,6.587863412756484e-05,550.0,0.24144586742426852,1000.0,10.0,0.04000000000000001,0.3,5.0,12.541252966212026,0.0,0.002513397675632688,5.481120812732475
stationary_d50,50,5.0,stationary,0.001,0.0,0.0,0,frozen,Gaussian-m5,gaussian,1007,10000,0.0,8.47626337366918e-05,0.014270296101002108,5.9184096679226725e-05,650.0,0.24390897263781688,1000.0,10.0,0.04000000000000001,0.3,5.0,11.53470566013281,0.0,0.002513397675632688,5.677691293881658
stationary_d50,50,5.0,stationary,0.001,0.0,0.0,0,frozen,Gaussian-m5,gaussian,1008,10000,0.0,9.016461287755899e-05,0.011832788115609203,7.32720381944881e-05,650.0,0.24690319683944914,1000.0,10.0,0.04000000000000001,0.3,5.0,13.367284972842725,0.0,0.002513397675632688,4.707885357867446
stationary_d50,50,5.0,stationary,0.001,0.0,0.0,0,frozen,Gaussian-m5,gaussian,1009,10000,0.0,4.6453531203472116e-05,0.0160504244395505,5.426019016689079e-05,600.0,0.24191708818310184,1000.0,10.0,0.04000000000000001,0.3,5.0,12.757170208106777,0.0,0.002513397675632688,6.385947037016412
stationary_d50,50,5.0,stationary,0.001,0.0,0.0,0,frozen,Gaussian-m5,gaussian,1010,10000,0.0,4.648799896022912e-05,0.011974532381842835,6.154620059928189e-05,600.0,0.24565624172787132,1000.0,10.0,0.04000000000000001,0.3,5.0,11.029880882977858,0.0,0.002513397675632688,4.764280837026131
stationary_d50,50,5.0,stationary,0.001,0.0,0.0,0,frozen,Gaussian-m5,gaussian,1011,10000,0.0,5.447748802532102e-05,0.01631081111866633,6.670351397571715e-05,700.0,0.2421826986555454,1000.0,10.0,0.04000000000000001,0.3,5.0,12.14652971267639,0.0,0.002513397675632688,6.489546511799202
stationary_d50,50,5.0,stationary,0.001,0.0,0.0,0,frozen,Gaussian-m5,gaussian,1012,10000,0.0,6.850462975610843e-05,0.015142743920452324,5.924771055062463e-05,650.0,0.24005307221319122,1000.0,10.0,0.04000000000000001,0.3,5.0,11.077931636430431,0.0,0.002513397675632688,6.024810187126675
stationary_d50,50,5.0,stationary,0.001,0.0,0.0,0,frozen,Gaussian-m5,gaussian,1013,10000,0.0,6.36352999643663e-05,0.015196910140162171,6.016178578890226e-05,700.0,0.24771149197532844,1000.0,10.0,0.04000000000000001,0.3,5.0,10.741583684028141,0.0,0.002513397675632688,6.046361181716582
stationary_d50,50,5.0,stationary,0.001,0.0,0.0,0,frozen,Gaussian-m5,gaussian,1014,10000,0.0,7.579811293779889e-05,0.010258639954634012,7.133120336295549e-05,500.0,0.2389828669830563,1000.0,10.0,0.04000000000000001,0.3,5.0,10.682404111532124,0.0,0.002513397675632688,4.081582494521741
stationary_d50,50,5.0,stationary,0.001,0.0,0.0,0,frozen,Gaussian-m5,gaussian,1015,10000,0.0,5.183830930468204e-05,0.011714901942082422,5.876852313472599e-05,600.0,0.24243388371641594,1000.0,10.0,0.04000000000000001,0.3,5.0,11.40724037394222,0.0,0.002513397675632688,4.660982245530833
stationary_d50,50,5.0,stationary,0.001,0.0,0.0,0,frozen,Gaussian-m5,gaussian,1016,10000,0.0,4.782007384015481e-05,0.013105818068990265,6.402963050462481e-05,650.0,0.24099635958571505,1000.0,10.0,0.04000000000000001,0.3,5.0,13.581457278123695,0.0,0.002513397675632688,5.214382982864495
stationary_d50,50,5.0,stationary,0.001,0.0,0.0,0,frozen,Gaussian-m5,gaussian,1017,10000,0.0,5.2692979418202244e-05,0.008573469691232587,6.153993813711954e-05,600.0,0.24427765324518314,1000.0,10.0,0.04000000000000001,0.3,5.0,12.5664073514041,0.0,0.002513397675632688,3.411107511697058
stationary_d50,50,5.0,stationary,0.001,0.0,0.0,0,frozen,Gaussian-m5,gaussian,1018,10000,0.0,6.15111979209985e-05,0.013185638467747157,7.559388592709964e-05,550.0,0.24535183069385544,1000.0,10.0,0.04000000000000001,0.3,5.0,16.134533566077092,0.0,0.002513397675632688,5.2461409491945945
stationary_d50,50,5.0,stationary,0.001,0.0,0.0,0,frozen,Gaussian-m5,gaussian,1019,10000,0.0,4.298646114033677e-05,0.011235060393636288,6.68702241427051e-05,550.0,0.24008055411523627,1000.0,10.0,0.04000000000000001,0.3,5.0,12.062788705134203,0.0,0.002513397675632688,4.4700687450139105
stationary_d50,50,5.0,stationary,0.001,0.0,0.0,0,frozen,Gaussian-m5,gaussian,1020,10000,0.0,7.957232782537063e-05,0.014080275406095919,7.57205615389952e-05,650.0,0.24136567515226845,1000.0,10.0,0.04000000000000001,0.3,5.0,12.351835701909009,0.0,0.002513397675632688,5.602088178326793
stationary_d50,50,5.0,stationary,0.001,0.0,0.0,0,frozen,Gaussian-m5,gaussian,1021,10000,0.0,8.586268250299786e-05,0.01748617308791985,6.460441770711138e-05,700.0,0.2467402863781267,1000.0,10.0,0.04000000000000001,0.3,5.0,12.631748535425784,0.0,0.002513397675632688,6.957185190965899
stationary_d50,50,5.0,stationary,0.001,0.0,0.0,0,frozen,Gaussian-m5,gaussian,1022,10000,0.0,6.495494096107044e-05,0.010893827293215677,6.715527169589945e-05,500.0,0.24434262327807926,1000.0,10.0,0.04000000000000001,0.3,5.0,13.04588749526554,0.0,0.002513397675632688,4.334303082568665
stationary_d50,50,5.0,stationary,0.001,0.0,0.0,0,frozen,Gaussian-m5,gaussian,1023,10000,0.0,9.702749449685171e-05,0.016526396305800613,7.19326328009014e-05,650.0,0.2421195399597992,1000.0,10.0,0.04000000000000001,0.3,5.0,8.75908028045046,0.0,0.002513397675632688,6.575320915597046
stationary_d50,50,5.0,stationary,0.001,0.0,0.0,0,frozen,Gaussian-m5,gaussian,1024,10000,0.0,3.568136534571961e-05,0.013777803522773906,5.547336733093008e-05,650.0,0.24375375386361697,1000.0,10.0,0.04000000000000001,0.3,5.0,10.232460507553812,0.0,0.002513397675632688,5.481744355996379
stationary_d50,50,5.0,stationary,0.001,0.0,0.0,0,frozen,Gaussian-m5,gaussian,1025,10000,0.0,6.721018818323485e-05,0.015413066180037209,6.372517359572104e-05,750.0,0.2480872998174808,1000.0,10.0,0.04000000000000001,0.3,5.0,9.484007713466461,0.0,0.002513397675632688,6.132362709437668
stationary_d50,50,5.0,stationary,0.001,0.0,0.0,0,frozen,Gaussian-m5,gaussian,1026,10000,0.0,6.725478256805648e-05,0.014184655718160766,6.586804869282253e-05,600.0,0.24119013566891565,1000.0,10.0,0.04000000000000001,0.3,5.0,12.374983769164935,0.0,0.002513397675632688,5.643617743296479
stationary_d50,50,5.0,stationary,0.001,0.0,0.0,0,frozen,Gaussian-m5,gaussian,1027,10000,0.0,5.908798641846338e-05,0.011251198566056159,7.381228725145952e-05,600.0,0.2399872297349152,1000.0,10.0,0.04000000000000001,0.3,5.0,11.336975710056507,0.0,0.002513397675632688,4.476489604146681
stationary_d50,50,5.0,stationary,0.001,0.0,0.0,0,frozen,Gaussian-m5,gaussian,1028,10000,0.0,6.97352160406018e-05,0.01334576240776606,6.079527737356786e-05,750.0,0.24446770956469016,1000.0,10.0,0.04000000000000001,0.3,5.0,13.072222733544047,0.0,0.002513397675632688,5.309849108699674
stationary_d50,50,5.0,stationary,0.001,0.0,0.0,0,frozen,Gaussian-m5,gaussian,1029,10000,0.0,6.417563308678494e-05,0.009859988700262569,7.632208331511747e-05,550.0,0.24366281126391842,1000.0,10.0,0.04000000000000001,0.3,5.0,9.86779589406396,0.0,0.002513397675632688,3.9229719975692072
stationary_d50,50,5.0,stationary,0.001,0.0,0.0,0,frozen,Gaussian-m5,gaussian,1030,10000,0.0,6.103071268771301e-05,0.012447437451205232,6.788410949844269e-05,650.0,0.24240485248828442,1000.0,10.0,0.04000000000000001,0.3,5.0,9.924134750211058,0.0,0.002513397675632688,4.952434535880553
stationary_d50,50,5.0,stationary,0.001,0.0,0.0,0,frozen,Gaussian-m20,gaussian,1001,10000,0.0,1.4467680049886957e-05,0.020402399632948782,1.8530802379067818e-05,900.0,0.38307815046908456,250.0,40.0,0.08000000000000002,0.3,20.0,4.522608528391105,0.0,0.002513397675632688,8.1174578264114
stationary_d50,50,5.0,stationary,0.001,0.0,0.0,0,frozen,Gaussian-m20,gaussian,1002,10000,0.0,2.197723789070178e-05,0.015449915104956151,1.9600286571175554e-05,700.0,0.37518232809127716,250.0,40.0,0.08000000000000002,0.3,20.0,5.090415195945456,0.0,0.002513397675632688,6.147023710072861
stationary_d50,50,5.0,stationary,0.001,0.0,0.0,0,frozen,Gaussian-m20,gaussian,1003,10000,0.0,1.5675017597565652e-05,0.01688853583224702,1.5985585819832846e-05,850.0,0.3706535540710814,250.0,40.0,0.08000000000000002,0.3,20.0,6.915067363001174,0.0,0.002513397675632688,6.719404571740019
stationary_d50,50,5.0,stationary,0.001,0.0,0.0,0,frozen,Gaussian-m20,gaussian,1004,10000,0.0,1.9775479867201943e-05,0.017786313758838383,1.7954386874769655e-05,850.0,0.3864285854727192,250.0,40.0,0.08000000000000002,0.3,20.0,5.519733959117917,0.0,0.002513397675632688,7.076601498949466
stationary_d50,50,5.0,stationary,0.001,0.0,0.0,0,frozen,Gaussian-m20,gaussian,1005,10000,0.0,1.534794991219261e-05,0.01613986286262093,2.1477465674060742e-05,850.0,0.3764359004201794,250.0,40.0,0.08000000000000002,0.3,20.0,5.209905216624324,0.0,0.002513397675632688,6.421531705506215
stationary_d50,50,5.0,stationary,0.001,0.0,0.0,0,frozen,Gaussian-m20,gaussian,1006,10000,0.0,1.862913561170177e-05,0.018761449784606334,1.9327284528796564e-05,800.0,0.38097259720465115,250.0,40.0,0.08000000000000002,0.3,20.0,6.530183475880101,0.0,0.002513397675632688,7.464576722775709
stationary_d50,50,5.0,stationary,0.001,0.0,0.0,0,frozen,Gaussian-m20,gaussian,1007,10000,0.0,1.7336279109178198e-05,0.018436772041685784,2.059155929048414e-05,950.0,0.37471179457501524,250.0,40.0,0.08000000000000002,0.3,20.0,5.384046184096908,0.0,0.002513397675632688,7.335397903972663
stationary_d50,50,5.0,stationary,0.001,0.0,0.0,0,frozen,Gaussian-m20,gaussian,1008,10000,0.0,1.965967912917113e-05,0.017963845038503033,1.9158836743117592e-05,850.0,0.38571873542189494,250.0,40.0,0.08000000000000002,0.3,20.0,6.305951191226656,0.0,0.002513397675632688,7.147235478357424
stationary_d50,50,5.0,stationary,0.001,0.0,0.0,0,frozen,Gaussian-m20,gaussian,1009,10000,0.0,1.8039051295327315e-05,0.019225677112745927,1.900424124322452e-05,900.0,0.3861464070059901,250.0,40.0,0.08000000000000002,0.3,20.0,5.000984335240671,0.0,0.002513397675632688,7.6492778278337195
stationary_d50,50,5.0,stationary,0.001,0.0,0.0,0,frozen,Gaussian-m20,gaussian,1010,10000,0.0,1.2667926570369024e-05,0.02003324789722501,1.7834310774263842e-05,1050.0,0.3838140941836909,250.0,40.0,0.08000000000000002,0.3,20.0,5.4340359568357925,0.0,0.002513397675632688,7.970584238000506
stationary_d50,50,5.0,stationary,0.001,0.0,0.0,0,frozen,Gaussian-m20,gaussian,1011,10000,0.0,2.151155276871223e-05,0.020561388257372994,2.0032996172161065e-05,950.0,0.37055507146704236,250.0,40.0,0.08000000000000002,0.3,20.0,4.310486910738425,0.0,0.002513397675632688,8.180714280400197
stationary_d50,50,5.0,stationary,0.001,0.0,0.0,0,frozen,Gaussian-m20,gaussian,1012,10000,0.0,2.581104566677703e-05,0.02094602541168136,1.8744590304515588e-05,950.0,0.37923640164855904,250.0,40.0,0.08000000000000002,0.3,20.0,4.831699868088235,0.0,0.002513397675632688,8.333749018212448
stationary_d50,50,5.0,stationary,0.001,0.0,0.0,0,frozen,Gaussian-m20,gaussian,1013,10000,0.0,1.9575758382409018e-05,0.021363632351955375,2.1100429997560942e-05,1000.0,0.3781686942284628,250.0,40.0,0.08000000000000002,0.3,20.0,5.871516232756276,0.0,0.002513397675632688,8.499901372184404
stationary_d50,50,5.0,stationary,0.001,0.0,0.0,0,frozen,Gaussian-m20,gaussian,1014,10000,0.0,1.4291240867388398e-05,0.018882381455212295,1.7168083630816447e-05,950.0,0.387942473985048,250.0,40.0,0.08000000000000002,0.3,20.0,5.772560273427238,0.0,0.002513397675632688,7.512691540330603
stationary_d50,50,5.0,stationary,0.001,0.0,0.0,0,frozen,Gaussian-m20,gaussian,1015,10000,0.0,1.9391413839745175e-05,0.01866804279119935,2.1310241077167477e-05,850.0,0.37815025873500396,250.0,40.0,0.08000000000000002,0.3,20.0,9.500454678068978,0.0,0.002513397675632688,7.427413087942844
stationary_d50,50,5.0,stationary,0.001,0.0,0.0,0,frozen,Gaussian-m20,gaussian,1016,10000,0.0,2.501101611420674e-05,0.01705997063390763,2.1310029459288674e-05,850.0,0.3860128782374265,250.0,40.0,0.08000000000000002,0.3,20.0,5.715491900387781,0.0,0.002513397675632688,6.7876129588658065
stationary_d50,50,5.0,stationary,0.001,0.0,0.0,0,frozen,Gaussian-m20,gaussian,1017,10000,0.0,1.4726638954839196e-05,0.01384195458037893,1.7312444708845113e-05,800.0,0.3731480187280111,250.0,40.0,0.08000000000000002,0.3,20.0,5.104870055057955,0.0,0.002513397675632688,5.507267996058184
stationary_d50,50,5.0,stationary,0.001,0.0,0.0,0,frozen,Gaussian-m20,gaussian,1018,10000,0.0,2.455437477344315e-05,0.017661285901856547,2.1018924731518984e-05,800.0,0.37177518160846146,250.0,40.0,0.08000000000000002,0.3,20.0,5.175204939051485,0.0,0.002513397675632688,7.02685694073889
stationary_d50,50,5.0,stationary,0.001,0.0,0.0,0,frozen,Gaussian-m20,gaussian,1019,10000,0.0,1.4203949907564843e-05,0.013170176284993148,1.8086865800594477e-05,650.0,0.3766221316518838,250.0,40.0,0.08000000000000002,0.3,20.0,7.207543527696248,0.0,0.002513397675632688,5.239989044582
stationary_d50,50,5.0,stationary,0.001,0.0,0.0,0,frozen,Gaussian-m20,gaussian,1020,10000,0.0,1.1306815615714942e-05,0.016853267555843206,1.4841683146109235e-05,850.0,0.38560304512819926,250.0,40.0,0.08000000000000002,0.3,20.0,7.792416087446639,0.0,0.002513397675632688,6.705372460249769
stationary_d50,50,5.0,stationary,0.001,0.0,0.0,0,frozen,Gaussian-m20,gaussian,1021,10000,0.0,2.2641621691142538e-05,0.013756253505909114,1.9437692908594553e-05,800.0,0.3758525364703673,250.0,40.0,0.08000000000000002,0.3,20.0,7.870176534908985,0.0,0.002513397675632688,5.473170298228395
stationary_d50,50,5.0,stationary,0.001,0.0,0.0,0,frozen,Gaussian-m20,gaussian,1022,10000,0.0,1.658459388645859e-05,0.015350266909269066,1.848196036648432e-05,750.0,0.38733161929524595,250.0,40.0,0.08000000000000002,0.3,20.0,7.5090540673556525,0.0,0.002513397675632688,6.107376901828718
stationary_d50,50,5.0,stationary,0.001,0.0,0.0,0,frozen,Gaussian-m20,gaussian,1023,10000,0.0,2.1451191606778822e-05,0.018443457349844317,1.9337967697391563e-05,800.0,0.3698733250137305,250.0,40.0,0.08000000000000002,0.3,20.0,7.887897574768851,0.0,0.002513397675632688,7.338057772812102
stationary_d50,50,5.0,stationary,0.001,0.0,0.0,0,frozen,Gaussian-m20,gaussian,1024,10000,0.0,2.3558397956664503e-05,0.015680082999888413,1.834307336303725e-05,800.0,0.3795909867993223,250.0,40.0,0.08000000000000002,0.3,20.0,6.681322740984243,0.0,0.002513397675632688,6.238600103718695
stationary_d50,50,5.0,stationary,0.001,0.0,0.0,0,frozen,Gaussian-m20,gaussian,1025,10000,0.0,2.6224982260098046e-05,0.02259289695653638,1.8507877317248835e-05,1000.0,0.3855090858726623,250.0,40.0,0.08000000000000002,0.3,20.0,4.352875101062988,0.0,0.002513397675632688,8.988986174203076
stationary_d50,50,5.0,stationary,0.001,0.0,0.0,0,frozen,Gaussian-m20,gaussian,1026,10000,0.0,1.870324686018346e-05,0.017037534458285545,1.7372909245133844e-05,950.0,0.3772297756484572,250.0,40.0,0.08000000000000002,0.3,20.0,6.1627201678330055,0.0,0.002513397675632688,6.778686327063922
stationary_d50,50,5.0,stationary,0.001,0.0,0.0,0,frozen,Gaussian-m20,gaussian,1027,10000,0.0,1.598722686065128e-05,0.015091321993960537,1.7696303127307246e-05,800.0,0.3800080417454551,250.0,40.0,0.08000000000000002,0.3,20.0,6.369045458329896,0.0,0.002513397675632688,6.004351058437919
stationary_d50,50,5.0,stationary,0.001,0.0,0.0,0,frozen,Gaussian-m20,gaussian,1028,10000,0.0,1.8215901847871936e-05,0.02489224218433591,1.981089808846334e-05,1050.0,0.3817642950382341,250.0,40.0,0.08000000000000002,0.3,20.0,5.435436964483413,0.0,0.002513397675632688,9.90382159801667
stationary_d50,50,5.0,stationary,0.001,0.0,0.0,0,frozen,Gaussian-m20,gaussian,1029,10000,0.0,2.2595539233553656e-05,0.01801426375803695,1.8867219113500463e-05,900.0,0.3804973559541514,250.0,40.0,0.08000000000000002,0.3,20.0,5.809378631230622,0.0,0.002513397675632688,7.167295463302395
stationary_d50,50,5.0,stationary,0.001,0.0,0.0,0,frozen,Gaussian-m20,gaussian,1030,10000,0.0,2.8202479576854054e-05,0.02038168720763418,2.0008486706494154e-05,1000.0,0.38752158929653335,250.0,40.0,0.08000000000000002,0.3,20.0,5.690910221201485,0.0,0.002513397675632688,8.109217019349545
stationary_d50,50,5.0,stationary,0.001,0.0,0.0,0,frozen,CoordinateCentral,coordinate,1001,10000,0.0,8.766503544597639e-05,0.05967566679810061,0.00014949123775737658,3600.0,0.6885167292645572,100.0,100.0,0.04,0.1,1.0,2.9571520150553092,0.0,0.002513397675632688,23.743026173953425
stationary_d50,50,5.0,stationary,0.001,0.0,0.0,0,frozen,CoordinateCentral,coordinate,1002,10000,0.0,8.176709767676436e-05,0.05972419625053022,0.00014769110703564291,3600.0,0.6952801062540503,100.0,100.0,0.04,0.1,1.0,2.9637580360567775,0.0,0.002513397675632688,23.762334480354795
stationary_d50,50,5.0,stationary,0.001,0.0,0.0,0,frozen,CoordinateCentral,coordinate,1003,10000,0.0,4.4127296111951155e-05,0.059707837280032934,0.00011026580895044103,3600.0,0.7023834757593761,100.0,100.0,0.04,0.1,1.0,2.9527178229247553,0.0,0.002513397675632688,23.755825772777047
stationary_d50,50,5.0,stationary,0.001,0.0,0.0,0,frozen,CoordinateCentral,coordinate,1004,10000,0.0,5.448676247895867e-05,0.059506882919925536,0.00011385784542112668,3600.0,0.6980223353346046,100.0,100.0,0.04,0.1,1.0,2.970100478153818,0.0,0.002513397675632688,23.675872503918864
stationary_d50,50,5.0,stationary,0.001,0.0,0.0,0,frozen,CoordinateCentral,coordinate,1005,10000,0.0,6.880922153849985e-05,0.05964684473506769,0.00012663523327191366,3600.0,0.6917916804073374,100.0,100.0,0.04,0.1,1.0,2.9625156146825007,0.0,0.002513397675632688,23.73155880318582
stationary_d50,50,5.0,stationary,0.001,0.0,0.0,0,frozen,CoordinateCentral,coordinate,1006,10000,0.0,2.8962583149649834e-05,0.05980016784313558,8.482598230835798e-05,3700.0,0.7074019919140749,100.0,100.0,0.04,0.1,1.0,2.951198391573935,0.0,0.002513397675632688,23.792561130654466
stationary_d50,50,5.0,stationary,0.001,0.0,0.0,0,frozen,CoordinateCentral,coordinate,1007,10000,0.0,4.421089809022186e-05,0.05959721776329037,9.43769034801371e-05,3600.0,0.7050873062111687,100.0,100.0,0.04,0.1,1.0,2.956313922942902,0.0,0.002513397675632688,23.711813829177746
stationary_d50,50,5.0,stationary,0.001,0.0,0.0,0,frozen,CoordinateCentral,coordinate,1008,10000,0.0,7.129037417845427e-05,0.05965372214215812,0.00013704849211913764,3600.0,0.6978648536363116,100.0,100.0,0.04,0.1,1.0,2.9550618700757907,0.0,0.002513397675632688,23.73429510200439
stationary_d50,50,5.0,stationary,0.001,0.0,0.0,0,frozen,CoordinateCentral,coordinate,1009,10000,0.0,4.7442193140823814e-05,0.05967701908009882,0.00011993514714668413,3600.0,0.7030571682659271,100.0,100.0,0.04,0.1,1.0,2.964465116161555,0.0,0.002513397675632688,23.743564203415026
stationary_d50,50,5.0,stationary,0.001,0.0,0.0,0,frozen,CoordinateCentral,coordinate,1010,10000,0.0,7.216568019904631e-05,0.059377402634501,9.720987899409677e-05,3600.0,0.6933785711811958,100.0,100.0,0.04,0.1,1.0,2.9619381145438335,0.0,0.002513397675632688,23.62435646780574
stationary_d50,50,5.0,stationary,0.001,0.0,0.0,0,frozen,CoordinateCentral,coordinate,1011,10000,0.0,4.2614697123530996e-05,0.05964677820464575,0.00010438439533090299,3600.0,0.6996103385113406,100.0,100.0,0.04,0.1,1.0,2.9534800957347787,0.0,0.002513397675632688,23.731532332873307
stationary_d50,50,5.0,stationary,0.001,0.0,0.0,0,frozen,CoordinateCentral,coordinate,1012,10000,0.0,4.2079302772009295e-05,0.059602670485114174,9.939433063303994e-05,3600.0,0.7033890721423419,100.0,100.0,0.04,0.1,1.0,2.96335584413899,0.0,0.002513397675632688,23.713983291605704
stationary_d50,50,5.0,stationary,0.001,0.0,0.0,0,frozen,CoordinateCentral,coordinate,1013,10000,0.0,4.8140470023548365e-05,0.05973053782697257,0.0001161131280343308,3600.0,0.7058098206308983,100.0,100.0,0.04,0.1,1.0,2.960619741513302,0.0,0.002513397675632688,23.764857589413037
stationary_d50,50,5.0,stationary,0.001,0.0,0.0,0,frozen,CoordinateCentral,coordinate,1014,10000,0.0,6.559642551798702e-05,0.05960403614823352,0.00013668458472781986,3600.0,0.696917908362733,100.0,100.0,0.04,0.1,1.0,2.9693194059454098,0.0,0.002513397675632688,23.714526644984513
stationary_d50,50,5.0,stationary,0.001,0.0,0.0,0,frozen,CoordinateCentral,coordinate,1015,10000,0.0,6.528169704889832e-05,0.059681792481805565,0.00013977123979899236,3600.0,0.6922065136302621,100.0,100.0,0.04,0.1,1.0,2.952274519040107,0.0,0.002513397675632688,23.74546338624352
stationary_d50,50,5.0,stationary,0.001,0.0,0.0,0,frozen,CoordinateCentral,coordinate,1016,10000,0.0,5.7554132829567764e-05,0.05968336000704827,0.00011073501386637749,3600.0,0.697582959185429,100.0,100.0,0.04,0.1,1.0,2.9532678368354484,0.0,0.002513397675632688,23.746087054060958
stationary_d50,50,5.0,stationary,0.001,0.0,0.0,0,frozen,CoordinateCentral,coordinate,1017,10000,0.0,4.448993152081479e-05,0.05962969610945564,9.9451181960866e-05,3600.0,0.6979055740742511,100.0,100.0,0.04,0.1,1.0,2.951960016840418,0.0,0.002513397675632688,23.724735917265974
stationary_d50,50,5.0,stationary,0.001,0.0,0.0,0,frozen,CoordinateCentral,coordinate,1018,10000,0.0,5.1067671787789226e-05,0.05960016951201063,0.00011437582348848548,3600.0,0.6925499898857853,100.0,100.0,0.04,0.1,1.0,2.9634340803403094,0.0,0.002513397675632688,23.71298823494285
stationary_d50,50,5.0,stationary,0.001,0.0,0.0,0,frozen,CoordinateCentral,coordinate,1019,10000,0.0,4.5386665733138554e-05,0.05958728635873739,8.637128796274268e-05,3600.0,0.70119813566185,100.0,100.0,0.04,0.1,1.0,2.9627869893228875,0.0,0.002513397675632688,23.707862443112077
stationary_d50,50,5.0,stationary,0.001,0.0,0.0,0,frozen,CoordinateCentral,coordinate,1020,10000,0.0,4.5518865956776555e-05,0.05936180678058413,8.541861256284192e-05,3600.0,0.6914623048213936,100.0,100.0,0.04,0.1,1.0,2.9665156288232932,0.0,0.002513397675632688,23.61815137974185
stationary_d50,50,5.0,stationary,0.001,0.0,0.0,0,frozen,CoordinateCentral,coordinate,1021,10000,0.0,6.414799079799325e-05,0.05975449942195216,0.00014104281956307593,3600.0,0.6945767046894252,100.0,100.0,0.04,0.1,1.0,2.9360840462945137,0.0,0.002513397675632688,23.774391136456508
stationary_d50,50,5.0,stationary,0.001,0.0,0.0,0,frozen,CoordinateCentral,coordinate,1022,10000,0.0,5.759281531937148e-05,0.059355270582817095,0.00010406996769820485,3600.0,0.7006327033249776,100.0,100.0,0.04,0.1,1.0,2.966375749862629,0.0,0.002513397675632688,23.615550837125614
stationary_d50,50,5.0,stationary,0.001,0.0,0.0,0,frozen,CoordinateCentral,coordinate,1023,10000,0.0,4.934194268804066e-05,0.059622019314290925,9.437051897204456e-05,3600.0,0.6973119305259676,100.0,100.0,0.04,0.1,1.0,2.9558910351437095,0.0,0.002513397675632688,23.721681567674125
stationary_d50,50,5.0,stationary,0.001,0.0,0.0,0,frozen,CoordinateCentral,coordinate,1024,10000,0.0,7.32830148779526e-05,0.05957262544279935,0.00014429704959933673,3600.0,0.6952552222952757,100.0,100.0,0.04,0.1,1.0,2.96565016392197,0.0,0.002513397675632688,23.702029336763577
stationary_d50,50,5.0,stationary,0.001,0.0,0.0,0,frozen,CoordinateCentral,coordinate,1025,10000,0.0,6.77697165820343e-05,0.05959570853950082,0.00012496905583307477,3600.0,0.6975760141229703,100.0,100.0,0.04,0.1,1.0,2.955063454608302,0.0,0.002513397675632688,23.71121335763113
stationary_d50,50,5.0,stationary,0.001,0.0,0.0,0,frozen,CoordinateCentral,coordinate,1026,10000,0.0,4.8012925776266866e-05,0.05955824950424109,0.0001079461543974475,3600.0,0.6985561189230838,100.0,100.0,0.04,0.1,1.0,2.9651527758315512,0.0,0.002513397675632688,23.696309613737792
stationary_d50,50,5.0,stationary,0.001,0.0,0.0,0,frozen,CoordinateCentral,coordinate,1027,10000,0.0,5.6648810875463316e-05,0.05961265439594296,0.00011021001325646654,3600.0,0.6985124867012609,100.0,100.0,0.04,0.1,1.0,2.9478808667850904,0.0,0.002513397675632688,23.717955568227737
stationary_d50,50,5.0,stationary,0.001,0.0,0.0,0,frozen,CoordinateCentral,coordinate,1028,10000,0.0,4.174657162452273e-05,0.05966654411475837,9.793143441084991e-05,3600.0,0.7022503896187829,100.0,100.0,0.04,0.1,1.0,2.969910040930275,0.0,0.002513397675632688,23.73939655201549
stationary_d50,50,5.0,stationary,0.001,0.0,0.0,0,frozen,CoordinateCentral,coordinate,1029,10000,0.0,5.8186381388611734e-05,0.059641251205009925,0.0001205863383886578,3600.0,0.6949832963665935,100.0,100.0,0.04,0.1,1.0,2.955211226130829,0.0,0.002513397675632688,23.7293333176958
stationary_d50,50,5.0,stationary,0.001,0.0,0.0,0,frozen,CoordinateCentral,coordinate,1030,10000,0.0,8.298390170002689e-05,0.05979908849758484,0.00013606245136499697,3600.0,0.6992745775993646,100.0,100.0,0.04,0.1,1.0,2.957902507895463,0.0,0.002513397675632688,23.79213169381636
linear_d50,50,5.0,linear,0.001,0.0001,0.0,0,frozen,SPSA-m1,spsa,1001,10000,1.0,0.0003199326780958239,0.009934512466741756,0.00022216265977079448,500.0,0.11346239358612224,5000.0,2.0,0.008,0.3,1.0,55.3818532999634,0.0,0.0025144668429697573,3.950941924137054
linear_d50,50,5.0,linear,0.001,0.0001,0.0,0,frozen,SPSA-m1,spsa,1002,10000,1.0,0.00023587973080486742,0.014805311719953558,0.00023059184443033337,650.0,0.11646663550290114,5000.0,2.0,0.008,0.3,1.0,42.568096824831414,0.0,0.0025144668429697573,5.888052078057021
linear_d50,50,5.0,linear,0.001,0.0001,0.0,0,frozen,SPSA-m1,spsa,1003,10000,1.0,0.0002726903777090993,0.014546107200753519,0.00026689684480352263,750.0,0.11156121875742651,5000.0,2.0,0.008,0.3,1.0,37.991348890198445,0.0,0.0025144668429697573,5.7849667978017845
linear_d50,50,5.0,linear,0.001,0.0001,0.0,0,frozen,SPSA-m1,spsa,1004,10000,1.0,0.00021005352341882033,0.01659917692922123,0.00028807716101659434,600.0,0.11158745343456634,5000.0,2.0,0.008,0.3,1.0,36.93081646384152,0.0,0.0025144668429697573,6.601469800896825
linear_d50,50,5.0,linear,0.001,0.0001,0.0,0,frozen,SPSA-m1,spsa,1005,10000,1.0,0.00014328902882665488,0.015490694951207078,0.00026237632040697866,700.0,0.11363303000205897,5000.0,2.0,0.008,0.3,1.0,41.01105040544972,0.0,0.0025144668429697573,6.160628045073566
linear_d50,50,5.0,linear,0.001,0.0001,0.0,0,frozen,SPSA-m1,spsa,1006,10000,1.0,0.00024493436700566857,0.012005267076063883,0.00021147278747544337,650.0,0.11359296711457187,5000.0,2.0,0.008,0.3,1.0,34.878566115042815,0.0,0.0025144668429697573,4.7744781799885825
linear_d50,50,5.0,linear,0.001,0.0001,0.0,0,frozen,SPSA-m1,spsa,1007,10000,1.0,0.00035179617495452177,0.011926939950967651,0.0002594203801908902,550.0,0.11177172807855328,5000.0,2.0,0.008,0.3,1.0,40.00255349335522,0.0,0.0025144668429697573,4.743327590226292
linear_d50,50,5.0,linear,0.001,0.0001,0.0,0,frozen,SPSA-m1,spsa,1008,10000,1.0,0.0002476451932423403,0.014894038945754142,0.0002466696993751838,600.0,0.1129810597041308,5000.0,2.0,0.008,0.3,1.0,37.47440155147289,0.0,0.0025144668429697573,5.923338773544241
linear_d50,50,5.0,linear,0.001,0.0001,0.0,0,frozen,SPSA-m1,spsa,1009,10000,1.0,0.0001309322935721167,0.01627305917129698,0.0002629704389856898,700.0,0.11242102072972582,5000.0,2.0,0.008,0.3,1.0,41.85615611988553,0.0,0.0025144668429697573,6.47177321776786
linear_d50,50,5.0,linear,0.001,0.0001,0.0,0,frozen,SPSA-m1,spsa,1010,10000,1.0,0.00026028156922630174,0.010890105515795964,0.00024330802405572973,550.0,0.11356644317632027,5000.0,2.0,0.008,0.3,1.0,45.39558989760835,0.0,0.0025144668429697573,4.330979963503517
linear_d50,50,5.0,linear,0.001,0.0001,0.0,0,frozen,SPSA-m1,spsa,1011,10000,1.0,0.0002875194140307633,0.015614057556408267,0.000236005517843496,650.0,0.11343700502460213,5000.0,2.0,0.008,0.3,1.0,31.319767029649448,0.0,0.0025144668429697573,6.209689183241326
linear_d50,50,5.0,linear,0.001,0.0001,0.0,0,frozen,SPSA-m1,spsa,1012,10000,1.0,0.00034845679129281494,0.014543456250835834,0.0002311056996164808,650.0,0.11381039783144566,5000.0,2.0,0.008,0.3,1.0,42.00584381359593,0.0,0.0025144668429697573,5.783912518670963
linear_d50,50,5.0,linear,0.001,0.0001,0.0,0,frozen,SPSA-m1,spsa,1013,10000,1.0,0.00012247358448561822,0.010386975125274417,0.000268518559205224,550.0,0.1126101962976289,5000.0,2.0,0.008,0.3,1.0,50.747561966787615,0.0,0.0025144668429697573,4.130885700209389
linear_d50,50,5.0,linear,0.001,0.0001,0.0,0,frozen,SPSA-m1,spsa,1014,10000,1.0,0.00021265395831382102,0.01494880653938719,0.00022950757309297956,650.0,0.11375137006711282,5000.0,2.0,0.008,0.3,1.0,39.090813540204024,0.0,0.0025144668429697573,5.945119770094732
linear_d50,50,5.0,linear,0.001,0.0001,0.0,0,frozen,SPSA-m1,spsa,1015,10000,1.0,0.00019575392554698368,0.014162859444503911,0.0002599087856968764,600.0,0.11334914421059748,5000.0,2.0,0.008,0.3,1.0,47.40000474686372,0.0,0.0025144668429697573,5.632549693030195
linear_d50,50,5.0,linear,0.001,0.0001,0.0,0,frozen,SPSA-m1,spsa,1016,10000,1.0,0.000276963605141807,0.01281154731428982,0.0002911832534064889,600.0,0.11228932372526605,5000.0,2.0,0.008,0.3,1.0,30.665688946103344,0.0,0.0025144668429697573,5.095134720153441
linear_d50,50,5.0,linear,0.001,0.0001,0.0,0,frozen,SPSA-m1,spsa,1017,10000,1.0,0.00014787590282327814,0.01335590659691415,0.00026132723095416644,600.0,0.1124595986500065,5000.0,2.0,0.008,0.3,1.0,34.218858220560065,0.0,0.0025144668429697573,5.311625657047802
linear_d50,50,5.0,linear,0.001,0.0001,0.0,0,frozen,SPSA-m1,spsa,1018,10000,1.0,0.00010979881726865498,0.01075555330872585,0.00023808367632744234,550.0,0.11136038773291107,5000.0,2.0,0.008,0.3,1.0,48.71679518895896,0.0,0.0025144668429697573,4.277468736085144
linear_d50,50,5.0,linear,0.001,0.0001,0.0,0,frozen,SPSA-m1,spsa,1019,10000,1.0,0.00024340651421195646,0.010226462771002913,0.00026214854329291654,500.0,0.11432558965930081,5000.0,2.0,0.008,0.3,1.0,43.221909373316215,0.0,0.0025144668429697573,4.067050158006761
linear_d50,50,5.0,linear,0.001,0.0001,0.0,0,frozen,SPSA-m1,spsa,1020,10000,1.0,0.00013688064767178413,0.012708346014362226,0.00021591125979567082,550.0,0.11106101907553716,5000.0,2.0,0.008,0.3,1.0,42.680639622845675,0.0,0.0025144668429697573,5.054091705322628
linear_d50,50,5.0,linear,0.001,0.0001,0.0,0,frozen,SPSA-m1,spsa,1021,10000,1.0,0.000243062367524963,0.010994156726084368,0.00025876793626967526,550.0,0.11175202778549236,5000.0,2.0,0.008,0.3,1.0,35.44067034065552,0.0,0.0025144668429697573,4.37236098651415
linear_d50,50,5.0,linear,0.001,0.0001,0.0,0,frozen,SPSA-m1,spsa,1022,10000,1.0,0.00023062678992095243,0.0142824540946863,0.0002202360680572548,550.0,0.11440563372816273,5000.0,2.0,0.008,0.3,1.0,53.55597911985402,0.0,0.0025144668429697573,5.680112320676993
linear_d50,50,5.0,linear,0.001,0.0001,0.0,0,frozen,SPSA-m1,spsa,1023,10000,1.0,0.00026985457155170953,0.011742309055926806,0.00024368305936164843,550.0,0.11225588414727843,5000.0,2.0,0.008,0.3,1.0,31.96939232417919,0.0,0.0025144668429697573,4.6699001375807905
linear_d50,50,5.0,linear,0.001,0.0001,0.0,0,frozen,SPSA-m1,spsa,1024,10000,1.0,0.00022751000311633932,0.010920532428872207,0.00025137705012803535,650.0,0.11271198001789152,5000.0,2.0,0.008,0.3,1.0,45.777262133759116,0.0,0.0025144668429697573,4.343080704923637
linear_d50,50,5.0,linear,0.001,0.0001,0.0,0,frozen,SPSA-m1,spsa,1025,10000,1.0,0.00020134827857931967,0.01003850259954427,0.0002164194337659414,500.0,0.11160302422005595,5000.0,2.0,0.008,0.3,1.0,49.309220192172795,0.0,0.0025144668429697573,3.9922986567156764
linear_d50,50,5.0,linear,0.001,0.0001,0.0,0,frozen,SPSA-m1,spsa,1026,10000,1.0,0.00031200746890210106,0.011915598720716299,0.0002524815918085969,550.0,0.11372963365429027,5000.0,2.0,0.008,0.3,1.0,48.61532919555531,0.0,0.0025144668429697573,4.738817198576841
linear_d50,50,5.0,linear,0.001,0.0001,0.0,0,frozen,SPSA-m1,spsa,1027,10000,1.0,0.00015173779709639715,0.013878878701660045,0.000259911982733801,600.0,0.11387124209458059,5000.0,2.0,0.008,0.3,1.0,41.68927999899638,0.0,0.0025144668429697573,5.5196109427588
linear_d50,50,5.0,linear,0.001,0.0001,0.0,0,frozen,SPSA-m1,spsa,1028,10000,1.0,0.0001835130357283898,0.013715658343040952,0.00021371244833745447,600.0,0.11369344256613849,5000.0,2.0,0.008,0.3,1.0,33.433665128473315,0.0,0.0025144668429697573,5.4546984309571656
linear_d50,50,5.0,linear,0.001,0.0001,0.0,0,frozen,SPSA-m1,spsa,1029,10000,1.0,0.0002711022652990922,0.012298299160074631,0.0002029391728092459,650.0,0.1126118865929761,5000.0,2.0,0.008,0.3,1.0,50.030257689229046,0.0,0.0025144668429697573,4.8910166361746485
linear_d50,50,5.0,linear,0.001,0.0001,0.0,0,frozen,SPSA-m1,spsa,1030,10000,1.0,0.00018854812821444348,0.015906502818598598,0.00028774259008697875,650.0,0.11348991510434371,5000.0,2.0,0.008,0.3,1.0,45.61282634826185,0.0,0.0025144668429697573,6.325994261197706
linear_d50,50,5.0,linear,0.001,0.0001,0.0,0,frozen,Gaussian-m1,gaussian,1001,10000,1.0,0.0003207574159294765,0.010814876365232675,0.0003122710238774593,550.0,0.10574103211783038,5000.0,2.0,0.008,0.3,1.0,52.00774084412637,0.0,0.0025144668429697573,4.301061433945801
linear_d50,50,5.0,linear,0.001,0.0001,0.0,0,frozen,Gaussian-m1,gaussian,1002,10000,1.0,0.00028121611644607987,0.012611163524554573,0.00029424461056530587,550.0,0.10471272343655796,5000.0,2.0,0.008,0.3,1.0,52.96405150537369,0.0,0.0025144668429697573,5.015442362986153
linear_d50,50,5.0,linear,0.001,0.0001,0.0,0,frozen,Gaussian-m1,gaussian,1003,10000,1.0,0.00029414039863429265,0.011987548532557953,0.00026722500414028,600.0,0.10530859783243304,5000.0,2.0,0.008,0.3,1.0,40.855319289317315,0.0,0.0025144668429697573,4.7674315396419535
linear_d50,50,5.0,linear,0.001,0.0001,0.0,0,frozen,Gaussian-m1,gaussian,1004,10000,1.0,0.00030264551650707896,0.010891913848120442,0.00028100215239040697,550.0,0.10643112366726695,5000.0,2.0,0.008,0.3,1.0,58.16257188989312,0.0,0.0025144668429697573,4.331699134778149
linear_d50,50,5.0,linear,0.001,0.0001,0.0,0,frozen,Gaussian-m1,gaussian,1005,10000,1.0,0.00035699831804602666,0.012339829233078371,0.0003077156572712111,550.0,0.10506806340389482,5000.0,2.0,0.008,0.3,1.0,41.6360617761639,0.0,0.0025144668429697573,4.9075330890043425
linear_d50,50,5.0,linear,0.001,0.0001,0.0,0,frozen,Gaussian-m1,gaussian,1006,10000,1.0,0.00032190725959892625,0.012016514025083901,0.00027903763588780616,550.0,0.10702397193890478,5000.0,2.0,0.008,0.3,1.0,43.59518141272907,0.0,0.0025144668429697573,4.778951076122196
linear_d50,50,5.0,linear,0.001,0.0001,0.0,0,frozen,Gaussian-m1,gaussian,1007,10000,1.0,0.00029949001224629525,0.013293081852215212,0.0002803836160978947,550.0,0.10654285789573371,5000.0,2.0,0.008,0.3,1.0,38.5896911175689,0.0,0.0025144668429697573,5.286640342616399
linear_d50,50,5.0,linear,0.001,0.0001,0.0,0,frozen,Gaussian-m1,gaussian,1008,10000,1.0,0.00022202737537145578,0.01335783018457109,0.00026175287358027824,550.0,0.10830568291911309,5000.0,2.0,0.008,0.3,1.0,45.216185046030475,0.0,0.0025144668429697573,5.3123906652094
linear_d50,50,5.0,linear,0.001,0.0001,0.0,0,frozen,Gaussian-m1,gaussian,1009,10000,1.0,0.00021409939515475588,0.01591057190263815,0.0002557272196060607,750.0,0.10548820520012951,5000.0,2.0,0.008,0.3,1.0,40.72837560740337,0.0,0.0025144668429697573,6.327612530315443
linear_d50,50,5.0,linear,0.001,0.0001,0.0,0,frozen,Gaussian-m1,gaussian,1010,10000,1.0,0.00022676688278664597,0.011938250668298952,0.00026434203671267,650.0,0.10526419174155485,5000.0,2.0,0.008,0.3,1.0,43.55383448927188,0.0,0.0025144668429697573,4.747825846929468
linear_d50,50,5.0,linear,0.001,0.0001,0.0,0,frozen,Gaussian-m1,gaussian,1011,10000,1.0,0.00023979296853170358,0.014210748708610603,0.00029972431876584544,600.0,0.10700958006641897,5000.0,2.0,0.008,0.3,1.0,35.02920020558006,0.0,0.0025144668429697573,5.651595187402327
linear_d50,50,5.0,linear,0.001,0.0001,0.0,0,frozen,Gaussian-m1,gaussian,1012,10000,1.0,0.00031228493742674167,0.013470226651598676,0.00031530241636813544,600.0,0.10529683732498306,5000.0,2.0,0.008,0.3,1.0,52.15464378540625,0.0,0.0025144668429697573,5.357090585330375
linear_d50,50,5.0,linear,0.001,0.0001,0.0,0,frozen,Gaussian-m1,gaussian,1013,10000,1.0,0.00021810799643385144,0.008520727982526176,0.00028837864827902974,500.0,0.1053201944152766,5000.0,2.0,0.008,0.3,1.0,62.923829350997536,0.0,0.0025144668429697573,3.388681782123885
linear_d50,50,5.0,linear,0.001,0.0001,0.0,0,frozen,Gaussian-m1,gaussian,1014,10000,1.0,0.0002085306653409735,0.011422550198060126,0.00034544548530536506,550.0,0.10730108923099128,5000.0,2.0,0.008,0.3,1.0,46.379271047675566,0.0,0.0025144668429697573,4.542732480245917
linear_d50,50,5.0,linear,0.001,0.0001,0.0,0,frozen,Gaussian-m1,gaussian,1015,10000,1.0,0.00022157329177401803,0.013411094276526921,0.00027869197703696296,600.0,0.10756761678145245,5000.0,2.0,0.008,0.3,1.0,35.77559346531449,0.0,0.0025144668429697573,5.333573721213799
linear_d50,50,5.0,linear,0.001,0.0001,0.0,0,frozen,Gaussian-m1,gaussian,1016,10000,1.0,0.0002739598104991089,0.013436559984340578,0.0002788006945900522,550.0,0.10744367228485978,5000.0,2.0,0.008,0.3,1.0,40.83051817360414,0.0,0.0025144668429697573,5.3437013981345975
linear_d50,50,5.0,linear,0.001,0.0001,0.0,0,frozen,Gaussian-m1,gaussian,1017,10000,1.0,0.0002618853743277921,0.01553721635000066,0.0003046210224609504,650.0,0.1055664766743209,5000.0,2.0,0.008,0.3,1.0,36.777595412942304,0.0,0.0025144668429697573,6.179129541294784
linear_d50,50,5.0,linear,0.001,0.0001,0.0,0,frozen,Gaussian-m1,gaussian,1018,10000,1.0,0.00030589146931758965,0.01292270370210699,0.00031165632784241446,700.0,0.10757273530374177,5000.0,2.0,0.008,0.3,1.0,42.953978064971494,0.0,0.0025144668429697573,5.1393414624805285
linear_d50,50,5.0,linear,0.001,0.0001,0.0,0,frozen,Gaussian-m1,gaussian,1019,10000,1.0,0.0002899369402566323,0.015177337733112984,0.000313837576508312,700.0,0.10597032403580597,5000.0,2.0,0.008,0.3,1.0,41.327194194825736,0.0,0.0025144668429697573,6.036006311058574
linear_d50,50,5.0,linear,0.001,0.0001,0.0,0,frozen,Gaussian-m1,gaussian,1020,10000,1.0,0.00032988780565001893,0.01590628466422126,0.00028223200360326953,550.0,0.10664697977788871,5000.0,2.0,0.008,0.3,1.0,34.863624645373704,0.0,0.0025144668429697573,6.325907501502327
linear_d50,50,5.0,linear,0.001,0.0001,0.0,0,frozen,Gaussian-m1,gaussian,1021,10000,1.0,0.000454476593143591,0.014266688061918316,0.0003097231785714496,550.0,0.10649921638061419,5000.0,2.0,0.008,0.3,1.0,56.650702837078555,0.0,0.0025144668429697573,5.67384219116144
linear_d50,50,5.0,linear,0.001,0.0001,0.0,0,frozen,Gaussian-m1,gaussian,1022,10000,1.0,0.00040596448971916364,0.010857005786954869,0.00023704578272098052,500.0,0.10662684329993923,5000.0,2.0,0.008,0.3,1.0,40.46342644917199,0.0,0.0025144668429697573,4.317816246935275
linear_d50,50,5.0,linear,0.001,0.0001,0.0,0,frozen,Gaussian-m1,gaussian,1023,10000,1.0,0.0003516862925587918,0.015050766849308823,0.0003014628001193091,650.0,0.10730444793791999,5000.0,2.0,0.008,0.3,1.0,40.64117774601932,0.0,0.0025144668429697573,5.985669244909524
linear_d50,50,5.0,linear,0.001,0.0001,0.0,0,frozen,Gaussian-m1,gaussian,1024,10000,1.0,0.0002899735842551153,0.016074618038305802,0.0002831030151658503,700.0,0.10629769632611892,5000.0,2.0,0.008,0.3,1.0,37.28098984983924,0.0,0.0025144668429697573,6.392853452511857
linear_d50,50,5.0,linear,0.001,0.0001,0.0,0,frozen,Gaussian-m1,gaussian,1025,10000,1.0,0.0002987775079741299,0.014897416121523427,0.0002784919075744242,550.0,0.10584976169176577,5000.0,2.0,0.008,0.3,1.0,35.49197204056818,0.0,0.0025144668429697573,5.924681871695934
linear_d50,50,5.0,linear,0.001,0.0001,0.0,0,frozen,Gaussian-m1,gaussian,1026,10000,1.0,0.00029904597881618566,0.01437922561251745,0.0002486976120985572,700.0,0.10648289890603255,5000.0,2.0,0.008,0.3,1.0,42.457762113082644,0.0,0.0025144668429697573,5.718598220024489
linear_d50,50,5.0,linear,0.001,0.0001,0.0,0,frozen,Gaussian-m1,gaussian,1027,10000,1.0,0.00026787770370780516,0.01048676532790609,0.0002970467502375229,550.0,0.10569750038909578,5000.0,2.0,0.008,0.3,1.0,48.37937534488897,0.0,0.0025144668429697573,4.170572126344089
linear_d50,50,5.0,linear,0.001,0.0001,0.0,0,frozen,Gaussian-m1,gaussian,1028,10000,1.0,0.00028717157606256984,0.010130737714062931,0.0002907864991858151,500.0,0.10454903218096948,5000.0,2.0,0.008,0.3,1.0,43.66901140060902,0.0,0.0025144668429697573,4.028980434714278
linear_d50,50,5.0,linear,0.001,0.0001,0.0,0,frozen,Gaussian-m1,gaussian,1029,10000,1.0,0.00032417937634677987,0.014957822430839911,0.000268675861029686,600.0,0.10482389343283653,5000.0,2.0,0.008,0.3,1.0,44.10498054611354,0.0,0.0025144668429697573,5.94870537770691
linear_d50,50,5.0,linear,0.001,0.0001,0.0,0,frozen,Gaussian-m1,gaussian,1030,10000,1.0,0.0002491206127492145,0.012485350552193991,0.0002881030792583266,650.0,0.10600975303884111,5000.0,2.0,0.008,0.3,1.0,44.126908421878134,0.0,0.0025144668429697573,4.965406717174261
linear_d50,50,5.0,linear,0.001,0.0001,0.0,0,frozen,Gaussian-m5,gaussian,1001,10000,1.0,0.00038279847409571343,0.013600440079105311,0.0003059611209542057,600.0,0.27820992638826125,1000.0,10.0,0.04000000000000001,0.3,5.0,9.759006734275843,0.0,0.0025144668429697573,5.408876286092626
linear_d50,50,5.0,linear,0.001,0.0001,0.0,0,frozen,Gaussian-m5,gaussian,1002,10000,1.0,0.000442412874131679,0.018266962936863355,0.0003568268986200201,650.0,0.2771612386642272,1000.0,10.0,0.04000000000000001,0.3,5.0,12.049113135586595,0.0,0.0025144668429697573,7.2647459989127645
linear_d50,50,5.0,linear,0.001,0.0001,0.0,0,frozen,Gaussian-m5,gaussian,1003,10000,1.0,0.00042907292012203907,0.015853121958376296,0.000383546536353829,550.0,0.27883692215137273,1000.0,10.0,0.04000000000000001,0.3,5.0,11.682000052105757,0.0,0.0025144668429697573,6.30476476661457
linear_d50,50,5.0,linear,0.001,0.0001,0.0,0,frozen,Gaussian-m5,gaussian,1004,10000,1.0,0.0004990206084381445,0.016553619606650482,0.0003737432254899011,650.0,0.27487773192830994,1000.0,10.0,0.04000000000000001,0.3,5.0,16.594134962374504,0.0,0.0025144668429697573,6.5833517164615
linear_d50,50,5.0,linear,0.001,0.0001,0.0,0,frozen,Gaussian-m5,gaussian,1005,10000,1.0,0.00038667094152138753,0.01655437446013268,0.00029592564572535486,700.0,0.276659665281869,1000.0,10.0,0.04000000000000001,0.3,5.0,10.060353101433744,0.0,0.0025144668429697573,6.583651920651628
linear_d50,50,5.0,linear,0.001,0.0001,0.0,0,frozen,Gaussian-m5,gaussian,1006,10000,1.0,0.0003808442971648951,0.01645396347604855,0.00031019612480918897,650.0,0.27631356924059414,1000.0,10.0,0.04000000000000001,0.3,5.0,13.652819987798376,0.0,0.0025144668429697573,6.543718610588356
linear_d50,50,5.0,linear,0.001,0.0001,0.0,0,frozen,Gaussian-m5,gaussian,1007,10000,1.0,0.0003214811739150184,0.014846526820022613,0.0002887455908120005,650.0,0.2787506977992748,1000.0,10.0,0.04000000000000001,0.3,5.0,11.515122542665251,0.0,0.0025144668429697573,5.904443266584438
linear_d50,50,5.0,linear,0.001,0.0001,0.0,0,frozen,Gaussian-m5,gaussian,1008,10000,1.0,0.0004653279984564796,0.015983302848753003,0.00031509917595259575,700.0,0.278858131770442,1000.0,10.0,0.04000000000000001,0.3,5.0,11.678144450682336,0.0,0.0025144668429697573,6.356537527405066
linear_d50,50,5.0,linear,0.001,0.0001,0.0,0,frozen,Gaussian-m5,gaussian,1009,10000,1.0,0.00044727683974164404,0.01263583117793657,0.0003274137211603265,700.0,0.2787108835967317,1000.0,10.0,0.04000000000000001,0.3,5.0,11.523455064247742,0.0,0.0025144668429697573,5.025252654758728
linear_d50,50,5.0,linear,0.001,0.0001,0.0,0,frozen,Gaussian-m5,gaussian,1010,10000,1.0,0.00023476327629225836,0.01456263936150977,0.0002485448121477539,700.0,0.27768318490471094,1000.0,10.0,0.04000000000000001,0.3,5.0,9.27809408598735,0.0,0.0025144668429697573,5.791541615363
linear_d50,50,5.0,linear,0.001,0.0001,0.0,0,frozen,Gaussian-m5,gaussian,1011,10000,1.0,0.00028560713204664055,0.014746463974719176,0.0003906248782274102,650.0,0.27435702157876485,1000.0,10.0,0.04000000000000001,0.3,5.0,11.915392790498467,0.0,0.0025144668429697573,5.864648410834717
linear_d50,50,5.0,linear,0.001,0.0001,0.0,0,frozen,Gaussian-m5,gaussian,1012,10000,1.0,0.00028010520704000846,0.017230227536757344,0.0003509359082890588,700.0,0.2723535716183342,1000.0,10.0,0.04000000000000001,0.3,5.0,9.042036651357728,0.0,0.0025144668429697573,6.852437758299198
linear_d50,50,5.0,linear,0.001,0.0001,0.0,0,frozen,Gaussian-m5,gaussian,1013,10000,1.0,0.0004242165418685038,0.01656944788072008,0.0003843259833014146,650.0,0.27336606761403054,1000.0,10.0,0.04000000000000001,0.3,5.0,14.699687681248486,0.0,0.0025144668429697573,6.589646599256974
linear_d50,50,5.0,linear,0.001,0.0001,0.0,0,frozen,Gaussian-m5,gaussian,1014,10000,1.0,0.00024257510265508056,0.01160727043950798,0.0003658036920441063,600.0,0.28073399495096807,1000.0,10.0,0.04000000000000001,0.3,5.0,12.659877956125829,0.0,0.0025144668429697573,4.616195465834419
linear_d50,50,5.0,linear,0.001,0.0001,0.0,0,frozen,Gaussian-m5,gaussian,1015,10000,1.0,0.00040826547219204056,0.014655880013088006,0.0003146407848708211,700.0,0.2791397550501749,1000.0,10.0,0.04000000000000001,0.3,5.0,13.607620137226041,0.0,0.0025144668429697573,5.828623294065158
linear_d50,50,5.0,linear,0.001,0.0001,0.0,0,frozen,Gaussian-m5,gaussian,1016,10000,1.0,0.0004254112677886769,0.0149949528071949,0.0003437258333225767,550.0,0.2806928904160039,1000.0,10.0,0.04000000000000001,0.3,5.0,12.78612921378731,0.0,0.0025144668429697573,5.963472077239577
linear_d50,50,5.0,linear,0.001,0.0001,0.0,0,frozen,Gaussian-m5,gaussian,1017,10000,1.0,0.000252767674157625,0.012171551236265852,0.0003368781684635844,550.0,0.2777218522157638,1000.0,10.0,0.04000000000000001,0.3,5.0,14.504294037390018,0.0,0.0025144668429697573,4.840609161459619
linear_d50,50,5.0,linear,0.001,0.0001,0.0,0,frozen,Gaussian-m5,gaussian,1018,10000,1.0,0.0003250329069234718,0.019958316694229837,0.00035488947653290525,800.0,0.27843548872952817,1000.0,10.0,0.04000000000000001,0.3,5.0,10.934226590455474,0.0,0.0025144668429697573,7.937395058531653
linear_d50,50,5.0,linear,0.001,0.0001,0.0,0,frozen,Gaussian-m5,gaussian,1019,10000,1.0,0.00031162870591624917,0.015052054206818153,0.0002940188928165535,700.0,0.2764177867207176,1000.0,10.0,0.04000000000000001,0.3,5.0,14.86951136654815,0.0,0.0025144668429697573,5.986181225217767
linear_d50,50,5.0,linear,0.001,0.0001,0.0,0,frozen,Gaussian-m5,gaussian,1020,10000,1.0,0.00038918921007573574,0.014487164408325662,0.00033758754929791177,700.0,0.2766254530380163,1000.0,10.0,0.04000000000000001,0.3,5.0,11.733218592581371,0.0,0.0025144668429697573,5.761525330441554
linear_d50,50,5.0,linear,0.001,0.0001,0.0,0,frozen,Gaussian-m5,gaussian,1021,10000,1.0,0.00019396214782541342,0.015281050812141317,0.00028103789325167113,700.0,0.27514988122199363,1000.0,10.0,0.04000000000000001,0.3,5.0,12.088158170241938,0.0,0.0025144668429697573,6.0772528597328215
linear_d50,50,5.0,linear,0.001,0.0001,0.0,0,frozen,Gaussian-m5,gaussian,1022,10000,1.0,0.00036400579512721833,0.012621565026315009,0.0003492295894624574,650.0,0.2747781656105905,1000.0,10.0,0.04000000000000001,0.3,5.0,15.478293836698407,0.0,0.0025144668429697573,5.019579025909158
linear_d50,50,5.0,linear,0.001,0.0001,0.0,0,frozen,Gaussian-m5,gaussian,1023,10000,1.0,0.00037257583297586584,0.014814658946129669,0.00038999018821601395,650.0,0.2775889115267946,1000.0,10.0,0.04000000000000001,0.3,5.0,10.397894418698185,0.0,0.0025144668429697573,5.891769457032308
linear_d50,50,5.0,linear,0.001,0.0001,0.0,0,frozen,Gaussian-m5,gaussian,1024,10000,1.0,0.0003058208437166582,0.015422473292738133,0.00031871031881625073,700.0,0.28081249556934323,1000.0,10.0,0.04000000000000001,0.3,5.0,12.223014022233675,0.0,0.0025144668429697573,6.133496385469588
linear_d50,50,5.0,linear,0.001,0.0001,0.0,0,frozen,Gaussian-m5,gaussian,1025,10000,1.0,0.00037272272257929634,0.016575062752184927,0.0003027558286246453,750.0,0.2794769158640871,1000.0,10.0,0.04000000000000001,0.3,5.0,14.259419509229424,0.0,0.0025144668429697573,6.5918796259045696
linear_d50,50,5.0,linear,0.001,0.0001,0.0,0,frozen,Gaussian-m5,gaussian,1026,10000,1.0,0.00033563948915760157,0.014487740496578593,0.00037009712165441723,650.0,0.27702944089502335,1000.0,10.0,0.04000000000000001,0.3,5.0,12.957856834624758,0.0,0.0025144668429697573,5.761754439946236
linear_d50,50,5.0,linear,0.001,0.0001,0.0,0,frozen,Gaussian-m5,gaussian,1027,10000,1.0,0.00024627234435210365,0.012447466560012568,0.0003426403332534066,600.0,0.28164688521775527,1000.0,10.0,0.04000000000000001,0.3,5.0,12.571810050009745,0.0,0.0025144668429697573,4.950340305665458
linear_d50,50,5.0,linear,0.001,0.0001,0.0,0,frozen,Gaussian-m5,gaussian,1028,10000,1.0,0.0004027407613247455,0.017736878022291232,0.00029410286227031756,700.0,0.27915361182030274,1000.0,10.0,0.04000000000000001,0.3,5.0,12.242647176601606,0.0,0.0025144668429697573,7.053931958531124
linear_d50,50,5.0,linear,0.001,0.0001,0.0,0,frozen,Gaussian-m5,gaussian,1029,10000,1.0,0.00035166409438883194,0.01641897771616444,0.000324927512019688,550.0,0.2820704028334544,1000.0,10.0,0.04000000000000001,0.3,5.0,11.905352237284212,0.0,0.0025144668429697573,6.529804822072144
linear_d50,50,5.0,linear,0.001,0.0001,0.0,0,frozen,Gaussian-m5,gaussian,1030,10000,1.0,0.0002113395876306343,0.01468106461310638,0.00028733679037916074,600.0,0.2784712478471438,1000.0,10.0,0.04000000000000001,0.3,5.0,12.442830987702328,0.0,0.0025144668429697573,5.838639174802973
linear_d50,50,5.0,linear,0.001,0.0001,0.0,0,frozen,Gaussian-m20,gaussian,1001,10000,1.0,0.0006417495100701194,0.0203812952464356,0.000580564298327563,900.0,0.5244605243595074,250.0,40.0,0.08000000000000002,0.3,20.0,5.110712452979915,0.0,0.0025144668429697573,8.10561304612945
linear_d50,50,5.0,linear,0.001,0.0001,0.0,0,frozen,Gaussian-m20,gaussian,1002,10000,1.0,0.0006011599592448475,0.01944171689080275,0.0006981243935457018,1000.0,0.5244201196361777,250.0,40.0,0.08000000000000002,0.3,20.0,6.172448922421584,0.0,0.0025144668429697573,7.73194402827788
linear_d50,50,5.0,linear,0.001,0.0001,0.0,0,frozen,Gaussian-m20,gaussian,1003,10000,1.0,0.0005573835554425221,0.014043092399892095,0.0006266175148878944,750.0,0.5173195185797304,250.0,40.0,0.08000000000000002,0.3,20.0,6.45560687375952,0.0,0.0025144668429697573,5.584918504356272
linear_d50,50,5.0,linear,0.001,0.0001,0.0,0,frozen,Gaussian-m20,gaussian,1004,10000,1.0,0.0006438759093729296,0.015363686923877157,0.0006104050551494297,750.0,0.5299661341008021,250.0,40.0,0.08000000000000002,0.3,20.0,6.067709098066165,0.0,0.0025144668429697573,6.110117127546447
linear_d50,50,5.0,linear,0.001,0.0001,0.0,0,frozen,Gaussian-m20,gaussian,1005,10000,1.0,0.0005962076302795567,0.018601928327581986,0.0006983479556820333,800.0,0.5285048119641192,250.0,40.0,0.08000000000000002,0.3,20.0,4.318169811938811,0.0,0.0025144668429697573,7.397961273417245
linear_d50,50,5.0,linear,0.001,0.0001,0.0,0,frozen,Gaussian-m20,gaussian,1006,10000,1.0,0.0005474471330321544,0.015375500568211728,0.0005899208123882778,850.0,0.5214866948234207,250.0,40.0,0.08000000000000002,0.3,20.0,6.774401477185016,0.0,0.0025144668429697573,6.114815397626087
linear_d50,50,5.0,linear,0.001,0.0001,0.0,0,frozen,Gaussian-m20,gaussian,1007,10000,1.0,0.0008513653694502698,0.01893108754771722,0.0007584995228364074,850.0,0.5204612964508734,250.0,40.0,0.08000000000000002,0.3,20.0,5.670705297777616,0.0,0.0025144668429697573,7.52886744187818
linear_d50,50,5.0,linear,0.001,0.0001,0.0,0,frozen,Gaussian-m20,gaussian,1008,10000,1.0,0.0007252859995192186,0.01648049076339085,0.0006517303636147298,800.0,0.5238066849012457,250.0,40.0,0.08000000000000002,0.3,20.0,6.374359458752589,0.0,0.0025144668429697573,6.554268476225467
linear_d50,50,5.0,linear,0.001,0.0001,0.0,0,frozen,Gaussian-m20,gaussian,1009,10000,1.0,0.0008148037721448224,0.017384342221327804,0.0006941587256062374,900.0,0.5273665778305611,250.0,40.0,0.08000000000000002,0.3,20.0,5.6479150785869665,0.0,0.0025144668429697573,6.9137289560739275
linear_d50,50,5.0,linear,0.001,0.0001,0.0,0,frozen,Gaussian-m20,gaussian,1010,10000,1.0,0.0007563606777072062,0.021465082980199075,0.0007565473155775449,1000.0,0.5271559907488306,250.0,40.0,0.08000000000000002,0.3,20.0,4.98341051331766,0.0,0.0025144668429697573,8.536633935028288
linear_d50,50,5.0,linear,0.001,0.0001,0.0,0,frozen,Gaussian-m20,gaussian,1011,10000,1.0,0.0007264095239016117,0.017919671863880212,0.0007012422009247219,800.0,0.5225658805207589,250.0,40.0,0.08000000000000002,0.3,20.0,5.58401998200165,0.0,0.0025144668429697573,7.126628817549192
linear_d50,50,5.0,linear,0.001,0.0001,0.0,0,frozen,Gaussian-m20,gaussian,1012,10000,1.0,0.0005903247320490345,0.016550325532456587,0.0006416419930909656,900.0,0.5231229364649159,250.0,40.0,0.08000000000000002,0.3,20.0,5.972053098519102,0.0,0.0025144668429697573,6.582041667691875
linear_d50,50,5.0,linear,0.001,0.0001,0.0,0,frozen,Gaussian-m20,gaussian,1013,10000,1.0,0.0005655274931495912,0.017984849427608154,0.0006950668039565547,900.0,0.5277517725038192,250.0,40.0,0.08000000000000002,0.3,20.0,6.531652051581578,0.0,0.0025144668429697573,7.152549844867637
linear_d50,50,5.0,linear,0.001,0.0001,0.0,0,frozen,Gaussian-m20,gaussian,1014,10000,1.0,0.0007895306279486252,0.01585433034750316,0.0007213968997251525,800.0,0.5210242857272502,250.0,40.0,0.08000000000000002,0.3,20.0,5.468623878677028,0.0,0.0025144668429697573,6.305245341305878
linear_d50,50,5.0,linear,0.001,0.0001,0.0,0,frozen,Gaussian-m20,gaussian,1015,10000,1.0,0.000779994277149724,0.019200906360497955,0.000867747258094673,900.0,0.5226195975556005,250.0,40.0,0.08000000000000002,0.3,20.0,5.730446844346279,0.0,0.0025144668429697573,7.636174012070237
linear_d50,50,5.0,linear,0.001,0.0001,0.0,0,frozen,Gaussian-m20,gaussian,1016,10000,1.0,0.0006933475760146084,0.018101046865378546,0.0007304652273172584,950.0,0.522159833342742,250.0,40.0,0.08000000000000002,0.3,20.0,7.391486476516428,0.0,0.0025144668429697573,7.1987614058175335
linear_d50,50,5.0,linear,0.001,0.0001,0.0,0,frozen,Gaussian-m20,gaussian,1017,10000,1.0,0.0007588614237021688,0.017938220345065786,0.0006659679160642378,800.0,0.5307262548353596,250.0,40.0,0.08000000000000002,0.3,20.0,5.336800166569337,0.0,0.0025144668429697573,7.134005522967851
linear_d50,50,5.0,linear,0.001,0.0001,0.0,0,frozen,Gaussian-m20,gaussian,1018,10000,1.0,0.000587318961664969,0.011640484888291018,0.0007423939888384412,700.0,0.5316004002233493,250.0,40.0,0.08000000000000002,0.3,20.0,8.664846401731513,0.0,0.0025144668429697573,4.629404806365556
linear_d50,50,5.0,linear,0.001,0.0001,0.0,0,frozen,Gaussian-m20,gaussian,1019,10000,1.0,0.0005768655310929035,0.01685866016986957,0.0005388548254824623,800.0,0.5249770907553177,250.0,40.0,0.08000000000000002,0.3,20.0,6.234987373287098,0.0,0.0025144668429697573,6.704665928288137
linear_d50,50,5.0,linear,0.001,0.0001,0.0,0,frozen,Gaussian-m20,gaussian,1020,10000,1.0,0.0007033500305525502,0.016923385974606565,0.0007696452997497628,850.0,0.5292435162530315,250.0,40.0,0.08000000000000002,0.3,20.0,5.502532156051294,0.0,0.0025144668429697573,6.730407291678139
linear_d50,50,5.0,linear,0.001,0.0001,0.0,0,frozen,Gaussian-m20,gaussian,1021,10000,1.0,0.000714974813032111,0.018789432477731557,0.0006916954321857688,900.0,0.5236375845737032,250.0,40.0,0.08000000000000002,0.3,20.0,5.054397160776693,0.0,0.0025144668429697573,7.47253141566184
linear_d50,50,5.0,linear,0.001,0.0001,0.0,0,frozen,Gaussian-m20,gaussian,1022,10000,1.0,0.0006611166752692166,0.017056980465794756,0.00081122085285368,800.0,0.5188095645898346,250.0,40.0,0.08000000000000002,0.3,20.0,6.860627316954052,0.0,0.0025144668429697573,6.783537636809438
linear_d50,50,5.0,linear,0.001,0.0001,0.0,0,frozen,Gaussian-m20,gaussian,1023,10000,1.0,0.000564119320686431,0.018220828352089206,0.0006807465679755765,850.0,0.5233566240890337,250.0,40.0,0.08000000000000002,0.3,20.0,5.253261546994399,0.0,0.0025144668429697573,7.2463983380942745
linear_d50,50,5.0,linear,0.001,0.0001,0.0,0,frozen,Gaussian-m20,gaussian,1024,10000,1.0,0.0006558244854397951,0.01865275656010069,0.0005932640874164553,850.0,0.5257342109294242,250.0,40.0,0.08000000000000002,0.3,20.0,5.28907930242271,0.0,0.0025144668429697573,7.418175591478673
linear_d50,50,5.0,linear,0.001,0.0001,0.0,0,frozen,Gaussian-m20,gaussian,1025,10000,1.0,0.0004777822702627391,0.018086751980638728,0.0007727542654981963,850.0,0.5305998957727003,250.0,40.0,0.08000000000000002,0.3,20.0,5.284760501224249,0.0,0.0025144668429697573,7.19307634984641
linear_d50,50,5.0,linear,0.001,0.0001,0.0,0,frozen,Gaussian-m20,gaussian,1026,10000,1.0,0.0005149570241812921,0.016574316199653376,0.0006003280191097097,850.0,0.5288473791016431,250.0,40.0,0.08000000000000002,0.3,20.0,5.493834572846402,0.0,0.0025144668429697573,6.591582722991079
linear_d50,50,5.0,linear,0.001,0.0001,0.0,0,frozen,Gaussian-m20,gaussian,1027,10000,1.0,0.0006316311962171021,0.020219630065556847,0.0006705656796351507,850.0,0.5218116421636668,250.0,40.0,0.08000000000000002,0.3,20.0,4.985171901003529,0.0,0.0025144668429697573,8.041319026373035
linear_d50,50,5.0,linear,0.001,0.0001,0.0,0,frozen,Gaussian-m20,gaussian,1028,10000,1.0,0.000659404222190489,0.014998960782856683,0.0007001677079398731,850.0,0.5186921204816595,250.0,40.0,0.08000000000000002,0.3,20.0,5.879295403968043,0.0,0.0025144668429697573,5.965066043639647
linear_d50,50,5.0,linear,0.001,0.0001,0.0,0,frozen,Gaussian-m20,gaussian,1029,10000,1.0,0.0005966005542456228,0.019554364135348605,0.0006202309784943289,950.0,0.5274859040006444,250.0,40.0,0.08000000000000002,0.3,20.0,4.974606946209504,0.0,0.0025144668429697573,7.776743682272447
linear_d50,50,5.0,linear,0.001,0.0001,0.0,0,frozen,Gaussian-m20,gaussian,1030,10000,1.0,0.0006601010906656217,0.01960511047672179,0.0006904807821562099,900.0,0.5251633569447549,250.0,40.0,0.08000000000000002,0.3,20.0,4.476759760995077,0.0,0.0025144668429697573,7.7969254323380985
linear_d50,50,5.0,linear,0.001,0.0001,0.0,0,frozen,CoordinateCentral,coordinate,1001,10000,1.0,0.011416052255975404,0.06681253613067863,0.011714374425331178,,0.9835868511772435,100.0,100.0,0.04,0.1,1.0,2.956137346991698,0.0,0.0025144668429697573,26.571253590987286
linear_d50,50,5.0,linear,0.001,0.0001,0.0,0,frozen,CoordinateCentral,coordinate,1002,10000,1.0,0.011164955588151537,0.06705160066002688,0.011693065898198846,,0.9840209359571109,100.0,100.0,0.04,0.1,1.0,2.955623546919018,0.0,0.0025144668429697573,26.66632922501947
linear_d50,50,5.0,linear,0.001,0.0001,0.0,0,frozen,CoordinateCentral,coordinate,1003,10000,1.0,0.011123264713817997,0.066996268883957,0.011672886999947455,,0.9838052599682314,100.0,100.0,0.04,0.1,1.0,2.9496845060655024,0.0,0.0025144668429697573,26.64432385389096
linear_d50,50,5.0,linear,0.001,0.0001,0.0,0,frozen,CoordinateCentral,coordinate,1004,10000,1.0,0.011726327934024198,0.0669531776319249,0.01190715298516044,,0.98361246712197,100.0,100.0,0.04,0.1,1.0,2.961283847540496,0.0,0.0025144668429697573,26.627186522312073
linear_d50,50,5.0,linear,0.001,0.0001,0.0,0,frozen,CoordinateCentral,coordinate,1005,10000,1.0,0.011542104353822654,0.06722487856005943,0.011878968265972255,,0.9832488852818468,100.0,100.0,0.04,0.1,1.0,2.9391332626529363,0.0,0.0025144668429697573,26.735241607187888
linear_d50,50,5.0,linear,0.001,0.0001,0.0,0,frozen,CoordinateCentral,coordinate,1006,10000,1.0,0.011570096686800969,0.06709709306272497,0.011975330823671925,,0.9836813088272416,100.0,100.0,0.04,0.1,1.0,2.965444566381813,0.0,0.0025144668429697573,26.68442149091086
linear_d50,50,5.0,linear,0.001,0.0001,0.0,0,frozen,CoordinateCentral,coordinate,1007,10000,1.0,0.011303702267719854,0.06694735991067689,0.01171209939902333,,0.9838633557156656,100.0,100.0,0.04,0.1,1.0,2.9647180132469,0.0,0.0025144668429697573,26.624872822585118
linear_d50,50,5.0,linear,0.001,0.0001,0.0,0,frozen,CoordinateCentral,coordinate,1008,10000,1.0,0.011344014359672003,0.06684907053037462,0.011749384414726019,,0.983880280830059,100.0,100.0,0.04,0.1,1.0,2.9570279801660813,0.0,0.0025144668429697573,26.585783271423573
linear_d50,50,5.0,linear,0.001,0.0001,0.0,0,frozen,CoordinateCentral,coordinate,1009,10000,1.0,0.011411714108001726,0.06685537097243466,0.011792140390275345,,0.983712912737884,100.0,100.0,0.04,0.1,1.0,2.9784680587037498,0.0,0.0025144668429697573,26.588288948552567
linear_d50,50,5.0,linear,0.001,0.0001,0.0,0,frozen,CoordinateCentral,coordinate,1010,10000,1.0,0.011275750072652961,0.0671116020201618,0.011733390696268782,,0.9839460152655353,100.0,100.0,0.04,0.1,1.0,2.953296386619261,0.0,0.0025144668429697573,26.690191683298718
linear_d50,50,5.0,linear,0.001,0.0001,0.0,0,frozen,CoordinateCentral,coordinate,1011,10000,1.0,0.011039250749699666,0.06704762157169776,0.011641940955687593,,0.9841663475309804,100.0,100.0,0.04,0.1,1.0,2.9618053416372208,0.0,0.0025144668429697573,26.66474674707181
linear_d50,50,5.0,linear,0.001,0.0001,0.0,0,frozen,CoordinateCentral,coordinate,1012,10000,1.0,0.011346806504277546,0.06694791171241067,0.011590197831896151,,0.9840918112023802,100.0,100.0,0.04,0.1,1.0,2.9606382534340563,0.0,0.0025144668429697573,26.625092273374584
linear_d50,50,5.0,linear,0.001,0.0001,0.0,0,frozen,CoordinateCentral,coordinate,1013,10000,1.0,0.011297116440663802,0.06681411229325429,0.01165725831738203,,0.9843194066656425,100.0,100.0,0.04,0.1,1.0,2.956091084955861,0.0,0.0025144668429697573,26.571880428672607
linear_d50,50,5.0,linear,0.001,0.0001,0.0,0,frozen,CoordinateCentral,coordinate,1014,10000,1.0,0.011199302909004966,0.06713232909593088,0.01170080368639912,,0.9838293311955976,100.0,100.0,0.04,0.1,1.0,2.951400351332163,0.0,0.0025144668429697573,26.698434812782423
linear_d50,50,5.0,linear,0.001,0.0001,0.0,0,frozen,CoordinateCentral,coordinate,1015,10000,1.0,0.011271627251769242,0.06701231334487781,0.011515478382255105,,0.9838919849955837,100.0,100.0,0.04,0.1,1.0,2.950469013864875,0.0,0.0025144668429697573,26.650704713899383
linear_d50,50,5.0,linear,0.001,0.0001,0.0,0,frozen,CoordinateCentral,coordinate,1016,10000,1.0,0.011376845926866361,0.06715664447492038,0.011934395675793892,,0.9836258974716727,100.0,100.0,0.04,0.1,1.0,2.951587597180274,0.0,0.0025144668429697573,26.708105005514327
linear_d50,50,5.0,linear,0.001,0.0001,0.0,0,frozen,CoordinateCentral,coordinate,1017,10000,1.0,0.011140682795789648,0.06685093361883601,0.011507875670046854,,0.9839735764987205,100.0,100.0,0.04,0.1,1.0,2.956450085987611,0.0,0.0025144668429697573,26.586524219138436
linear_d50,50,5.0,linear,0.001,0.0001,0.0,0,frozen,CoordinateCentral,coordinate,1018,10000,1.0,0.011731620277767696,0.06704314063514114,0.01177324994220203,,0.9837330713880948,100.0,100.0,0.04,0.1,1.0,2.9553684329978944,0.0,0.0025144668429697573,26.66296468477532
linear_d50,50,5.0,linear,0.001,0.0001,0.0,0,frozen,CoordinateCentral,coordinate,1019,10000,1.0,0.010987685985644362,0.06689252730055818,0.01154020717902855,,0.984461770934602,100.0,100.0,0.04,0.1,1.0,2.95825172414023,0.0,0.0025144668429697573,26.603065969067835
linear_d50,50,5.0,linear,0.001,0.0001,0.0,0,frozen,CoordinateCentral,coordinate,1020,10000,1.0,0.011576477216228884,0.06709206973699743,0.011979258711122681,,0.9842163620389622,100.0,100.0,0.04,0.1,1.0,2.953151776355453,0.0,0.0025144668429697573,26.682423721188187
linear_d50,50,5.0,linear,0.001,0.0001,0.0,0,frozen,CoordinateCentral,coordinate,1021,10000,1.0,0.011283309715284445,0.06692007822970521,0.01171120565134194,,0.9836287735823537,100.0,100.0,0.04,0.1,1.0,2.9570678190586417,0.0,0.0025144668429697573,26.61402293564071
linear_d50,50,5.0,linear,0.001,0.0001,0.0,0,frozen,CoordinateCentral,coordinate,1022,10000,1.0,0.011389761604641115,0.06695655517605754,0.011574602641985461,,0.9841935226685042,100.0,100.0,0.04,0.1,1.0,2.969098738113555,0.0,0.0025144668429697573,26.628529766961364
linear_d50,50,5.0,linear,0.001,0.0001,0.0,0,frozen,CoordinateCentral,coordinate,1023,10000,1.0,0.01139398474451724,0.06704128700841651,0.011874551486863692,,0.983909459651151,100.0,100.0,0.04,0.1,1.0,2.9408203878249664,0.0,0.0025144668429697573,26.66222749998014
linear_d50,50,5.0,linear,0.001,0.0001,0.0,0,frozen,CoordinateCentral,coordinate,1024,10000,1.0,0.011425706976940491,0.06717164368562459,0.011871386666894393,,0.9842219525426461,100.0,100.0,0.04,0.1,1.0,2.949028156804675,0.0,0.0025144668429697573,26.71407017095134
linear_d50,50,5.0,linear,0.001,0.0001,0.0,0,frozen,CoordinateCentral,coordinate,1025,10000,1.0,0.011192334683645368,0.06688053965292515,0.011558766196942108,,0.9833977332998713,100.0,100.0,0.04,0.1,1.0,2.957527325054878,0.0,0.0025144668429697573,26.59829849811607
linear_d50,50,5.0,linear,0.001,0.0001,0.0,0,frozen,CoordinateCentral,coordinate,1026,10000,1.0,0.011308552505969733,0.06706239420054168,0.01166374287517535,,0.9839299179675669,100.0,100.0,0.04,0.1,1.0,2.9544367234807094,0.0,0.0025144668429697573,26.670621801215084
linear_d50,50,5.0,linear,0.001,0.0001,0.0,0,frozen,CoordinateCentral,coordinate,1027,10000,1.0,0.01116691514726814,0.0669279113392799,0.01150971006180082,,0.9842446819747024,100.0,100.0,0.04,0.1,1.0,2.9542609512727336,0.0,0.0025144668429697573,26.617138152529172
linear_d50,50,5.0,linear,0.001,0.0001,0.0,0,frozen,CoordinateCentral,coordinate,1028,10000,1.0,0.011090096426936825,0.06688915714005049,0.011612368118170254,,0.983786793231318,100.0,100.0,0.04,0.1,1.0,2.9525690524870756,0.0,0.0025144668429697573,26.601725660876014
linear_d50,50,5.0,linear,0.001,0.0001,0.0,0,frozen,CoordinateCentral,coordinate,1029,10000,1.0,0.0112358371002558,0.06681297538960755,0.011623689316828799,,0.9839611284788031,100.0,100.0,0.04,0.1,1.0,2.9595745479084714,0.0,0.0025144668429697573,26.57142828365828
linear_d50,50,5.0,linear,0.001,0.0001,0.0,0,frozen,CoordinateCentral,coordinate,1030,10000,1.0,0.011201579961424646,0.06720979114569228,0.011670626415398039,,0.9843053734898949,100.0,100.0,0.04,0.1,1.0,2.9512556831651247,0.0,0.0025144668429697573,26.729241363275612
stationary_d100,100,5.0,stationary,0.001,0.0,0.0,0,frozen,SPSA-m1,spsa,1001,10000,0.0,1.0792572021427265e-06,0.026606572473252505,1.1999839906747684e-06,1200.0,0.06806154418637382,5000.0,2.0,0.004,0.3,1.0,64.06432370446211,0.0,0.0025032780684987516,10.628692356662084
stationary_d100,100,5.0,stationary,0.001,0.0,0.0,0,frozen,SPSA-m1,spsa,1002,10000,0.0,1.126419503987702e-06,0.03008430756491566,1.1293696057998531e-06,1350.0,0.06678968524040121,5000.0,2.0,0.004,0.3,1.0,59.780898571472875,0.0,0.0025032780684987516,12.017964741311225
stationary_d100,100,5.0,stationary,0.001,0.0,0.0,0,frozen,SPSA-m1,spsa,1003,10000,0.0,1.1158413332298103e-06,0.026155942596175367,1.0486998807218995e-06,1150.0,0.06716981276555258,5000.0,2.0,0.004,0.3,1.0,66.13533201229023,0.0,0.0025032780684987516,10.448676447623505
stationary_d100,100,5.0,stationary,0.001,0.0,0.0,0,frozen,SPSA-m1,spsa,1004,10000,0.0,1.269929497674009e-06,0.024845425626052475,1.1414298903428705e-06,1200.0,0.06767954141205694,5000.0,2.0,0.004,0.3,1.0,83.1068311149306,0.0,0.0025032780684987516,9.925156113780279
stationary_d100,100,5.0,stationary,0.001,0.0,0.0,0,frozen,SPSA-m1,spsa,1005,10000,0.0,1.3140811782829183e-06,0.019800439534495073,1.131898792053314e-06,1000.0,0.0686117084617543,5000.0,2.0,0.004,0.3,1.0,79.72688186043041,0.0,0.0025032780684987516,7.909804261725368
stationary_d100,100,5.0,stationary,0.001,0.0,0.0,0,frozen,SPSA-m1,spsa,1006,10000,0.0,1.2739984342594975e-06,0.027663455383979067,1.1354039054720017e-06,1050.0,0.06772135832458494,5000.0,2.0,0.004,0.3,1.0,66.84987177607769,0.0,0.0025032780684987516,11.050891921315477
stationary_d100,100,5.0,stationary,0.001,0.0,0.0,0,frozen,SPSA-m1,spsa,1007,10000,0.0,9.97555140728547e-07,0.024269639977954758,1.1601807092457176e-06,1200.0,0.06769225328783175,5000.0,2.0,0.004,0.3,1.0,65.5456518298452,0.0,0.0025032780684987516,9.695143453443658
stationary_d100,100,5.0,stationary,0.001,0.0,0.0,0,frozen,SPSA-m1,spsa,1008,10000,0.0,1.1829067021159225e-06,0.0248164771091396,1.1316250719213955e-06,1200.0,0.0677135031669019,5000.0,2.0,0.004,0.3,1.0,53.977815311608886,0.0,0.0025032780684987516,9.913591870367947
stationary_d100,100,5.0,stationary,0.001,0.0,0.0,0,frozen,SPSA-m1,spsa,1009,10000,0.0,1.240989638033764e-06,0.027004336553746993,1.1476857488986437e-06,1150.0,0.0673662120120072,5000.0,2.0,0.004,0.3,1.0,76.3012643398608,0.0,0.0025032780684987516,10.78758963839037
stationary_d100,100,5.0,stationary,0.001,0.0,0.0,0,frozen,SPSA-m1,spsa,1010,10000,0.0,6.797257782133862e-07,0.017407601355617818,1.0047924830762915e-06,1050.0,0.06719735138780225,5000.0,2.0,0.004,0.3,1.0,83.97284071936157,0.0,0.0025032780684987516,6.953922368703283
stationary_d100,100,5.0,stationary,0.001,0.0,0.0,0,frozen,SPSA-m1,spsa,1011,10000,0.0,8.600867992949176e-07,0.027808092084267787,1.0290138626193995e-06,1200.0,0.06762866636662987,5000.0,2.0,0.004,0.3,1.0,73.24177352589385,0.0,0.0025032780684987516,11.108670840129502
stationary_d100,100,5.0,stationary,0.001,0.0,0.0,0,frozen,SPSA-m1,spsa,1012,10000,0.0,1.083289115899347e-06,0.024562958396491353,1.2221126700843195e-06,1150.0,0.0664311024585861,5000.0,2.0,0.004,0.3,1.0,71.0060125007088,0.0,0.0025032780684987516,9.812317179458244
stationary_d100,100,5.0,stationary,0.001,0.0,0.0,0,frozen,SPSA-m1,spsa,1013,10000,0.0,1.321963003028497e-06,0.02393887572067624,1.071961802782822e-06,1250.0,0.06791022364662908,5000.0,2.0,0.004,0.3,1.0,68.57026830202501,0.0,0.0025032780684987516,9.563011006217417
stationary_d100,100,5.0,stationary,0.001,0.0,0.0,0,frozen,SPSA-m1,spsa,1014,10000,0.0,1.229467491889942e-06,0.02201851573898505,1.0991622063871651e-06,1100.0,0.06704886316015923,5000.0,2.0,0.004,0.3,1.0,88.12444457397167,0.0,0.0025032780684987516,8.795872906037099
stationary_d100,100,5.0,stationary,0.001,0.0,0.0,0,frozen,SPSA-m1,spsa,1015,10000,0.0,9.828762301916909e-07,0.02913884410086458,1.2125836082480668e-06,1250.0,0.06703727556788378,5000.0,2.0,0.004,0.3,1.0,60.219707101684286,0.0,0.0025032780684987516,11.640274593361307
stationary_d100,100,5.0,stationary,0.001,0.0,0.0,0,frozen,SPSA-m1,spsa,1016,10000,0.0,1.232186878244954e-06,0.025316506227465042,1.147219957339862e-06,1200.0,0.06795270242903796,5000.0,2.0,0.004,0.3,1.0,69.37808972186122,0.0,0.0025032780684987516,10.11334160037909
stationary_d100,100,5.0,stationary,0.001,0.0,0.0,0,frozen,SPSA-m1,spsa,1017,10000,0.0,8.119996088076911e-07,0.026398082700310573,1.1237153107984622e-06,1350.0,0.06882335992603489,5000.0,2.0,0.004,0.3,1.0,92.58144320779483,0.0,0.0025032780684987516,10.545405655290164
stationary_d100,100,5.0,stationary,0.001,0.0,0.0,0,frozen,SPSA-m1,spsa,1018,10000,0.0,9.65495945044693e-07,0.023190676962179357,1.1379726482010118e-06,1100.0,0.06851466799926716,5000.0,2.0,0.004,0.3,1.0,69.55175854555984,0.0,0.0025032780684987516,9.264123412421021
stationary_d100,100,5.0,stationary,0.001,0.0,0.0,0,frozen,SPSA-m1,spsa,1019,10000,0.0,1.0394522544233587e-06,0.0243301863447215,1.2197503101387297e-06,1200.0,0.06739729303767276,5000.0,2.0,0.004,0.3,1.0,77.76277161326689,0.0,0.0025032780684987516,9.719330285713177
stationary_d100,100,5.0,stationary,0.001,0.0,0.0,0,frozen,SPSA-m1,spsa,1020,10000,0.0,1.1118255611795523e-06,0.022974600649586348,1.1998988324504588e-06,1050.0,0.06934461495915546,5000.0,2.0,0.004,0.3,1.0,71.0536087552459,0.0,0.0025032780684987516,9.177806069049497
stationary_d100,100,5.0,stationary,0.001,0.0,0.0,0,frozen,SPSA-m1,spsa,1021,10000,0.0,9.420133955360263e-07,0.026819321270471517,1.0679541364832228e-06,1150.0,0.06839525375110532,5000.0,2.0,0.004,0.3,1.0,71.22480060267596,0.0,0.0025032780684987516,10.713680436850314
stationary_d100,100,5.0,stationary,0.001,0.0,0.0,0,frozen,SPSA-m1,spsa,1022,10000,0.0,1.0294512385323244e-06,0.02923218545539531,1.148348317354006e-06,1200.0,0.06812853808746779,5000.0,2.0,0.004,0.3,1.0,75.70468290651267,0.0,0.0025032780684987516,11.67756224258627
stationary_d100,100,5.0,stationary,0.001,0.0,0.0,0,frozen,SPSA-m1,spsa,1023,10000,0.0,1.1580473697933175e-06,0.025872009766743007,1.0623180213288491e-06,1150.0,0.06713612058576822,5000.0,2.0,0.004,0.3,1.0,59.612979172109746,0.0,0.0025032780684987516,10.335252041040246
stationary_d100,100,5.0,stationary,0.001,0.0,0.0,0,frozen,SPSA-m1,spsa,1024,10000,0.0,1.2411352496879226e-06,0.02512247633275884,1.16908098894771e-06,1200.0,0.06821602517575331,5000.0,2.0,0.004,0.3,1.0,68.01577776580356,0.0,0.0025032780684987516,10.035831276157472
stationary_d100,100,5.0,stationary,0.001,0.0,0.0,0,frozen,SPSA-m1,spsa,1025,10000,0.0,1.0467525151551488e-06,0.02719762641424499,1.1690253260717089e-06,1250.0,0.06809262169564265,5000.0,2.0,0.004,0.3,1.0,69.16996042566494,0.0,0.0025032780684987516,10.864804336561683
stationary_d100,100,5.0,stationary,0.001,0.0,0.0,0,frozen,SPSA-m1,spsa,1026,10000,0.0,1.2813276250109063e-06,0.02282238248042894,1.1689489435564934e-06,1150.0,0.06768846367544062,5000.0,2.0,0.004,0.3,1.0,66.34360287618524,0.0,0.0025032780684987516,9.116998533892728
stationary_d100,100,5.0,stationary,0.001,0.0,0.0,0,frozen,SPSA-m1,spsa,1027,10000,0.0,1.1529041918813895e-06,0.023332512818472703,1.0489336211839645e-06,1150.0,0.06689006940286746,5000.0,2.0,0.004,0.3,1.0,77.49466016357225,0.0,0.0025032780684987516,9.320783460730558
stationary_d100,100,5.0,stationary,0.001,0.0,0.0,0,frozen,SPSA-m1,spsa,1028,10000,0.0,1.2290853510796778e-06,0.026019941519574423,1.2613723434250016e-06,1150.0,0.06749797265550762,5000.0,2.0,0.004,0.3,1.0,72.34974216972368,0.0,0.0025032780684987516,10.394347254909208
stationary_d100,100,5.0,stationary,0.001,0.0,0.0,0,frozen,SPSA-m1,spsa,1029,10000,0.0,1.073376358610597e-06,0.026174482029607697,1.0630764405291166e-06,1150.0,0.06752104072957121,5000.0,2.0,0.004,0.3,1.0,75.54181224783312,0.0,0.0025032780684987516,10.456082509964574
stationary_d100,100,5.0,stationary,0.001,0.0,0.0,0,frozen,SPSA-m1,spsa,1030,10000,0.0,1.1094294533715058e-06,0.030196198372575242,1.030025463278353e-06,1300.0,0.0668410462431316,5000.0,2.0,0.004,0.3,1.0,77.9152377863232,0.0,0.0025032780684987516,12.062662455507507
stationary_d100,100,5.0,stationary,0.001,0.0,0.0,0,frozen,Gaussian-m1,gaussian,1001,10000,0.0,8.937339062354967e-05,0.02236695807646746,0.00011403895306275054,1050.0,0.06527348304062752,5000.0,2.0,0.004,0.3,1.0,73.38921642623882,0.0,0.0025032780684987516,8.935067325493414
stationary_d100,100,5.0,stationary,0.001,0.0,0.0,0,frozen,Gaussian-m1,gaussian,1002,10000,0.0,0.00010432357730701642,0.026715485227263247,0.00010826211579207,1350.0,0.0659613393666108,5000.0,2.0,0.004,0.3,1.0,79.9947014745686,0.0,0.0025032780684987516,10.672200409315643
stationary_d100,100,5.0,stationary,0.001,0.0,0.0,0,frozen,Gaussian-m1,gaussian,1003,10000,0.0,0.00010194577867350888,0.02144741481045844,0.00010981778515800626,1150.0,0.06527792582648329,5000.0,2.0,0.004,0.3,1.0,70.86138373679705,0.0,0.0025032780684987516,8.567731679653445
stationary_d100,100,5.0,stationary,0.001,0.0,0.0,0,frozen,Gaussian-m1,gaussian,1004,10000,0.0,8.705636519933162e-05,0.02897527952828247,0.00010656490972478994,1300.0,0.06622800516910948,5000.0,2.0,0.004,0.3,1.0,79.69024042663177,0.0,0.0025032780684987516,11.574934440127668
stationary_d100,100,5.0,stationary,0.001,0.0,0.0,0,frozen,Gaussian-m1,gaussian,1005,10000,0.0,0.00011548954627235212,0.026097170834657506,0.00011142693397446542,1250.0,0.06608739911671892,5000.0,2.0,0.004,0.3,1.0,77.62843476772814,0.0,0.0025032780684987516,10.425198527907975
stationary_d100,100,5.0,stationary,0.001,0.0,0.0,0,frozen,Gaussian-m1,gaussian,1006,10000,0.0,0.00013187721570737375,0.017763482766784966,0.00011475068043023251,1050.0,0.06535313230092152,5000.0,2.0,0.004,0.3,1.0,70.34245718446667,0.0,0.0025032780684987516,7.096088521015949
stationary_d100,100,5.0,stationary,0.001,0.0,0.0,0,frozen,Gaussian-m1,gaussian,1007,10000,0.0,0.00014595174674077405,0.024389408042227494,0.00012201058450290415,1300.0,0.06383386639942837,5000.0,2.0,0.004,0.3,1.0,83.3107579681156,0.0,0.0025032780684987516,9.742987944145629
stationary_d100,100,5.0,stationary,0.001,0.0,0.0,0,frozen,Gaussian-m1,gaussian,1008,10000,0.0,0.00011289744694215798,0.025743838172225652,0.0001118123286391397,1250.0,0.06499904572471324,5000.0,2.0,0.004,0.3,1.0,84.37293664730703,0.0,0.0025032780684987516,10.284050540044305
stationary_d100,100,5.0,stationary,0.001,0.0,0.0,0,frozen,Gaussian-m1,gaussian,1009,10000,0.0,0.0001324581061825573,0.022902333643580627,0.00012165791177706214,1100.0,0.06537044732867123,5000.0,2.0,0.004,0.3,1.0,70.4010355185268,0.0,0.0025032780684987516,9.14893712040367
stationary_d100,100,5.0,stationary,0.001,0.0,0.0,0,frozen,Gaussian-m1,gaussian,1010,10000,0.0,0.00016940303078532258,0.026453993572109043,0.000133242816380759,1350.0,0.06485077687904861,5000.0,2.0,0.004,0.3,1.0,71.57140133033198,0.0,0.0025032780684987516,10.567740717663797
stationary_d100,100,5.0,stationary,0.001,0.0,0.0,0,frozen,Gaussian-m1,gaussian,1011,10000,0.0,9.431517864782666e-05,0.01847717578283207,0.00011107757204407616,1050.0,0.06585231594059447,5000.0,2.0,0.004,0.3,1.0,115.75728998903271,0.0,0.0025032780684987516,7.381191892082956
stationary_d100,100,5.0,stationary,0.001,0.0,0.0,0,frozen,Gaussian-m1,gaussian,1012,10000,0.0,0.00010685969084116325,0.02324864992700843,0.00011631557964081604,1200.0,0.06511003765446616,5000.0,2.0,0.004,0.3,1.0,84.22764297235302,0.0,0.0025032780684987516,9.287282231874043
stationary_d100,100,5.0,stationary,0.001,0.0,0.0,0,frozen,Gaussian-m1,gaussian,1013,10000,0.0,0.0001636953311547963,0.02868747223781948,0.00012439162285427243,1200.0,0.06614972217960625,5000.0,2.0,0.004,0.3,1.0,58.71972628480451,0.0,0.0025032780684987516,11.45996227859086
stationary_d100,100,5.0,stationary,0.001,0.0,0.0,0,frozen,Gaussian-m1,gaussian,1014,10000,0.0,0.0001598926584393783,0.021400979088128283,0.00011673383303114062,1000.0,0.06494410499246585,5000.0,2.0,0.004,0.3,1.0,58.62193795246336,0.0,0.0025032780684987516,8.549181713944678
stationary_d100,100,5.0,stationary,0.001,0.0,0.0,0,frozen,Gaussian-m1,gaussian,1015,10000,0.0,0.00013248268826134487,0.025875637478412608,0.00010574277673828001,1150.0,0.06552426286821517,5000.0,2.0,0.004,0.3,1.0,91.44238349843914,0.0,0.0025032780684987516,10.336701225497718
stationary_d100,100,5.0,stationary,0.001,0.0,0.0,0,frozen,Gaussian-m1,gaussian,1016,10000,0.0,0.00011097973897734374,0.02213447756405251,0.00010950654076764307,1050.0,0.06486350804071372,5000.0,2.0,0.004,0.3,1.0,81.91852299225711,0.0,0.0025032780684987516,8.842196894780788
stationary_d100,100,5.0,stationary,0.001,0.0,0.0,0,frozen,Gaussian-m1,gaussian,1017,10000,0.0,0.00012993823133022184,0.028526691790923826,0.0001125508102577546,1250.0,0.067143440234075,5000.0,2.0,0.004,0.3,1.0,73.74660513249738,0.0,0.0025032780684987516,11.395734317295263
stationary_d100,100,5.0,stationary,0.001,0.0,0.0,0,frozen,Gaussian-m1,gaussian,1018,10000,0.0,0.00010708912506082687,0.021858788597334526,0.00010809993293744844,1100.0,0.06639151769500855,5000.0,2.0,0.004,0.3,1.0,72.76167511737458,0.0,0.0025032780684987516,8.732065715113913
stationary_d100,100,5.0,stationary,0.001,0.0,0.0,0,frozen,Gaussian-m1,gaussian,1019,10000,0.0,0.00011315117924878587,0.02506076732502735,0.00011217166273884279,1100.0,0.06632069717295172,5000.0,2.0,0.004,0.3,1.0,73.89186702240522,0.0,0.0025032780684987516,10.011179996498198
stationary_d100,100,5.0,stationary,0.001,0.0,0.0,0,frozen,Gaussian-m1,gaussian,1020,10000,0.0,0.00010780722504123652,0.02336331336178642,0.00012417042635243743,1100.0,0.0663057672714677,5000.0,2.0,0.004,0.3,1.0,72.61685666372075,0.0,0.0025032780684987516,9.333087544604146
stationary_d100,100,5.0,stationary,0.001,0.0,0.0,0,frozen,Gaussian-m1,gaussian,1021,10000,0.0,0.00011204303152797737,0.0229614604561963,0.0001176344778663439,1000.0,0.0660509573369066,5000.0,2.0,0.004,0.3,1.0,61.74603270619338,0.0,0.0025032780684987516,9.17255687458109
stationary_d100,100,5.0,stationary,0.001,0.0,0.0,0,frozen,Gaussian-m1,gaussian,1022,10000,0.0,9.675868699057863e-05,0.02530710814239857,0.00010377060182769341,1100.0,0.06758983682149994,5000.0,2.0,0.004,0.3,1.0,52.95579451467085,0.0,0.0025032780684987516,10.109587289108307
stationary_d100,100,5.0,stationary,0.001,0.0,0.0,0,frozen,Gaussian-m1,gaussian,1023,10000,0.0,0.0001069147670617925,0.026803100830033726,0.0001198353871288367,1200.0,0.06507640483463584,5000.0,2.0,0.004,0.3,1.0,71.45429481714916,0.0,0.0025032780684987516,10.707200757008946
stationary_d100,100,5.0,stationary,0.001,0.0,0.0,0,frozen,Gaussian-m1,gaussian,1024,10000,0.0,0.00010754499838327946,0.023113039217300194,0.00011767278676419105,1200.0,0.06479132269028043,5000.0,2.0,0.004,0.3,1.0,74.17072050245348,0.0,0.0025032780684987516,9.233108981441037
stationary_d100,100,5.0,stationary,0.001,0.0,0.0,0,frozen,Gaussian-m1,gaussian,1025,10000,0.0,0.0001021944401358026,0.022408996266482403,0.00011686908924340316,1100.0,0.06601529807479085,5000.0,2.0,0.004,0.3,1.0,69.59064514280826,0.0,0.0025032780684987516,8.951860581721698
stationary_d100,100,5.0,stationary,0.001,0.0,0.0,0,frozen,Gaussian-m1,gaussian,1026,10000,0.0,9.536143227404307e-05,0.023007093685225313,0.00011031141252151399,1100.0,0.06544349595656936,5000.0,2.0,0.004,0.3,1.0,68.98191122943935,0.0,0.0025032780684987516,9.190786263318708
stationary_d100,100,5.0,stationary,0.001,0.0,0.0,0,frozen,Gaussian-m1,gaussian,1027,10000,0.0,0.00010261659848650868,0.022572105607514176,0.00010969027696249486,1200.0,0.0673466410207913,5000.0,2.0,0.004,0.3,1.0,76.82548590872553,0.0,0.0025032780684987516,9.017018880787367
stationary_d100,100,5.0,stationary,0.001,0.0,0.0,0,frozen,Gaussian-m1,gaussian,1028,10000,0.0,7.588071403403945e-05,0.024513038367724695,0.00010962984321924125,1200.0,0.06551677515068154,5000.0,2.0,0.004,0.3,1.0,80.61740961521657,0.0,0.0025032780684987516,9.792375316268993
stationary_d100,100,5.0,stationary,0.001,0.0,0.0,0,frozen,Gaussian-m1,gaussian,1029,10000,0.0,0.0001318112037745015,0.023964115184109805,0.00010398903033484099,1200.0,0.0636241833710023,5000.0,2.0,0.004,0.3,1.0,66.00019626616002,0.0,0.0025032780684987516,9.573093571055571
stationary_d100,100,5.0,stationary,0.001,0.0,0.0,0,frozen,Gaussian-m1,gaussian,1030,10000,0.0,0.0001417887486252302,0.0234982531128547,0.00012067860871518904,950.0,0.06485184596602638,5000.0,2.0,0.004,0.3,1.0,71.6470528256178,0.0,0.0025032780684987516,9.386992763032078
stationary_d100,100,5.0,stationary,0.001,0.0,0.0,0,frozen,Gaussian-m5,gaussian,1001,10000,0.0,0.00012494116187793477,0.025432922270935816,0.00011086021730173928,1300.0,0.17450852350938414,1000.0,10.0,0.020000000000000004,0.3,5.0,18.02699070671778,0.0,0.0025032780684987516,10.159847038562628
stationary_d100,100,5.0,stationary,0.001,0.0,0.0,0,frozen,Gaussian-m5,gaussian,1002,10000,0.0,0.0001607484248948009,0.026545152907109765,0.00012530179201969104,1150.0,0.17888880613726083,1000.0,10.0,0.020000000000000004,0.3,5.0,24.026351462821516,0.0,0.0025032780684987516,10.604156702027609
stationary_d100,100,5.0,stationary,0.001,0.0,0.0,0,frozen,Gaussian-m5,gaussian,1003,10000,0.0,0.00013085869663971678,0.026683865717249244,0.00012074939998203445,1150.0,0.177043072795591,1000.0,10.0,0.020000000000000004,0.3,5.0,18.8131628710264,0.0,0.0025032780684987516,10.659569167740084
stationary_d100,100,5.0,stationary,0.001,0.0,0.0,0,frozen,Gaussian-m5,gaussian,1004,10000,0.0,0.00010882611748596969,0.02636087322687805,0.00012074125832610443,1250.0,0.1733997086268679,1000.0,10.0,0.020000000000000004,0.3,5.0,18.660805924792683,0.0,0.0025032780684987516,10.530541356393142
stationary_d100,100,5.0,stationary,0.001,0.0,0.0,0,frozen,Gaussian-m5,gaussian,1005,10000,0.0,0.00010630714986178719,0.02561094465883574,0.00011123958590900629,1300.0,0.17437398720657502,1000.0,10.0,0.020000000000000004,0.3,5.0,21.04348738756832,0.0,0.0025032780684987516,10.230962744859966
stationary_d100,100,5.0,stationary,0.001,0.0,0.0,0,frozen,Gaussian-m5,gaussian,1006,10000,0.0,0.00011763984305447747,0.02701799290394284,0.00012674641131482043,1200.0,0.17228243391351097,1000.0,10.0,0.020000000000000004,0.3,5.0,19.521899470048595,0.0,0.0025032780684987516,10.793045025216028
stationary_d100,100,5.0,stationary,0.001,0.0,0.0,0,frozen,Gaussian-m5,gaussian,1007,10000,0.0,7.817137953883418e-05,0.025990901863228673,0.00013674932049309647,1050.0,0.17776373577655705,1000.0,10.0,0.020000000000000004,0.3,5.0,19.422683962082,0.0,0.0025032780684987516,10.382746603462936
stationary_d100,100,5.0,stationary,0.001,0.0,0.0,0,frozen,Gaussian-m5,gaussian,1008,10000,0.0,0.00014191614173260622,0.02535527756510686,0.00014222871163569332,1250.0,0.1739165283817447,1000.0,10.0,0.020000000000000004,0.3,5.0,20.980622953138766,0.0,0.0025032780684987516,10.1288298268489
stationary_d100,100,5.0,stationary,0.001,0.0,0.0,0,frozen,Gaussian-m5,gaussian,1009,10000,0.0,0.0001633246179765362,0.025360003170349286,0.00012257177480131363,1150.0,0.17630625923700916,1000.0,10.0,0.020000000000000004,0.3,5.0,22.947672105956315,0.0,0.0025032780684987516,10.130717593654312
stationary_d100,100,5.0,stationary,0.001,0.0,0.0,0,frozen,Gaussian-m5,gaussian,1010,10000,0.0,0.000123870388191913,0.029603101972243213,0.00011860280516708729,1300.0,0.17361496490164793,1000.0,10.0,0.020000000000000004,0.3,5.0,19.725971176788505,0.0,0.0025032780684987516,11.825734561720735
stationary_d100,100,5.0,stationary,0.001,0.0,0.0,0,frozen,Gaussian-m5,gaussian,1011,10000,0.0,9.97954395793076e-05,0.02723931925675339,0.00012472996035697473,1200.0,0.17843382278562644,1000.0,10.0,0.020000000000000004,0.3,5.0,22.132063338750473,0.0,0.0025032780684987516,10.881459634681802
stationary_d100,100,5.0,stationary,0.001,0.0,0.0,0,frozen,Gaussian-m5,gaussian,1012,10000,0.0,9.607455849366123e-05,0.026636724200553727,0.00010619983601761472,1200.0,0.17680118668591085,1000.0,10.0,0.020000000000000004,0.3,5.0,18.73584046756641,0.0,0.0025032780684987516,10.64073725398318
stationary_d100,100,5.0,stationary,0.001,0.0,0.0,0,frozen,Gaussian-m5,gaussian,1013,10000,0.0,0.00012373086837631542,0.025606504256595945,0.00011156083233268785,1150.0,0.17769039745017362,1000.0,10.0,0.020000000000000004,0.3,5.0,18.89855637266814,0.0,0.0025032780684987516,10.229188909865094
stationary_d100,100,5.0,stationary,0.001,0.0,0.0,0,frozen,Gaussian-m5,gaussian,1014,10000,0.0,9.801791038515129e-05,0.03125181338845348,0.00013034345966804684,1350.0,0.17763892056849806,1000.0,10.0,0.020000000000000004,0.3,5.0,16.95330649715918,0.0,0.0025032780684987516,12.484355526350134
stationary_d100,100,5.0,stationary,0.001,0.0,0.0,0,frozen,Gaussian-m5,gaussian,1015,10000,0.0,0.00012797097419628512,0.022537424244146096,0.00011502474668167407,1000.0,0.1744733522543954,1000.0,10.0,0.020000000000000004,0.3,5.0,21.52548114618862,0.0,0.0025032780684987516,9.003164501681622
stationary_d100,100,5.0,stationary,0.001,0.0,0.0,0,frozen,Gaussian-m5,gaussian,1016,10000,0.0,0.00012840536618015632,0.02369202339907736,0.0001268872183357595,1200.0,0.17471710732599097,1000.0,10.0,0.020000000000000004,0.3,5.0,18.622256837559288,0.0,0.0025032780684987516,9.464399379844275
stationary_d100,100,5.0,stationary,0.001,0.0,0.0,0,frozen,Gaussian-m5,gaussian,1017,10000,0.0,0.0001141364614336686,0.026878314898366774,0.00010908190707511823,1250.0,0.17170548159823196,1000.0,10.0,0.020000000000000004,0.3,5.0,20.33823374292904,0.0,0.0025032780684987516,10.737246986902278
stationary_d100,100,5.0,stationary,0.001,0.0,0.0,0,frozen,Gaussian-m5,gaussian,1018,10000,0.0,0.00011077504670947164,0.027740821161506665,0.00012468263952415267,1250.0,0.17381002250982783,1000.0,10.0,0.020000000000000004,0.3,5.0,22.323565828646846,0.0,0.0025032780684987516,11.08179770781246
stationary_d100,100,5.0,stationary,0.001,0.0,0.0,0,frozen,Gaussian-m5,gaussian,1019,10000,0.0,0.00011668928989711617,0.01859501560305273,0.0001115976968900267,1100.0,0.1754948849504329,1000.0,10.0,0.020000000000000004,0.3,5.0,21.04229776006355,0.0,0.0025032780684987516,7.428266095186301
stationary_d100,100,5.0,stationary,0.001,0.0,0.0,0,frozen,Gaussian-m5,gaussian,1020,10000,0.0,0.0001483468163199474,0.028583484538353077,0.0001153544961462588,1400.0,0.17852845324468014,1000.0,10.0,0.020000000000000004,0.3,5.0,17.86810821623561,0.0,0.0025032780684987516,11.418421667991108
stationary_d100,100,5.0,stationary,0.001,0.0,0.0,0,frozen,Gaussian-m5,gaussian,1021,10000,0.0,0.00010967265994630781,0.025746664507960104,0.0001133935364992454,1250.0,0.17820394027254388,1000.0,10.0,0.020000000000000004,0.3,5.0,17.710150689401818,0.0,0.0025032780684987516,10.285179593891746
stationary_d100,100,5.0,stationary,0.001,0.0,0.0,0,frozen,Gaussian-m5,gaussian,1022,10000,0.0,0.00012370169563821298,0.02475409780976532,0.00011490410764353854,1200.0,0.178243216776471,1000.0,10.0,0.020000000000000004,0.3,5.0,18.995264426240098,0.0,0.0025032780684987516,9.88867282515309
stationary_d100,100,5.0,stationary,0.001,0.0,0.0,0,frozen,Gaussian-m5,gaussian,1023,10000,0.0,0.00010363078280388639,0.02502270397538678,0.00012512812117976312,1150.0,0.17606161825960465,1000.0,10.0,0.020000000000000004,0.3,5.0,20.347051965441675,0.0,0.0025032780684987516,9.995974594381845
stationary_d100,100,5.0,stationary,0.001,0.0,0.0,0,frozen,Gaussian-m5,gaussian,1024,10000,0.0,0.00010558114781441792,0.026454339064096853,0.00011424423048228828,1150.0,0.17089263056439147,1000.0,10.0,0.020000000000000004,0.3,5.0,16.153648037322316,0.0,0.0025032780684987516,10.56787873348879
stationary_d100,100,5.0,stationary,0.001,0.0,0.0,0,frozen,Gaussian-m5,gaussian,1025,10000,0.0,0.00011749265425485298,0.022287293503717786,0.00012227427263273026,1100.0,0.17365821617929483,1000.0,10.0,0.020000000000000004,0.3,5.0,22.153998959492192,0.0,0.0025032780684987516,8.903243225026042
stationary_d100,100,5.0,stationary,0.001,0.0,0.0,0,frozen,Gaussian-m5,gaussian,1026,10000,0.0,9.623964049465361e-05,0.022177455240843292,9.805095042557227e-05,1100.0,0.17704181037357408,1000.0,10.0,0.020000000000000004,0.3,5.0,17.92084118482579,0.0,0.0025032780684987516,8.85936545361235
stationary_d100,100,5.0,stationary,0.001,0.0,0.0,0,frozen,Gaussian-m5,gaussian,1027,10000,0.0,0.00011454507516687366,0.021257439689349646,0.0001293045112077804,1150.0,0.17528763959430563,1000.0,10.0,0.020000000000000004,0.3,5.0,20.534483095304296,0.0,0.0025032780684987516,8.49184114096362
stationary_d100,100,5.0,stationary,0.001,0.0,0.0,0,frozen,Gaussian-m5,gaussian,1028,10000,0.0,0.00011187091613274663,0.028721428102701185,0.00011861465144532519,1350.0,0.17517995983247472,1000.0,10.0,0.020000000000000004,0.3,5.0,20.028402532434868,0.0,0.0025032780684987516,11.473526838321161
stationary_d100,100,5.0,stationary,0.001,0.0,0.0,0,frozen,Gaussian-m5,gaussian,1029,10000,0.0,0.00014017793208054223,0.02848368221296271,0.00012728581153014152,1250.0,0.17602525752877365,1000.0,10.0,0.020000000000000004,0.3,5.0,16.04020409596086,0.0,0.0025032780684987516,11.378553014705531
stationary_d100,100,5.0,stationary,0.001,0.0,0.0,0,frozen,Gaussian-m5,gaussian,1030,10000,0.0,0.00016631919646135332,0.02583509808573865,0.00012977262203128477,1250.0,0.17467732110861237,1000.0,10.0,0.020000000000000004,0.3,5.0,17.20325980271662,0.0,0.0025032780684987516,10.320506703129587
stationary_d100,100,5.0,stationary,0.001,0.0,0.0,0,frozen,Gaussian-m20,gaussian,1001,10000,0.0,3.156861943676963e-05,0.031138302621730576,3.1977115820058285e-05,1650.0,0.29849912695229797,250.0,40.0,0.04000000000000001,0.3,20.0,10.368625994109799,0.0,0.0025032780684987516,12.439010677069776
stationary_d100,100,5.0,stationary,0.001,0.0,0.0,0,frozen,Gaussian-m20,gaussian,1002,10000,0.0,4.2040639113178034e-05,0.02752501584080614,2.9907953984255992e-05,1350.0,0.29052854384317983,250.0,40.0,0.04000000000000001,0.3,20.0,7.462028104356935,0.0,0.0025032780684987516,10.995588619251256
stationary_d100,100,5.0,stationary,0.001,0.0,0.0,0,frozen,Gaussian-m20,gaussian,1003,10000,0.0,4.7160727680208905e-05,0.030144590209435076,3.4006941323981076e-05,1350.0,0.2906102898416683,250.0,40.0,0.04000000000000001,0.3,20.0,7.872991956247795,0.0,0.0025032780684987516,12.042046222820614
stationary_d100,100,5.0,stationary,0.001,0.0,0.0,0,frozen,Gaussian-m20,gaussian,1004,10000,0.0,4.120915698732833e-05,0.03013511508441071,3.272232600003897e-05,1450.0,0.28855953112534805,250.0,40.0,0.04000000000000001,0.3,20.0,9.58699522265774,0.0,0.0025032780684987516,12.038261135920521
stationary_d100,100,5.0,stationary,0.001,0.0,0.0,0,frozen,Gaussian-m20,gaussian,1005,10000,0.0,3.647309636328689e-05,0.029174138163993713,3.655602970162785e-05,1600.0,0.29394738628884526,250.0,40.0,0.04000000000000001,0.3,20.0,8.325543788103948,0.0,0.0025032780684987516,11.654373731436804
stationary_d100,100,5.0,stationary,0.001,0.0,0.0,0,frozen,Gaussian-m20,gaussian,1006,10000,0.0,4.534092647003397e-05,0.029937697540529183,3.68581352985751e-05,1650.0,0.29138152860300875,250.0,40.0,0.04000000000000001,0.3,20.0,10.21190983710082,0.0,0.0025032780684987516,11.959397526493415
stationary_d100,100,5.0,stationary,0.001,0.0,0.0,0,frozen,Gaussian-m20,gaussian,1007,10000,0.0,4.330851965554518e-05,0.02801332273413036,3.929809614451177e-05,1400.0,0.2899725768088548,250.0,40.0,0.04000000000000001,0.3,20.0,7.936718719962814,0.0,0.0025032780684987516,11.19065559941182
stationary_d100,100,5.0,stationary,0.001,0.0,0.0,0,frozen,Gaussian-m20,gaussian,1008,10000,0.0,3.686517702333179e-05,0.030246480059261824,3.29518493466504e-05,1450.0,0.29513912776368284,250.0,40.0,0.04000000000000001,0.3,20.0,7.983590388455534,0.0,0.0025032780684987516,12.082748792426816
stationary_d100,100,5.0,stationary,0.001,0.0,0.0,0,frozen,Gaussian-m20,gaussian,1009,10000,0.0,2.3534106543551554e-05,0.03292126817260933,3.258344909758538e-05,1500.0,0.28849488240402255,250.0,40.0,0.04000000000000001,0.3,20.0,7.853418425443957,0.0,0.0025032780684987516,13.151262972695896
stationary_d100,100,5.0,stationary,0.001,0.0,0.0,0,frozen,Gaussian-m20,gaussian,1010,10000,0.0,3.79988250210951e-05,0.029734125498709785,3.6016734674372054e-05,1400.0,0.2914564150692401,250.0,40.0,0.04000000000000001,0.3,20.0,9.206521328428876,0.0,0.0025032780684987516,11.878075341642619
stationary_d100,100,5.0,stationary,0.001,0.0,0.0,0,frozen,Gaussian-m20,gaussian,1011,10000,0.0,3.6748905071694715e-05,0.031230398232947022,3.154500118667239e-05,1700.0,0.30207059179124374,250.0,40.0,0.04000000000000001,0.3,20.0,9.343442537810068,0.0,0.0025032780684987516,12.475800681494524
stationary_d100,100,5.0,stationary,0.001,0.0,0.0,0,frozen,Gaussian-m20,gaussian,1012,10000,0.0,4.186712151591442e-05,0.032247996503465416,3.455848585560004e-05,1600.0,0.29287287330362344,250.0,40.0,0.04000000000000001,0.3,20.0,9.04422361798306,0.0,0.0025032780684987516,12.882306967521574
stationary_d100,100,5.0,stationary,0.001,0.0,0.0,0,frozen,Gaussian-m20,gaussian,1013,10000,0.0,3.6569740051854774e-05,0.030567200123011076,3.418497378755387e-05,1650.0,0.29212043985037406,250.0,40.0,0.04000000000000001,0.3,20.0,7.371057996506018,0.0,0.0025032780684987516,12.210868823431438
stationary_d100,100,5.0,stationary,0.001,0.0,0.0,0,frozen,Gaussian-m20,gaussian,1014,10000,0.0,3.4300208387799496e-05,0.031104412515877027,3.897274079901732e-05,1550.0,0.2913920411756425,250.0,40.0,0.04000000000000001,0.3,20.0,7.624721063779505,0.0,0.0025032780684987516,12.425472386505886
stationary_d100,100,5.0,stationary,0.001,0.0,0.0,0,frozen,Gaussian-m20,gaussian,1015,10000,0.0,3.451040897918541e-05,0.03354309283277733,3.7227525825239356e-05,1750.0,0.29992540637116677,250.0,40.0,0.04000000000000001,0.3,20.0,7.85379703371035,0.0,0.0025032780684987516,13.399667122435806
stationary_d100,100,5.0,stationary,0.001,0.0,0.0,0,frozen,Gaussian-m20,gaussian,1016,10000,0.0,4.189212960957089e-05,0.026767866345205844,3.8156328174436226e-05,1500.0,0.2908710336974949,250.0,40.0,0.04000000000000001,0.3,20.0,9.55318033112912,0.0,0.0025032780684987516,10.693125419046586
stationary_d100,100,5.0,stationary,0.001,0.0,0.0,0,frozen,Gaussian-m20,gaussian,1017,10000,0.0,3.967503620527954e-05,0.02927835400703983,3.388274717438649e-05,1500.0,0.2927099981544578,250.0,40.0,0.04000000000000001,0.3,20.0,9.04655893878778,0.0,0.0025032780684987516,11.69600547996589
stationary_d100,100,5.0,stationary,0.001,0.0,0.0,0,frozen,Gaussian-m20,gaussian,1018,10000,0.0,3.2127459377725854e-05,0.030813438542217665,3.4060700820799975e-05,1550.0,0.29100882983718307,250.0,40.0,0.04000000000000001,0.3,20.0,7.861244461712546,0.0,0.0025032780684987516,12.309235210412275
stationary_d100,100,5.0,stationary,0.001,0.0,0.0,0,frozen,Gaussian-m20,gaussian,1019,10000,0.0,4.067599976256204e-05,0.03162772908500221,3.9773323403193026e-05,1600.0,0.29376643827852866,250.0,40.0,0.04000000000000001,0.3,20.0,8.271254915013778,0.0,0.0025032780684987516,12.634524898773938
stationary_d100,100,5.0,stationary,0.001,0.0,0.0,0,frozen,Gaussian-m20,gaussian,1020,10000,0.0,3.394853185434949e-05,0.028881112237880636,3.643032219161846e-05,1400.0,0.2862827618989332,250.0,40.0,0.04000000000000001,0.3,20.0,7.991021576458661,0.0,0.0025032780684987516,11.537316849182885
stationary_d100,100,5.0,stationary,0.001,0.0,0.0,0,frozen,Gaussian-m20,gaussian,1021,10000,0.0,3.174407152595743e-05,0.027028269588382215,3.697867468256663e-05,1400.0,0.2862336319419047,250.0,40.0,0.04000000000000001,0.3,20.0,8.532744549117751,0.0,0.0025032780684987516,10.797150316021991
stationary_d100,100,5.0,stationary,0.001,0.0,0.0,0,frozen,Gaussian-m20,gaussian,1022,10000,0.0,3.621074150776621e-05,0.030015591092308686,3.6352216087951325e-05,1600.0,0.29584286188716363,250.0,40.0,0.04000000000000001,0.3,20.0,6.982291749636685,0.0,0.0025032780684987516,11.990514146240823
stationary_d100,100,5.0,stationary,0.001,0.0,0.0,0,frozen,Gaussian-m20,gaussian,1023,10000,0.0,3.524502807773408e-05,0.02667841200177121,3.3142085697488665e-05,1400.0,0.294314029049374,250.0,40.0,0.04000000000000001,0.3,20.0,8.173523772252986,0.0,0.0025032780684987516,10.657390538227581
stationary_d100,100,5.0,stationary,0.001,0.0,0.0,0,frozen,Gaussian-m20,gaussian,1024,10000,0.0,3.08289221460107e-05,0.03181328728121847,2.8846123547778546e-05,1600.0,0.29340561424433503,250.0,40.0,0.04000000000000001,0.3,20.0,7.051643099274613,0.0,0.0025032780684987516,12.708650981110264
stationary_d100,100,5.0,stationary,0.001,0.0,0.0,0,frozen,Gaussian-m20,gaussian,1025,10000,0.0,3.836716769426429e-05,0.02897950927502289,3.923441487947823e-05,1600.0,0.28963571719090836,250.0,40.0,0.04000000000000001,0.3,20.0,8.76387104957756,0.0,0.0025032780684987516,11.576624123265011
stationary_d100,100,5.0,stationary,0.001,0.0,0.0,0,frozen,Gaussian-m20,gaussian,1026,10000,0.0,3.322794257713345e-05,0.028089354145885027,3.256604094970211e-05,1400.0,0.2926585018289552,250.0,40.0,0.04000000000000001,0.3,20.0,8.712150062950137,0.0,0.0025032780684987516,11.221028338545937
stationary_d100,100,5.0,stationary,0.001,0.0,0.0,0,frozen,Gaussian-m20,gaussian,1027,10000,0.0,3.1970826757978546e-05,0.025892104075069512,3.321819499756069e-05,1450.0,0.2938300475267079,250.0,40.0,0.04000000000000001,0.3,20.0,12.060390927484427,0.0,0.0025032780684987516,10.343279238889087
stationary_d100,100,5.0,stationary,0.001,0.0,0.0,0,frozen,Gaussian-m20,gaussian,1028,10000,0.0,2.7835451066613992e-05,0.03155215516314598,3.200112640024258e-05,1550.0,0.2953505165004326,250.0,40.0,0.04000000000000001,0.3,20.0,7.762457878238186,0.0,0.0025032780684987516,12.604334915964097
stationary_d100,100,5.0,stationary,0.001,0.0,0.0,0,frozen,Gaussian-m20,gaussian,1029,10000,0.0,2.7477648749483887e-05,0.03498893525812468,3.354832880190639e-05,1600.0,0.28698428905612183,250.0,40.0,0.04000000000000001,0.3,20.0,7.736720602940563,0.0,0.0025032780684987516,13.977246754336004
stationary_d100,100,5.0,stationary,0.001,0.0,0.0,0,frozen,Gaussian-m20,gaussian,1030,10000,0.0,3.982332948277815e-05,0.026932164691815245,3.311997977433441e-05,1450.0,0.29840379364277875,250.0,40.0,0.04000000000000001,0.3,20.0,7.670416946231515,0.0,0.0025032780684987516,10.75875869753727
stationary_d100,100,5.0,stationary,0.001,0.0,0.0,0,frozen,CoordinateCentral,coordinate,1001,10000,0.0,0.0007705953193521827,0.09912673666549247,0.0013500770669647784,5400.0,0.8547175508432845,50.0,200.0,0.04,0.1,1.0,3.1792518861626307,0.0,0.0025032780684987516,39.59877167179436
stationary_d100,100,5.0,stationary,0.001,0.0,0.0,0,frozen,CoordinateCentral,coordinate,1002,10000,0.0,0.0007091965016312632,0.09890702089674648,0.0012711227555408959,5400.0,0.8598573606577368,50.0,200.0,0.04,0.1,1.0,3.1840475945400883,0.0,0.0025032780684987516,39.51100045232382
stationary_d100,100,5.0,stationary,0.001,0.0,0.0,0,frozen,CoordinateCentral,coordinate,1003,10000,0.0,0.0006772394975206171,0.0988138734650845,0.0012872443327281917,5400.0,0.8565563190574846,50.0,200.0,0.04,0.1,1.0,3.187640284259101,0.0,0.0025032780684987516,39.47379027066876
stationary_d100,100,5.0,stationary,0.001,0.0,0.0,0,frozen,CoordinateCentral,coordinate,1004,10000,0.0,0.0006870777133413424,0.09918145868075964,0.0012631070390994635,5400.0,0.8573488523287068,50.0,200.0,0.04,0.1,1.0,3.1846163495216713,0.0,0.0025032780684987516,39.62063181428344
stationary_d100,100,5.0,stationary,0.001,0.0,0.0,0,frozen,CoordinateCentral,coordinate,1005,10000,0.0,0.0007673963516457626,0.09923235868205983,0.0014061604443635788,5400.0,0.8574968754964684,50.0,200.0,0.04,0.1,1.0,3.193889817341098,0.0,0.0025032780684987516,39.640965153172445
stationary_d100,100,5.0,stationary,0.001,0.0,0.0,0,frozen,CoordinateCentral,coordinate,1006,10000,0.0,0.0007343495387545256,0.0989654407972026,0.0012658217476929502,5400.0,0.8524156099400989,50.0,200.0,0.04,0.1,1.0,3.1765183263087606,0.0,0.0025032780684987516,39.534337811920935
stationary_d100,100,5.0,stationary,0.001,0.0,0.0,0,frozen,CoordinateCentral,coordinate,1007,10000,0.0,0.0006420445353386543,0.09902753564483478,0.001181389198777209,5400.0,0.8564433923045921,50.0,200.0,0.04,0.1,1.0,3.18285336501095,0.0,0.0025032780684987516,39.55914322543595
stationary_d100,100,5.0,stationary,0.001,0.0,0.0,0,frozen,CoordinateCentral,coordinate,1008,10000,0.0,0.0006623329599905938,0.09905380137726187,0.001200990697315825,5400.0,0.8529408686040522,50.0,200.0,0.04,0.1,1.0,3.179760898981113,0.0,0.0025032780684987516,39.56963576030757
stationary_d100,100,5.0,stationary,0.001,0.0,0.0,0,frozen,CoordinateCentral,coordinate,1009,10000,0.0,0.000685790480096198,0.09916756160498749,0.0012788461856779382,5400.0,0.852284806048984,50.0,200.0,0.04,0.1,1.0,3.1771645559312924,0.0,0.0025032780684987516,39.615080263320316
stationary_d100,100,5.0,stationary,0.001,0.0,0.0,0,frozen,CoordinateCentral,coordinate,1010,10000,0.0,0.0006855649431151208,0.09900521780793405,0.0011900257707920124,5200.0,0.8491676009898542,50.0,200.0,0.04,0.1,1.0,3.1781126387787406,0.0,0.0025032780684987516,39.550227780850875
stationary_d100,100,5.0,stationary,0.001,0.0,0.0,0,frozen,CoordinateCentral,coordinate,1011,10000,0.0,0.0007439725114833482,0.0993262692625258,0.0013276682990674615,5400.0,0.8544291083784572,50.0,200.0,0.04,0.1,1.0,3.1764352265299123,0.0,0.0025032780684987516,39.6784801946086
stationary_d100,100,5.0,stationary,0.001,0.0,0.0,0,frozen,CoordinateCentral,coordinate,1012,10000,0.0,0.0006497723782605539,0.09932756873530263,0.0012382385472883822,5400.0,0.8595669195860238,50.0,200.0,0.04,0.1,1.0,3.1729874266210305,0.0,0.0025032780684987516,39.67899930305013
stationary_d100,100,5.0,stationary,0.001,0.0,0.0,0,frozen,CoordinateCentral,coordinate,1013,10000,0.0,0.0006718428971346291,0.09898180078840053,0.001285741531333419,5400.0,0.8607862275616369,50.0,200.0,0.04,0.1,1.0,3.1905358668257473,0.0,0.0025032780684987516,39.5408732389691
stationary_d100,100,5.0,stationary,0.001,0.0,0.0,0,frozen,CoordinateCentral,coordinate,1014,10000,0.0,0.0007035776660455837,0.09895728382096965,0.001275638996160558,5400.0,0.8529258547593909,50.0,200.0,0.04,0.1,1.0,3.1842824045117175,0.0,0.0025032780684987516,39.53107929408562
stationary_d100,100,5.0,stationary,0.001,0.0,0.0,0,frozen,CoordinateCentral,coordinate,1015,10000,0.0,0.0007012051486405179,0.09891492900759442,0.0012254728968914299,5200.0,0.8516681585142594,50.0,200.0,0.04,0.1,1.0,3.188969354208087,0.0,0.0025032780684987516,39.51415955436185
stationary_d100,100,5.0,stationary,0.001,0.0,0.0,0,frozen,CoordinateCentral,coordinate,1016,10000,0.0,0.0007128148430606235,0.09902980149859471,0.0012933598752682418,5400.0,0.8580769669878171,50.0,200.0,0.04,0.1,1.0,3.1697012239698226,0.0,0.0025032780684987516,39.56004838007635
stationary_d100,100,5.0,stationary,0.001,0.0,0.0,0,frozen,CoordinateCentral,coordinate,1017,10000,0.0,0.0006925539017173976,0.09903344545174259,0.0012407041549672767,5400.0,0.8525569265860944,50.0,200.0,0.04,0.1,1.0,3.1749619747087703,0.0,0.0025032780684987516,39.561504052617785
stationary_d100,100,5.0,stationary,0.001,0.0,0.0,0,frozen,CoordinateCentral,coordinate,1018,10000,0.0,0.0006787313967343522,0.09882862628664942,0.0012625861766041955,5400.0,0.857239158307642,50.0,200.0,0.04,0.1,1.0,3.18225209414491,0.0,0.0025032780684987516,39.47968367170581
stationary_d100,100,5.0,stationary,0.001,0.0,0.0,0,frozen,CoordinateCentral,coordinate,1019,10000,0.0,0.0007854799581511771,0.09943926218019296,0.0013837404030046495,5400.0,0.8548605388001094,50.0,200.0,0.04,0.1,1.0,3.183644112258047,0.0,0.0025032780684987516,39.72361817551814
stationary_d100,100,5.0,stationary,0.001,0.0,0.0,0,frozen,CoordinateCentral,coordinate,1020,10000,0.0,0.000766955227620815,0.09919355054399422,0.0013206795138792904,5400.0,0.8540219532339839,50.0,200.0,0.04,0.1,1.0,3.17566692624942,0.0,0.0025032780684987516,39.62546222580933
stationary_d100,100,5.0,stationary,0.001,0.0,0.0,0,frozen,CoordinateCentral,coordinate,1021,10000,0.0,0.0006126678239868511,0.09880678370492385,0.001166130601559104,5200.0,0.8560997956634595,50.0,200.0,0.04,0.1,1.0,3.1725359093989813,0.0,0.0025032780684987516,39.47095808025018
stationary_d100,100,5.0,stationary,0.001,0.0,0.0,0,frozen,CoordinateCentral,coordinate,1022,10000,0.0,0.0006853198975269705,0.0992961737363301,0.001268643478445734,5400.0,0.8561395950062404,50.0,200.0,0.04,0.1,1.0,3.177899273672631,0.0,0.0025032780684987516,39.66645774829134
stationary_d100,100,5.0,stationary,0.001,0.0,0.0,0,frozen,CoordinateCentral,coordinate,1023,10000,0.0,0.0006447840398057698,0.09916031803385386,0.001214216373129624,5400.0,0.8531795903323779,50.0,200.0,0.04,0.1,1.0,3.1839225993507227,0.0,0.0025032780684987516,39.61218662907936
stationary_d100,100,5.0,stationary,0.001,0.0,0.0,0,frozen,CoordinateCentral,coordinate,1024,10000,0.0,0.0007269257730742368,0.09911243962705396,0.0013281086622456252,5200.0,0.853999693236991,50.0,200.0,0.04,0.1,1.0,3.1758650973271085,0.0,0.0025032780684987516,39.593060345266785
stationary_d100,100,5.0,stationary,0.001,0.0,0.0,0,frozen,CoordinateCentral,coordinate,1025,10000,0.0,0.0006935647459785041,0.09934928807009986,0.0012469256698479936,5400.0,0.8541524363868934,50.0,200.0,0.04,0.1,1.0,3.179180585009051,0.0,0.0025032780684987516,39.687675660291674
stationary_d100,100,5.0,stationary,0.001,0.0,0.0,0,frozen,CoordinateCentral,coordinate,1026,10000,0.0,0.0006636616452463016,0.09897703178185312,0.0012465011612901467,5400.0,0.851996225530546,50.0,200.0,0.04,0.1,1.0,3.175661522371488,0.0,0.0025032780684987516,39.53896813437547
stationary_d100,100,5.0,stationary,0.001,0.0,0.0,0,frozen,CoordinateCentral,coordinate,1027,10000,0.0,0.0007150450285902776,0.09926560770226649,0.0012328215564940993,5400.0,0.851939561887758,50.0,200.0,0.04,0.1,1.0,3.1900604410719344,0.0,0.0025032780684987516,39.654247345280886
stationary_d100,100,5.0,stationary,0.001,0.0,0.0,0,frozen,CoordinateCentral,coordinate,1028,10000,0.0,0.0006316874550141333,0.09901879603335637,0.0012039337786665188,5400.0,0.856201513936837,50.0,200.0,0.04,0.1,1.0,3.20023354708033,0.0,0.0025032780684987516,39.555651958689204
stationary_d100,100,5.0,stationary,0.001,0.0,0.0,0,frozen,CoordinateCentral,coordinate,1029,10000,0.0,0.0006702352991192313,0.09919888477211555,0.0012256056434741837,5400.0,0.8568480894567928,50.0,200.0,0.04,0.1,1.0,3.187767272076034,0.0,0.0025032780684987516,39.62759312296712
stationary_d100,100,5.0,stationary,0.001,0.0,0.0,0,frozen,CoordinateCentral,coordinate,1030,10000,0.0,0.000727198788511773,0.09889661025873682,0.0012789392421724557,5400.0,0.8510327960217077,50.0,200.0,0.04,0.1,1.0,3.181108892588908,0.0,0.0025032780684987516,39.50684165025518
linear_d100,100,5.0,linear,0.001,0.0001,0.0,0,frozen,SPSA-m1,spsa,1001,10000,1.0,0.0009146524640020105,0.025057669391743392,0.0010655218471307384,1400.0,0.07729841670586095,5000.0,2.0,0.004,0.3,1.0,69.34634579134891,0.0,0.0025047038562680847,10.004244345708154
linear_d100,100,5.0,linear,0.001,0.0001,0.0,0,frozen,SPSA-m1,spsa,1002,10000,1.0,0.00117522921600141,0.029087238788470113,0.0011834646940869146,1200.0,0.07938581389027151,5000.0,2.0,0.004,0.3,1.0,52.37776723508547,0.0,0.0025047038562680847,11.613045077436425
linear_d100,100,5.0,linear,0.001,0.0001,0.0,0,frozen,SPSA-m1,spsa,1003,10000,1.0,0.0010616673595825207,0.027297754363790318,0.001030876286020808,1200.0,0.07909503977750976,5000.0,2.0,0.004,0.3,1.0,85.0525794259031,0.0,0.0025047038562680847,10.898595574673228
linear_d100,100,5.0,linear,0.001,0.0001,0.0,0,frozen,SPSA-m1,spsa,1004,10000,1.0,0.0012423224097578931,0.024056337513427787,0.0010222470543769363,1100.0,0.08010110040217244,5000.0,2.0,0.004,0.3,1.0,69.63533935931044,0.0,0.0025047038562680847,9.604463798475095
linear_d100,100,5.0,linear,0.001,0.0001,0.0,0,frozen,SPSA-m1,spsa,1005,10000,1.0,0.0008067297007383785,0.02298480362172039,0.0009195854311128555,1150.0,0.08091287759494198,5000.0,2.0,0.004,0.3,1.0,83.54573333030402,0.0,0.0025047038562680847,9.176655181889203
linear_d100,100,5.0,linear,0.001,0.0001,0.0,0,frozen,SPSA-m1,spsa,1006,10000,1.0,0.0009392896496903267,0.02625569692749151,0.0009992261430679299,1250.0,0.08169997685698997,5000.0,2.0,0.004,0.3,1.0,59.564738132424736,0.0,0.0025047038562680847,10.482555397431902
linear_d100,100,5.0,linear,0.001,0.0001,0.0,0,frozen,SPSA-m1,spsa,1007,10000,1.0,0.0012437821470019175,0.022971647670674996,0.0011520064721151308,1150.0,0.07963296454741348,5000.0,2.0,0.004,0.3,1.0,79.2223019738703,0.0,0.0025047038562680847,9.171402684268589
linear_d100,100,5.0,linear,0.001,0.0001,0.0,0,frozen,SPSA-m1,spsa,1008,10000,1.0,0.0008017611705861598,0.025327781970654994,0.0008950342148981752,1100.0,0.0797238475248201,5000.0,2.0,0.004,0.3,1.0,63.54650624592816,0.0,0.0025047038562680847,10.112086467736129
linear_d100,100,5.0,linear,0.001,0.0001,0.0,0,frozen,SPSA-m1,spsa,1009,10000,1.0,0.0010204867446576091,0.023071232365315338,0.0010369451576175122,1150.0,0.08104881819076513,5000.0,2.0,0.004,0.3,1.0,73.18491394245484,0.0,0.0025047038562680847,9.211161753745456
linear_d100,100,5.0,linear,0.001,0.0001,0.0,0,frozen,SPSA-m1,spsa,1010,10000,1.0,0.0011656384838414431,0.025649652722682846,0.00118262234790699,1100.0,0.07993912146512633,5000.0,2.0,0.004,0.3,1.0,91.01920979661556,0.0,0.0025047038562680847,10.240592978085589
linear_d100,100,5.0,linear,0.001,0.0001,0.0,0,frozen,SPSA-m1,spsa,1011,10000,1.0,0.0013300154296998871,0.024725434797300716,0.0010577467538900097,1200.0,0.07915435629289015,5000.0,2.0,0.004,0.3,1.0,59.162928154181586,0.0,0.0025047038562680847,9.8716000837483
linear_d100,100,5.0,linear,0.001,0.0001,0.0,0,frozen,SPSA-m1,spsa,1012,10000,1.0,0.0007280768992278538,0.02467476520139158,0.0012588650074684096,1150.0,0.07859377088761713,5000.0,2.0,0.004,0.3,1.0,54.56065300341164,0.0,0.0025047038562680847,9.851370308566562
linear_d100,100,5.0,linear,0.001,0.0001,0.0,0,frozen,SPSA-m1,spsa,1013,10000,1.0,0.0010658413283702092,0.027939669642901396,0.0010480201866272562,1250.0,0.08064025630889714,5000.0,2.0,0.004,0.3,1.0,87.28772571081818,0.0,0.0025047038562680847,11.154879477261021
linear_d100,100,5.0,linear,0.001,0.0001,0.0,0,frozen,SPSA-m1,spsa,1014,10000,1.0,0.0008970757229112532,0.02304092144486431,0.0010149334677282025,1150.0,0.0818576369621724,5000.0,2.0,0.004,0.3,1.0,71.60253581895358,0.0,0.0025047038562680847,9.199060155237044
linear_d100,100,5.0,linear,0.001,0.0001,0.0,0,frozen,SPSA-m1,spsa,1015,10000,1.0,0.0013294765031855484,0.02685338648552727,0.0010513146447970986,1100.0,0.07958779915117256,5000.0,2.0,0.004,0.3,1.0,73.06432888825972,0.0,0.0025047038562680847,10.72118223410963
linear_d100,100,5.0,linear,0.001,0.0001,0.0,0,frozen,SPSA-m1,spsa,1016,10000,1.0,0.0013085139419144053,0.028285656146158952,0.001044838279874823,1300.0,0.07940206647341963,5000.0,2.0,0.004,0.3,1.0,61.71899031476625,0.0,0.0025047038562680847,11.293014172263673
linear_d100,100,5.0,linear,0.001,0.0001,0.0,0,frozen,SPSA-m1,spsa,1017,10000,1.0,0.001031657064944209,0.028604464318224495,0.0011769281267472321,1250.0,0.07962379023338073,5000.0,2.0,0.004,0.3,1.0,63.46413491516397,0.0,0.0025047038562680847,11.420297951249246
linear_d100,100,5.0,linear,0.001,0.0001,0.0,0,frozen,SPSA-m1,spsa,1018,10000,1.0,0.0015458427767636837,0.027826299473429225,0.0010350192681179231,1200.0,0.07968484953303544,5000.0,2.0,0.004,0.3,1.0,62.44451378857462,0.0,0.0025047038562680847,11.109616573549486
linear_d100,100,5.0,linear,0.001,0.0001,0.0,0,frozen,SPSA-m1,spsa,1019,10000,1.0,0.0012314868957466816,0.02792119810900475,0.0010808507488785256,1300.0,0.07949967930605074,5000.0,2.0,0.004,0.3,1.0,82.266797037775,0.0,0.0025047038562680847,11.14750473958478
linear_d100,100,5.0,linear,0.001,0.0001,0.0,0,frozen,SPSA-m1,spsa,1020,10000,1.0,0.001044769479674907,0.0270435760588386,0.001108864109557955,1150.0,0.08037388233605781,5000.0,2.0,0.004,0.3,1.0,80.59130687977073,0.0,0.0025047038562680847,10.797115192345542
linear_d100,100,5.0,linear,0.001,0.0001,0.0,0,frozen,SPSA-m1,spsa,1021,10000,1.0,0.0013584773108683676,0.027138498782538347,0.0011615192377719282,1200.0,0.07952588283658654,5000.0,2.0,0.004,0.3,1.0,78.22507559884589,0.0,0.0025047038562680847,10.835012975535438
linear_d100,100,5.0,linear,0.001,0.0001,0.0,0,frozen,SPSA-m1,spsa,1022,10000,1.0,0.001248806550101329,0.024437026434775924,0.0012160650351262505,1150.0,0.07964246225267659,5000.0,2.0,0.004,0.3,1.0,63.682517251900826,0.0,0.0025047038562680847,9.756453392133224
linear_d100,100,5.0,linear,0.001,0.0001,0.0,0,frozen,SPSA-m1,spsa,1023,10000,1.0,0.0012797161319631639,0.025579287780799386,0.001289775161978288,1150.0,0.07917575903831693,5000.0,2.0,0.004,0.3,1.0,67.72885672245846,0.0,0.0025047038562680847,10.212499859728554
linear_d100,100,5.0,linear,0.001,0.0001,0.0,0,frozen,SPSA-m1,spsa,1024,10000,1.0,0.001067939513926144,0.03137947231566889,0.0011364789406546562,1450.0,0.07975775530068265,5000.0,2.0,0.004,0.3,1.0,62.948278485126224,0.0,0.0025047038562680847,12.528216554280846
linear_d100,100,5.0,linear,0.001,0.0001,0.0,0,frozen,SPSA-m1,spsa,1025,10000,1.0,0.0008896970926972936,0.022251078368906666,0.0010865649940369185,1000.0,0.07992639647463791,5000.0,2.0,0.004,0.3,1.0,69.23273763006316,0.0,0.0025047038562680847,8.883716257801408
linear_d100,100,5.0,linear,0.001,0.0001,0.0,0,frozen,SPSA-m1,spsa,1026,10000,1.0,0.0009162313405341519,0.022393111839178147,0.0009508658869723341,1050.0,0.08144950097321967,5000.0,2.0,0.004,0.3,1.0,94.7674524161237,0.0,0.0025047038562680847,8.940422949858451
linear_d100,100,5.0,linear,0.001,0.0001,0.0,0,frozen,SPSA-m1,spsa,1027,10000,1.0,0.0008972695470374643,0.025245071964091585,0.0012133819824890184,1250.0,0.07954566215804694,5000.0,2.0,0.004,0.3,1.0,65.35343105444707,0.0,0.0025047038562680847,10.079064597163914
linear_d100,100,5.0,linear,0.001,0.0001,0.0,0,frozen,SPSA-m1,spsa,1028,10000,1.0,0.001342459915948554,0.023670105942053238,0.0012575832655130751,1150.0,0.07931612455932602,5000.0,2.0,0.004,0.3,1.0,71.933225864614,0.0,0.0025047038562680847,9.45026130846495
linear_d100,100,5.0,linear,0.001,0.0001,0.0,0,frozen,SPSA-m1,spsa,1029,10000,1.0,0.000955365536365485,0.025614657415446367,0.0011631514986560087,1200.0,0.07942154804643269,5000.0,2.0,0.004,0.3,1.0,54.0505874549245,0.0,0.0025047038562680847,10.226621143791126
linear_d100,100,5.0,linear,0.001,0.0001,0.0,0,frozen,SPSA-m1,spsa,1030,10000,1.0,0.0012228630092585811,0.02980422504945298,0.001208977286935675,1300.0,0.08064977444113088,5000.0,2.0,0.004,0.3,1.0,78.74350311848553,0.0,0.0025047038562680847,11.89930097918249
linear_d100,100,5.0,linear,0.001,0.0001,0.0,0,frozen,Gaussian-m1,gaussian,1001,10000,1.0,0.0010248807992082247,0.024728661361966192,0.001123121629752201,1150.0,0.07643041054254991,5000.0,2.0,0.004,0.3,1.0,74.71484511315926,0.0,0.0025047038562680847,9.872888285807559
linear_d100,100,5.0,linear,0.001,0.0001,0.0,0,frozen,Gaussian-m1,gaussian,1002,10000,1.0,0.0012341499038261846,0.025681678920496217,0.0014200432031059743,1100.0,0.07682144079123826,5000.0,2.0,0.004,0.3,1.0,77.9655900842042,0.0,0.0025047038562680847,10.253379399016442
linear_d100,100,5.0,linear,0.001,0.0001,0.0,0,frozen,Gaussian-m1,gaussian,1003,10000,1.0,0.0012432444497256503,0.027345092250759127,0.0011940453345821046,1200.0,0.07673975320839702,5000.0,2.0,0.004,0.3,1.0,56.54310595769874,0.0,0.0025047038562680847,10.917495169070524
linear_d100,100,5.0,linear,0.001,0.0001,0.0,0,frozen,Gaussian-m1,gaussian,1004,10000,1.0,0.0009220002992638169,0.020775900534431607,0.0010264220457052323,1150.0,0.07860768944976117,5000.0,2.0,0.004,0.3,1.0,66.21346790024752,0.0,0.0025047038562680847,8.294753282883878
linear_d100,100,5.0,linear,0.001,0.0001,0.0,0,frozen,Gaussian-m1,gaussian,1005,10000,1.0,0.0015216780838893558,0.02721953693991014,0.0012388767880569238,1200.0,0.07627321339689849,5000.0,2.0,0.004,0.3,1.0,64.63948135137159,0.0,0.0025047038562680847,10.867367362330105
linear_d100,100,5.0,linear,0.001,0.0001,0.0,0,frozen,Gaussian-m1,gaussian,1006,10000,1.0,0.0014321250899292908,0.022758803132385725,0.0012735894632977685,1150.0,0.07616368453788047,5000.0,2.0,0.004,0.3,1.0,80.2010436505442,0.0,0.0025047038562680847,9.08642475853233
linear_d100,100,5.0,linear,0.001,0.0001,0.0,0,frozen,Gaussian-m1,gaussian,1007,10000,1.0,0.0011433513119862954,0.02951900731300752,0.0010087235884975434,1300.0,0.07717860638959309,5000.0,2.0,0.004,0.3,1.0,73.31738262975783,0.0,0.0025047038562680847,11.78542814118941
linear_d100,100,5.0,linear,0.001,0.0001,0.0,0,frozen,Gaussian-m1,gaussian,1008,10000,1.0,0.001081395613043636,0.028270808568860894,0.0011855453288885296,1200.0,0.0781437044885874,5000.0,2.0,0.004,0.3,1.0,60.280138385309925,0.0,0.0025047038562680847,11.28708629489769
linear_d100,100,5.0,linear,0.001,0.0001,0.0,0,frozen,Gaussian-m1,gaussian,1009,10000,1.0,0.0012590309542191572,0.026616716819228815,0.0012704829094532123,1200.0,0.07684574976290462,5000.0,2.0,0.004,0.3,1.0,76.71575442300016,0.0,0.0025047038562680847,10.626692154691186
linear_d100,100,5.0,linear,0.001,0.0001,0.0,0,frozen,Gaussian-m1,gaussian,1010,10000,1.0,0.0012431692466280486,0.024748630192671848,0.0014913524119875008,1150.0,0.07805120979498846,5000.0,2.0,0.004,0.3,1.0,91.48195763612233,0.0,0.0025047038562680847,9.880860817432678
linear_d100,100,5.0,linear,0.001,0.0001,0.0,0,frozen,Gaussian-m1,gaussian,1011,10000,1.0,0.0010655527988762611,0.027247190090730112,0.0011705760737996632,1200.0,0.07935518627673663,5000.0,2.0,0.004,0.3,1.0,66.62476510440648,0.0,0.0025047038562680847,10.878407849512161
linear_d100,100,5.0,linear,0.001,0.0001,0.0,0,frozen,Gaussian-m1,gaussian,1012,10000,1.0,0.0012360014147454383,0.02683640386512668,0.0011581378074494878,1250.0,0.07659009136341653,5000.0,2.0,0.004,0.3,1.0,61.72137453448971,0.0,0.0025047038562680847,10.71440194335466
linear_d100,100,5.0,linear,0.001,0.0001,0.0,0,frozen,Gaussian-m1,gaussian,1013,10000,1.0,0.001983874640864034,0.03145298425606078,0.0014471649645537968,1300.0,0.07612760637435553,5000.0,2.0,0.004,0.3,1.0,63.86773125527464,0.0,0.0025047038562680847,12.557566108004702
linear_d100,100,5.0,linear,0.001,0.0001,0.0,0,frozen,Gaussian-m1,gaussian,1014,10000,1.0,0.0011160198575341186,0.023311515195424383,0.000984351191932723,1100.0,0.07861302956017624,5000.0,2.0,0.004,0.3,1.0,62.478384845786415,0.0,0.0025047038562680847,9.307094384466541
linear_d100,100,5.0,linear,0.001,0.0001,0.0,0,frozen,Gaussian-m1,gaussian,1015,10000,1.0,0.0008328122757823502,0.022770311289135182,0.0010707867023876346,1150.0,0.07823189097740509,5000.0,2.0,0.004,0.3,1.0,74.1892840977706,0.0,0.0025047038562680847,9.091019376263546
linear_d100,100,5.0,linear,0.001,0.0001,0.0,0,frozen,Gaussian-m1,gaussian,1016,10000,1.0,0.0011653115951011572,0.024619778490108494,0.0012338499044146699,1100.0,0.07707771395649023,5000.0,2.0,0.004,0.3,1.0,62.3309927294928,0.0,0.0025047038562680847,9.829416930267774
linear_d100,100,5.0,linear,0.001,0.0001,0.0,0,frozen,Gaussian-m1,gaussian,1017,10000,1.0,0.0011349230378327202,0.023111132071566624,0.0010767466480267377,1100.0,0.07715360998705868,5000.0,2.0,0.004,0.3,1.0,89.2673190960789,0.0,0.0025047038562680847,9.227091663443737
linear_d100,100,5.0,linear,0.001,0.0001,0.0,0,frozen,Gaussian-m1,gaussian,1018,10000,1.0,0.0014912414300094253,0.025058757185862625,0.001166449045703224,1200.0,0.07643234268822362,5000.0,2.0,0.004,0.3,1.0,73.20748030972685,0.0,0.0025047038562680847,10.004678646201008
linear_d100,100,5.0,linear,0.001,0.0001,0.0,0,frozen,Gaussian-m1,gaussian,1019,10000,1.0,0.001087275955423359,0.02375585410941821,0.0014068656100256099,1150.0,0.07821353586405665,5000.0,2.0,0.004,0.3,1.0,65.78678209762793,0.0,0.0025047038562680847,9.484496161080514
linear_d100,100,5.0,linear,0.001,0.0001,0.0,0,frozen,Gaussian-m1,gaussian,1020,10000,1.0,0.0016836266927442306,0.02386094606580763,0.0013244975907193797,1300.0,0.07557292922015468,5000.0,2.0,0.004,0.3,1.0,78.56942955577529,0.0,0.0025047038562680847,9.526453998182264
linear_d100,100,5.0,linear,0.001,0.0001,0.0,0,frozen,Gaussian-m1,gaussian,1021,10000,1.0,0.0014870361992598803,0.026886249565883362,0.0014662307880053812,1200.0,0.07697591565453914,5000.0,2.0,0.004,0.3,1.0,81.86657017959071,0.0,0.0025047038562680847,10.734302779388408
linear_d100,100,5.0,linear,0.001,0.0001,0.0,0,frozen,Gaussian-m1,gaussian,1022,10000,1.0,0.0010924463667763577,0.024933870540638715,0.0009730683507300814,1250.0,0.07742011713922035,5000.0,2.0,0.004,0.3,1.0,58.79116862898382,0.0,0.0025047038562680847,9.954817803406607
linear_d100,100,5.0,linear,0.001,0.0001,0.0,0,frozen,Gaussian-m1,gaussian,1023,10000,1.0,0.0009034148912810475,0.027252573658682614,0.0012429215692445878,1300.0,0.077287890771954,5000.0,2.0,0.004,0.3,1.0,69.91558405074709,0.0,0.0025047038562680847,10.880557232537635
linear_d100,100,5.0,linear,0.001,0.0001,0.0,0,frozen,Gaussian-m1,gaussian,1024,10000,1.0,0.0013663559520322524,0.02479819858042903,0.001185041513408684,1100.0,0.07939139320108897,5000.0,2.0,0.004,0.3,1.0,77.81958906776148,0.0,0.0025047038562680847,9.900650936585143
linear_d100,100,5.0,linear,0.001,0.0001,0.0,0,frozen,Gaussian-m1,gaussian,1025,10000,1.0,0.0011787438635423673,0.023392825509876994,0.0010316990926426428,1150.0,0.07813643406063657,5000.0,2.0,0.004,0.3,1.0,63.53655530348498,0.0,0.0025047038562680847,9.339557429648163
linear_d100,100,5.0,linear,0.001,0.0001,0.0,0,frozen,Gaussian-m1,gaussian,1026,10000,1.0,0.0008497272823692151,0.023667448972893634,0.0010739901714335591,1150.0,0.07789781867285267,5000.0,2.0,0.004,0.3,1.0,76.1456373004621,0.0,0.0025047038562680847,9.449200516725858
linear_d100,100,5.0,linear,0.001,0.0001,0.0,0,frozen,Gaussian-m1,gaussian,1027,10000,1.0,0.0012010654147688745,0.02419639423142382,0.0012708618129269285,1250.0,0.07722764103376842,5000.0,2.0,0.004,0.3,1.0,70.88254402116155,0.0,0.0025047038562680847,9.660381274565347
linear_d100,100,5.0,linear,0.001,0.0001,0.0,0,frozen,Gaussian-m1,gaussian,1028,10000,1.0,0.0010307743754816615,0.028996670814925022,0.0011182344539372876,1200.0,0.07626880425249685,5000.0,2.0,0.004,0.3,1.0,72.81112463661795,0.0,0.0025047038562680847,11.576885923004479
linear_d100,100,5.0,linear,0.001,0.0001,0.0,0,frozen,Gaussian-m1,gaussian,1029,10000,1.0,0.0009437561287580547,0.024995206162400616,0.0010891132946327495,1000.0,0.07826469021147608,5000.0,2.0,0.004,0.3,1.0,58.3957151834463,0.0,0.0025047038562680847,9.979305976572633
linear_d100,100,5.0,linear,0.001,0.0001,0.0,0,frozen,Gaussian-m1,gaussian,1030,10000,1.0,0.0010182997357704774,0.020618433620765396,0.0013859899126239174,1100.0,0.07828900035463374,5000.0,2.0,0.004,0.3,1.0,66.13254769313954,0.0,0.0025047038562680847,8.231884807126896
linear_d100,100,5.0,linear,0.001,0.0001,0.0,0,frozen,Gaussian-m5,gaussian,1001,10000,1.0,0.0017084992318723762,0.030732335908886802,0.001273021198502993,1450.0,0.20252814031901434,1000.0,10.0,0.020000000000000004,0.3,5.0,16.18818574763822,0.0,0.0025047038562680847,12.269848122754455
linear_d100,100,5.0,linear,0.001,0.0001,0.0,0,frozen,Gaussian-m5,gaussian,1002,10000,1.0,0.0010563142900855166,0.03210497551978417,0.0011925255837382748,1300.0,0.20351646001487272,1000.0,10.0,0.020000000000000004,0.3,5.0,14.26007412121769,0.0,0.0025047038562680847,12.81787283532169
linear_d100,100,5.0,linear,0.001,0.0001,0.0,0,frozen,Gaussian-m5,gaussian,1003,10000,1.0,0.0009710274542580095,0.024976628047851973,0.0010724903082287727,1150.0,0.20722672570758835,1000.0,10.0,0.020000000000000004,0.3,5.0,22.943088673891275,0.0,0.0025047038562680847,9.97188868669936
linear_d100,100,5.0,linear,0.001,0.0001,0.0,0,frozen,Gaussian-m5,gaussian,1004,10000,1.0,0.001387100232699779,0.027639126775039644,0.0014108792906065673,1300.0,0.20103348815787886,1000.0,10.0,0.020000000000000004,0.3,5.0,17.802149510297617,0.0,0.0025047038562680847,11.03488809899503
linear_d100,100,5.0,linear,0.001,0.0001,0.0,0,frozen,Gaussian-m5,gaussian,1005,10000,1.0,0.0011922383805103383,0.028353724938526607,0.0012635991511551138,1200.0,0.19955647536271112,1000.0,10.0,0.020000000000000004,0.3,5.0,19.398941751259347,0.0,0.0025047038562680847,11.320190555690125
linear_d100,100,5.0,linear,0.001,0.0001,0.0,0,frozen,Gaussian-m5,gaussian,1006,10000,1.0,0.0014555039505217363,0.02440478295917139,0.0013856150079897948,1050.0,0.20644845611862417,1000.0,10.0,0.020000000000000004,0.3,5.0,25.64615357769153,0.0,0.0025047038562680847,9.743580223305763
linear_d100,100,5.0,linear,0.001,0.0001,0.0,0,frozen,Gaussian-m5,gaussian,1007,10000,1.0,0.0009111522798270495,0.028067626280250103,0.0012016480072986916,1450.0,0.20527019965574897,1000.0,10.0,0.020000000000000004,0.3,5.0,23.000740464238635,0.0,0.0025047038562680847,11.20596601071626
linear_d100,100,5.0,linear,0.001,0.0001,0.0,0,frozen,Gaussian-m5,gaussian,1008,10000,1.0,0.0015387845675495658,0.027189914946797216,0.0012191882082631601,1300.0,0.20375018158696534,1000.0,10.0,0.020000000000000004,0.3,5.0,18.36965722824821,0.0,0.0025047038562680847,10.855540817232251
linear_d100,100,5.0,linear,0.001,0.0001,0.0,0,frozen,Gaussian-m5,gaussian,1009,10000,1.0,0.0015241879845002393,0.029014405632606696,0.0012932408712597768,1200.0,0.20521248194630073,1000.0,10.0,0.020000000000000004,0.3,5.0,20.44347177044568,0.0,0.0025047038562680847,11.583966527618589
linear_d100,100,5.0,linear,0.001,0.0001,0.0,0,frozen,Gaussian-m5,gaussian,1010,10000,1.0,0.0009053723115581773,0.02825495327923594,0.0011425523137173924,1400.0,0.20502436446415997,1000.0,10.0,0.020000000000000004,0.3,5.0,17.846958185938,0.0,0.0025047038562680847,11.280756089598059
linear_d100,100,5.0,linear,0.001,0.0001,0.0,0,frozen,Gaussian-m5,gaussian,1011,10000,1.0,0.0013369064831687523,0.026625722552352,0.0010754425883399464,1250.0,0.2062309158588847,1000.0,10.0,0.020000000000000004,0.3,5.0,20.49879930169809,0.0,0.0025047038562680847,10.630287682801484
linear_d100,100,5.0,linear,0.001,0.0001,0.0,0,frozen,Gaussian-m5,gaussian,1012,10000,1.0,0.0011442244426082967,0.022352875985418477,0.0015281904429610058,1000.0,0.2036785149042784,1000.0,10.0,0.020000000000000004,0.3,5.0,18.96419910046218,0.0,0.0025047038562680847,8.924358833672029
linear_d100,100,5.0,linear,0.001,0.0001,0.0,0,frozen,Gaussian-m5,gaussian,1013,10000,1.0,0.0010717159950032274,0.023896306558641372,0.001115068187702699,1050.0,0.20588985702242388,1000.0,10.0,0.020000000000000004,0.3,5.0,17.395317499734794,0.0,0.0025047038562680847,9.540571632386904
linear_d100,100,5.0,linear,0.001,0.0001,0.0,0,frozen,Gaussian-m5,gaussian,1014,10000,1.0,0.0011193373828602435,0.026995772990235877,0.001368197472226942,1050.0,0.20434592986320024,1000.0,10.0,0.020000000000000004,0.3,5.0,28.93014233758959,0.0,0.0025047038562680847,10.77802987474079
linear_d100,100,5.0,linear,0.001,0.0001,0.0,0,frozen,Gaussian-m5,gaussian,1015,10000,1.0,0.0013270322024260329,0.026255409666430397,0.0010717128287779745,1200.0,0.2045045054876599,1000.0,10.0,0.020000000000000004,0.3,5.0,15.032296725046264,0.0,0.0025047038562680847,10.482440708798995
linear_d100,100,5.0,linear,0.001,0.0001,0.0,0,frozen,Gaussian-m5,gaussian,1016,10000,1.0,0.0012287153114054045,0.02504616442257704,0.0013602165934639685,1150.0,0.20340720920719194,1000.0,10.0,0.020000000000000004,0.3,5.0,16.49279949346517,0.0,0.0025047038562680847,9.999651000615653
linear_d100,100,5.0,linear,0.001,0.0001,0.0,0,frozen,Gaussian-m5,gaussian,1017,10000,1.0,0.0017136915921251257,0.0277094959327945,0.0014621667786851509,1200.0,0.20323235852832694,1000.0,10.0,0.020000000000000004,0.3,5.0,17.427685374512063,0.0,0.0025047038562680847,11.062982900533644
linear_d100,100,5.0,linear,0.001,0.0001,0.0,0,frozen,Gaussian-m5,gaussian,1018,10000,1.0,0.0014551954830056412,0.029556045683068636,0.001349555378466953,1200.0,0.20399764436159043,1000.0,10.0,0.020000000000000004,0.3,5.0,16.565892662299095,0.0,0.0025047038562680847,11.800215665857616
linear_d100,100,5.0,linear,0.001,0.0001,0.0,0,frozen,Gaussian-m5,gaussian,1019,10000,1.0,0.0009904089199308012,0.029326680303947954,0.001170077495360223,1250.0,0.20561544052047814,1000.0,10.0,0.020000000000000004,0.3,5.0,17.79961184467537,0.0,0.0025047038562680847,11.708641814303594
linear_d100,100,5.0,linear,0.001,0.0001,0.0,0,frozen,Gaussian-m5,gaussian,1020,10000,1.0,0.0008477024772966717,0.02536887051054639,0.0012957932312933776,1100.0,0.20517838465994637,1000.0,10.0,0.020000000000000004,0.3,5.0,19.205111682216405,0.0,0.0025047038562680847,10.128491017834365
linear_d100,100,5.0,linear,0.001,0.0001,0.0,0,frozen,Gaussian-m5,gaussian,1021,10000,1.0,0.0010255363408544606,0.027337427355397615,0.000988714071913411,1250.0,0.20643258424774197,1000.0,10.0,0.020000000000000004,0.3,5.0,22.640366815604665,0.0,0.0025047038562680847,10.914434968822766
linear_d100,100,5.0,linear,0.001,0.0001,0.0,0,frozen,Gaussian-m5,gaussian,1022,10000,1.0,0.0012028834475326564,0.025240626465664055,0.0012440331492389555,1150.0,0.20523407306517907,1000.0,10.0,0.020000000000000004,0.3,5.0,19.67477618770338,0.0,0.0025047038562680847,10.077289737267241
linear_d100,100,5.0,linear,0.001,0.0001,0.0,0,frozen,Gaussian-m5,gaussian,1023,10000,1.0,0.0008463506675394056,0.026066389190020543,0.0010144459757056717,1200.0,0.2041896499102142,1000.0,10.0,0.020000000000000004,0.3,5.0,19.759606279211965,0.0,0.0025047038562680847,10.406974511093894
linear_d100,100,5.0,linear,0.001,0.0001,0.0,0,frozen,Gaussian-m5,gaussian,1024,10000,1.0,0.0016003947450492562,0.024984964547681673,0.001311078977778104,1150.0,0.20319617057764072,1000.0,10.0,0.020000000000000004,0.3,5.0,16.348900538967143,0.0,0.0025047038562680847,9.975217024222712
linear_d100,100,5.0,linear,0.001,0.0001,0.0,0,frozen,Gaussian-m5,gaussian,1025,10000,1.0,0.001257720077157102,0.028348306368547908,0.0013738238472823456,1350.0,0.2018294817822459,1000.0,10.0,0.020000000000000004,0.3,5.0,19.312659695492634,0.0,0.0025047038562680847,11.318027198147819
linear_d100,100,5.0,linear,0.001,0.0001,0.0,0,frozen,Gaussian-m5,gaussian,1026,10000,1.0,0.0012096176972516762,0.025153606292924516,0.0010457914306623306,1350.0,0.20219913825517116,1000.0,10.0,0.020000000000000004,0.3,5.0,18.87647898728839,0.0,0.0025047038562680847,10.042547038036844
linear_d100,100,5.0,linear,0.001,0.0001,0.0,0,frozen,Gaussian-m5,gaussian,1027,10000,1.0,0.0016469323494974085,0.026922008875069167,0.0011323810368853346,1150.0,0.2014340287662614,1000.0,10.0,0.020000000000000004,0.3,5.0,21.83866196611571,0.0,0.0025047038562680847,10.7485796405416
linear_d100,100,5.0,linear,0.001,0.0001,0.0,0,frozen,Gaussian-m5,gaussian,1028,10000,1.0,0.0011777485733347253,0.022175716233671334,0.0010620915836332282,1100.0,0.20620373278996446,1000.0,10.0,0.020000000000000004,0.3,5.0,18.42252260617164,0.0,0.0025047038562680847,8.853628016013168
linear_d100,100,5.0,linear,0.001,0.0001,0.0,0,frozen,Gaussian-m5,gaussian,1029,10000,1.0,0.0016484417988477814,0.02419174733933756,0.0014810715471932725,1250.0,0.20012001571193036,1000.0,10.0,0.020000000000000004,0.3,5.0,21.33309001886194,0.0,0.0025047038562680847,9.65852600849282
linear_d100,100,5.0,linear,0.001,0.0001,0.0,0,frozen,Gaussian-m5,gaussian,1030,10000,1.0,0.0013821412622082865,0.026894060790955455,0.0013970146937674357,1200.0,0.20262616351877166,1000.0,10.0,0.020000000000000004,0.3,5.0,21.91696247200414,0.0,0.0025047038562680847,10.737421401596995
linear_d100,100,5.0,linear,0.001,0.0001,0.0,0,frozen,Gaussian-m20,gaussian,1001,10000,1.0,0.0023269528016173517,0.03691754818168647,0.002877623889735856,1800.0,0.40742276653869874,250.0,40.0,0.04000000000000001,0.3,20.0,8.840917516493002,0.0,0.0025047038562680847,14.73928667826313
linear_d100,100,5.0,linear,0.001,0.0001,0.0,0,frozen,Gaussian-m20,gaussian,1002,10000,1.0,0.002936822359324913,0.03374660940654775,0.0029553118203746176,1600.0,0.40301274514927443,250.0,40.0,0.04000000000000001,0.3,20.0,7.659838668102459,0.0,0.0025047038562680847,13.473293188772
linear_d100,100,5.0,linear,0.001,0.0001,0.0,0,frozen,Gaussian-m20,gaussian,1003,10000,1.0,0.0028293628557650432,0.03278522343798682,0.002917771951856768,1650.0,0.4012319418521454,250.0,40.0,0.04000000000000001,0.3,20.0,7.487147382967907,0.0,0.0025047038562680847,13.089460997930344
linear_d100,100,5.0,linear,0.001,0.0001,0.0,0,frozen,Gaussian-m20,gaussian,1004,10000,1.0,0.00330990698569122,0.032448589379458964,0.0032763268622999905,1450.0,0.40337300157278366,250.0,40.0,0.04000000000000001,0.3,20.0,8.582882221881626,0.0,0.0025047038562680847,12.955060255229595
linear_d100,100,5.0,linear,0.001,0.0001,0.0,0,frozen,Gaussian-m20,gaussian,1005,10000,1.0,0.0027118402780687556,0.030918127031266424,0.002872659718894642,1600.0,0.40155144570456264,250.0,40.0,0.04000000000000001,0.3,20.0,8.073220668895054,0.0,0.0025047038562680847,12.344025004749774
linear_d100,100,5.0,linear,0.001,0.0001,0.0,0,frozen,Gaussian-m20,gaussian,1006,10000,1.0,0.002975041231063046,0.03256787576765471,0.002650718728604587,1550.0,0.40622928793252966,250.0,40.0,0.04000000000000001,0.3,20.0,9.285928420484806,0.0,0.0025047038562680847,13.002685202145864
linear_d100,100,5.0,linear,0.001,0.0001,0.0,0,frozen,Gaussian-m20,gaussian,1007,10000,1.0,0.0029553880516208775,0.030720041956971117,0.0030177639686126043,1450.0,0.41182638358411267,250.0,40.0,0.04000000000000001,0.3,20.0,7.241114223638144,0.0,0.0025047038562680847,12.26493977724889
linear_d100,100,5.0,linear,0.001,0.0001,0.0,0,frozen,Gaussian-m20,gaussian,1008,10000,1.0,0.0029269125203050203,0.028867399939932602,0.003366416184995589,1400.0,0.4081725499247411,250.0,40.0,0.04000000000000001,0.3,20.0,9.245395199630696,0.0,0.0025047038562680847,11.525274681751778
linear_d100,100,5.0,linear,0.001,0.0001,0.0,0,frozen,Gaussian-m20,gaussian,1009,10000,1.0,0.0029679990556764476,0.030648521254886884,0.0030439974586954394,1450.0,0.4062169374546797,250.0,40.0,0.04000000000000001,0.3,20.0,7.081647125155483,0.0,0.0025047038562680847,12.236385223022747
linear_d100,100,5.0,linear,0.001,0.0001,0.0,0,frozen,Gaussian-m20,gaussian,1010,10000,1.0,0.0027814036467405045,0.028417473980855663,0.0029165047919683293,1300.0,0.4037864838804702,250.0,40.0,0.04000000000000001,0.3,20.0,8.001339700892121,0.0,0.0025047038562680847,11.345642284112836
linear_d100,100,5.0,linear,0.001,0.0001,0.0,0,frozen,Gaussian-m20,gaussian,1011,10000,1.0,0.0025636467572343327,0.02987467346289677,0.0029474216572436033,1700.0,0.40022568558099786,250.0,40.0,0.04000000000000001,0.3,20.0,7.76877500582878,0.0,0.0025047038562680847,11.927427423459521
linear_d100,100,5.0,linear,0.001,0.0001,0.0,0,frozen,Gaussian-m20,gaussian,1012,10000,1.0,0.0031833147214360502,0.03387098133973768,0.0035158790408922436,1600.0,0.3986504574572632,250.0,40.0,0.04000000000000001,0.3,20.0,7.064152850548089,0.0,0.0025047038562680847,13.52294853340633
linear_d100,100,5.0,linear,0.001,0.0001,0.0,0,frozen,Gaussian-m20,gaussian,1013,10000,1.0,0.0038086599151537946,0.03392383438237174,0.003682097598251202,1600.0,0.3985994579477933,250.0,40.0,0.04000000000000001,0.3,20.0,7.698633967282708,0.0,0.0025047038562680847,13.54405004706504
linear_d100,100,5.0,linear,0.001,0.0001,0.0,0,frozen,Gaussian-m20,gaussian,1014,10000,1.0,0.003201682742851774,0.027198797644981808,0.003108706315368465,1450.0,0.40006445180238814,250.0,40.0,0.04000000000000001,0.3,20.0,9.128872613330897,0.0,0.0025047038562680847,10.859087223791398
linear_d100,100,5.0,linear,0.001,0.0001,0.0,0,frozen,Gaussian-m20,gaussian,1015,10000,1.0,0.0032281707264392445,0.03414378494772303,0.0031086451049206713,1400.0,0.40209773622938494,250.0,40.0,0.04000000000000001,0.3,20.0,9.214148815495019,0.0,0.0025047038562680847,13.631865045553127
linear_d100,100,5.0,linear,0.001,0.0001,0.0,0,frozen,Gaussian-m20,gaussian,1016,10000,1.0,0.002764828353209356,0.033445373295264015,0.0030718634452435254,1600.0,0.40916225744760726,250.0,40.0,0.04000000000000001,0.3,20.0,7.5326441989285,0.0,0.0025047038562680847,13.353025033904157
linear_d100,100,5.0,linear,0.001,0.0001,0.0,0,frozen,Gaussian-m20,gaussian,1017,10000,1.0,0.002766891422636032,0.02834439768682364,0.002881906043011762,1450.0,0.40123922325743877,250.0,40.0,0.04000000000000001,0.3,20.0,8.97385093090183,0.0,0.0025047038562680847,11.316466661673822
linear_d100,100,5.0,linear,0.001,0.0001,0.0,0,frozen,Gaussian-m20,gaussian,1018,10000,1.0,0.0033099643137369417,0.03412747469922034,0.0036052073116085584,1500.0,0.4056413877381502,250.0,40.0,0.04000000000000001,0.3,20.0,7.34161719583434,0.0,0.0025047038562680847,13.62535319846914
linear_d100,100,5.0,linear,0.001,0.0001,0.0,0,frozen,Gaussian-m20,gaussian,1019,10000,1.0,0.0035497569807449933,0.02909245965633196,0.003141030537421182,1450.0,0.4043505259089107,250.0,40.0,0.04000000000000001,0.3,20.0,9.259206834932604,0.0,0.0025047038562680847,11.615129502646528
linear_d100,100,5.0,linear,0.001,0.0001,0.0,0,frozen,Gaussian-m20,gaussian,1020,10000,1.0,0.003301501225982886,0.034893203467916634,0.0036291218431794498,1550.0,0.3977836301231579,250.0,40.0,0.04000000000000001,0.3,20.0,7.587777802737792,0.0,0.0025047038562680847,13.931069487754215
linear_d100,100,5.0,linear,0.001,0.0001,0.0,0,frozen,Gaussian-m20,gaussian,1021,10000,1.0,0.0024359108305289073,0.03404451815030916,0.0030285365133871293,1600.0,0.4024848879281518,250.0,40.0,0.04000000000000001,0.3,20.0,6.194382277292414,0.0,0.0025047038562680847,13.592232896161313
linear_d100,100,5.0,linear,0.001,0.0001,0.0,0,frozen,Gaussian-m20,gaussian,1022,10000,1.0,0.003834867628634879,0.03384670173185606,0.003275738313894598,1450.0,0.4045968442004854,250.0,40.0,0.04000000000000001,0.3,20.0,7.452456525874355,0.0,0.0025047038562680847,13.51325492918208
linear_d100,100,5.0,linear,0.001,0.0001,0.0,0,frozen,Gaussian-m20,gaussian,1023,10000,1.0,0.0029456603278122783,0.035970217861399686,0.003276952748002782,1700.0,0.40079477276339265,250.0,40.0,0.04000000000000001,0.3,20.0,7.636296681874491,0.0,0.0025047038562680847,14.361066188077807
linear_d100,100,5.0,linear,0.001,0.0001,0.0,0,frozen,Gaussian-m20,gaussian,1024,10000,1.0,0.0032725055276403587,0.03844308344049789,0.002810750847805828,1750.0,0.4027842280232926,250.0,40.0,0.04000000000000001,0.3,20.0,6.462389557861947,0.0,0.0025047038562680847,15.348354794237691
linear_d100,100,5.0,linear,0.001,0.0001,0.0,0,frozen,Gaussian-m20,gaussian,1025,10000,1.0,0.0023515092389883004,0.03711446038661551,0.0029714357621869326,1800.0,0.40000431475946324,250.0,40.0,0.04000000000000001,0.3,20.0,7.023329580823588,0.0,0.0025047038562680847,14.817903639081178
linear_d100,100,5.0,linear,0.001,0.0001,0.0,0,frozen,Gaussian-m20,gaussian,1026,10000,1.0,0.0026405985843877,0.02832808853265123,0.0032984754917508366,1400.0,0.40446288331500907,250.0,40.0,0.04000000000000001,0.3,20.0,9.487612802926096,0.0,0.0025047038562680847,11.309955251499883
linear_d100,100,5.0,linear,0.001,0.0001,0.0,0,frozen,Gaussian-m20,gaussian,1027,10000,1.0,0.0032181922178356405,0.0327844697311163,0.0031629985569449665,1500.0,0.40116966966349354,250.0,40.0,0.04000000000000001,0.3,20.0,7.977554182966406,0.0,0.0025047038562680847,13.089160081369435
linear_d100,100,5.0,linear,0.001,0.0001,0.0,0,frozen,Gaussian-m20,gaussian,1028,10000,1.0,0.0032832803392813703,0.032471746743125994,0.0031567175171964904,1600.0,0.40359294767294135,250.0,40.0,0.04000000000000001,0.3,20.0,9.151849666541302,0.0,0.0025047038562680847,12.964305804801883
linear_d100,100,5.0,linear,0.001,0.0001,0.0,0,frozen,Gaussian-m20,gaussian,1029,10000,1.0,0.0034035947503716834,0.03169283418664315,0.003341847088894467,1750.0,0.40660535269363435,250.0,40.0,0.04000000000000001,0.3,20.0,8.816914719213282,0.0,0.0025047038562680847,12.653325904110792
linear_d100,100,5.0,linear,0.001,0.0001,0.0,0,frozen,Gaussian-m20,gaussian,1030,10000,1.0,0.0030406501241772724,0.02819948442018169,0.00330642268858989,1400.0,0.4037653568162734,250.0,40.0,0.04000000000000001,0.3,20.0,9.06992661397223,0.0,0.0025047038562680847,11.258610214381939
linear_d100,100,5.0,linear,0.001,0.0001,0.0,0,frozen,CoordinateCentral,coordinate,1001,10000,1.0,0.05185868210413568,0.12760093940102454,0.052130522161882596,,0.9907070580026225,50.0,200.0,0.04,0.1,1.0,3.1966178479832568,0.0,0.0025047038562680847,50.94452147773876
linear_d100,100,5.0,linear,0.001,0.0001,0.0,0,frozen,CoordinateCentral,coordinate,1002,10000,1.0,0.05196237725730746,0.12775454907659828,0.05239722645350774,,0.9905192576883498,50.0,200.0,0.04,0.1,1.0,3.184318747891021,0.0,0.0025047038562680847,51.005849955829824
linear_d100,100,5.0,linear,0.001,0.0001,0.0,0,frozen,CoordinateCentral,coordinate,1003,10000,1.0,0.05142893219684955,0.12763349304180224,0.05227606843262616,,0.9904004059475886,50.0,200.0,0.04,0.1,1.0,3.176259022642357,0.0,0.0025047038562680847,50.9575184796383
linear_d100,100,5.0,linear,0.001,0.0001,0.0,0,frozen,CoordinateCentral,coordinate,1004,10000,1.0,0.050931689191524986,0.127826479410069,0.05193432868188159,,0.9907885082101242,50.0,200.0,0.04,0.1,1.0,3.1840699003103343,0.0,0.0025047038562680847,51.034568054893995
linear_d100,100,5.0,linear,0.001,0.0001,0.0,0,frozen,CoordinateCentral,coordinate,1005,10000,1.0,0.05164651097636806,0.12810638431944293,0.052261439298127335,,0.9907982040779847,50.0,200.0,0.04,0.1,1.0,3.169754273220828,0.0,0.0025047038562680847,51.14631975307319
linear_d100,100,5.0,linear,0.001,0.0001,0.0,0,frozen,CoordinateCentral,coordinate,1006,10000,1.0,0.05170719246974104,0.12791126179983783,0.052170684912225616,,0.9907448059119741,50.0,200.0,0.04,0.1,1.0,3.1669962119736748,0.0,0.0025047038562680847,51.06841732196669
linear_d100,100,5.0,linear,0.001,0.0001,0.0,0,frozen,CoordinateCentral,coordinate,1007,10000,1.0,0.05130151475034609,0.12739219097791804,0.051973921533192614,,0.9907908096230864,50.0,200.0,0.04,0.1,1.0,3.1851715375277214,0.0,0.0025047038562680847,50.861178921059214
linear_d100,100,5.0,linear,0.001,0.0001,0.0,0,frozen,CoordinateCentral,coordinate,1008,10000,1.0,0.05157354984162187,0.12785506975426647,0.05227349925999195,,0.9908782087441285,50.0,200.0,0.04,0.1,1.0,3.1926191896209923,0.0,0.0025047038562680847,51.04598271540403
linear_d100,100,5.0,linear,0.001,0.0001,0.0,0,frozen,CoordinateCentral,coordinate,1009,10000,1.0,0.05222257382199826,0.12791666521087572,0.05266695079472695,,0.99087308815529,50.0,200.0,0.04,0.1,1.0,3.183190408308092,0.0,0.0025047038562680847,51.07057462732013
linear_d100,100,5.0,linear,0.001,0.0001,0.0,0,frozen,CoordinateCentral,coordinate,1010,10000,1.0,0.05231367217355337,0.12807746715688414,0.05271988343489838,,0.9906309937849618,50.0,200.0,0.04,0.1,1.0,3.1805036678130736,0.0,0.0025047038562680847,51.134774610725756
linear_d100,100,5.0,linear,0.001,0.0001,0.0,0,frozen,CoordinateCentral,coordinate,1011,10000,1.0,0.05232747483749787,0.1283688968541764,0.05286457130732866,,0.990712957978424,50.0,200.0,0.04,0.1,1.0,3.1727505320704315,0.0,0.0025047038562680847,51.25112756661032
linear_d100,100,5.0,linear,0.001,0.0001,0.0,0,frozen,CoordinateCentral,coordinate,1012,10000,1.0,0.051130571930620296,0.12794809870330015,0.051884217816626756,,0.9908746056105332,50.0,200.0,0.04,0.1,1.0,3.1764518130257517,0.0,0.0025047038562680847,51.08312441133781
linear_d100,100,5.0,linear,0.001,0.0001,0.0,0,frozen,CoordinateCentral,coordinate,1013,10000,1.0,0.05210766045392661,0.1280359648708495,0.05259271056756857,,0.9906639054637968,50.0,200.0,0.04,0.1,1.0,3.1801463485191035,0.0,0.0025047038562680847,51.118204872977806
linear_d100,100,5.0,linear,0.001,0.0001,0.0,0,frozen,CoordinateCentral,coordinate,1014,10000,1.0,0.051555482024791474,0.1279262683456241,0.05235197904495588,,0.9911013755087231,50.0,200.0,0.04,0.1,1.0,3.1762888758756276,0.0,0.0025047038562680847,51.07440866731026
linear_d100,100,5.0,linear,0.001,0.0001,0.0,0,frozen,CoordinateCentral,coordinate,1015,10000,1.0,0.051723890224472914,0.12786201627232885,0.0523433260167278,,0.9909853291488406,50.0,200.0,0.04,0.1,1.0,3.184640363599727,0.0,0.0025047038562680847,51.048756104379734
linear_d100,100,5.0,linear,0.001,0.0001,0.0,0,frozen,CoordinateCentral,coordinate,1016,10000,1.0,0.051732472037556494,0.12781040685657655,0.05223241474135609,,0.991040472048779,50.0,200.0,0.04,0.1,1.0,3.1794614718309813,0.0,0.0025047038562680847,51.02815110725676
linear_d100,100,5.0,linear,0.001,0.0001,0.0,0,frozen,CoordinateCentral,coordinate,1017,10000,1.0,0.05163561155204058,0.1278783266015824,0.05238092211672028,,0.9908305778235961,50.0,200.0,0.04,0.1,1.0,3.1772823254878615,0.0,0.0025047038562680847,51.05526798370341
linear_d100,100,5.0,linear,0.001,0.0001,0.0,0,frozen,CoordinateCentral,coordinate,1018,10000,1.0,0.051927942209906236,0.12775242066896453,0.05229672879741551,,0.9906487138438823,50.0,200.0,0.04,0.1,1.0,3.1898072950889635,0.0,0.0025047038562680847,51.00500019164376
linear_d100,100,5.0,linear,0.001,0.0001,0.0,0,frozen,CoordinateCentral,coordinate,1019,10000,1.0,0.05195902494842141,0.12813460287826656,0.05271997410121073,,0.9907358804352541,50.0,200.0,0.04,0.1,1.0,3.184053855821263,0.0,0.0025047038562680847,51.15758597872019
linear_d100,100,5.0,linear,0.001,0.0001,0.0,0,frozen,CoordinateCentral,coordinate,1020,10000,1.0,0.05234500708506102,0.12816935051646713,0.053038175957620004,,0.9909777065426921,50.0,200.0,0.04,0.1,1.0,3.184324170249743,0.0,0.0025047038562680847,51.17145893145016
linear_d100,100,5.0,linear,0.001,0.0001,0.0,0,frozen,CoordinateCentral,coordinate,1021,10000,1.0,0.05152749019776407,0.12785208133234965,0.05236972403431037,,0.9903926092345746,50.0,200.0,0.04,0.1,1.0,3.170414928345891,0.0,0.0025047038562680847,51.04478959155055
linear_d100,100,5.0,linear,0.001,0.0001,0.0,0,frozen,CoordinateCentral,coordinate,1022,10000,1.0,0.05174775035040512,0.12817569407776006,0.05256646140466153,,0.9908913261843463,50.0,200.0,0.04,0.1,1.0,3.165482234227264,0.0,0.0025047038562680847,51.173991590661366
linear_d100,100,5.0,linear,0.001,0.0001,0.0,0,frozen,CoordinateCentral,coordinate,1023,10000,1.0,0.05141057247204485,0.1276863155822339,0.05185750660066586,,0.9903291134305264,50.0,200.0,0.04,0.1,1.0,3.1703455295563217,0.0,0.0025047038562680847,50.97860781532941
linear_d100,100,5.0,linear,0.001,0.0001,0.0,0,frozen,CoordinateCentral,coordinate,1024,10000,1.0,0.051917892120591495,0.12827182923819577,0.05249647922242144,,0.9911806632947853,50.0,200.0,0.04,0.1,1.0,3.1737843052061434,0.0,0.0025047038562680847,51.21237343775883
linear_d100,100,5.0,linear,0.001,0.0001,0.0,0,frozen,CoordinateCentral,coordinate,1025,10000,1.0,0.05200785339558602,0.12815106246323554,0.05304762322573554,,0.9906576714221573,50.0,200.0,0.04,0.1,1.0,3.1767406525429323,0.0,0.0025047038562680847,51.164157448208606
linear_d100,100,5.0,linear,0.001,0.0001,0.0,0,frozen,CoordinateCentral,coordinate,1026,10000,1.0,0.05171560040372785,0.12767529484353543,0.05224506346540275,,0.9909101994394853,50.0,200.0,0.04,0.1,1.0,3.186587083952422,0.0,0.0025047038562680847,50.9742077986684
linear_d100,100,5.0,linear,0.001,0.0001,0.0,0,frozen,CoordinateCentral,coordinate,1027,10000,1.0,0.051421597503233836,0.1282877136450385,0.05255776299503716,,0.9906085700560863,50.0,200.0,0.04,0.1,1.0,3.167995492475124,0.0,0.0025047038562680847,51.21871526807261
linear_d100,100,5.0,linear,0.001,0.0001,0.0,0,frozen,CoordinateCentral,coordinate,1028,10000,1.0,0.051226558787742786,0.1276643773432631,0.052087596338631026,,0.9904190399168082,50.0,200.0,0.04,0.1,1.0,3.188981865785941,0.0,0.0025047038562680847,50.969848999824784
linear_d100,100,5.0,linear,0.001,0.0001,0.0,0,frozen,CoordinateCentral,coordinate,1029,10000,1.0,0.05193804064523602,0.12815634045131016,0.052635651998627346,,0.9905464321569702,50.0,200.0,0.04,0.1,1.0,3.1826178180852223,0.0,0.0025047038562680847,51.16626467859491
linear_d100,100,5.0,linear,0.001,0.0001,0.0,0,frozen,CoordinateCentral,coordinate,1030,10000,1.0,0.05143559840685194,0.1275434408510597,0.052338055762105956,,0.9904828681641388,50.0,200.0,0.04,0.1,1.0,3.183335817082034,0.0,0.0025047038562680847,50.921565250869484
stationary_d200,200,5.0,stationary,0.001,0.0,0.0,0,frozen,SPSA-m1,spsa,1001,10000,0.0,1.0094593744471138e-06,0.04947706249096777,1.1015643129223142e-06,2300.0,0.05262577541366185,5000.0,2.0,0.002,0.3,1.0,114.0015947519403,0.0,0.002504834826841028,19.75262478818444
stationary_d200,200,5.0,stationary,0.001,0.0,0.0,0,frozen,SPSA-m1,spsa,1002,10000,0.0,9.343835903540784e-07,0.05047103581670169,1.1314282716697808e-06,2500.0,0.0524844363715858,5000.0,2.0,0.002,0.3,1.0,94.79394214113942,0.0,0.002504834826841028,20.149446692400563
stationary_d200,200,5.0,stationary,0.001,0.0,0.0,0,frozen,SPSA-m1,spsa,1003,10000,0.0,1.0314826826479085e-06,0.048466079711018045,1.0939493443794035e-06,2300.0,0.052433151887668304,5000.0,2.0,0.002,0.3,1.0,101.7775192749494,0.0,0.002504834826841028,19.349012234926896
stationary_d200,200,5.0,stationary,0.001,0.0,0.0,0,frozen,SPSA-m1,spsa,1004,10000,0.0,1.1925428580363547e-06,0.045238330294509486,1.1676894784943433e-06,2300.0,0.05191941725218032,5000.0,2.0,0.002,0.3,1.0,107.3259178551155,0.0,0.002504834826841028,18.06040454633961
stationary_d200,200,5.0,stationary,0.001,0.0,0.0,0,frozen,SPSA-m1,spsa,1005,10000,0.0,9.266110787344562e-07,0.05108801381169996,9.8289069091582e-07,2200.0,0.05154117712044117,5000.0,2.0,0.002,0.3,1.0,141.60890188156048,0.0,0.002504834826841028,20.395761534555792
stationary_d200,200,5.0,stationary,0.001,0.0,0.0,0,frozen,SPSA-m1,spsa,1006,10000,0.0,1.0900563076947866e-06,0.04951299296450923,1.1837019881645427e-06,2450.0,0.05223233759996573,5000.0,2.0,0.002,0.3,1.0,96.25408032196816,0.0,0.002504834826841028,19.766969236431663
stationary_d200,200,5.0,stationary,0.001,0.0,0.0,0,frozen,SPSA-m1,spsa,1007,10000,0.0,1.1589762124969768e-06,0.049028231496024845,1.1370739733931703e-06,2250.0,0.05250299659383073,5000.0,2.0,0.002,0.3,1.0,108.0171932211526,0.0,0.002504834826841028,19.57343892325898
stationary_d200,200,5.0,stationary,0.001,0.0,0.0,0,frozen,SPSA-m1,spsa,1008,10000,0.0,1.1598713945989509e-06,0.050785364921725244,1.2145160223399483e-06,2450.0,0.05162965207096044,5000.0,2.0,0.002,0.3,1.0,101.4142481560701,0.0,0.002504834826841028,20.274935647462712
stationary_d200,200,5.0,stationary,0.001,0.0,0.0,0,frozen,SPSA-m1,spsa,1009,10000,0.0,1.1282922423363075e-06,0.055009476703987766,1.2313857575361683e-06,2550.0,0.050933905319067524,5000.0,2.0,0.002,0.3,1.0,106.48359515322164,0.0,0.002504834826841028,21.96131901174616
stationary_d200,200,5.0,stationary,0.001,0.0,0.0,0,frozen,SPSA-m1,spsa,1010,10000,0.0,1.0908461826174688e-06,0.050298455166084,1.1983533047326922e-06,2100.0,0.051994032086624564,5000.0,2.0,0.002,0.3,1.0,94.24485177427331,0.0,0.002504834826841028,20.080547678075
stationary_d200,200,5.0,stationary,0.001,0.0,0.0,0,frozen,SPSA-m1,spsa,1011,10000,0.0,1.1903816332002473e-06,0.05012003326598738,1.2346419444844183e-06,2450.0,0.05156313248528331,5000.0,2.0,0.002,0.3,1.0,102.24085833078271,0.0,0.002504834826841028,20.00931667386478
stationary_d200,200,5.0,stationary,0.001,0.0,0.0,0,frozen,SPSA-m1,spsa,1012,10000,0.0,9.529200939803961e-07,0.04917815602184221,1.028678231947981e-06,2400.0,0.051152259918783444,5000.0,2.0,0.002,0.3,1.0,118.0667444227428,0.0,0.002504834826841028,19.633292979985924
stationary_d200,200,5.0,stationary,0.001,0.0,0.0,0,frozen,SPSA-m1,spsa,1013,10000,0.0,1.0012738001331198e-06,0.054662365818068506,1.0117712344096082e-06,2400.0,0.05227082251726292,5000.0,2.0,0.002,0.3,1.0,100.28979895691329,0.0,0.002504834826841028,21.82274265445516
stationary_d200,200,5.0,stationary,0.001,0.0,0.0,0,frozen,SPSA-m1,spsa,1014,10000,0.0,1.2634880455027587e-06,0.05443333668629799,1.2117702405557705e-06,2400.0,0.05167346477250469,5000.0,2.0,0.002,0.3,1.0,111.88978049181368,0.0,0.002504834826841028,21.731307830363644
stationary_d200,200,5.0,stationary,0.001,0.0,0.0,0,frozen,SPSA-m1,spsa,1015,10000,0.0,1.1010800915109686e-06,0.051974365164280195,1.1511237908468423e-06,2400.0,0.05188462147976416,5000.0,2.0,0.002,0.3,1.0,117.65960552585538,0.0,0.002504834826841028,20.74961774219167
stationary_d200,200,5.0,stationary,0.001,0.0,0.0,0,frozen,SPSA-m1,spsa,1016,10000,0.0,9.460275867284801e-07,0.04578466312570113,1.1568140785679556e-06,2200.0,0.0524418031844989,5000.0,2.0,0.002,0.3,1.0,150.0080060616934,0.0,0.002504834826841028,18.27851586663
stationary_d200,200,5.0,stationary,0.001,0.0,0.0,0,frozen,SPSA-m1,spsa,1017,10000,0.0,1.1641578077120014e-06,0.05382117274315472,1.0693934798595225e-06,2450.0,0.052764078045367126,5000.0,2.0,0.002,0.3,1.0,97.7228207500196,0.0,0.002504834826841028,21.486914892121362
stationary_d200,200,5.0,stationary,0.001,0.0,0.0,0,frozen,SPSA-m1,spsa,1018,10000,0.0,9.665271085067856e-07,0.04241502078428988,1.0660831891471749e-06,2150.0,0.052422119441119026,5000.0,2.0,0.002,0.3,1.0,128.44665431887574,0.0,0.002504834826841028,16.93326056065005
stationary_d200,200,5.0,stationary,0.001,0.0,0.0,0,frozen,SPSA-m1,spsa,1019,10000,0.0,1.1291002598811437e-06,0.05987661864403892,1.0694280341464394e-06,2600.0,0.05271431411069698,5000.0,2.0,0.002,0.3,1.0,138.17413142645472,0.0,0.002504834826841028,23.90441796896936
stationary_d200,200,5.0,stationary,0.001,0.0,0.0,0,frozen,SPSA-m1,spsa,1020,10000,0.0,1.2521547610930292e-06,0.04947983867945454,1.2113355773825492e-06,2300.0,0.05163826632745785,5000.0,2.0,0.002,0.3,1.0,86.17711217133657,0.0,0.002504834826841028,19.75373312014191
stationary_d200,200,5.0,stationary,0.001,0.0,0.0,0,frozen,SPSA-m1,spsa,1021,10000,0.0,1.2476896603534024e-06,0.048992565098702846,1.2066661081463505e-06,2450.0,0.05225185187194005,5000.0,2.0,0.002,0.3,1.0,86.47623766118713,0.0,0.002504834826841028,19.5591999016118
stationary_d200,200,5.0,stationary,0.001,0.0,0.0,0,frozen,SPSA-m1,spsa,1022,10000,0.0,1.0656328703061355e-06,0.049443002225947476,1.2647819152022305e-06,2450.0,0.05127101378429305,5000.0,2.0,0.002,0.3,1.0,94.20127383944528,0.0,0.002504834826841028,19.739026979396684
stationary_d200,200,5.0,stationary,0.001,0.0,0.0,0,frozen,SPSA-m1,spsa,1023,10000,0.0,1.0710021990126735e-06,0.053696745209059954,1.1526268955594985e-06,2600.0,0.05215457445180814,5000.0,2.0,0.002,0.3,1.0,96.12029970070866,0.0,0.002504834826841028,21.43723994638784
stationary_d200,200,5.0,stationary,0.001,0.0,0.0,0,frozen,SPSA-m1,spsa,1024,10000,0.0,1.0697431407685487e-06,0.054475043657316966,1.194982657552829e-06,2450.0,0.05159424897024402,5000.0,2.0,0.002,0.3,1.0,89.91160938478286,0.0,0.002504834826841028,21.747958417688626
stationary_d200,200,5.0,stationary,0.001,0.0,0.0,0,frozen,SPSA-m1,spsa,1025,10000,0.0,1.1274648044205582e-06,0.044989740810007076,1.2102307794912982e-06,2100.0,0.05178519961372471,5000.0,2.0,0.002,0.3,1.0,136.5262172687289,0.0,0.002504834826841028,17.961160683295784
stationary_d200,200,5.0,stationary,0.001,0.0,0.0,0,frozen,SPSA-m1,spsa,1026,10000,0.0,1.506779503005573e-06,0.04912695849992255,1.3942565950323847e-06,2350.0,0.051513785496776134,5000.0,2.0,0.002,0.3,1.0,91.82016757428208,0.0,0.002504834826841028,19.61285349975711
stationary_d200,200,5.0,stationary,0.001,0.0,0.0,0,frozen,SPSA-m1,spsa,1027,10000,0.0,1.2454762754886493e-06,0.05216819516614036,1.0894269477261481e-06,2300.0,0.052129364125674024,5000.0,2.0,0.002,0.3,1.0,99.13504401957881,0.0,0.002504834826841028,20.82700009083324
stationary_d200,200,5.0,stationary,0.001,0.0,0.0,0,frozen,SPSA-m1,spsa,1028,10000,0.0,1.0785188058423747e-06,0.05198020973312998,1.0309310808685023e-06,2450.0,0.051883531361900055,5000.0,2.0,0.002,0.3,1.0,90.58935430926455,0.0,0.002504834826841028,20.751951057261852
stationary_d200,200,5.0,stationary,0.001,0.0,0.0,0,frozen,SPSA-m1,spsa,1029,10000,0.0,1.0586537409201277e-06,0.04210924765643407,1.1690408234840758e-06,2200.0,0.05194402993701593,5000.0,2.0,0.002,0.3,1.0,122.00631416204412,0.0,0.002504834826841028,16.81118739056345
stationary_d200,200,5.0,stationary,0.001,0.0,0.0,0,frozen,SPSA-m1,spsa,1030,10000,0.0,1.2046922946748929e-06,0.04835095305626872,1.066263151654945e-06,2550.0,0.05226458862307962,5000.0,2.0,0.002,0.3,1.0,116.23740536703933,0.0,0.002504834826841028,19.30305045991656
stationary_d200,200,5.0,stationary,0.001,0.0,0.0,0,frozen,Gaussian-m1,gaussian,1001,10000,0.0,0.00023348473403054018,0.04891704378951495,0.0002182182824405262,2350.0,0.049085919158387684,5000.0,2.0,0.002,0.3,1.0,106.27961826296307,0.0,0.002504834826841028,19.529049686364615
stationary_d200,200,5.0,stationary,0.001,0.0,0.0,0,frozen,Gaussian-m1,gaussian,1002,10000,0.0,0.000195325734684635,0.05116567374912807,0.0002063408032880201,2300.0,0.04917504510325639,5000.0,2.0,0.002,0.3,1.0,117.73882818481641,0.0,0.002504834826841028,20.426765549908794
stationary_d200,200,5.0,stationary,0.001,0.0,0.0,0,frozen,Gaussian-m1,gaussian,1003,10000,0.0,0.00022377467580992502,0.057666565410671146,0.00025407213376802323,2450.0,0.04811290715688099,5000.0,2.0,0.002,0.3,1.0,94.58408918978498,0.0,0.002504834826841028,23.022103011637427
stationary_d200,200,5.0,stationary,0.001,0.0,0.0,0,frozen,Gaussian-m1,gaussian,1004,10000,0.0,0.00020676139414461814,0.049249213308594754,0.00021287233361833922,2250.0,0.048302823077755117,5000.0,2.0,0.002,0.3,1.0,98.63834040947404,0.0,0.002504834826841028,19.6616610328376
stationary_d200,200,5.0,stationary,0.001,0.0,0.0,0,frozen,Gaussian-m1,gaussian,1005,10000,0.0,0.00019692089714474972,0.05296851655858215,0.00020370301035774365,2500.0,0.0490925908755262,5000.0,2.0,0.002,0.3,1.0,129.8549100617894,0.0,0.002504834826841028,21.14651073635198
stationary_d200,200,5.0,stationary,0.001,0.0,0.0,0,frozen,Gaussian-m1,gaussian,1006,10000,0.0,0.00021366832152927716,0.04785530899717183,0.0002450477721688083,2400.0,0.04845724897641982,5000.0,2.0,0.002,0.3,1.0,103.02601352392782,0.0,0.002504834826841028,19.10517551272015
stationary_d200,200,5.0,stationary,0.001,0.0,0.0,0,frozen,Gaussian-m1,gaussian,1007,10000,0.0,0.00021216624241402797,0.04824531509809763,0.00022077977598732043,2400.0,0.04838993261974302,5000.0,2.0,0.002,0.3,1.0,106.21084844883586,0.0,0.002504834826841028,19.260876837512757
stationary_d200,200,5.0,stationary,0.001,0.0,0.0,0,frozen,Gaussian-m1,gaussian,1008,10000,0.0,0.0002007832527463775,0.05287299744036833,0.00020229160927588582,2550.0,0.04922689378688814,5000.0,2.0,0.002,0.3,1.0,96.19440116562804,0.0,0.002504834826841028,21.108376837385762
stationary_d200,200,5.0,stationary,0.001,0.0,0.0,0,frozen,Gaussian-m1,gaussian,1009,10000,0.0,0.0002420866802613565,0.049123351535436,0.0002116215270375692,2300.0,0.04839948452691102,5000.0,2.0,0.002,0.3,1.0,106.5143236755952,0.0,0.002504834826841028,19.611413498824554
stationary_d200,200,5.0,stationary,0.001,0.0,0.0,0,frozen,Gaussian-m1,gaussian,1010,10000,0.0,0.00020279698391622935,0.04448025370533185,0.00022217611965496924,2150.0,0.04924136855319434,5000.0,2.0,0.002,0.3,1.0,104.70899967766721,0.0,0.002504834826841028,17.757759205794866
stationary_d200,200,5.0,stationary,0.001,0.0,0.0,0,frozen,Gaussian-m1,gaussian,1011,10000,0.0,0.00022829624997863923,0.0484439799447428,0.00023433753628137824,2100.0,0.047808636517046046,5000.0,2.0,0.002,0.3,1.0,123.38628967676472,0.0,0.002504834826841028,19.340189391185493
stationary_d200,200,5.0,stationary,0.001,0.0,0.0,0,frozen,Gaussian-m1,gaussian,1012,10000,0.0,0.00021019071437984818,0.05255577746059299,0.00021810651470833157,2150.0,0.04795402123871445,5000.0,2.0,0.002,0.3,1.0,128.93538637215653,0.0,0.002504834826841028,20.981733764407014
stationary_d200,200,5.0,stationary,0.001,0.0,0.0,0,frozen,Gaussian-m1,gaussian,1013,10000,0.0,0.00022219685768388705,0.05277586611183806,0.0002047770079819205,2500.0,0.048229036242289004,5000.0,2.0,0.002,0.3,1.0,91.08001544318508,0.0,0.002504834826841028,21.069599299046928
stationary_d200,200,5.0,stationary,0.001,0.0,0.0,0,frozen,Gaussian-m1,gaussian,1014,10000,0.0,0.0002228128652564004,0.054345275456523574,0.00023659730728982042,2450.0,0.04915763008146609,5000.0,2.0,0.002,0.3,1.0,83.4151165150309,0.0,0.002504834826841028,21.69615132869304
stationary_d200,200,5.0,stationary,0.001,0.0,0.0,0,frozen,Gaussian-m1,gaussian,1015,10000,0.0,0.00025761989171069725,0.05528083684064315,0.00021449967429993896,2550.0,0.04887675251072751,5000.0,2.0,0.002,0.3,1.0,99.02639345060815,0.0,0.002504834826841028,22.069653554905482
stationary_d200,200,5.0,stationary,0.001,0.0,0.0,0,frozen,Gaussian-m1,gaussian,1016,10000,0.0,0.000271769497458537,0.04991655615490996,0.0002541909750038827,2300.0,0.0484358609042515,5000.0,2.0,0.002,0.3,1.0,96.23245497265559,0.0,0.002504834826841028,19.92808292986816
stationary_d200,200,5.0,stationary,0.001,0.0,0.0,0,frozen,Gaussian-m1,gaussian,1017,10000,0.0,0.00024147523071134532,0.048672105889314206,0.00024923653081861856,2350.0,0.04860783935409049,5000.0,2.0,0.002,0.3,1.0,144.59642863012087,0.0,0.002504834826841028,19.43126363772937
stationary_d200,200,5.0,stationary,0.001,0.0,0.0,0,frozen,Gaussian-m1,gaussian,1018,10000,0.0,0.00020641898155956539,0.04712420803851334,0.0002225396495283903,2250.0,0.048888439707726536,5000.0,2.0,0.002,0.3,1.0,127.21782619480989,0.0,0.002504834826841028,18.813299597061267
stationary_d200,200,5.0,stationary,0.001,0.0,0.0,0,frozen,Gaussian-m1,gaussian,1019,10000,0.0,0.00025599202681404873,0.048150127273591206,0.0002368775059777563,2300.0,0.04813774526523895,5000.0,2.0,0.002,0.3,1.0,104.18719118263544,0.0,0.002504834826841028,19.222875200244534
stationary_d200,200,5.0,stationary,0.001,0.0,0.0,0,frozen,Gaussian-m1,gaussian,1020,10000,0.0,0.00021210781998768654,0.050313148701950465,0.00022307527075450244,2200.0,0.04940308814013625,5000.0,2.0,0.002,0.3,1.0,123.50063565606305,0.0,0.002504834826841028,20.086413747848948
stationary_d200,200,5.0,stationary,0.001,0.0,0.0,0,frozen,Gaussian-m1,gaussian,1021,10000,0.0,0.0002635484475506021,0.05609496629413056,0.00026105207768255067,2400.0,0.04818388118880977,5000.0,2.0,0.002,0.3,1.0,85.86254516531633,0.0,0.002504834826841028,22.394676763926473
stationary_d200,200,5.0,stationary,0.001,0.0,0.0,0,frozen,Gaussian-m1,gaussian,1022,10000,0.0,0.00024958212776456925,0.04798310697148778,0.0002340525632023406,2100.0,0.04853281591362334,5000.0,2.0,0.002,0.3,1.0,114.95345035405803,0.0,0.002504834826841028,19.156196032295536
stationary_d200,200,5.0,stationary,0.001,0.0,0.0,0,frozen,Gaussian-m1,gaussian,1023,10000,0.0,0.00023715878191750867,0.04490527685496803,0.0002449785203622946,2200.0,0.0480141001632549,5000.0,2.0,0.002,0.3,1.0,132.1666166157905,0.0,0.002504834826841028,17.927440314138522
stationary_d200,200,5.0,stationary,0.001,0.0,0.0,0,frozen,Gaussian-m1,gaussian,1024,10000,0.0,0.00024331872687171952,0.049473046750844546,0.0002359828630551341,2200.0,0.04871703926467055,5000.0,2.0,0.002,0.3,1.0,108.04480123228944,0.0,0.002504834826841028,19.75102159260436
stationary_d200,200,5.0,stationary,0.001,0.0,0.0,0,frozen,Gaussian-m1,gaussian,1025,10000,0.0,0.0002542744214333368,0.05036135118695596,0.00023224592729182474,2250.0,0.04896187354069116,5000.0,2.0,0.002,0.3,1.0,105.86519383008626,0.0,0.002504834826841028,20.105657525717643
stationary_d200,200,5.0,stationary,0.001,0.0,0.0,0,frozen,Gaussian-m1,gaussian,1026,10000,0.0,0.0002264649156431305,0.046583543519580876,0.0002027522180890759,2250.0,0.05006604562757785,5000.0,2.0,0.002,0.3,1.0,110.01409893167151,0.0,0.002504834826841028,18.597451225288857
stationary_d200,200,5.0,stationary,0.001,0.0,0.0,0,frozen,Gaussian-m1,gaussian,1027,10000,0.0,0.00027590406024315605,0.05629201056287602,0.00023721628286520763,2500.0,0.04883500956081555,5000.0,2.0,0.002,0.3,1.0,77.12805468608266,0.0,0.002504834826841028,22.47334233765373
stationary_d200,200,5.0,stationary,0.001,0.0,0.0,0,frozen,Gaussian-m1,gaussian,1028,10000,0.0,0.00023986865665332724,0.051974515627492814,0.0002410960765183241,2500.0,0.048543402464227885,5000.0,2.0,0.002,0.3,1.0,116.28887665058052,0.0,0.002504834826841028,20.74967781130721
stationary_d200,200,5.0,stationary,0.001,0.0,0.0,0,frozen,Gaussian-m1,gaussian,1029,10000,0.0,0.00023432597412445953,0.05274185575078821,0.00025417215848694096,2250.0,0.04906829218913794,5000.0,2.0,0.002,0.3,1.0,93.45873189378273,0.0,0.002504834826841028,21.056021413317534
stationary_d200,200,5.0,stationary,0.001,0.0,0.0,0,frozen,Gaussian-m1,gaussian,1030,10000,0.0,0.00026023868132845295,0.05486424978500844,0.00024376826903537373,2400.0,0.04816882600996842,5000.0,2.0,0.002,0.3,1.0,128.68867110151356,0.0,0.002504834826841028,21.90334037083015
stationary_d200,200,5.0,stationary,0.001,0.0,0.0,0,frozen,Gaussian-m5,gaussian,1001,10000,0.0,0.0002630662910086027,0.04947506957179021,0.00024331248633414242,2450.0,0.13221231130278,1000.0,10.0,0.010000000000000002,0.3,5.0,28.55420892963962,0.0,0.002504834826841028,19.751829159204753
stationary_d200,200,5.0,stationary,0.001,0.0,0.0,0,frozen,Gaussian-m5,gaussian,1002,10000,0.0,0.00024276433508700222,0.059511015944102234,0.00022069828692656909,2600.0,0.12945738498164255,1000.0,10.0,0.010000000000000002,0.3,5.0,25.124050320376984,0.0,0.002504834826841028,23.75845916321538
stationary_d200,200,5.0,stationary,0.001,0.0,0.0,0,frozen,Gaussian-m5,gaussian,1003,10000,0.0,0.00022725111173253797,0.05794835748624607,0.00021967821400837478,2600.0,0.12933197325818008,1000.0,10.0,0.010000000000000002,0.3,5.0,25.148262395527606,0.0,0.002504834826841028,23.134602276082063
stationary_d200,200,5.0,stationary,0.001,0.0,0.0,0,frozen,Gaussian-m5,gaussian,1004,10000,0.0,0.00024442919757821063,0.04861048375160659,0.00022568860773266108,2300.0,0.12842499244946465,1000.0,10.0,0.010000000000000002,0.3,5.0,27.743136394734616,0.0,0.002504834826841028,19.40666235981384
stationary_d200,200,5.0,stationary,0.001,0.0,0.0,0,frozen,Gaussian-m5,gaussian,1005,10000,0.0,0.0002399600075817891,0.05608444063483547,0.00023846672107137611,2400.0,0.12939328606650247,1000.0,10.0,0.010000000000000002,0.3,5.0,28.118874605334838,0.0,0.002504834826841028,22.390474626850487
stationary_d200,200,5.0,stationary,0.001,0.0,0.0,0,frozen,Gaussian-m5,gaussian,1006,10000,0.0,0.00019144895889796598,0.04620219337265654,0.0002198805313307692,2200.0,0.13239704949962816,1000.0,10.0,0.010000000000000002,0.3,5.0,40.22988701132653,0.0,0.002504834826841028,18.445205599015257
stationary_d200,200,5.0,stationary,0.001,0.0,0.0,0,frozen,Gaussian-m5,gaussian,1007,10000,0.0,0.000237170199595623,0.04794493445089978,0.0002522589057639643,2350.0,0.12828927441582355,1000.0,10.0,0.010000000000000002,0.3,5.0,29.487364802106388,0.0,0.002504834826841028,19.14095649626747
stationary_d200,200,5.0,stationary,0.001,0.0,0.0,0,frozen,Gaussian-m5,gaussian,1008,10000,0.0,0.0002285422767003299,0.05070541908213298,0.00022659537151006393,2500.0,0.12873137341905566,1000.0,10.0,0.010000000000000002,0.3,5.0,26.353647204442154,0.0,0.002504834826841028,20.24301903614144
stationary_d200,200,5.0,stationary,0.001,0.0,0.0,0,frozen,Gaussian-m5,gaussian,1009,10000,0.0,0.0001994012389059291,0.04931498766391303,0.0002344673266269621,2250.0,0.13070166066601577,1000.0,10.0,0.010000000000000002,0.3,5.0,30.650799740245862,0.0,0.002504834826841028,19.687919991956765
stationary_d200,200,5.0,stationary,0.001,0.0,0.0,0,frozen,Gaussian-m5,gaussian,1010,10000,0.0,0.0002143522379852865,0.05235341981023236,0.00022493221210129378,2550.0,0.1278299577884896,1000.0,10.0,0.010000000000000002,0.3,5.0,25.354729904853617,0.0,0.002504834826841028,20.900946940384834
stationary_d200,200,5.0,stationary,0.001,0.0,0.0,0,frozen,Gaussian-m5,gaussian,1011,10000,0.0,0.00019041717487123836,0.06348489733902268,0.0002174642211220474,2650.0,0.1314936742900544,1000.0,10.0,0.010000000000000002,0.3,5.0,24.326330312218925,0.0,0.002504834826841028,25.344943570226008
stationary_d200,200,5.0,stationary,0.001,0.0,0.0,0,frozen,Gaussian-m5,gaussian,1012,10000,0.0,0.0001995499755401701,0.05082414898642374,0.0002583326766826151,2500.0,0.12786430247963676,1000.0,10.0,0.010000000000000002,0.3,5.0,28.801100116385022,0.0,0.002504834826841028,20.290419328974522
stationary_d200,200,5.0,stationary,0.001,0.0,0.0,0,frozen,Gaussian-m5,gaussian,1013,10000,0.0,0.0002440335563579907,0.054055462834618824,0.00023360759348336539,2450.0,0.1303358087299587,1000.0,10.0,0.010000000000000002,0.3,5.0,30.598166793919923,0.0,0.002504834826841028,21.580450038213044
stationary_d200,200,5.0,stationary,0.001,0.0,0.0,0,frozen,Gaussian-m5,gaussian,1014,10000,0.0,0.00025862306427143597,0.05197997873770468,0.00021613380065820927,2300.0,0.12824917441585032,1000.0,10.0,0.010000000000000002,0.3,5.0,31.1981886607891,0.0,0.002504834826841028,20.751858837438483
stationary_d200,200,5.0,stationary,0.001,0.0,0.0,0,frozen,Gaussian-m5,gaussian,1015,10000,0.0,0.00026659130713973183,0.04724250954275173,0.00022097295761551336,2300.0,0.13007474517964596,1000.0,10.0,0.010000000000000002,0.3,5.0,29.035546944242682,0.0,0.002504834826841028,18.860528860632144
stationary_d200,200,5.0,stationary,0.001,0.0,0.0,0,frozen,Gaussian-m5,gaussian,1016,10000,0.0,0.0002290482783716395,0.04829542672378838,0.00021490827562959736,2300.0,0.12981053821612892,1000.0,10.0,0.010000000000000002,0.3,5.0,28.389584767237015,0.0,0.002504834826841028,19.280882797647838
stationary_d200,200,5.0,stationary,0.001,0.0,0.0,0,frozen,Gaussian-m5,gaussian,1017,10000,0.0,0.00025793090088910075,0.048196969007582996,0.00022922421502460417,2200.0,0.13003015239258717,1000.0,10.0,0.010000000000000002,0.3,5.0,30.20045176154763,0.0,0.002504834826841028,19.241575728315226
stationary_d200,200,5.0,stationary,0.001,0.0,0.0,0,frozen,Gaussian-m5,gaussian,1018,10000,0.0,0.00027723429312069613,0.05285745920762648,0.00023360712257359102,2300.0,0.1297483387600604,1000.0,10.0,0.010000000000000002,0.3,5.0,31.574149191338634,0.0,0.002504834826841028,21.102173541034503
stationary_d200,200,5.0,stationary,0.001,0.0,0.0,0,frozen,Gaussian-m5,gaussian,1019,10000,0.0,0.00021608558158234343,0.054560969908353366,0.00022861441510922835,2400.0,0.13020559822715203,1000.0,10.0,0.010000000000000002,0.3,5.0,23.657923504235146,0.0,0.002504834826841028,21.782262576236583
stationary_d200,200,5.0,stationary,0.001,0.0,0.0,0,frozen,Gaussian-m5,gaussian,1020,10000,0.0,0.00021106436208768846,0.046340553082937115,0.00024462718416857105,2150.0,0.1274093711093963,1000.0,10.0,0.010000000000000002,0.3,5.0,33.84307333067369,0.0,0.002504834826841028,18.5004426584804
stationary_d200,200,5.0,stationary,0.001,0.0,0.0,0,frozen,Gaussian-m5,gaussian,1021,10000,0.0,0.00020544870264715715,0.05033907944955561,0.0002361085104835652,2300.0,0.12990029477216108,1000.0,10.0,0.010000000000000002,0.3,5.0,24.01190305810104,0.0,0.002504834826841028,20.096766026301516
stationary_d200,200,5.0,stationary,0.001,0.0,0.0,0,frozen,Gaussian-m5,gaussian,1022,10000,0.0,0.00026702781862857343,0.050234025964598014,0.00024936554324376555,2650.0,0.1297557291227169,1000.0,10.0,0.010000000000000002,0.3,5.0,25.394158001366048,0.0,0.002504834826841028,20.05482574192353
stationary_d200,200,5.0,stationary,0.001,0.0,0.0,0,frozen,Gaussian-m5,gaussian,1023,10000,0.0,0.00019462581575730052,0.053081130696725404,0.00020413775659933113,2350.0,0.13009120669556926,1000.0,10.0,0.010000000000000002,0.3,5.0,30.780534546188647,0.0,0.002504834826841028,21.191469444581568
stationary_d200,200,5.0,stationary,0.001,0.0,0.0,0,frozen,Gaussian-m5,gaussian,1024,10000,0.0,0.00022515269753413874,0.05157223259288264,0.0002413883791074411,2350.0,0.1313973214705345,1000.0,10.0,0.010000000000000002,0.3,5.0,30.903593718448157,0.0,0.002504834826841028,20.589075191805343
stationary_d200,200,5.0,stationary,0.001,0.0,0.0,0,frozen,Gaussian-m5,gaussian,1025,10000,0.0,0.0001914079865218641,0.051773650800516234,0.00022158618777129422,2550.0,0.12953634998055247,1000.0,10.0,0.010000000000000002,0.3,5.0,26.04660061531868,0.0,0.002504834826841028,20.669486964060845
stationary_d200,200,5.0,stationary,0.001,0.0,0.0,0,frozen,Gaussian-m5,gaussian,1026,10000,0.0,0.00021065308179746625,0.05758143434531737,0.00022435142265778512,2500.0,0.12682842845017983,1000.0,10.0,0.010000000000000002,0.3,5.0,24.41401503213362,0.0,0.002504834826841028,22.98811631341624
stationary_d200,200,5.0,stationary,0.001,0.0,0.0,0,frozen,Gaussian-m5,gaussian,1027,10000,0.0,0.0002241545822850957,0.052420066923530934,0.00023438139291498574,2350.0,0.1283620421908145,1000.0,10.0,0.010000000000000002,0.3,5.0,27.781497210416905,0.0,0.002504834826841028,20.92755432885788
stationary_d200,200,5.0,stationary,0.001,0.0,0.0,0,frozen,Gaussian-m5,gaussian,1028,10000,0.0,0.0002479117105441388,0.04776969008073873,0.00024527926817038883,2250.0,0.12704650598229322,1000.0,10.0,0.010000000000000002,0.3,5.0,27.245360467489594,0.0,0.002504834826841028,19.070994050726878
stationary_d200,200,5.0,stationary,0.001,0.0,0.0,0,frozen,Gaussian-m5,gaussian,1029,10000,0.0,0.0002573722149848977,0.051800951593361524,0.00029719495244775345,2400.0,0.12775947935382834,1000.0,10.0,0.010000000000000002,0.3,5.0,26.35348502476303,0.0,0.002504834826841028,20.68038620282611
stationary_d200,200,5.0,stationary,0.001,0.0,0.0,0,frozen,Gaussian-m5,gaussian,1030,10000,0.0,0.0002240275618578988,0.05722384783822828,0.0002021557113232966,2250.0,0.12975803344020112,1000.0,10.0,0.010000000000000002,0.3,5.0,22.524773361579786,0.0,0.002504834826841028,22.84535779566596
stationary_d200,200,5.0,stationary,0.001,0.0,0.0,0,frozen,Gaussian-m20,gaussian,1001,10000,0.0,7.413606524857756e-05,0.061276594240927566,7.092547495683575e-05,3050.0,0.24135173170226273,250.0,40.0,0.020000000000000004,0.3,20.0,10.880279900078813,0.0,0.002504834826841028,24.46332731576019
stationary_d200,200,5.0,stationary,0.001,0.0,0.0,0,frozen,Gaussian-m20,gaussian,1002,10000,0.0,6.13187551808277e-05,0.05890373540351785,6.790535810758496e-05,2800.0,0.2424066068642855,250.0,40.0,0.020000000000000004,0.3,20.0,11.350629175148182,0.0,0.002504834826841028,23.516015815623373
stationary_d200,200,5.0,stationary,0.001,0.0,0.0,0,frozen,Gaussian-m20,gaussian,1003,10000,0.0,6.963728376961139e-05,0.06519513652333576,7.779360323146595e-05,3100.0,0.24259135575505525,250.0,40.0,0.020000000000000004,0.3,20.0,9.559895076591705,0.0,0.002504834826841028,26.027718803940697
stationary_d200,200,5.0,stationary,0.001,0.0,0.0,0,frozen,Gaussian-m20,gaussian,1004,10000,0.0,7.175666783762744e-05,0.056796772626839444,7.357198439318439e-05,3000.0,0.2410337331876965,250.0,40.0,0.020000000000000004,0.3,20.0,10.148328639494851,0.0,0.002504834826841028,22.67485744697533
stationary_d200,200,5.0,stationary,0.001,0.0,0.0,0,frozen,Gaussian-m20,gaussian,1005,10000,0.0,7.087116995738603e-05,0.055244204426242755,7.785801657296274e-05,2950.0,0.23761717340740776,250.0,40.0,0.020000000000000004,0.3,20.0,14.424778761610611,0.0,0.002504834826841028,22.055028872268586
stationary_d200,200,5.0,stationary,0.001,0.0,0.0,0,frozen,Gaussian-m20,gaussian,1006,10000,0.0,6.529481422538865e-05,0.05553005632206,6.380823224046562e-05,2750.0,0.23766848319876469,250.0,40.0,0.020000000000000004,0.3,20.0,11.932757356769114,0.0,0.002504834826841028,22.1691489303076
stationary_d200,200,5.0,stationary,0.001,0.0,0.0,0,frozen,Gaussian-m20,gaussian,1007,10000,0.0,6.735806337659473e-05,0.05993452628648929,7.081600120735875e-05,2900.0,0.24013991561004827,250.0,40.0,0.020000000000000004,0.3,20.0,9.868790294774948,0.0,0.002504834826841028,23.92753631666632
stationary_d200,200,5.0,stationary,0.001,0.0,0.0,0,frozen,Gaussian-m20,gaussian,1008,10000,0.0,6.29433402128649e-05,0.05292938810531084,6.790731525920015e-05,2850.0,0.24417073265267006,250.0,40.0,0.020000000000000004,0.3,20.0,11.430800407625567,0.0,0.002504834826841028,21.13088956530628
stationary_d200,200,5.0,stationary,0.001,0.0,0.0,0,frozen,Gaussian-m20,gaussian,1009,10000,0.0,6.825516236080667e-05,0.05787314854537251,7.572919424827489e-05,3250.0,0.24611699711045348,250.0,40.0,0.020000000000000004,0.3,20.0,12.785231548312588,0.0,0.002504834826841028,23.104576766987556
stationary_d200,200,5.0,stationary,0.001,0.0,0.0,0,frozen,Gaussian-m20,gaussian,1010,10000,0.0,4.9829726767769135e-05,0.06402875089175857,6.395406501624139e-05,3000.0,0.24616612847716893,250.0,40.0,0.020000000000000004,0.3,20.0,10.243811218276152,0.0,0.002504834826841028,25.562065093333285
stationary_d200,200,5.0,stationary,0.001,0.0,0.0,0,frozen,Gaussian-m20,gaussian,1011,10000,0.0,6.142003420455614e-05,0.053561735200126644,5.9786819096379285e-05,2850.0,0.24456328281026088,250.0,40.0,0.020000000000000004,0.3,20.0,11.860223737164231,0.0,0.002504834826841028,21.383340181227044
stationary_d200,200,5.0,stationary,0.001,0.0,0.0,0,frozen,Gaussian-m20,gaussian,1012,10000,0.0,6.3323210983298e-05,0.05637989621500831,6.347013270597146e-05,3000.0,0.24276897937699576,250.0,40.0,0.020000000000000004,0.3,20.0,12.364259641082475,0.0,0.002504834826841028,22.508428743827313
stationary_d200,200,5.0,stationary,0.001,0.0,0.0,0,frozen,Gaussian-m20,gaussian,1013,10000,0.0,7.171076176681509e-05,0.05168636996540842,7.382599964572394e-05,2950.0,0.24260025279625505,250.0,40.0,0.020000000000000004,0.3,20.0,14.154092804572564,0.0,0.002504834826841028,20.63464201773044
stationary_d200,200,5.0,stationary,0.001,0.0,0.0,0,frozen,Gaussian-m20,gaussian,1014,10000,0.0,5.743003437425587e-05,0.058920338712571435,7.68334921499136e-05,3000.0,0.2437977992263676,250.0,40.0,0.020000000000000004,0.3,20.0,13.087273802061983,0.0,0.002504834826841028,23.522644320176116
stationary_d200,200,5.0,stationary,0.001,0.0,0.0,0,frozen,Gaussian-m20,gaussian,1015,10000,0.0,8.025604368254295e-05,0.055759098151598366,8.921696969014893e-05,3000.0,0.24122607576170618,250.0,40.0,0.020000000000000004,0.3,20.0,14.426855363765393,0.0,0.002504834826841028,22.260588823702577
stationary_d200,200,5.0,stationary,0.001,0.0,0.0,0,frozen,Gaussian-m20,gaussian,1016,10000,0.0,6.920964262976596e-05,0.05680724366379039,7.72669147253094e-05,2900.0,0.24265082461982412,250.0,40.0,0.020000000000000004,0.3,20.0,9.998564322817975,0.0,0.002504834826841028,22.67903777728643
stationary_d200,200,5.0,stationary,0.001,0.0,0.0,0,frozen,Gaussian-m20,gaussian,1017,10000,0.0,7.792926281603385e-05,0.05738074637392551,8.291807869876768e-05,2950.0,0.24260123560191119,250.0,40.0,0.020000000000000004,0.3,20.0,12.206995863643963,0.0,0.002504834826841028,22.90799607185725
stationary_d200,200,5.0,stationary,0.001,0.0,0.0,0,frozen,Gaussian-m20,gaussian,1018,10000,0.0,6.590242841077903e-05,0.05945731008682557,6.220003123893999e-05,3050.0,0.24171604130730362,250.0,40.0,0.020000000000000004,0.3,20.0,12.846140081584435,0.0,0.002504834826841028,23.737018285477188
stationary_d200,200,5.0,stationary,0.001,0.0,0.0,0,frozen,Gaussian-m20,gaussian,1019,10000,0.0,7.08394337683383e-05,0.06171102938493737,7.237486764623704e-05,3050.0,0.24191988790164715,250.0,40.0,0.020000000000000004,0.3,20.0,12.066069434171071,0.0,0.002504834826841028,24.63676595504871
stationary_d200,200,5.0,stationary,0.001,0.0,0.0,0,frozen,Gaussian-m20,gaussian,1020,10000,0.0,6.299679449078664e-05,0.06513868927810872,7.663923380644284e-05,3400.0,0.2446695251874213,250.0,40.0,0.020000000000000004,0.3,20.0,10.108340715591464,0.0,0.002504834826841028,26.005183487590823
stationary_d200,200,5.0,stationary,0.001,0.0,0.0,0,frozen,Gaussian-m20,gaussian,1021,10000,0.0,8.462334364605786e-05,0.05764345434069437,8.23567562977175e-05,3100.0,0.24089608277180566,250.0,40.0,0.020000000000000004,0.3,20.0,10.123706991538784,0.0,0.002504834826841028,23.01287642722191
stationary_d200,200,5.0,stationary,0.001,0.0,0.0,0,frozen,Gaussian-m20,gaussian,1022,10000,0.0,6.738926383315818e-05,0.058375490606330946,7.872372054847207e-05,3000.0,0.24366462451618953,250.0,40.0,0.020000000000000004,0.3,20.0,10.777057021094171,0.0,0.002504834826841028,23.305125743541016
stationary_d200,200,5.0,stationary,0.001,0.0,0.0,0,frozen,Gaussian-m20,gaussian,1023,10000,0.0,8.171042578466005e-05,0.05898921549991221,8.854372452561657e-05,3150.0,0.24064670170055485,250.0,40.0,0.020000000000000004,0.3,20.0,10.906288662804293,0.0,0.002504834826841028,23.550141856781213
stationary_d200,200,5.0,stationary,0.001,0.0,0.0,0,frozen,Gaussian-m20,gaussian,1024,10000,0.0,7.747788501935697e-05,0.06308025248575644,9.601236543786371e-05,3350.0,0.24308887376481933,250.0,40.0,0.020000000000000004,0.3,20.0,11.920649521533392,0.0,0.002504834826841028,25.183398046772645
stationary_d200,200,5.0,stationary,0.001,0.0,0.0,0,frozen,Gaussian-m20,gaussian,1025,10000,0.0,6.838771643576122e-05,0.061116403054022723,7.475534635096524e-05,3450.0,0.24644398124284164,250.0,40.0,0.020000000000000004,0.3,20.0,11.651218001782746,0.0,0.002504834826841028,24.39937452127319
stationary_d200,200,5.0,stationary,0.001,0.0,0.0,0,frozen,Gaussian-m20,gaussian,1026,10000,0.0,7.373720949304582e-05,0.061852762780097166,8.350591624357161e-05,3200.0,0.24512342406378013,250.0,40.0,0.020000000000000004,0.3,20.0,10.798842432783264,0.0,0.002504834826841028,24.693349883713797
stationary_d200,200,5.0,stationary,0.001,0.0,0.0,0,frozen,Gaussian-m20,gaussian,1027,10000,0.0,5.7445558123981815e-05,0.05875788852293822,6.462765501686039e-05,3050.0,0.2455590729884156,250.0,40.0,0.020000000000000004,0.3,20.0,12.192979986025964,0.0,0.002504834826841028,23.45778966872667
stationary_d200,200,5.0,stationary,0.001,0.0,0.0,0,frozen,Gaussian-m20,gaussian,1028,10000,0.0,9.369414087739382e-05,0.05376068709417659,9.627119058830092e-05,2800.0,0.23890218038007163,250.0,40.0,0.020000000000000004,0.3,20.0,12.629181080849675,0.0,0.002504834826841028,21.46276733223838
stationary_d200,200,5.0,stationary,0.001,0.0,0.0,0,frozen,Gaussian-m20,gaussian,1029,10000,0.0,5.6977625931164484e-05,0.05280054143045164,8.039129119908894e-05,3050.0,0.24612482274809877,250.0,40.0,0.020000000000000004,0.3,20.0,14.281024815809044,0.0,0.002504834826841028,21.079450375193414
stationary_d200,200,5.0,stationary,0.001,0.0,0.0,0,frozen,Gaussian-m20,gaussian,1030,10000,0.0,7.00406442732689e-05,0.060217482686396304,9.013587506038284e-05,3250.0,0.24134102986635816,250.0,40.0,0.020000000000000004,0.3,20.0,11.058740527088442,0.0,0.002504834826841028,24.040500411893255
stationary_d200,200,5.0,stationary,0.001,0.0,0.0,0,frozen,CoordinateCentral,coordinate,1001,10000,0.0,0.015470129843647415,0.20583268029215332,0.0225379286113438,,0.9728632806200765,25.0,400.0,0.04,0.1,1.0,3.137974725966589,0.0,0.002504834826841028,82.17415299664256
stationary_d200,200,5.0,stationary,0.001,0.0,0.0,0,frozen,CoordinateCentral,coordinate,1002,10000,0.0,0.01556723864265958,0.20617229119281077,0.02263140994584252,,0.974552154326811,25.0,400.0,0.04,0.1,1.0,3.150256255153316,0.0,0.002504834826841028,82.30973515041107
stationary_d200,200,5.0,stationary,0.001,0.0,0.0,0,frozen,CoordinateCentral,coordinate,1003,10000,0.0,0.015460525588653792,0.20530296040884383,0.02233817667617068,,0.9734293334642724,25.0,400.0,0.04,0.1,1.0,3.1510538398421,0.0,0.002504834826841028,81.9626740289944
stationary_d200,200,5.0,stationary,0.001,0.0,0.0,0,frozen,CoordinateCentral,coordinate,1004,10000,0.0,0.015534749059716156,0.20618341360058912,0.022566858542149387,,0.9748619178715895,25.0,400.0,0.04,0.1,1.0,3.145286150562815,0.0,0.002504834826841028,82.31417552614329
stationary_d200,200,5.0,stationary,0.001,0.0,0.0,0,frozen,CoordinateCentral,coordinate,1005,10000,0.0,0.015536096299408157,0.20598978717981575,0.02273820031776875,,0.9718067066157348,25.0,400.0,0.04,0.1,1.0,3.1448913857507597,0.0,0.002504834826841028,82.23687445275573
stationary_d200,200,5.0,stationary,0.001,0.0,0.0,0,frozen,CoordinateCentral,coordinate,1006,10000,0.0,0.01574690065767755,0.20627046362349488,0.022837943472827478,,0.9728215138323989,25.0,400.0,0.04,0.1,1.0,3.159601509548101,0.0,0.002504834826841028,82.34892832579817
stationary_d200,200,5.0,stationary,0.001,0.0,0.0,0,frozen,CoordinateCentral,coordinate,1007,10000,0.0,0.015051641494438956,0.20536156238973485,0.022306822065438207,,0.9728278328371442,25.0,400.0,0.04,0.1,1.0,3.147677272104532,0.0,0.002504834826841028,81.9860695759834
stationary_d200,200,5.0,stationary,0.001,0.0,0.0,0,frozen,CoordinateCentral,coordinate,1008,10000,0.0,0.015521870023488303,0.2061394805083584,0.022745524920302015,,0.9740643274714419,25.0,400.0,0.04,0.1,1.0,3.1333669211971733,0.0,0.002504834826841028,82.29663620907537
stationary_d200,200,5.0,stationary,0.001,0.0,0.0,0,frozen,CoordinateCentral,coordinate,1009,10000,0.0,0.015440455280083653,0.20625651821372482,0.02276382912810199,,0.974947225632913,25.0,400.0,0.04,0.1,1.0,3.1495113622994313,0.0,0.002504834826841028,82.34336092885022
stationary_d200,200,5.0,stationary,0.001,0.0,0.0,0,frozen,CoordinateCentral,coordinate,1010,10000,0.0,0.015782548939075783,0.20626087515495578,0.022909617496024163,,0.9739064840485294,25.0,400.0,0.04,0.1,1.0,3.141807881230515,0.0,0.002504834826841028,82.34510034143914
stationary_d200,200,5.0,stationary,0.001,0.0,0.0,0,frozen,CoordinateCentral,coordinate,1011,10000,0.0,0.015519538147716033,0.2055598809213919,0.022595923768125557,,0.9738801980534927,25.0,400.0,0.04,0.1,1.0,3.1523090411463253,0.0,0.002504834826841028,82.06524387104348
stationary_d200,200,5.0,stationary,0.001,0.0,0.0,0,frozen,CoordinateCentral,coordinate,1012,10000,0.0,0.014719437370985286,0.20540286449646783,0.021754347488270397,,0.9745284396411269,25.0,400.0,0.04,0.1,1.0,3.1491402521082392,0.0,0.002504834826841028,82.00255853018126
stationary_d200,200,5.0,stationary,0.001,0.0,0.0,0,frozen,CoordinateCentral,coordinate,1013,10000,0.0,0.015226318933824394,0.2054720979046168,0.022356001881231092,,0.9740461684278862,25.0,400.0,0.04,0.1,1.0,3.146147070204682,0.0,0.002504834826841028,82.03019843977013
stationary_d200,200,5.0,stationary,0.001,0.0,0.0,0,frozen,CoordinateCentral,coordinate,1014,10000,0.0,0.015274536545551757,0.20579062753404292,0.022323201499824162,,0.9737723625968187,25.0,400.0,0.04,0.1,1.0,3.1416424015802438,0.0,0.002504834826841028,82.15736436145602
stationary_d200,200,5.0,stationary,0.001,0.0,0.0,0,frozen,CoordinateCentral,coordinate,1015,10000,0.0,0.015590470880561185,0.20655942621611875,0.02293112740362881,,0.9751663635199406,25.0,400.0,0.04,0.1,1.0,3.1525399263953764,0.0,0.002504834826841028,82.46429026085569
stationary_d200,200,5.0,stationary,0.001,0.0,0.0,0,frozen,CoordinateCentral,coordinate,1016,10000,0.0,0.015291398522047216,0.20578150484599828,0.02244777500800143,,0.9740063014530956,25.0,400.0,0.04,0.1,1.0,3.1471121545410408,0.0,0.002504834826841028,82.15372232967536
stationary_d200,200,5.0,stationary,0.001,0.0,0.0,0,frozen,CoordinateCentral,coordinate,1017,10000,0.0,0.01555394744591542,0.20597809252737748,0.022827217740629003,,0.9746716428245824,25.0,400.0,0.04,0.1,1.0,3.154491922075417,0.0,0.002504834826841028,82.2322056209777
stationary_d200,200,5.0,stationary,0.001,0.0,0.0,0,frozen,CoordinateCentral,coordinate,1018,10000,0.0,0.015541325708280311,0.20547462734748798,0.022727182098540497,,0.9743756789689992,25.0,400.0,0.04,0.1,1.0,3.1450142329859903,0.0,0.002504834826841028,82.03120826398852
stationary_d200,200,5.0,stationary,0.001,0.0,0.0,0,frozen,CoordinateCentral,coordinate,1019,10000,0.0,0.01541501644672975,0.20564748806063818,0.0225783443860015,,0.9738202732939207,25.0,400.0,0.04,0.1,1.0,3.143249763690156,0.0,0.002504834826841028,82.10021908709665
stationary_d200,200,5.0,stationary,0.001,0.0,0.0,0,frozen,CoordinateCentral,coordinate,1020,10000,0.0,0.015066067861737599,0.20555896442674457,0.02217927005237205,,0.9747555482238242,25.0,400.0,0.04,0.1,1.0,3.153227671563383,0.0,0.002504834826841028,82.06487798079094
stationary_d200,200,5.0,stationary,0.001,0.0,0.0,0,frozen,CoordinateCentral,coordinate,1021,10000,0.0,0.015677211110087345,0.2060550812473316,0.022851426496587307,,0.9740757812640192,25.0,400.0,0.04,0.1,1.0,3.1439906063794174,0.0,0.002504834826841028,82.26294166757411
stationary_d200,200,5.0,stationary,0.001,0.0,0.0,0,frozen,CoordinateCentral,coordinate,1022,10000,0.0,0.015425903057275307,0.20586358346474784,0.022415166616583933,,0.9742838830932433,25.0,400.0,0.04,0.1,1.0,3.1561704525783996,0.0,0.002504834826841028,82.18649040598524
stationary_d200,200,5.0,stationary,0.001,0.0,0.0,0,frozen,CoordinateCentral,coordinate,1023,10000,0.0,0.015230287109284457,0.20591434180582036,0.022482342034256125,,0.974614697878152,25.0,400.0,0.04,0.1,1.0,3.1395901970614744,0.0,0.002504834826841028,82.20675455295756
stationary_d200,200,5.0,stationary,0.001,0.0,0.0,0,frozen,CoordinateCentral,coordinate,1024,10000,0.0,0.015343289592705,0.20583284912219696,0.02249635515193746,,0.9743701161426379,25.0,400.0,0.04,0.1,1.0,3.1389131595865982,0.0,0.002504834826841028,82.17422039830987
stationary_d200,200,5.0,stationary,0.001,0.0,0.0,0,frozen,CoordinateCentral,coordinate,1025,10000,0.0,0.01507653236402776,0.20590625342862573,0.022399522139739936,,0.9745654797403956,25.0,400.0,0.04,0.1,1.0,3.1426782544991236,0.0,0.002504834826841028,82.20352544694708
stationary_d200,200,5.0,stationary,0.001,0.0,0.0,0,frozen,CoordinateCentral,coordinate,1026,10000,0.0,0.015437133040944039,0.20605172340333383,0.022474795674549353,,0.9751905671370246,25.0,400.0,0.04,0.1,1.0,3.1466940489518334,0.0,0.002504834826841028,82.26160112249634
stationary_d200,200,5.0,stationary,0.001,0.0,0.0,0,frozen,CoordinateCentral,coordinate,1027,10000,0.0,0.015160894143418974,0.20554404587959216,0.022142402945567914,,0.9742926661199915,25.0,400.0,0.04,0.1,1.0,3.1444453944291024,0.0,0.002504834826841028,82.05892208022914
stationary_d200,200,5.0,stationary,0.001,0.0,0.0,0,frozen,CoordinateCentral,coordinate,1028,10000,0.0,0.015498768641239169,0.2059498259432799,0.022696608776268376,,0.9732663034569394,25.0,400.0,0.04,0.1,1.0,3.1359023091969673,0.0,0.002504834826841028,82.2209208113788
stationary_d200,200,5.0,stationary,0.001,0.0,0.0,0,frozen,CoordinateCentral,coordinate,1029,10000,0.0,0.015490161583780741,0.20567865181001357,0.022533836519672387,,0.9745908941066991,25.0,400.0,0.04,0.1,1.0,3.1359163866719246,0.0,0.002504834826841028,82.11266052596577
stationary_d200,200,5.0,stationary,0.001,0.0,0.0,0,frozen,CoordinateCentral,coordinate,1030,10000,0.0,0.015130553606607415,0.2056978200898644,0.02235939812417286,,0.9748146455784134,25.0,400.0,0.04,0.1,1.0,3.1471145514682943,0.0,0.002504834826841028,82.12031303847694
linear_d200,200,5.0,linear,0.001,0.0001,0.0,0,frozen,SPSA-m1,spsa,1001,10000,1.0,0.0038327103954363495,0.053348623337219445,0.004147723564955218,2550.0,0.05553655107268462,5000.0,2.0,0.002,0.3,1.0,115.58494744268828,0.0,0.0025060318242408263,21.288086935360766
linear_d200,200,5.0,linear,0.001,0.0001,0.0,0,frozen,SPSA-m1,spsa,1002,10000,1.0,0.004474632287361755,0.055437616972109596,0.00473430256771048,2500.0,0.05573882685572434,5000.0,2.0,0.002,0.3,1.0,105.40498691200966,0.0,0.0025060318242408263,22.121673171051523
linear_d200,200,5.0,linear,0.001,0.0001,0.0,0,frozen,SPSA-m1,spsa,1003,10000,1.0,0.003709580203469496,0.05251294998023598,0.0037915245037178935,2450.0,0.057232950434875286,5000.0,2.0,0.002,0.3,1.0,97.63259220420781,0.0,0.0025060318242408263,20.95462215295058
linear_d200,200,5.0,linear,0.001,0.0001,0.0,0,frozen,SPSA-m1,spsa,1004,10000,1.0,0.003505643103691849,0.052223888726806944,0.003931225131812216,2550.0,0.0560165182708394,5000.0,2.0,0.002,0.3,1.0,123.15659067972233,0.0,0.0025060318242408263,20.839275950786288
linear_d200,200,5.0,linear,0.001,0.0001,0.0,0,frozen,SPSA-m1,spsa,1005,10000,1.0,0.004394586263262781,0.054967645508244574,0.004049154827905622,2450.0,0.05700485338818203,5000.0,2.0,0.002,0.3,1.0,91.26098744762785,0.0,0.0025060318242408263,21.934137059451107
linear_d200,200,5.0,linear,0.001,0.0001,0.0,0,frozen,SPSA-m1,spsa,1006,10000,1.0,0.003576644598749756,0.05079544429699568,0.0040208166305496125,2200.0,0.05639701677030107,5000.0,2.0,0.002,0.3,1.0,99.83685189535446,0.0,0.0025060318242408263,20.269273440844504
linear_d200,200,5.0,linear,0.001,0.0001,0.0,0,frozen,SPSA-m1,spsa,1007,10000,1.0,0.0031387745034504914,0.048669059544512144,0.003553214511258082,2450.0,0.05546599111787965,5000.0,2.0,0.002,0.3,1.0,107.82799089874659,0.0,0.0025060318242408263,19.420766757124436
linear_d200,200,5.0,linear,0.001,0.0001,0.0,0,frozen,SPSA-m1,spsa,1008,10000,1.0,0.0037566000111350275,0.04851103273681226,0.003414705446452218,2800.0,0.05656938588633036,5000.0,2.0,0.002,0.3,1.0,117.28242082114453,0.0,0.0025060318242408263,19.357708177352507
linear_d200,200,5.0,linear,0.001,0.0001,0.0,0,frozen,SPSA-m1,spsa,1009,10000,1.0,0.004363199694169651,0.05136489006963245,0.0039492255622734585,2300.0,0.05662796855326621,5000.0,2.0,0.002,0.3,1.0,86.70602341527436,0.0,0.0025060318242408263,20.496503505175102
linear_d200,200,5.0,linear,0.001,0.0001,0.0,0,frozen,SPSA-m1,spsa,1010,10000,1.0,0.0039055859513442122,0.0551206906497674,0.004280577811739123,2700.0,0.05669387259427201,5000.0,2.0,0.002,0.3,1.0,122.5673690703834,0.0,0.0025060318242408263,21.995207768945864
linear_d200,200,5.0,linear,0.001,0.0001,0.0,0,frozen,SPSA-m1,spsa,1011,10000,1.0,0.003513826955187697,0.05820768503065092,0.003871695945978698,2850.0,0.05654794291429794,5000.0,2.0,0.002,0.3,1.0,110.08924546712946,0.0,0.0025060318242408263,23.227033458876473
linear_d200,200,5.0,linear,0.001,0.0001,0.0,0,frozen,SPSA-m1,spsa,1012,10000,1.0,0.003729182051393439,0.04858782457966808,0.004040872606120525,2600.0,0.05696326942042681,5000.0,2.0,0.002,0.3,1.0,104.04138818595865,0.0,0.0025060318242408263,19.388350981690827
linear_d200,200,5.0,linear,0.001,0.0001,0.0,0,frozen,SPSA-m1,spsa,1013,10000,1.0,0.0033785874044146612,0.053947517689793584,0.0034932877286334633,2450.0,0.05738155728434963,5000.0,2.0,0.002,0.3,1.0,98.92024274504995,0.0,0.0025060318242408263,21.527068079487126
linear_d200,200,5.0,linear,0.001,0.0001,0.0,0,frozen,SPSA-m1,spsa,1014,10000,1.0,0.004633266437500956,0.05576776157539379,0.004286958058911248,2400.0,0.056306835971625356,5000.0,2.0,0.002,0.3,1.0,100.49556103990399,0.0,0.0025060318242408263,22.253413159383157
linear_d200,200,5.0,linear,0.001,0.0001,0.0,0,frozen,SPSA-m1,spsa,1015,10000,1.0,0.004277888044531943,0.047301074343563634,0.004052610029604889,2450.0,0.05624993082753715,5000.0,2.0,0.002,0.3,1.0,101.55533592802568,0.0,0.0025060318242408263,18.874889730457813
linear_d200,200,5.0,linear,0.001,0.0001,0.0,0,frozen,SPSA-m1,spsa,1016,10000,1.0,0.003612636870851575,0.05203135394541029,0.0039746954834208766,2600.0,0.05794897923951498,5000.0,2.0,0.002,0.3,1.0,90.60153654411269,0.0,0.0025060318242408263,20.762447404742193
linear_d200,200,5.0,linear,0.001,0.0001,0.0,0,frozen,SPSA-m1,spsa,1017,10000,1.0,0.003749295390806844,0.05341955547671463,0.0036542545778958705,2700.0,0.056088590744035334,5000.0,2.0,0.002,0.3,1.0,102.65574650563613,0.0,0.0025060318242408263,21.316391499895445
linear_d200,200,5.0,linear,0.001,0.0001,0.0,0,frozen,SPSA-m1,spsa,1018,10000,1.0,0.0038465903903738587,0.05074870460909509,0.0035419742415579566,2500.0,0.05593321551469553,5000.0,2.0,0.002,0.3,1.0,127.23624295164903,0.0,0.0025060318242408263,20.250622565205784
linear_d200,200,5.0,linear,0.001,0.0001,0.0,0,frozen,SPSA-m1,spsa,1019,10000,1.0,0.0041594467876733794,0.061037728583435355,0.004382505110222271,2650.0,0.05549731338023646,5000.0,2.0,0.002,0.3,1.0,85.05367915497068,0.0,0.0025060318242408263,24.356326201853417
linear_d200,200,5.0,linear,0.001,0.0001,0.0,0,frozen,SPSA-m1,spsa,1020,10000,1.0,0.003309259438095439,0.05152084379468835,0.003131220108449017,2550.0,0.05725975448502514,5000.0,2.0,0.002,0.3,1.0,115.41704527866288,0.0,0.0025060318242408263,20.558734847789093
linear_d200,200,5.0,linear,0.001,0.0001,0.0,0,frozen,SPSA-m1,spsa,1021,10000,1.0,0.0030537034586432207,0.054746858679344826,0.0036200969565614175,2900.0,0.05671394358443863,5000.0,2.0,0.002,0.3,1.0,103.02750080466774,0.0,0.0025060318242408263,21.846034894600653
linear_d200,200,5.0,linear,0.001,0.0001,0.0,0,frozen,SPSA-m1,spsa,1022,10000,1.0,0.003406071946589423,0.05387337707966471,0.003504668564957958,2300.0,0.05672290876110864,5000.0,2.0,0.002,0.3,1.0,121.68523381103863,0.0,0.0025060318242408263,21.49748321571496
linear_d200,200,5.0,linear,0.001,0.0001,0.0,0,frozen,SPSA-m1,spsa,1023,10000,1.0,0.003994412555860228,0.0608031044766084,0.004422597148145475,2650.0,0.05481089676768465,5000.0,2.0,0.002,0.3,1.0,107.57342967531228,0.0,0.0025060318242408263,24.262702447934
linear_d200,200,5.0,linear,0.001,0.0001,0.0,0,frozen,SPSA-m1,spsa,1024,10000,1.0,0.004764720418614395,0.05314933985744641,0.0038167621147073743,2450.0,0.057210923301478304,5000.0,2.0,0.002,0.3,1.0,111.47202693556,0.0,0.0025060318242408263,21.20856540740355
linear_d200,200,5.0,linear,0.001,0.0001,0.0,0,frozen,SPSA-m1,spsa,1025,10000,1.0,0.00379362660050891,0.05224770614525364,0.00434384795268531,2650.0,0.05605461622396948,5000.0,2.0,0.002,0.3,1.0,118.85631535166544,0.0,0.0025060318242408263,20.84877998749337
linear_d200,200,5.0,linear,0.001,0.0001,0.0,0,frozen,SPSA-m1,spsa,1026,10000,1.0,0.0044501261994965655,0.059337348738538014,0.004320627547425977,3000.0,0.054936872499302715,5000.0,2.0,0.002,0.3,1.0,119.49483933904716,0.0,0.0025060318242408263,23.677811336858653
linear_d200,200,5.0,linear,0.001,0.0001,0.0,0,frozen,SPSA-m1,spsa,1027,10000,1.0,0.004997084834087698,0.0554483302628139,0.004406880377188392,2450.0,0.05534406067503112,5000.0,2.0,0.002,0.3,1.0,118.00096116631556,0.0,0.0025060318242408263,22.12594817290931
linear_d200,200,5.0,linear,0.001,0.0001,0.0,0,frozen,SPSA-m1,spsa,1028,10000,1.0,0.003988159219482918,0.05425804784631117,0.004056501399165168,2500.0,0.05637893823514878,5000.0,2.0,0.002,0.3,1.0,99.76336904712342,0.0,0.0025060318242408263,21.650981173292973
linear_d200,200,5.0,linear,0.001,0.0001,0.0,0,frozen,SPSA-m1,spsa,1029,10000,1.0,0.0037006884605932963,0.052749386046076055,0.003334278328730008,2600.0,0.05650162478017355,5000.0,2.0,0.002,0.3,1.0,143.14942167268296,0.0,0.0025060318242408263,21.04896894597732
linear_d200,200,5.0,linear,0.001,0.0001,0.0,0,frozen,SPSA-m1,spsa,1030,10000,1.0,0.003737791916834255,0.053030408231353666,0.004240982867788008,2550.0,0.05706295434981156,5000.0,2.0,0.002,0.3,1.0,136.35736240396886,0.0,0.0025060318242408263,21.161107260646467
linear_d200,200,5.0,linear,0.001,0.0001,0.0,0,frozen,Gaussian-m1,gaussian,1001,10000,1.0,0.003957452531146367,0.059094361297900744,0.003988610526860597,2750.0,0.05591744115764368,5000.0,2.0,0.002,0.3,1.0,95.81492617273658,0.0,0.0025060318242408263,23.58085030137345
linear_d200,200,5.0,linear,0.001,0.0001,0.0,0,frozen,Gaussian-m1,gaussian,1002,10000,1.0,0.003792220724728852,0.051980391919034946,0.0036290075428786687,2300.0,0.05636150557739566,5000.0,2.0,0.002,0.3,1.0,107.3749706727066,0.0,0.0025060318242408263,20.742111658850067
linear_d200,200,5.0,linear,0.001,0.0001,0.0,0,frozen,Gaussian-m1,gaussian,1003,10000,1.0,0.0034918373184384894,0.052539023427953385,0.00392267189225816,2550.0,0.05521896573201234,5000.0,2.0,0.002,0.3,1.0,125.52250085556098,0.0,0.0025060318242408263,20.96502642933095
linear_d200,200,5.0,linear,0.001,0.0001,0.0,0,frozen,Gaussian-m1,gaussian,1004,10000,1.0,0.003748651014352474,0.05601581306124665,0.0038530021555568494,2900.0,0.05545313055500508,5000.0,2.0,0.002,0.3,1.0,117.57362540898674,0.0,0.0025060318242408263,22.35239493744897
linear_d200,200,5.0,linear,0.001,0.0001,0.0,0,frozen,Gaussian-m1,gaussian,1005,10000,1.0,0.004570208909798932,0.05189179670460876,0.004451579055968976,2550.0,0.0558051095935566,5000.0,2.0,0.002,0.3,1.0,102.27486818293849,0.0,0.0025060318242408263,20.706758869803572
linear_d200,200,5.0,linear,0.001,0.0001,0.0,0,frozen,Gaussian-m1,gaussian,1006,10000,1.0,0.004963614027944987,0.06006010484559441,0.004225559758453313,2600.0,0.05530043982846741,5000.0,2.0,0.002,0.3,1.0,101.84355344297572,0.0,0.0025060318242408263,23.966217932523236
linear_d200,200,5.0,linear,0.001,0.0001,0.0,0,frozen,Gaussian-m1,gaussian,1007,10000,1.0,0.003838925130231745,0.05232927238441064,0.0038021726555160385,2450.0,0.05551677297994304,5000.0,2.0,0.002,0.3,1.0,135.35066880646818,0.0,0.0025060318242408263,20.88132795371152
linear_d200,200,5.0,linear,0.001,0.0001,0.0,0,frozen,Gaussian-m1,gaussian,1008,10000,1.0,0.00514609615456466,0.052113358298616436,0.004716666410640476,2500.0,0.05532082478882881,5000.0,2.0,0.002,0.3,1.0,90.79499741770833,0.0,0.0025060318242408263,20.795170194777388
linear_d200,200,5.0,linear,0.001,0.0001,0.0,0,frozen,Gaussian-m1,gaussian,1009,10000,1.0,0.004347453562604599,0.052107042165979896,0.004073456831497986,2350.0,0.055750910561349586,5000.0,2.0,0.002,0.3,1.0,98.73191947515666,0.0,0.0025060318242408263,20.792649822699328
linear_d200,200,5.0,linear,0.001,0.0001,0.0,0,frozen,Gaussian-m1,gaussian,1010,10000,1.0,0.004529825657434704,0.04916039918760314,0.004283033409977039,2800.0,0.05479461762757611,5000.0,2.0,0.002,0.3,1.0,98.34376496570047,0.0,0.0025060318242408263,19.616829567795182
linear_d200,200,5.0,linear,0.001,0.0001,0.0,0,frozen,Gaussian-m1,gaussian,1011,10000,1.0,0.0037646624735131603,0.050427636195468695,0.003807895966487707,2600.0,0.05595454582967001,5000.0,2.0,0.002,0.3,1.0,129.06298081880132,0.0,0.0025060318242408263,20.122504314463434
linear_d200,200,5.0,linear,0.001,0.0001,0.0,0,frozen,Gaussian-m1,gaussian,1012,10000,1.0,0.004557450883567584,0.05372153232840174,0.003970598041787512,2500.0,0.05572426009755551,5000.0,2.0,0.002,0.3,1.0,106.95753245848093,0.0,0.0025060318242408263,21.436891506625646
linear_d200,200,5.0,linear,0.001,0.0001,0.0,0,frozen,Gaussian-m1,gaussian,1013,10000,1.0,0.004587320128302341,0.05662857943991363,0.004469380913358603,2700.0,0.0546538668140127,5000.0,2.0,0.002,0.3,1.0,116.97873763140214,0.0,0.0025060318242408263,22.59691153645609
linear_d200,200,5.0,linear,0.001,0.0001,0.0,0,frozen,Gaussian-m1,gaussian,1014,10000,1.0,0.0034730677809126334,0.05126452545970264,0.0037794132369096977,2250.0,0.056443127817194454,5000.0,2.0,0.002,0.3,1.0,94.28595829280373,0.0,0.0025060318242408263,20.45645428913603
linear_d200,200,5.0,linear,0.001,0.0001,0.0,0,frozen,Gaussian-m1,gaussian,1015,10000,1.0,0.004243764072587305,0.053771255606401384,0.003928831475904726,2750.0,0.05580509119475078,5000.0,2.0,0.002,0.3,1.0,148.9512822409149,0.0,0.0025060318242408263,21.456732945796
linear_d200,200,5.0,linear,0.001,0.0001,0.0,0,frozen,Gaussian-m1,gaussian,1016,10000,1.0,0.0039886335503991665,0.054472220816309175,0.0043548157552067215,2550.0,0.056027452269760865,5000.0,2.0,0.002,0.3,1.0,105.75793932965941,0.0,0.0025060318242408263,21.736444162200897
linear_d200,200,5.0,linear,0.001,0.0001,0.0,0,frozen,Gaussian-m1,gaussian,1017,10000,1.0,0.0034357081768958755,0.050882545561965836,0.0036954939989338334,2450.0,0.05578011005330431,5000.0,2.0,0.002,0.3,1.0,113.40608197226297,0.0,0.0025060318242408263,20.304030088436775
linear_d200,200,5.0,linear,0.001,0.0001,0.0,0,frozen,Gaussian-m1,gaussian,1018,10000,1.0,0.0037074731808869566,0.054517376019059906,0.0038448425526881142,2550.0,0.05685494435253579,5000.0,2.0,0.002,0.3,1.0,97.6397180253242,0.0,0.0025060318242408263,21.75446276927282
linear_d200,200,5.0,linear,0.001,0.0001,0.0,0,frozen,Gaussian-m1,gaussian,1019,10000,1.0,0.004990326699516832,0.052008346801277756,0.004500269055826808,2600.0,0.055829258529273076,5000.0,2.0,0.002,0.3,1.0,125.49871237149883,0.0,0.0025060318242408263,20.753266697653807
linear_d200,200,5.0,linear,0.001,0.0001,0.0,0,frozen,Gaussian-m1,gaussian,1020,10000,1.0,0.004236378718878302,0.05481586794744784,0.004661595023061684,2950.0,0.054581938568584974,5000.0,2.0,0.002,0.3,1.0,115.77485749185148,0.0,0.0025060318242408263,21.87357216185939
linear_d200,200,5.0,linear,0.001,0.0001,0.0,0,frozen,Gaussian-m1,gaussian,1021,10000,1.0,0.0031345889931860002,0.05415855535739982,0.003605181717632108,2850.0,0.055737520727692016,5000.0,2.0,0.002,0.3,1.0,102.51204883748449,0.0,0.0025060318242408263,21.611279966010223
linear_d200,200,5.0,linear,0.001,0.0001,0.0,0,frozen,Gaussian-m1,gaussian,1022,10000,1.0,0.0036601818106314996,0.051505010994815394,0.0037105456152100673,2750.0,0.05472990851034592,5000.0,2.0,0.002,0.3,1.0,92.50683764220713,0.0,0.0025060318242408263,20.55241697116845
linear_d200,200,5.0,linear,0.001,0.0001,0.0,0,frozen,Gaussian-m1,gaussian,1023,10000,1.0,0.004796919414264329,0.05170511397382405,0.004345476239718787,2600.0,0.055535202586263835,5000.0,2.0,0.002,0.3,1.0,115.85582949206044,0.0,0.0025060318242408263,20.632265509831473
linear_d200,200,5.0,linear,0.001,0.0001,0.0,0,frozen,Gaussian-m1,gaussian,1024,10000,1.0,0.0042574078439612945,0.05196056919221864,0.00398131471338166,2700.0,0.05501984129752047,5000.0,2.0,0.002,0.3,1.0,95.17821035163217,0.0,0.0025060318242408263,20.734201652829967
linear_d200,200,5.0,linear,0.001,0.0001,0.0,0,frozen,Gaussian-m1,gaussian,1025,10000,1.0,0.003789870137324143,0.0569987707703198,0.004431434062793887,2700.0,0.056173145452956486,5000.0,2.0,0.002,0.3,1.0,108.11440103371399,0.0,0.0025060318242408263,22.744631659890004
linear_d200,200,5.0,linear,0.001,0.0001,0.0,0,frozen,Gaussian-m1,gaussian,1026,10000,1.0,0.003860126764376127,0.05303789025081488,0.0037421074501415783,2600.0,0.05610014312247441,5000.0,2.0,0.002,0.3,1.0,107.34196398504052,0.0,0.0025060318242408263,21.16409286497473
linear_d200,200,5.0,linear,0.001,0.0001,0.0,0,frozen,Gaussian-m1,gaussian,1027,10000,1.0,0.0037938461890639785,0.059397490153072226,0.004068552945893239,2900.0,0.055543541747784135,5000.0,2.0,0.002,0.3,1.0,100.73309833697348,0.0,0.0025060318242408263,23.701810000384178
linear_d200,200,5.0,linear,0.001,0.0001,0.0,0,frozen,Gaussian-m1,gaussian,1028,10000,1.0,0.003391513664702101,0.05283952719226354,0.0036640431585834177,2550.0,0.05680946981320922,5000.0,2.0,0.002,0.3,1.0,116.84605013529126,0.0,0.0025060318242408263,21.084938619353196
linear_d200,200,5.0,linear,0.001,0.0001,0.0,0,frozen,Gaussian-m1,gaussian,1029,10000,1.0,0.004626015980171034,0.05413189360508078,0.004195054971419273,2400.0,0.05537938253515295,5000.0,2.0,0.002,0.3,1.0,148.79406493500383,0.0,0.0025060318242408263,21.600640934190615
linear_d200,200,5.0,linear,0.001,0.0001,0.0,0,frozen,Gaussian-m1,gaussian,1030,10000,1.0,0.003963969903699281,0.052332024104872234,0.003942221575478786,2550.0,0.05554990092395833,5000.0,2.0,0.002,0.3,1.0,148.78059802772262,0.0,0.0025060318242408263,20.882425992625063
linear_d200,200,5.0,linear,0.001,0.0001,0.0,0,frozen,Gaussian-m5,gaussian,1001,10000,1.0,0.0038178890250249596,0.0513583946236216,0.003874419782782516,2250.0,0.146848705508264,1000.0,10.0,0.010000000000000002,0.3,5.0,27.18907332060215,0.0,0.0025060318242408263,20.493911580384673
linear_d200,200,5.0,linear,0.001,0.0001,0.0,0,frozen,Gaussian-m5,gaussian,1002,10000,1.0,0.004016090726711328,0.06005159228577327,0.00413410475720115,2450.0,0.14855987993337552,1000.0,10.0,0.010000000000000002,0.3,5.0,29.735074011333715,0.0,0.0025060318242408263,23.96282110422329
linear_d200,200,5.0,linear,0.001,0.0001,0.0,0,frozen,Gaussian-m5,gaussian,1003,10000,1.0,0.004091256493917292,0.05774450313517128,0.004128472657759601,2700.0,0.1481611440014705,1000.0,10.0,0.010000000000000002,0.3,5.0,25.483486456448595,0.0,0.0025060318242408263,23.0422066378444
linear_d200,200,5.0,linear,0.001,0.0001,0.0,0,frozen,Gaussian-m5,gaussian,1004,10000,1.0,0.0035480567469911065,0.055287207890439505,0.0037747658886242053,2550.0,0.14787669447322474,1000.0,10.0,0.010000000000000002,0.3,5.0,26.103608795249365,0.0,0.0025060318242408263,22.061654347581214
linear_d200,200,5.0,linear,0.001,0.0001,0.0,0,frozen,Gaussian-m5,gaussian,1005,10000,1.0,0.0038766957916445723,0.05505032725035986,0.004617818535799655,2400.0,0.14679293097424922,1000.0,10.0,0.010000000000000002,0.3,5.0,27.46827157368185,0.0,0.0025060318242408263,21.96713015288093
linear_d200,200,5.0,linear,0.001,0.0001,0.0,0,frozen,Gaussian-m5,gaussian,1006,10000,1.0,0.0039728990946440315,0.06111673299033959,0.004257382856513556,2750.0,0.14667651137903154,1000.0,10.0,0.010000000000000002,0.3,5.0,31.80448772055659,0.0,0.0025060318242408263,24.38785190162308
linear_d200,200,5.0,linear,0.001,0.0001,0.0,0,frozen,Gaussian-m5,gaussian,1007,10000,1.0,0.00394278119538658,0.048462866434383536,0.003948633891729369,2300.0,0.1477538977796731,1000.0,10.0,0.010000000000000002,0.3,5.0,31.981777502129052,0.0,0.0025060318242408263,19.338488029402743
linear_d200,200,5.0,linear,0.001,0.0001,0.0,0,frozen,Gaussian-m5,gaussian,1008,10000,1.0,0.003975820047828965,0.051147134810035536,0.004216552008065213,2750.0,0.1466895478317902,1000.0,10.0,0.010000000000000002,0.3,5.0,27.495487815849394,0.0,0.0025060318242408263,20.409611049344903
linear_d200,200,5.0,linear,0.001,0.0001,0.0,0,frozen,Gaussian-m5,gaussian,1009,10000,1.0,0.0037153302447164084,0.05305557040975805,0.004114329920983697,3400.0,0.1476313638156073,1000.0,10.0,0.010000000000000002,0.3,5.0,28.61282515797212,0.0,0.0025060318242408263,21.171147906643455
linear_d200,200,5.0,linear,0.001,0.0001,0.0,0,frozen,Gaussian-m5,gaussian,1010,10000,1.0,0.0034713972801367265,0.05110378894363685,0.0037123066602563278,2650.0,0.1488437203615977,1000.0,10.0,0.010000000000000002,0.3,5.0,28.130249876862976,0.0,0.0025060318242408263,20.39231443484089
linear_d200,200,5.0,linear,0.001,0.0001,0.0,0,frozen,Gaussian-m5,gaussian,1011,10000,1.0,0.004244463591295529,0.05107275794371141,0.004551342190540577,2800.0,0.14682608455502144,1000.0,10.0,0.010000000000000002,0.3,5.0,33.027835340862445,0.0,0.0025060318242408263,20.379931910554774
linear_d200,200,5.0,linear,0.001,0.0001,0.0,0,frozen,Gaussian-m5,gaussian,1012,10000,1.0,0.004721047831580908,0.05836277645811209,0.004065275110703876,2950.0,0.1449991315453354,1000.0,10.0,0.010000000000000002,0.3,5.0,25.668526968761775,0.0,0.0025060318242408263,23.288920712645947
linear_d200,200,5.0,linear,0.001,0.0001,0.0,0,frozen,Gaussian-m5,gaussian,1013,10000,1.0,0.004610863986651793,0.060000620748027415,0.004939575799763483,2850.0,0.1459262287161844,1000.0,10.0,0.010000000000000002,0.3,5.0,26.6941791633782,0.0,0.0025060318242408263,23.942481562940213
linear_d200,200,5.0,linear,0.001,0.0001,0.0,0,frozen,Gaussian-m5,gaussian,1014,10000,1.0,0.0033275455121063555,0.05389350895865251,0.0037066309548961004,2400.0,0.148091522339633,1000.0,10.0,0.010000000000000002,0.3,5.0,28.204541288246812,0.0,0.0025060318242408263,21.50551658496154
linear_d200,200,5.0,linear,0.001,0.0001,0.0,0,frozen,Gaussian-m5,gaussian,1015,10000,1.0,0.004564352798301823,0.056608460361100676,0.004503984193027817,2850.0,0.14684133610569147,1000.0,10.0,0.010000000000000002,0.3,5.0,25.22386495290735,0.0,0.0025060318242408263,22.58888327495584
linear_d200,200,5.0,linear,0.001,0.0001,0.0,0,frozen,Gaussian-m5,gaussian,1016,10000,1.0,0.00356520151106485,0.06577536988850759,0.0038901049053150167,2550.0,0.14722256263731265,1000.0,10.0,0.010000000000000002,0.3,5.0,25.05426217044215,0.0,0.0025060318242408263,26.24682146980854
linear_d200,200,5.0,linear,0.001,0.0001,0.0,0,frozen,Gaussian-m5,gaussian,1017,10000,1.0,0.005019954087188349,0.05169730674934402,0.004718923409969384,2550.0,0.14636527702642516,1000.0,10.0,0.010000000000000002,0.3,5.0,31.578692300838032,0.0,0.0025060318242408263,20.62915013659299
linear_d200,200,5.0,linear,0.001,0.0001,0.0,0,frozen,Gaussian-m5,gaussian,1018,10000,1.0,0.003522495074137439,0.06207081822802571,0.003961280071912817,2750.0,0.1468405554256918,1000.0,10.0,0.010000000000000002,0.3,5.0,30.743026038360814,0.0,0.0025060318242408263,24.768567433029048
linear_d200,200,5.0,linear,0.001,0.0001,0.0,0,frozen,Gaussian-m5,gaussian,1019,10000,1.0,0.0037119907064160082,0.05334836359680554,0.004009349314185721,2800.0,0.14697993264954345,1000.0,10.0,0.010000000000000002,0.3,5.0,25.57897677997337,0.0,0.0025060318242408263,21.287983289265217
linear_d200,200,5.0,linear,0.001,0.0001,0.0,0,frozen,Gaussian-m5,gaussian,1020,10000,1.0,0.0045108986255692485,0.049882532422330886,0.004239804734565886,2600.0,0.14730335555836332,1000.0,10.0,0.010000000000000002,0.3,5.0,23.51707005717284,0.0,0.0025060318242408263,19.90498761421046
linear_d200,200,5.0,linear,0.001,0.0001,0.0,0,frozen,Gaussian-m5,gaussian,1021,10000,1.0,0.00421860825436037,0.05529595264325947,0.0038519268138920834,2550.0,0.14794180155738415,1000.0,10.0,0.010000000000000002,0.3,5.0,34.41374682154189,0.0,0.0025060318242408263,22.06514382953247
linear_d200,200,5.0,linear,0.001,0.0001,0.0,0,frozen,Gaussian-m5,gaussian,1022,10000,1.0,0.005037053065454306,0.05511452158944242,0.004525634102940612,2550.0,0.14773315134587645,1000.0,10.0,0.010000000000000002,0.3,5.0,29.613565310974156,0.0,0.0025060318242408263,21.992746084195772
linear_d200,200,5.0,linear,0.001,0.0001,0.0,0,frozen,Gaussian-m5,gaussian,1023,10000,1.0,0.004270463250819249,0.047721959978419555,0.004125068658596522,2450.0,0.14585918547954374,1000.0,10.0,0.010000000000000002,0.3,5.0,32.998955336639916,0.0,0.0025060318242408263,19.042838768767982
linear_d200,200,5.0,linear,0.001,0.0001,0.0,0,frozen,Gaussian-m5,gaussian,1024,10000,1.0,0.0042563930995478194,0.054765617166377456,0.003986138165670736,2250.0,0.14788332892156586,1000.0,10.0,0.010000000000000002,0.3,5.0,24.93314304897121,0.0,0.0025060318242408263,21.85352022932433
linear_d200,200,5.0,linear,0.001,0.0001,0.0,0,frozen,Gaussian-m5,gaussian,1025,10000,1.0,0.003866236528327875,0.054704146160402624,0.004243641307179407,2700.0,0.1479583046566253,1000.0,10.0,0.010000000000000002,0.3,5.0,28.49339506955435,0.0,0.0025060318242408263,21.82899100931195
linear_d200,200,5.0,linear,0.001,0.0001,0.0,0,frozen,Gaussian-m5,gaussian,1026,10000,1.0,0.0041991923973612975,0.05467188660574136,0.0041700947309808774,2750.0,0.1447676445021297,1000.0,10.0,0.010000000000000002,0.3,5.0,24.985777119964144,0.0,0.0025060318242408263,21.816118245945894
linear_d200,200,5.0,linear,0.001,0.0001,0.0,0,frozen,Gaussian-m5,gaussian,1027,10000,1.0,0.004516986573193315,0.05848320269518036,0.00455017579037281,2800.0,0.14304597599117524,1000.0,10.0,0.010000000000000002,0.3,5.0,29.274853061065524,0.0,0.0025060318242408263,23.336975264828162
linear_d200,200,5.0,linear,0.001,0.0001,0.0,0,frozen,Gaussian-m5,gaussian,1028,10000,1.0,0.003989335084190103,0.05722419715148921,0.00413124547108911,2750.0,0.14819114881935733,1000.0,10.0,0.010000000000000002,0.3,5.0,25.514080518851642,0.0,0.0025060318242408263,22.83458517883133
linear_d200,200,5.0,linear,0.001,0.0001,0.0,0,frozen,Gaussian-m5,gaussian,1029,10000,1.0,0.0036978269987886646,0.04766369736118865,0.0037149207396677455,2650.0,0.14926754064070827,1000.0,10.0,0.010000000000000002,0.3,5.0,31.03603959922502,0.0,0.0025060318242408263,19.01958981531602
linear_d200,200,5.0,linear,0.001,0.0001,0.0,0,frozen,Gaussian-m5,gaussian,1030,10000,1.0,0.0045243496907218135,0.060396541904991274,0.004573090341003072,3100.0,0.14355785874787894,1000.0,10.0,0.010000000000000002,0.3,5.0,30.17600901791477,0.0,0.0025060318242408263,24.100468845118403
linear_d200,200,5.0,linear,0.001,0.0001,0.0,0,frozen,Gaussian-m20,gaussian,1001,10000,1.0,0.012601955186226034,0.0731966269581284,0.010614099190600875,5450.0,0.29607756219305487,250.0,40.0,0.020000000000000004,0.3,20.0,14.637186563886017,0.0,0.0025060318242408263,29.208179341578184
linear_d200,200,5.0,linear,0.001,0.0001,0.0,0,frozen,Gaussian-m20,gaussian,1002,10000,1.0,0.010254073689133322,0.06851202207906344,0.0108405243284732,5800.0,0.29617973661989266,250.0,40.0,0.020000000000000004,0.3,20.0,13.513774329380942,0.0,0.0025060318242408263,27.338847582200348
linear_d200,200,5.0,linear,0.001,0.0001,0.0,0,frozen,Gaussian-m20,gaussian,1003,10000,1.0,0.008964536764715068,0.07395354040977142,0.009849019382671173,7200.0,0.2955431094181865,250.0,40.0,0.020000000000000004,0.3,20.0,10.062745526800624,0.0,0.0025060318242408263,29.510215989445705
linear_d200,200,5.0,linear,0.001,0.0001,0.0,0,frozen,Gaussian-m20,gaussian,1004,10000,1.0,0.008436163042048854,0.07071547336150379,0.00930199572529174,5400.0,0.2993903898309673,250.0,40.0,0.020000000000000004,0.3,20.0,10.99504317048839,0.0,0.0025060318242408263,28.218106680638915
linear_d200,200,5.0,linear,0.001,0.0001,0.0,0,frozen,Gaussian-m20,gaussian,1005,10000,1.0,0.009525703883227576,0.07003056804478587,0.009905273219785148,4600.0,0.29698975761916485,250.0,40.0,0.020000000000000004,0.3,20.0,11.700057574269206,0.0,0.0025060318242408263,27.944803959543023
linear_d200,200,5.0,linear,0.001,0.0001,0.0,0,frozen,Gaussian-m20,gaussian,1006,10000,1.0,0.008806032007952932,0.06860135603519929,0.010817894439321747,5800.0,0.30547835687235614,250.0,40.0,0.020000000000000004,0.3,20.0,11.760649783852985,0.0,0.0025060318242408263,27.374495156693108
linear_d200,200,5.0,linear,0.001,0.0001,0.0,0,frozen,Gaussian-m20,gaussian,1007,10000,1.0,0.010299590746408193,0.07338330638506317,0.01099650784447511,5600.0,0.2957963792101297,250.0,40.0,0.020000000000000004,0.3,20.0,10.816336371167058,0.0,0.0025060318242408263,29.282671383191154
linear_d200,200,5.0,linear,0.001,0.0001,0.0,0,frozen,Gaussian-m20,gaussian,1008,10000,1.0,0.01005027633138392,0.06595791306322647,0.010727583052140135,9700.0,0.2974951063211875,250.0,40.0,0.020000000000000004,0.3,20.0,11.512651209122021,0.0,0.0025060318242408263,26.319662992790473
linear_d200,200,5.0,linear,0.001,0.0001,0.0,0,frozen,Gaussian-m20,gaussian,1009,10000,1.0,0.00910587566865679,0.06223787095883328,0.00909242760599973,5200.0,0.3037601737486535,250.0,40.0,0.020000000000000004,0.3,20.0,12.61754382100305,0.0,0.0025060318242408263,24.835227692165294
linear_d200,200,5.0,linear,0.001,0.0001,0.0,0,frozen,Gaussian-m20,gaussian,1010,10000,1.0,0.009412607983902069,0.06952803440994382,0.011184306720135376,4200.0,0.29968622320929267,250.0,40.0,0.020000000000000004,0.3,20.0,11.620371879271671,0.0,0.0025060318242408263,27.744274329399843
linear_d200,200,5.0,linear,0.001,0.0001,0.0,0,frozen,Gaussian-m20,gaussian,1011,10000,1.0,0.010310117091556293,0.0675549387351912,0.01216236794458335,5200.0,0.29169046748517,250.0,40.0,0.020000000000000004,0.3,20.0,11.042479525027781,0.0,0.0025060318242408263,26.95693569480355
linear_d200,200,5.0,linear,0.001,0.0001,0.0,0,frozen,Gaussian-m20,gaussian,1012,10000,1.0,0.009366457230610145,0.06492860592193715,0.01080304923851475,4000.0,0.2975804157561679,250.0,40.0,0.020000000000000004,0.3,20.0,10.339988570846588,0.0,0.0025060318242408263,25.90893112125842
linear_d200,200,5.0,linear,0.001,0.0001,0.0,0,frozen,Gaussian-m20,gaussian,1013,10000,1.0,0.008738365717742573,0.06718419362934498,0.0094191784416923,4400.0,0.30122555248185523,250.0,40.0,0.020000000000000004,0.3,20.0,10.970178310209933,0.0,0.0025060318242408263,26.808994594351436
linear_d200,200,5.0,linear,0.001,0.0001,0.0,0,frozen,Gaussian-m20,gaussian,1014,10000,1.0,0.009866602503945955,0.06480101744961474,0.010294393587854896,4400.0,0.297699255678169,250.0,40.0,0.020000000000000004,0.3,20.0,13.457432742960654,0.0,0.0025060318242408263,25.858018570552456
linear_d200,200,5.0,linear,0.001,0.0001,0.0,0,frozen,Gaussian-m20,gaussian,1015,10000,1.0,0.008544859177463893,0.07380092717725648,0.010233951358926349,7000.0,0.2959349044495228,250.0,40.0,0.020000000000000004,0.3,20.0,10.741031166339152,0.0,0.0025060318242408263,29.449317627725506
linear_d200,200,5.0,linear,0.001,0.0001,0.0,0,frozen,Gaussian-m20,gaussian,1016,10000,1.0,0.009080812154414999,0.0685130085709833,0.010582139280223926,9400.0,0.2968944275725653,250.0,40.0,0.020000000000000004,0.3,20.0,10.133552928028205,0.0,0.0025060318242408263,27.339241229204475
linear_d200,200,5.0,linear,0.001,0.0001,0.0,0,frozen,Gaussian-m20,gaussian,1017,10000,1.0,0.010975771875402001,0.05958146296050686,0.01148625656103895,3850.0,0.29821154474696654,250.0,40.0,0.020000000000000004,0.3,20.0,11.977085757350629,0.0,0.0025060318242408263,23.775222000046384
linear_d200,200,5.0,linear,0.001,0.0001,0.0,0,frozen,Gaussian-m20,gaussian,1018,10000,1.0,0.008704999374959898,0.06530909326780551,0.010319510283379301,5000.0,0.2978752789539078,250.0,40.0,0.020000000000000004,0.3,20.0,11.9308080769559,0.0,0.0025060318242408263,26.06075973819293
linear_d200,200,5.0,linear,0.001,0.0001,0.0,0,frozen,Gaussian-m20,gaussian,1019,10000,1.0,0.009304746938519999,0.06894101188573172,0.009442634604101635,8000.0,0.2976419979196773,250.0,40.0,0.020000000000000004,0.3,20.0,12.301627610075503,0.0,0.0025060318242408263,27.51003048679025
linear_d200,200,5.0,linear,0.001,0.0001,0.0,0,frozen,Gaussian-m20,gaussian,1020,10000,1.0,0.011718642425582005,0.07262431496287754,0.010746967240184044,5600.0,0.2951733820862255,250.0,40.0,0.020000000000000004,0.3,20.0,12.28332305037923,0.0,0.0025060318242408263,28.979805547712164
linear_d200,200,5.0,linear,0.001,0.0001,0.0,0,frozen,Gaussian-m20,gaussian,1021,10000,1.0,0.011483911886407691,0.07084192042555798,0.011550260036623693,5950.0,0.29576522767507274,250.0,40.0,0.020000000000000004,0.3,20.0,12.9677176586038,0.0,0.0025060318242408263,28.26856376695006
linear_d200,200,5.0,linear,0.001,0.0001,0.0,0,frozen,Gaussian-m20,gaussian,1022,10000,1.0,0.00788948239532435,0.0651844766713614,0.008547620226521507,5200.0,0.30104500729488104,250.0,40.0,0.020000000000000004,0.3,20.0,11.699189583317121,0.0,0.0025060318242408263,26.011033076608392
linear_d200,200,5.0,linear,0.001,0.0001,0.0,0,frozen,Gaussian-m20,gaussian,1023,10000,1.0,0.01028147634557832,0.06536655439062562,0.011616760157875756,,0.29310418766513396,250.0,40.0,0.020000000000000004,0.3,20.0,9.850854502188959,0.0,0.0025060318242408263,26.083688865534526
linear_d200,200,5.0,linear,0.001,0.0001,0.0,0,frozen,Gaussian-m20,gaussian,1024,10000,1.0,0.009653199187806475,0.07340586476631791,0.008393125712191299,5900.0,0.301604697664498,250.0,40.0,0.020000000000000004,0.3,20.0,10.31988098828997,0.0,0.0025060318242408263,29.291673017183403
linear_d200,200,5.0,linear,0.001,0.0001,0.0,0,frozen,Gaussian-m20,gaussian,1025,10000,1.0,0.010548172135750876,0.06861623978518597,0.011224220745345629,5850.0,0.2951235283323451,250.0,40.0,0.020000000000000004,0.3,20.0,11.324728439679328,0.0,0.0025060318242408263,27.380434327075026
linear_d200,200,5.0,linear,0.001,0.0001,0.0,0,frozen,Gaussian-m20,gaussian,1026,10000,1.0,0.00900870041069019,0.07219850323770051,0.010002512738457448,4400.0,0.29761650166590586,250.0,40.0,0.020000000000000004,0.3,20.0,10.78519921960346,0.0,0.0025060318242408263,28.809890815960497
linear_d200,200,5.0,linear,0.001,0.0001,0.0,0,frozen,Gaussian-m20,gaussian,1027,10000,1.0,0.011925252435931252,0.07721300922141107,0.011316545031360235,,0.2924212835582893,250.0,40.0,0.020000000000000004,0.3,20.0,12.033679679501157,0.0,0.0025060318242408263,30.81086539864747
linear_d200,200,5.0,linear,0.001,0.0001,0.0,0,frozen,Gaussian-m20,gaussian,1028,10000,1.0,0.008949791665840964,0.06286243102231266,0.009664786885659743,5050.0,0.304501902818648,250.0,40.0,0.020000000000000004,0.3,20.0,13.582848624941462,0.0,0.0025060318242408263,25.08445041050351
linear_d200,200,5.0,linear,0.001,0.0001,0.0,0,frozen,Gaussian-m20,gaussian,1029,10000,1.0,0.010593873705566621,0.06970499208692213,0.010540886535008018,9200.0,0.29697196648074314,250.0,40.0,0.020000000000000004,0.3,20.0,12.851813150442066,0.0,0.0025060318242408263,27.81488703082949
linear_d200,200,5.0,linear,0.001,0.0001,0.0,0,frozen,Gaussian-m20,gaussian,1030,10000,1.0,0.011768566388214175,0.06530646312594267,0.01190615747392864,5400.0,0.2955134165493905,250.0,40.0,0.020000000000000004,0.3,20.0,11.709593139784033,0.0,0.0025060318242408263,26.059710213666786
linear_d200,200,5.0,linear,0.001,0.0001,0.0,0,frozen,CoordinateCentral,coordinate,1001,10000,1.0,0.15034073507903217,0.28431178699279874,0.15970611415808147,,0.9935302435945104,25.0,400.0,0.04,0.1,1.0,3.1446385235803667,0.0,0.0025060318242408263,113.45098822874196
linear_d200,200,5.0,linear,0.001,0.0001,0.0,0,frozen,CoordinateCentral,coordinate,1002,10000,1.0,0.14971300740932772,0.28426141964589635,0.1593146242853404,,0.993447833786006,25.0,400.0,0.04,0.1,1.0,3.151200214229876,0.0,0.0025060318242408263,113.43088978210007
linear_d200,200,5.0,linear,0.001,0.0001,0.0,0,frozen,CoordinateCentral,coordinate,1003,10000,1.0,0.15070976839692982,0.28473354269170115,0.16036908947891768,,0.9934974800798227,25.0,400.0,0.04,0.1,1.0,3.140251653128092,0.0,0.0025060318242408263,113.61928445500006
linear_d200,200,5.0,linear,0.001,0.0001,0.0,0,frozen,CoordinateCentral,coordinate,1004,10000,1.0,0.15021912408548688,0.28435326317580595,0.15955426397779765,,0.9936752748120256,25.0,400.0,0.04,0.1,1.0,3.1437558118809634,0.0,0.0025060318242408263,113.46753876996256
linear_d200,200,5.0,linear,0.001,0.0001,0.0,0,frozen,CoordinateCentral,coordinate,1005,10000,1.0,0.1490774118482468,0.2833999346768697,0.15849455898418205,,0.9934050334701446,25.0,400.0,0.04,0.1,1.0,3.1538066933450097,0.0,0.0025060318242408263,113.08712520549193
linear_d200,200,5.0,linear,0.001,0.0001,0.0,0,frozen,CoordinateCentral,coordinate,1006,10000,1.0,0.1496384567485266,0.28484083514638375,0.15934844923163483,,0.9933079172015877,25.0,400.0,0.04,0.1,1.0,3.1402259064635993,0.0,0.0025060318242408263,113.66209813902624
linear_d200,200,5.0,linear,0.001,0.0001,0.0,0,frozen,CoordinateCentral,coordinate,1007,10000,1.0,0.15137220731254705,0.28489340708768734,0.16056115915568858,,0.9935877846613375,25.0,400.0,0.04,0.1,1.0,3.1450175485507414,0.0,0.0025060318242408263,113.68307630091351
linear_d200,200,5.0,linear,0.001,0.0001,0.0,0,frozen,CoordinateCentral,coordinate,1008,10000,1.0,0.15004655082454474,0.2845237286624539,0.15995276417071885,,0.9935944735592916,25.0,400.0,0.04,0.1,1.0,3.14747069522608,0.0,0.0025060318242408263,113.5355608457395
linear_d200,200,5.0,linear,0.001,0.0001,0.0,0,frozen,CoordinateCentral,coordinate,1009,10000,1.0,0.1503034225251998,0.28490111756076014,0.16007824860902184,,0.9934298300832226,25.0,400.0,0.04,0.1,1.0,3.1534586005497487,0.0,0.0025060318242408263,113.68615306673836
linear_d200,200,5.0,linear,0.001,0.0001,0.0,0,frozen,CoordinateCentral,coordinate,1010,10000,1.0,0.14948944815222884,0.2845381383960208,0.1594290072259302,,0.9935621011462697,25.0,400.0,0.04,0.1,1.0,3.141646363301687,0.0,0.0025060318242408263,113.54131086592183
linear_d200,200,5.0,linear,0.001,0.0001,0.0,0,frozen,CoordinateCentral,coordinate,1011,10000,1.0,0.14994530377915646,0.28476785850108116,0.1597911020167435,,0.9933512613932955,25.0,400.0,0.04,0.1,1.0,3.1410622354978988,0.0,0.0025060318242408263,113.63297774055536
linear_d200,200,5.0,linear,0.001,0.0001,0.0,0,frozen,CoordinateCentral,coordinate,1012,10000,1.0,0.15086654104588734,0.28511760688120474,0.1605578800416099,,0.9935949859354594,25.0,400.0,0.04,0.1,1.0,3.144992590854449,0.0,0.0025060318242408263,113.77254036571458
linear_d200,200,5.0,linear,0.001,0.0001,0.0,0,frozen,CoordinateCentral,coordinate,1013,10000,1.0,0.14970378078300905,0.2838354740431747,0.1595338152701731,,0.993481870048896,25.0,400.0,0.04,0.1,1.0,3.14539462341367,0.0,0.0025060318242408263,113.26092162822371
linear_d200,200,5.0,linear,0.001,0.0001,0.0,0,frozen,CoordinateCentral,coordinate,1014,10000,1.0,0.14986207009612124,0.2850422986839671,0.1599914868858263,,0.9935453073994812,25.0,400.0,0.04,0.1,1.0,3.139459084617601,0.0,0.0025060318242408263,113.74248959121554
linear_d200,200,5.0,linear,0.001,0.0001,0.0,0,frozen,CoordinateCentral,coordinate,1015,10000,1.0,0.1495031813791141,0.28442941753354073,0.15937414945551526,,0.9933564200404155,25.0,400.0,0.04,0.1,1.0,3.1377676134548294,0.0,0.0025060318242408263,113.49792719400335
linear_d200,200,5.0,linear,0.001,0.0001,0.0,0,frozen,CoordinateCentral,coordinate,1016,10000,1.0,0.15095023406560087,0.28487062152745013,0.15973077925801868,,0.9934146392844186,25.0,400.0,0.04,0.1,1.0,3.1303915541980007,0.0,0.0025060318242408263,113.67398401404915
linear_d200,200,5.0,linear,0.001,0.0001,0.0,0,frozen,CoordinateCentral,coordinate,1017,10000,1.0,0.15057466675508716,0.2847243225885945,0.160111756526757,,0.9933937096667129,25.0,400.0,0.04,0.1,1.0,3.1386011179847126,0.0,0.0025060318242408263,113.61560529058663
linear_d200,200,5.0,linear,0.001,0.0001,0.0,0,frozen,CoordinateCentral,coordinate,1018,10000,1.0,0.1493343962595039,0.28459530456425375,0.1591942282581256,,0.9937231167760775,25.0,400.0,0.04,0.1,1.0,3.1458897735427778,0.0,0.0025060318242408263,113.56412229540167
linear_d200,200,5.0,linear,0.001,0.0001,0.0,0,frozen,CoordinateCentral,coordinate,1019,10000,1.0,0.15052216025620854,0.2851319987694018,0.16031940818409968,,0.993496708340502,25.0,400.0,0.04,0.1,1.0,3.143687383460715,0.0,0.0025060318242408263,113.77828326492993
linear_d200,200,5.0,linear,0.001,0.0001,0.0,0,frozen,CoordinateCentral,coordinate,1020,10000,1.0,0.15015010570192627,0.2851514367124654,0.15965126891823264,,0.993440411285674,25.0,400.0,0.04,0.1,1.0,3.1321530727551847,0.0,0.0025060318242408263,113.7860397279068
linear_d200,200,5.0,linear,0.001,0.0001,0.0,0,frozen,CoordinateCentral,coordinate,1021,10000,1.0,0.14980493191511235,0.28390125535288946,0.1592406726725454,,0.9933231640871155,25.0,400.0,0.04,0.1,1.0,3.1442741706740107,0.0,0.0025060318242408263,113.28717081990533
linear_d200,200,5.0,linear,0.001,0.0001,0.0,0,frozen,CoordinateCentral,coordinate,1022,10000,1.0,0.15050873199547304,0.28484143643357424,0.15989949599510375,,0.9934573635139762,25.0,400.0,0.04,0.1,1.0,3.1465187640289467,0.0,0.0025060318242408263,113.66233807500177
linear_d200,200,5.0,linear,0.001,0.0001,0.0,0,frozen,CoordinateCentral,coordinate,1023,10000,1.0,0.15074272131190597,0.2849502774614897,0.1602187168629753,,0.9935611392952362,25.0,400.0,0.04,0.1,1.0,3.135426957492938,0.0,0.0025060318242408263,113.70576969740284
linear_d200,200,5.0,linear,0.001,0.0001,0.0,0,frozen,CoordinateCentral,coordinate,1024,10000,1.0,0.14932679216802208,0.28440278675651837,0.1593539851572746,,0.9933882790560381,25.0,400.0,0.04,0.1,1.0,3.151779880393489,0.0,0.0025060318242408263,113.48730052248037
linear_d200,200,5.0,linear,0.001,0.0001,0.0,0,frozen,CoordinateCentral,coordinate,1025,10000,1.0,0.14987879759740586,0.2848516932385443,0.15964780255611488,,0.993413964269855,25.0,400.0,0.04,0.1,1.0,3.1498314090226645,0.0,0.0025060318242408263,113.66643092205618
linear_d200,200,5.0,linear,0.001,0.0001,0.0,0,frozen,CoordinateCentral,coordinate,1026,10000,1.0,0.15083879788028748,0.28477335992193564,0.16058346166744628,,0.9934390473892074,25.0,400.0,0.04,0.1,1.0,3.1483355716635053,0.0,0.0025060318242408263,113.63517301229982
linear_d200,200,5.0,linear,0.001,0.0001,0.0,0,frozen,CoordinateCentral,coordinate,1027,10000,1.0,0.14933861510801605,0.28472830930055404,0.1587127944156215,,0.993642794325439,25.0,400.0,0.04,0.1,1.0,3.1314853296137053,0.0,0.0025060318242408263,113.61719613708786
linear_d200,200,5.0,linear,0.001,0.0001,0.0,0,frozen,CoordinateCentral,coordinate,1028,10000,1.0,0.14926854277155258,0.2844046710382242,0.15915768893212828,,0.9934576223502073,25.0,400.0,0.04,0.1,1.0,3.151741640120319,0.0,0.0025060318242408263,113.48805242103474
linear_d200,200,5.0,linear,0.001,0.0001,0.0,0,frozen,CoordinateCentral,coordinate,1029,10000,1.0,0.15036943002930034,0.2846240004229697,0.1596554254667251,,0.993489832803773,25.0,400.0,0.04,0.1,1.0,3.14465717584234,0.0,0.0025060318242408263,113.57557301140551
linear_d200,200,5.0,linear,0.001,0.0001,0.0,0,frozen,CoordinateCentral,coordinate,1030,10000,1.0,0.14921266751449494,0.28415459553308126,0.15916008608996562,,0.9934697815254018,25.0,400.0,0.04,0.1,1.0,3.1403601701240786,0.0,0.0025060318242408263,113.38826298391587
